#
# There is insufficient memory for the Java Runtime Environment to continue.
# Native memory allocation (mmap) failed to map 132120576 bytes. Error detail: G1 virtual space
# Possible reasons:
#   The system is out of physical RAM or swap space
#   This process is running with CompressedOops enabled, and the Java Heap may be blocking the growth of the native heap
# Possible solutions:
#   Reduce memory load on the system
#   Increase physical memory or swap space
#   Check if swap backing store is full
#   Decrease Java heap size (-Xmx/-Xms)
#   Decrease number of Java threads
#   Decrease Java thread stack sizes (-Xss)
#   Set larger code cache with -XX:ReservedCodeCacheSize=
#   JVM is running with Unscaled Compressed Oops mode in which the Java heap is
#     placed in the first 4GB address space. The Java Heap base address is the
#     maximum limit for the native heap growth. Please use -XX:HeapBaseMinAddress
#     to set the Java Heap base and to place the Java Heap above 4GB virtual address.
# This output file may be truncated or incomplete.
#
#  Out of Memory Error (os_windows.cpp:3828), pid=21856, tid=26308
#
# JRE version: OpenJDK Runtime Environment (21.0.5) (build 21.0.5+-13047016-b750.29)
# Java VM: OpenJDK 64-Bit Server VM (21.0.5+-13047016-b750.29, mixed mode, tiered, compressed oops, compressed class ptrs, g1 gc, windows-amd64)
# No core dump will be written. Minidumps are not enabled by default on client versions of Windows
#

---------------  S U M M A R Y ------------

Command Line: --add-opens=java.base/java.util=ALL-UNNAMED --add-opens=java.base/java.lang=ALL-UNNAMED --add-opens=java.base/java.lang.invoke=ALL-UNNAMED --add-opens=java.prefs/java.util.prefs=ALL-UNNAMED --add-opens=java.base/java.nio.charset=ALL-UNNAMED --add-opens=java.base/java.net=ALL-UNNAMED --add-opens=java.base/java.util.concurrent.atomic=ALL-UNNAMED -Xmx2048m -Dfile.encoding=UTF-8 -Duser.country=US -Duser.language=en -Duser.variant -javaagent:C:\Users\yashw\.gradle\wrapper\dists\gradle-8.4-bin\1w5dpkrfk8irigvoxmyhowfim\gradle-8.4\lib\agents\gradle-instrumentation-agent-8.4.jar org.gradle.launcher.daemon.bootstrap.GradleDaemon 8.4

Host: 11th Gen Intel(R) Core(TM) i3-1115G4 @ 3.00GHz, 4 cores, 7G,  Windows 11 , 64 bit Build 22621 (10.0.22621.5160)
Time: Thu Apr  3 15:54:18 2025 India Standard Time elapsed time: 3205.360812 seconds (0d 0h 53m 25s)

---------------  T H R E A D  ---------------

Current thread (0x000001dfd09236f0):  VMThread "VM Thread"          [id=26308, stack(0x00000089e8b00000,0x00000089e8c00000) (1024K)]

Stack: [0x00000089e8b00000,0x00000089e8c00000]
Native frames: (J=compiled Java code, j=interpreted, Vv=VM code, C=native code)
V  [jvm.dll+0x6cfb29]
V  [jvm.dll+0x85df93]
V  [jvm.dll+0x8604ee]
V  [jvm.dll+0x860bd3]
V  [jvm.dll+0x27e6b6]
V  [jvm.dll+0x6cc385]
V  [jvm.dll+0x6c078a]
V  [jvm.dll+0x35525b]
V  [jvm.dll+0x35ceb6]
V  [jvm.dll+0x3aedd6]
V  [jvm.dll+0x3af0a8]
V  [jvm.dll+0x32792c]
V  [jvm.dll+0x3279b7]
V  [jvm.dll+0x36d80c]
V  [jvm.dll+0x36bfbe]
V  [jvm.dll+0x327081]
V  [jvm.dll+0x36b6d0]
V  [jvm.dll+0x866958]
V  [jvm.dll+0x867cd4]
V  [jvm.dll+0x868210]
V  [jvm.dll+0x8684a3]
V  [jvm.dll+0x806368]
V  [jvm.dll+0x6ce3fd]
C  [ucrtbase.dll+0x29333]
C  [KERNEL32.DLL+0x1259d]
C  [ntdll.dll+0x5af58]

VM_Operation (0x00000089ec2fcd20): G1CollectForAllocation, mode: safepoint, requested by thread 0x000001dfe8c24010


---------------  P R O C E S S  ---------------

Threads class SMR info:
_java_thread_list=0x000001dfdb26abe0, length=77, elements={
0x000001dfb9adb780, 0x000001dfd0acd280, 0x000001dfd0ad0770, 0x000001dfd0af4330,
0x000001dfd0adf120, 0x000001dfd0add1c0, 0x000001dfd0ae8d10, 0x000001dfd0aefc20,
0x000001dfd0af06b0, 0x000001dfd0c32150, 0x000001dfd0e006c0, 0x000001dfd6efbda0,
0x000001dfd6330390, 0x000001dfd6a09890, 0x000001dfd695df60, 0x000001dfd695b800,
0x000001dfd695d240, 0x000001dfd695d8d0, 0x000001dfd695b170, 0x000001dfd83b4a20,
0x000001dfd83b6af0, 0x000001dfd83b5dd0, 0x000001dfd83b7180, 0x000001dfd83b9250,
0x000001dfd83b5740, 0x000001dfda7a3130, 0x000001dfe13aec80, 0x000001dfe13ac520,
0x000001dfe13b0030, 0x000001dfe13b1a70, 0x000001dfdb032e10, 0x000001dfe8c181c0,
0x000001dfe8c12c70, 0x000001dfe8c13300, 0x000001dfe8c18850, 0x000001dfe8c174a0,
0x000001dfe8c14020, 0x000001dfe8c13990, 0x000001dfe8c17b30, 0x000001dfe8c16e10,
0x000001dfe8c15a60, 0x000001dfe8c146b0, 0x000001dfe8c19570, 0x000001dfe8c125e0,
0x000001dfe8c14d40, 0x000001dfe8c153d0, 0x000001dfe8c1c9f0, 0x000001dfe8c19c00,
0x000001dfe8c1c360, 0x000001dfe8c1a290, 0x000001dfe8c1a920, 0x000001dfe8c160f0,
0x000001dfe8c1afb0, 0x000001dfe8c1b640, 0x000001dfe8c1d080, 0x000001dfe8c1d710,
0x000001dfe8c16780, 0x000001dfe8c21220, 0x000001dfe8c24d30, 0x000001dfe8c1e430,
0x000001dfe8c24010, 0x000001dfe8c1f150, 0x000001dfe8c21f40, 0x000001dfe8c22c60,
0x000001dfe8c246a0, 0x000001dfe8c1dda0, 0x000001dfe8c25a50, 0x000001dfe8c225d0,
0x000001dfe8c232f0, 0x000001dfe8c260e0, 0x000001dfe8c20500, 0x000001dfe8c26770,
0x000001dfe8c1f7e0, 0x000001dfd9a0e390, 0x000001dfd9a0f740, 0x000001dfd9a0c950,
0x000001dfd9a0ea20
}

Java Threads: ( => current thread )
  0x000001dfb9adb780 JavaThread "main"                              [_thread_blocked, id=3872, stack(0x00000089e8400000,0x00000089e8500000) (1024K)]
  0x000001dfd0acd280 JavaThread "Reference Handler"          daemon [_thread_blocked, id=10124, stack(0x00000089e8c00000,0x00000089e8d00000) (1024K)]
  0x000001dfd0ad0770 JavaThread "Finalizer"                  daemon [_thread_blocked, id=17588, stack(0x00000089e8d00000,0x00000089e8e00000) (1024K)]
  0x000001dfd0af4330 JavaThread "Signal Dispatcher"          daemon [_thread_blocked, id=22824, stack(0x00000089e8e00000,0x00000089e8f00000) (1024K)]
  0x000001dfd0adf120 JavaThread "Attach Listener"            daemon [_thread_blocked, id=24228, stack(0x00000089e8f00000,0x00000089e9000000) (1024K)]
  0x000001dfd0add1c0 JavaThread "Service Thread"             daemon [_thread_blocked, id=14320, stack(0x00000089e9000000,0x00000089e9100000) (1024K)]
  0x000001dfd0ae8d10 JavaThread "Monitor Deflation Thread"   daemon [_thread_blocked, id=12280, stack(0x00000089e9100000,0x00000089e9200000) (1024K)]
  0x000001dfd0aefc20 JavaThread "C2 CompilerThread0"         daemon [_thread_blocked, id=25184, stack(0x00000089e9200000,0x00000089e9300000) (1024K)]
  0x000001dfd0af06b0 JavaThread "C1 CompilerThread0"         daemon [_thread_blocked, id=26504, stack(0x00000089e9300000,0x00000089e9400000) (1024K)]
  0x000001dfd0c32150 JavaThread "Common-Cleaner"             daemon [_thread_blocked, id=23676, stack(0x00000089e9400000,0x00000089e9500000) (1024K)]
  0x000001dfd0e006c0 JavaThread "Notification Thread"        daemon [_thread_blocked, id=2444, stack(0x00000089e9500000,0x00000089e9600000) (1024K)]
  0x000001dfd6efbda0 JavaThread "Daemon health stats"               [_thread_blocked, id=22788, stack(0x00000089e9a00000,0x00000089e9b00000) (1024K)]
  0x000001dfd6330390 JavaThread "Incoming local TCP Connector on port 50908"        [_thread_in_native, id=12180, stack(0x00000089e9600000,0x00000089e9700000) (1024K)]
  0x000001dfd6a09890 JavaThread "Daemon periodic checks"            [_thread_blocked, id=7828, stack(0x00000089e9b00000,0x00000089e9c00000) (1024K)]
  0x000001dfd695df60 JavaThread "Cache worker for journal cache (C:\Users\yashw\.gradle\caches\journal-1)"        [_thread_blocked, id=21884, stack(0x00000089ea300000,0x00000089ea400000) (1024K)]
  0x000001dfd695b800 JavaThread "File lock request listener"        [_thread_in_native, id=18320, stack(0x00000089ea400000,0x00000089ea500000) (1024K)]
  0x000001dfd695d240 JavaThread "Cache worker for file hash cache (C:\Users\yashw\.gradle\caches\8.4\fileHashes)"        [_thread_blocked, id=21248, stack(0x00000089ea600000,0x00000089ea700000) (1024K)]
  0x000001dfd695d8d0 JavaThread "File watcher server"        daemon [_thread_blocked, id=20552, stack(0x00000089ea700000,0x00000089ea800000) (1024K)]
  0x000001dfd695b170 JavaThread "File watcher consumer"      daemon [_thread_blocked, id=23808, stack(0x00000089ea800000,0x00000089ea900000) (1024K)]
  0x000001dfd83b4a20 JavaThread "Cache worker for file content cache (C:\Users\yashw\.gradle\caches\8.4\fileContent)"        [_thread_blocked, id=6812, stack(0x00000089eac00000,0x00000089ead00000) (1024K)]
  0x000001dfd83b6af0 JavaThread "Cache worker for execution history cache (C:\Users\yashw\.gradle\caches\8.4\executionHistory)"        [_thread_blocked, id=23508, stack(0x00000089eae00000,0x00000089eaf00000) (1024K)]
  0x000001dfd83b5dd0 JavaThread "jar transforms"                    [_thread_blocked, id=15284, stack(0x00000089eaf00000,0x00000089eb000000) (1024K)]
  0x000001dfd83b7180 JavaThread "jar transforms Thread 2"           [_thread_blocked, id=22560, stack(0x00000089eb000000,0x00000089eb100000) (1024K)]
  0x000001dfd83b9250 JavaThread "jar transforms Thread 3"           [_thread_blocked, id=26120, stack(0x00000089eb200000,0x00000089eb300000) (1024K)]
  0x000001dfd83b5740 JavaThread "jar transforms Thread 4"           [_thread_blocked, id=25752, stack(0x00000089eb700000,0x00000089eb800000) (1024K)]
  0x000001dfda7a3130 JavaThread "Memory manager"                    [_thread_blocked, id=8944, stack(0x00000089eb900000,0x00000089eba00000) (1024K)]
  0x000001dfe13aec80 JavaThread "RMI Scheduler(0)"           daemon [_thread_blocked, id=14304, stack(0x00000089ed800000,0x00000089ed900000) (1024K)]
  0x000001dfe13ac520 JavaThread "RMI GC Daemon"              daemon [_thread_blocked, id=13040, stack(0x00000089ede00000,0x00000089edf00000) (1024K)]
  0x000001dfe13b0030 JavaThread "RMI TCP Accept-0"           daemon [_thread_in_native, id=11544, stack(0x00000089edf00000,0x00000089ee000000) (1024K)]
  0x000001dfe13b1a70 JavaThread "RMI Reaper"                        [_thread_blocked, id=21300, stack(0x00000089ee000000,0x00000089ee100000) (1024K)]
  0x000001dfdb032e10 JavaThread "Cache worker for Java compile cache (C:\Users\yashw\.gradle\caches\8.4\javaCompile)"        [_thread_blocked, id=16400, stack(0x00000089ee900000,0x00000089eea00000) (1024K)]
  0x000001dfe8c181c0 JavaThread "Daemon Thread 10"                  [_thread_blocked, id=4732, stack(0x00000089e8100000,0x00000089e8200000) (1024K)]
  0x000001dfe8c12c70 JavaThread "Handler for socket connection from /127.0.0.1:50908 to /127.0.0.1:50688"        [_thread_in_native, id=25208, stack(0x00000089e8200000,0x00000089e8300000) (1024K)]
  0x000001dfe8c13300 JavaThread "Cancel handler"                    [_thread_blocked, id=15116, stack(0x00000089e8300000,0x00000089e8400000) (1024K)]
  0x000001dfe8c18850 JavaThread "Daemon worker Thread 9"            [_thread_blocked, id=18016, stack(0x00000089e9c00000,0x00000089e9d00000) (1024K)]
  0x000001dfe8c174a0 JavaThread "Asynchronous log dispatcher for DefaultDaemonConnection: socket connection from /127.0.0.1:50908 to /127.0.0.1:50688"        [_thread_blocked, id=10556, stack(0x00000089e9d00000,0x00000089e9e00000) (1024K)]
  0x000001dfe8c14020 JavaThread "Stdin handler"                     [_thread_blocked, id=13460, stack(0x00000089e9e00000,0x00000089e9f00000) (1024K)]
  0x000001dfe8c13990 JavaThread "Daemon client event forwarder"        [_thread_blocked, id=24456, stack(0x00000089e9f00000,0x00000089ea000000) (1024K)]
  0x000001dfe8c17b30 JavaThread "Cache worker for checksums cache (D:\School-MobileApp\.gradle\8.4\checksums)"        [_thread_blocked, id=7504, stack(0x00000089ea000000,0x00000089ea100000) (1024K)]
  0x000001dfe8c16e10 JavaThread "Cache worker for file hash cache (D:\School-MobileApp\.gradle\8.4\fileHashes)"        [_thread_blocked, id=16360, stack(0x00000089ea100000,0x00000089ea200000) (1024K)]
  0x000001dfe8c15a60 JavaThread "Cache worker for cache directory md-supplier (C:\Users\yashw\.gradle\caches\8.4\md-supplier)"        [_thread_blocked, id=21352, stack(0x00000089ea200000,0x00000089ea300000) (1024K)]
  0x000001dfe8c146b0 JavaThread "Cache worker for cache directory md-rule (C:\Users\yashw\.gradle\caches\8.4\md-rule)"        [_thread_blocked, id=1056, stack(0x00000089ea500000,0x00000089ea600000) (1024K)]
  0x000001dfe8c19570 JavaThread "Cache worker for dependencies-accessors (D:\School-MobileApp\.gradle\8.4\dependencies-accessors)"        [_thread_blocked, id=16732, stack(0x00000089ea900000,0x00000089eaa00000) (1024K)]
  0x000001dfe8c125e0 JavaThread "Cache worker for Build Output Cleanup Cache (D:\School-MobileApp\.gradle\buildOutputCleanup)"        [_thread_blocked, id=9364, stack(0x00000089eaa00000,0x00000089eab00000) (1024K)]
  0x000001dfe8c14d40 JavaThread "Unconstrained build operations"        [_thread_blocked, id=25732, stack(0x00000089eab00000,0x00000089eac00000) (1024K)]
  0x000001dfe8c153d0 JavaThread "Unconstrained build operations Thread 2"        [_thread_blocked, id=24768, stack(0x00000089ead00000,0x00000089eae00000) (1024K)]
  0x000001dfe8c1c9f0 JavaThread "Unconstrained build operations Thread 3"        [_thread_blocked, id=19220, stack(0x00000089eb100000,0x00000089eb200000) (1024K)]
  0x000001dfe8c19c00 JavaThread "build event listener"              [_thread_blocked, id=23100, stack(0x00000089eb300000,0x00000089eb400000) (1024K)]
  0x000001dfe8c1c360 JavaThread "build event listener"              [_thread_blocked, id=17572, stack(0x00000089eb400000,0x00000089eb500000) (1024K)]
  0x000001dfe8c1a290 JavaThread "included builds"                   [_thread_blocked, id=2588, stack(0x00000089eb500000,0x00000089eb600000) (1024K)]
  0x000001dfe8c1a920 JavaThread "Execution worker"                  [_thread_blocked, id=17080, stack(0x00000089eb600000,0x00000089eb700000) (1024K)]
  0x000001dfe8c160f0 JavaThread "Execution worker Thread 2"         [_thread_blocked, id=17520, stack(0x00000089eb800000,0x00000089eb900000) (1024K)]
  0x000001dfe8c1afb0 JavaThread "Execution worker Thread 3"         [_thread_blocked, id=25804, stack(0x00000089eba00000,0x00000089ebb00000) (1024K)]
  0x000001dfe8c1b640 JavaThread "Cache worker for execution history cache (D:\School-MobileApp\.gradle\8.4\executionHistory)"        [_thread_blocked, id=5812, stack(0x00000089ebb00000,0x00000089ebc00000) (1024K)]
  0x000001dfe8c1d080 JavaThread "Unconstrained build operations Thread 4"        [_thread_blocked, id=3888, stack(0x00000089ebc00000,0x00000089ebd00000) (1024K)]
  0x000001dfe8c1d710 JavaThread "Unconstrained build operations Thread 5"        [_thread_blocked, id=21176, stack(0x00000089ebd00000,0x00000089ebe00000) (1024K)]
  0x000001dfe8c16780 JavaThread "Unconstrained build operations Thread 6"        [_thread_blocked, id=25852, stack(0x00000089ebe00000,0x00000089ebf00000) (1024K)]
  0x000001dfe8c21220 JavaThread "Unconstrained build operations Thread 7"        [_thread_blocked, id=10652, stack(0x00000089ebf00000,0x00000089ec000000) (1024K)]
  0x000001dfe8c24d30 JavaThread "Unconstrained build operations Thread 8"        [_thread_blocked, id=10348, stack(0x00000089ec000000,0x00000089ec100000) (1024K)]
  0x000001dfe8c1e430 JavaThread "Unconstrained build operations Thread 9"        [_thread_blocked, id=4288, stack(0x00000089ec100000,0x00000089ec200000) (1024K)]
  0x000001dfe8c24010 JavaThread "WorkerExecutor Queue"              [_thread_blocked, id=23444, stack(0x00000089ec200000,0x00000089ec300000) (1024K)]
  0x000001dfe8c1f150 JavaThread "WorkerExecutor Queue Thread 2"        [_thread_blocked, id=19100, stack(0x00000089ec300000,0x00000089ec400000) (1024K)]
  0x000001dfe8c21f40 JavaThread "Unconstrained build operations Thread 10"        [_thread_blocked, id=25040, stack(0x00000089ec400000,0x00000089ec500000) (1024K)]
  0x000001dfe8c22c60 JavaThread "Unconstrained build operations Thread 11"        [_thread_blocked, id=21080, stack(0x00000089ec500000,0x00000089ec600000) (1024K)]
  0x000001dfe8c246a0 JavaThread "Unconstrained build operations Thread 12"        [_thread_blocked, id=2072, stack(0x00000089ec600000,0x00000089ec700000) (1024K)]
  0x000001dfe8c1dda0 JavaThread "Unconstrained build operations Thread 13"        [_thread_blocked, id=17744, stack(0x00000089ec700000,0x00000089ec800000) (1024K)]
  0x000001dfe8c25a50 JavaThread "Unconstrained build operations Thread 14"        [_thread_blocked, id=676, stack(0x00000089ec800000,0x00000089ec900000) (1024K)]
  0x000001dfe8c225d0 JavaThread "Unconstrained build operations Thread 15"        [_thread_blocked, id=6240, stack(0x00000089ec900000,0x00000089eca00000) (1024K)]
  0x000001dfe8c232f0 JavaThread "Unconstrained build operations Thread 16"        [_thread_blocked, id=25496, stack(0x00000089eca00000,0x00000089ecb00000) (1024K)]
  0x000001dfe8c260e0 JavaThread "WorkerExecutor Queue Thread 3"        [_thread_blocked, id=16540, stack(0x00000089ecb00000,0x00000089ecc00000) (1024K)]
  0x000001dfe8c20500 JavaThread "pool-31-thread-1"                  [_thread_blocked, id=25464, stack(0x00000089ecc00000,0x00000089ecd00000) (1024K)]
  0x000001dfe8c26770 JavaThread "stderr"                            [_thread_in_native, id=25572, stack(0x00000089ecd00000,0x00000089ece00000) (1024K)]
  0x000001dfe8c1f7e0 JavaThread "stdout"                            [_thread_in_native, id=16320, stack(0x00000089ece00000,0x00000089ecf00000) (1024K)]
  0x000001dfd9a0e390 JavaThread "Unconstrained build operations Thread 17"        [_thread_blocked, id=14740, stack(0x00000089ecf00000,0x00000089ed000000) (1024K)]
  0x000001dfd9a0f740 JavaThread "Unconstrained build operations Thread 18"        [_thread_blocked, id=25152, stack(0x00000089ed000000,0x00000089ed100000) (1024K)]
  0x000001dfd9a0c950 JavaThread "Unconstrained build operations Thread 19"        [_thread_blocked, id=18068, stack(0x00000089ed100000,0x00000089ed200000) (1024K)]
  0x000001dfd9a0ea20 JavaThread "WorkerExecutor Queue Thread 4"        [_thread_blocked, id=10420, stack(0x00000089ed200000,0x00000089ed300000) (1024K)]
Total: 77

Other Threads:
=>0x000001dfd09236f0 VMThread "VM Thread"                           [id=26308, stack(0x00000089e8b00000,0x00000089e8c00000) (1024K)]
  0x000001dfd08c1ac0 WatcherThread "VM Periodic Task Thread"        [id=11004, stack(0x00000089e8a00000,0x00000089e8b00000) (1024K)]
  0x000001dfb9b337d0 WorkerThread "GC Thread#0"                     [id=9728, stack(0x00000089e8500000,0x00000089e8600000) (1024K)]
  0x000001dfd546d670 WorkerThread "GC Thread#1"                     [id=20460, stack(0x00000089e9700000,0x00000089e9800000) (1024K)]
  0x000001dfd546da10 WorkerThread "GC Thread#2"                     [id=16148, stack(0x00000089e9800000,0x00000089e9900000) (1024K)]
  0x000001dfd52f6360 WorkerThread "GC Thread#3"                     [id=19412, stack(0x00000089e9900000,0x00000089e9a00000) (1024K)]
  0x000001dfb9b470d0 ConcurrentGCThread "G1 Main Marker"            [id=6056, stack(0x00000089e8600000,0x00000089e8700000) (1024K)]
  0x000001dfb9b47bd0 WorkerThread "G1 Conc#0"                       [id=19252, stack(0x00000089e8700000,0x00000089e8800000) (1024K)]
  0x000001dfd07944f0 ConcurrentGCThread "G1 Refine#0"               [id=1680, stack(0x00000089e8800000,0x00000089e8900000) (1024K)]
  0x000001dfd0794c70 ConcurrentGCThread "G1 Service"                [id=25680, stack(0x00000089e8900000,0x00000089e8a00000) (1024K)]
Total: 10

Threads with active compile tasks:
C2 CompilerThread0  3205411 64444       4       com.sun.tools.javac.code.TypeAnnotations$TypeAnnotationPositions::visitClassDef (87 bytes)
Total: 1

VM state: at safepoint (normal execution)

VM Mutex/Monitor currently owned by a thread:  ([mutex/lock_event])
[0x00007ffb9100d360] Threads_lock - owner thread: 0x000001dfd09236f0
[0x00007ffb9100d460] Heap_lock - owner thread: 0x000001dfe8c24010

Heap address: 0x0000000080000000, size: 2048 MB, Compressed Oops mode: 32-bit

CDS archive(s) not mapped
Compressed class space mapped at: 0x0000000100000000-0x0000000140000000, reserved size: 1073741824
Narrow klass base: 0x0000000000000000, Narrow klass shift: 3, Narrow klass range: 0x140000000

GC Precious Log:
 CardTable entry size: 512
 Card Set container configuration: InlinePtr #cards 5 size 8 Array Of Cards #cards 12 size 40 Howl #buckets 4 coarsen threshold 1843 Howl Bitmap #cards 512 size 80 coarsen threshold 460 Card regions per heap region 1 cards per card region 2048
 CPUs: 4 total, 4 available
 Memory: 7991M
 Large Page Support: Disabled
 NUMA Support: Disabled
 Compressed Oops: Enabled (32-bit)
 Heap Region Size: 1M
 Heap Min Capacity: 8M
 Heap Initial Capacity: 126M
 Heap Max Capacity: 2G
 Pre-touch: Disabled
 Parallel Workers: 4
 Concurrent Workers: 1
 Concurrent Refinement Workers: 4
 Periodic GC: Disabled

Heap:
 garbage-first heap   total 1454080K, used 534976K [0x0000000080000000, 0x0000000100000000)
  region size 1024K, 18 young (18432K), 18 survivors (18432K)
 Metaspace       used 224822K, committed 226560K, reserved 1310720K
  class space    used 27730K, committed 28608K, reserved 1048576K

Heap Regions: E=young(eden), S=young(survivor), O=old, HS=humongous(starts), HC=humongous(continues), CS=collection set, F=free, TAMS=top-at-mark-start, PB=parsable bottom
|   0|0x0000000080000000, 0x0000000080100000, 0x0000000080100000|100%| O|  |TAMS 0x0000000080000000| PB 0x0000000080000000| Untracked 
|   1|0x0000000080100000, 0x0000000080200000, 0x0000000080200000|100%| O|  |TAMS 0x0000000080100000| PB 0x0000000080100000| Untracked 
|   2|0x0000000080200000, 0x0000000080300000, 0x0000000080300000|100%|HS|  |TAMS 0x0000000080200000| PB 0x0000000080200000| Complete 
|   3|0x0000000080300000, 0x0000000080400000, 0x0000000080400000|100%|HC|  |TAMS 0x0000000080300000| PB 0x0000000080300000| Complete 
|   4|0x0000000080400000, 0x0000000080500000, 0x0000000080500000|100%|HC|  |TAMS 0x0000000080400000| PB 0x0000000080400000| Complete 
|   5|0x0000000080500000, 0x0000000080600000, 0x0000000080600000|100%|HC|  |TAMS 0x0000000080500000| PB 0x0000000080500000| Complete 
|   6|0x0000000080600000, 0x0000000080700000, 0x0000000080700000|100%| O|  |TAMS 0x0000000080600000| PB 0x0000000080600000| Untracked 
|   7|0x0000000080700000, 0x0000000080800000, 0x0000000080800000|100%| O|  |TAMS 0x0000000080700000| PB 0x0000000080700000| Untracked 
|   8|0x0000000080800000, 0x0000000080900000, 0x0000000080900000|100%| O|  |TAMS 0x0000000080800000| PB 0x0000000080800000| Untracked 
|   9|0x0000000080900000, 0x0000000080a00000, 0x0000000080a00000|100%| O|  |TAMS 0x0000000080900000| PB 0x0000000080900000| Untracked 
|  10|0x0000000080a00000, 0x0000000080b00000, 0x0000000080b00000|100%| O|  |TAMS 0x0000000080a00000| PB 0x0000000080a00000| Untracked 
|  11|0x0000000080b00000, 0x0000000080bf0068, 0x0000000080c00000| 93%| O|  |TAMS 0x0000000080b00000| PB 0x0000000080b00000| Untracked 
|  12|0x0000000080c00000, 0x0000000080d00000, 0x0000000080d00000|100%| O|  |TAMS 0x0000000080c00000| PB 0x0000000080c00000| Untracked 
|  13|0x0000000080d00000, 0x0000000080e00000, 0x0000000080e00000|100%| O|  |TAMS 0x0000000080d00000| PB 0x0000000080d00000| Untracked 
|  14|0x0000000080e00000, 0x0000000080f00000, 0x0000000080f00000|100%| O|  |TAMS 0x0000000080e00000| PB 0x0000000080e00000| Untracked 
|  15|0x0000000080f00000, 0x0000000081000000, 0x0000000081000000|100%| O|  |TAMS 0x0000000080f00000| PB 0x0000000080f00000| Untracked 
|  16|0x0000000081000000, 0x0000000081100000, 0x0000000081100000|100%| O|  |TAMS 0x0000000081000000| PB 0x0000000081000000| Untracked 
|  17|0x0000000081100000, 0x0000000081200000, 0x0000000081200000|100%| O|  |TAMS 0x0000000081100000| PB 0x0000000081100000| Untracked 
|  18|0x0000000081200000, 0x0000000081300000, 0x0000000081300000|100%| O|  |TAMS 0x0000000081200000| PB 0x0000000081200000| Untracked 
|  19|0x0000000081300000, 0x0000000081400000, 0x0000000081400000|100%| O|  |TAMS 0x0000000081300000| PB 0x0000000081300000| Untracked 
|  20|0x0000000081400000, 0x0000000081500000, 0x0000000081500000|100%| O|  |TAMS 0x0000000081400000| PB 0x0000000081400000| Untracked 
|  21|0x0000000081500000, 0x0000000081600000, 0x0000000081600000|100%| O|  |TAMS 0x0000000081500000| PB 0x0000000081500000| Untracked 
|  22|0x0000000081600000, 0x0000000081700000, 0x0000000081700000|100%| O|  |TAMS 0x0000000081600000| PB 0x0000000081600000| Untracked 
|  23|0x0000000081700000, 0x0000000081800000, 0x0000000081800000|100%| O|  |TAMS 0x0000000081700000| PB 0x0000000081700000| Untracked 
|  24|0x0000000081800000, 0x0000000081900000, 0x0000000081900000|100%| O|  |TAMS 0x0000000081800000| PB 0x0000000081800000| Untracked 
|  25|0x0000000081900000, 0x0000000081a00000, 0x0000000081a00000|100%| O|  |TAMS 0x0000000081900000| PB 0x0000000081900000| Untracked 
|  26|0x0000000081a00000, 0x0000000081b00000, 0x0000000081b00000|100%| O|  |TAMS 0x0000000081a00000| PB 0x0000000081a00000| Untracked 
|  27|0x0000000081b00000, 0x0000000081c00000, 0x0000000081c00000|100%| O|  |TAMS 0x0000000081b00000| PB 0x0000000081b00000| Untracked 
|  28|0x0000000081c00000, 0x0000000081d00000, 0x0000000081d00000|100%| O|  |TAMS 0x0000000081c00000| PB 0x0000000081c00000| Untracked 
|  29|0x0000000081d00000, 0x0000000081e00000, 0x0000000081e00000|100%| O|  |TAMS 0x0000000081d00000| PB 0x0000000081d00000| Untracked 
|  30|0x0000000081e00000, 0x0000000081f00000, 0x0000000081f00000|100%| O|  |TAMS 0x0000000081e00000| PB 0x0000000081e00000| Untracked 
|  31|0x0000000081f00000, 0x0000000082000000, 0x0000000082000000|100%| O|Cm|TAMS 0x0000000081f00000| PB 0x0000000081f00000| Complete 
|  32|0x0000000082000000, 0x0000000082100000, 0x0000000082100000|100%| O|  |TAMS 0x0000000082000000| PB 0x0000000082000000| Untracked 
|  33|0x0000000082100000, 0x0000000082200000, 0x0000000082200000|100%| O|  |TAMS 0x0000000082100000| PB 0x0000000082100000| Untracked 
|  34|0x0000000082200000, 0x0000000082300000, 0x0000000082300000|100%| O|  |TAMS 0x0000000082200000| PB 0x0000000082200000| Untracked 
|  35|0x0000000082300000, 0x0000000082400000, 0x0000000082400000|100%| O|  |TAMS 0x0000000082300000| PB 0x0000000082300000| Untracked 
|  36|0x0000000082400000, 0x0000000082500000, 0x0000000082500000|100%| O|  |TAMS 0x0000000082400000| PB 0x0000000082400000| Untracked 
|  37|0x0000000082500000, 0x0000000082600000, 0x0000000082600000|100%|HS|  |TAMS 0x0000000082500000| PB 0x0000000082500000| Complete 
|  38|0x0000000082600000, 0x0000000082700000, 0x0000000082700000|100%|HS|  |TAMS 0x0000000082600000| PB 0x0000000082600000| Complete 
|  39|0x0000000082700000, 0x0000000082800000, 0x0000000082800000|100%|HC|  |TAMS 0x0000000082700000| PB 0x0000000082700000| Complete 
|  40|0x0000000082800000, 0x0000000082900000, 0x0000000082900000|100%|HS|  |TAMS 0x0000000082800000| PB 0x0000000082800000| Complete 
|  41|0x0000000082900000, 0x0000000082a00000, 0x0000000082a00000|100%|HS|  |TAMS 0x0000000082900000| PB 0x0000000082900000| Complete 
|  42|0x0000000082a00000, 0x0000000082b00000, 0x0000000082b00000|100%| O|  |TAMS 0x0000000082a00000| PB 0x0000000082a00000| Untracked 
|  43|0x0000000082b00000, 0x0000000082c00000, 0x0000000082c00000|100%| O|  |TAMS 0x0000000082b00000| PB 0x0000000082b00000| Untracked 
|  44|0x0000000082c00000, 0x0000000082d00000, 0x0000000082d00000|100%| O|  |TAMS 0x0000000082c00000| PB 0x0000000082c00000| Untracked 
|  45|0x0000000082d00000, 0x0000000082e00000, 0x0000000082e00000|100%| O|  |TAMS 0x0000000082d00000| PB 0x0000000082d00000| Untracked 
|  46|0x0000000082e00000, 0x0000000082f00000, 0x0000000082f00000|100%|HS|  |TAMS 0x0000000082e00000| PB 0x0000000082e00000| Complete 
|  47|0x0000000082f00000, 0x0000000083000000, 0x0000000083000000|100%|HS|  |TAMS 0x0000000082f00000| PB 0x0000000082f00000| Complete 
|  48|0x0000000083000000, 0x0000000083100000, 0x0000000083100000|100%|HC|  |TAMS 0x0000000083000000| PB 0x0000000083000000| Complete 
|  49|0x0000000083100000, 0x0000000083200000, 0x0000000083200000|100%|HC|  |TAMS 0x0000000083100000| PB 0x0000000083100000| Complete 
|  50|0x0000000083200000, 0x0000000083300000, 0x0000000083300000|100%|HC|  |TAMS 0x0000000083200000| PB 0x0000000083200000| Complete 
|  51|0x0000000083300000, 0x0000000083400000, 0x0000000083400000|100%|HS|  |TAMS 0x0000000083300000| PB 0x0000000083300000| Complete 
|  52|0x0000000083400000, 0x0000000083500000, 0x0000000083500000|100%|HC|  |TAMS 0x0000000083400000| PB 0x0000000083400000| Complete 
|  53|0x0000000083500000, 0x0000000083600000, 0x0000000083600000|100%|HS|  |TAMS 0x0000000083500000| PB 0x0000000083500000| Complete 
|  54|0x0000000083600000, 0x0000000083700000, 0x0000000083700000|100%| O|  |TAMS 0x0000000083600000| PB 0x0000000083600000| Untracked 
|  55|0x0000000083700000, 0x0000000083800000, 0x0000000083800000|100%| O|  |TAMS 0x0000000083700000| PB 0x0000000083700000| Untracked 
|  56|0x0000000083800000, 0x0000000083900000, 0x0000000083900000|100%| O|  |TAMS 0x0000000083800000| PB 0x0000000083800000| Untracked 
|  57|0x0000000083900000, 0x0000000083a00000, 0x0000000083a00000|100%| O|  |TAMS 0x0000000083900000| PB 0x0000000083900000| Untracked 
|  58|0x0000000083a00000, 0x0000000083b00000, 0x0000000083b00000|100%| O|  |TAMS 0x0000000083a00000| PB 0x0000000083a00000| Untracked 
|  59|0x0000000083b00000, 0x0000000083c00000, 0x0000000083c00000|100%| O|  |TAMS 0x0000000083b00000| PB 0x0000000083b00000| Untracked 
|  60|0x0000000083c00000, 0x0000000083d00000, 0x0000000083d00000|100%| O|  |TAMS 0x0000000083c00000| PB 0x0000000083c00000| Untracked 
|  61|0x0000000083d00000, 0x0000000083e00000, 0x0000000083e00000|100%| O|  |TAMS 0x0000000083d00000| PB 0x0000000083d00000| Untracked 
|  62|0x0000000083e00000, 0x0000000083f00000, 0x0000000083f00000|100%| O|  |TAMS 0x0000000083e00000| PB 0x0000000083e00000| Untracked 
|  63|0x0000000083f00000, 0x0000000084000000, 0x0000000084000000|100%| O|  |TAMS 0x0000000083f00000| PB 0x0000000083f00000| Untracked 
|  64|0x0000000084000000, 0x0000000084100000, 0x0000000084100000|100%| O|  |TAMS 0x0000000084000000| PB 0x0000000084000000| Untracked 
|  65|0x0000000084100000, 0x0000000084200000, 0x0000000084200000|100%| O|  |TAMS 0x0000000084100000| PB 0x0000000084100000| Untracked 
|  66|0x0000000084200000, 0x0000000084300000, 0x0000000084300000|100%|HS|  |TAMS 0x0000000084200000| PB 0x0000000084200000| Complete 
|  67|0x0000000084300000, 0x0000000084400000, 0x0000000084400000|100%|HC|  |TAMS 0x0000000084300000| PB 0x0000000084300000| Complete 
|  68|0x0000000084400000, 0x0000000084500000, 0x0000000084500000|100%|HC|  |TAMS 0x0000000084400000| PB 0x0000000084400000| Complete 
|  69|0x0000000084500000, 0x0000000084600000, 0x0000000084600000|100%|HC|  |TAMS 0x0000000084500000| PB 0x0000000084500000| Complete 
|  70|0x0000000084600000, 0x0000000084700000, 0x0000000084700000|100%| O|  |TAMS 0x0000000084600000| PB 0x0000000084600000| Untracked 
|  71|0x0000000084700000, 0x0000000084800000, 0x0000000084800000|100%| O|  |TAMS 0x0000000084700000| PB 0x0000000084700000| Untracked 
|  72|0x0000000084800000, 0x0000000084900000, 0x0000000084900000|100%| O|  |TAMS 0x0000000084800000| PB 0x0000000084800000| Untracked 
|  73|0x0000000084900000, 0x0000000084a00000, 0x0000000084a00000|100%| O|  |TAMS 0x0000000084900000| PB 0x0000000084900000| Untracked 
|  74|0x0000000084a00000, 0x0000000084b00000, 0x0000000084b00000|100%| O|  |TAMS 0x0000000084a00000| PB 0x0000000084a00000| Untracked 
|  75|0x0000000084b00000, 0x0000000084c00000, 0x0000000084c00000|100%| O|  |TAMS 0x0000000084b00000| PB 0x0000000084b00000| Untracked 
|  76|0x0000000084c00000, 0x0000000084d00000, 0x0000000084d00000|100%| O|  |TAMS 0x0000000084c00000| PB 0x0000000084c00000| Untracked 
|  77|0x0000000084d00000, 0x0000000084e00000, 0x0000000084e00000|100%| O|  |TAMS 0x0000000084d00000| PB 0x0000000084d00000| Untracked 
|  78|0x0000000084e00000, 0x0000000084f00000, 0x0000000084f00000|100%| O|  |TAMS 0x0000000084e00000| PB 0x0000000084e00000| Untracked 
|  79|0x0000000084f00000, 0x0000000085000000, 0x0000000085000000|100%| O|  |TAMS 0x0000000084f00000| PB 0x0000000084f00000| Untracked 
|  80|0x0000000085000000, 0x0000000085100000, 0x0000000085100000|100%| O|  |TAMS 0x0000000085000000| PB 0x0000000085000000| Untracked 
|  81|0x0000000085100000, 0x0000000085200000, 0x0000000085200000|100%| O|  |TAMS 0x0000000085100000| PB 0x0000000085100000| Untracked 
|  82|0x0000000085200000, 0x0000000085300000, 0x0000000085300000|100%| O|  |TAMS 0x0000000085200000| PB 0x0000000085200000| Untracked 
|  83|0x0000000085300000, 0x0000000085400000, 0x0000000085400000|100%| O|  |TAMS 0x0000000085300000| PB 0x0000000085300000| Untracked 
|  84|0x0000000085400000, 0x0000000085500000, 0x0000000085500000|100%| O|  |TAMS 0x0000000085400000| PB 0x0000000085400000| Untracked 
|  85|0x0000000085500000, 0x0000000085600000, 0x0000000085600000|100%| O|  |TAMS 0x0000000085500000| PB 0x0000000085500000| Untracked 
|  86|0x0000000085600000, 0x0000000085700000, 0x0000000085700000|100%|HS|  |TAMS 0x0000000085600000| PB 0x0000000085600000| Complete 
|  87|0x0000000085700000, 0x0000000085800000, 0x0000000085800000|100%| O|  |TAMS 0x0000000085700000| PB 0x0000000085700000| Untracked 
|  88|0x0000000085800000, 0x0000000085900000, 0x0000000085900000|100%|HS|  |TAMS 0x0000000085800000| PB 0x0000000085800000| Complete 
|  89|0x0000000085900000, 0x0000000085a00000, 0x0000000085a00000|100%| O|  |TAMS 0x0000000085900000| PB 0x0000000085900000| Untracked 
|  90|0x0000000085a00000, 0x0000000085b00000, 0x0000000085b00000|100%| O|  |TAMS 0x0000000085a00000| PB 0x0000000085a00000| Untracked 
|  91|0x0000000085b00000, 0x0000000085c00000, 0x0000000085c00000|100%| O|  |TAMS 0x0000000085b00000| PB 0x0000000085b00000| Untracked 
|  92|0x0000000085c00000, 0x0000000085d00000, 0x0000000085d00000|100%| O|  |TAMS 0x0000000085c00000| PB 0x0000000085c00000| Untracked 
|  93|0x0000000085d00000, 0x0000000085e00000, 0x0000000085e00000|100%| O|  |TAMS 0x0000000085d00000| PB 0x0000000085d00000| Untracked 
|  94|0x0000000085e00000, 0x0000000085e00000, 0x0000000085f00000|  0%| F|  |TAMS 0x0000000085e00000| PB 0x0000000085e00000| Untracked 
|  95|0x0000000085f00000, 0x0000000086000000, 0x0000000086000000|100%| O|  |TAMS 0x0000000085f00000| PB 0x0000000085f00000| Untracked 
|  96|0x0000000086000000, 0x0000000086100000, 0x0000000086100000|100%| O|  |TAMS 0x0000000086000000| PB 0x0000000086000000| Untracked 
|  97|0x0000000086100000, 0x0000000086200000, 0x0000000086200000|100%| O|  |TAMS 0x0000000086100000| PB 0x0000000086100000| Untracked 
|  98|0x0000000086200000, 0x0000000086300000, 0x0000000086300000|100%| O|  |TAMS 0x0000000086200000| PB 0x0000000086200000| Untracked 
|  99|0x0000000086300000, 0x0000000086400000, 0x0000000086400000|100%| O|  |TAMS 0x0000000086300000| PB 0x0000000086300000| Untracked 
| 100|0x0000000086400000, 0x0000000086500000, 0x0000000086500000|100%| O|  |TAMS 0x0000000086400000| PB 0x0000000086400000| Untracked 
| 101|0x0000000086500000, 0x0000000086600000, 0x0000000086600000|100%| O|  |TAMS 0x0000000086500000| PB 0x0000000086500000| Untracked 
| 102|0x0000000086600000, 0x0000000086600000, 0x0000000086700000|  0%| F|  |TAMS 0x0000000086600000| PB 0x0000000086600000| Untracked 
| 103|0x0000000086700000, 0x0000000086800000, 0x0000000086800000|100%| O|Cm|TAMS 0x0000000086700000| PB 0x0000000086700000| Complete 
| 104|0x0000000086800000, 0x0000000086900000, 0x0000000086900000|100%| O|  |TAMS 0x0000000086800000| PB 0x0000000086800000| Untracked 
| 105|0x0000000086900000, 0x0000000086a00000, 0x0000000086a00000|100%|HS|  |TAMS 0x0000000086900000| PB 0x0000000086900000| Complete 
| 106|0x0000000086a00000, 0x0000000086b00000, 0x0000000086b00000|100%|HC|  |TAMS 0x0000000086a00000| PB 0x0000000086a00000| Complete 
| 107|0x0000000086b00000, 0x0000000086c00000, 0x0000000086c00000|100%| O|  |TAMS 0x0000000086b00000| PB 0x0000000086b00000| Untracked 
| 108|0x0000000086c00000, 0x0000000086d00000, 0x0000000086d00000|100%| O|  |TAMS 0x0000000086c00000| PB 0x0000000086c00000| Untracked 
| 109|0x0000000086d00000, 0x0000000086e00000, 0x0000000086e00000|100%| O|  |TAMS 0x0000000086d00000| PB 0x0000000086d00000| Untracked 
| 110|0x0000000086e00000, 0x0000000086f00000, 0x0000000086f00000|100%| O|  |TAMS 0x0000000086e00000| PB 0x0000000086e00000| Untracked 
| 111|0x0000000086f00000, 0x0000000087000000, 0x0000000087000000|100%| O|  |TAMS 0x0000000086f00000| PB 0x0000000086f00000| Untracked 
| 112|0x0000000087000000, 0x0000000087100000, 0x0000000087100000|100%| O|  |TAMS 0x0000000087000000| PB 0x0000000087000000| Untracked 
| 113|0x0000000087100000, 0x0000000087200000, 0x0000000087200000|100%| O|  |TAMS 0x0000000087100000| PB 0x0000000087100000| Untracked 
| 114|0x0000000087200000, 0x0000000087300000, 0x0000000087300000|100%| O|  |TAMS 0x0000000087200000| PB 0x0000000087200000| Untracked 
| 115|0x0000000087300000, 0x0000000087400000, 0x0000000087400000|100%| O|  |TAMS 0x0000000087300000| PB 0x0000000087300000| Untracked 
| 116|0x0000000087400000, 0x0000000087500000, 0x0000000087500000|100%| O|  |TAMS 0x0000000087400000| PB 0x0000000087400000| Untracked 
| 117|0x0000000087500000, 0x0000000087600000, 0x0000000087600000|100%| O|  |TAMS 0x0000000087500000| PB 0x0000000087500000| Untracked 
| 118|0x0000000087600000, 0x0000000087700000, 0x0000000087700000|100%| O|  |TAMS 0x0000000087600000| PB 0x0000000087600000| Untracked 
| 119|0x0000000087700000, 0x0000000087800000, 0x0000000087800000|100%| O|  |TAMS 0x0000000087700000| PB 0x0000000087700000| Untracked 
| 120|0x0000000087800000, 0x0000000087900000, 0x0000000087900000|100%| O|  |TAMS 0x0000000087800000| PB 0x0000000087800000| Untracked 
| 121|0x0000000087900000, 0x0000000087a00000, 0x0000000087a00000|100%| O|  |TAMS 0x0000000087900000| PB 0x0000000087900000| Untracked 
| 122|0x0000000087a00000, 0x0000000087b00000, 0x0000000087b00000|100%| O|  |TAMS 0x0000000087a00000| PB 0x0000000087a00000| Untracked 
| 123|0x0000000087b00000, 0x0000000087c00000, 0x0000000087c00000|100%| O|  |TAMS 0x0000000087b00000| PB 0x0000000087b00000| Untracked 
| 124|0x0000000087c00000, 0x0000000087d00000, 0x0000000087d00000|100%| O|  |TAMS 0x0000000087c00000| PB 0x0000000087c00000| Untracked 
| 125|0x0000000087d00000, 0x0000000087e00000, 0x0000000087e00000|100%| O|  |TAMS 0x0000000087d00000| PB 0x0000000087d00000| Untracked 
| 126|0x0000000087e00000, 0x0000000087f00000, 0x0000000087f00000|100%| O|  |TAMS 0x0000000087e00000| PB 0x0000000087e00000| Untracked 
| 127|0x0000000087f00000, 0x0000000088000000, 0x0000000088000000|100%| O|  |TAMS 0x0000000087f00000| PB 0x0000000087f00000| Untracked 
| 128|0x0000000088000000, 0x0000000088100000, 0x0000000088100000|100%| O|  |TAMS 0x0000000088000000| PB 0x0000000088000000| Untracked 
| 129|0x0000000088100000, 0x0000000088200000, 0x0000000088200000|100%| O|  |TAMS 0x0000000088100000| PB 0x0000000088100000| Untracked 
| 130|0x0000000088200000, 0x0000000088300000, 0x0000000088300000|100%| O|  |TAMS 0x0000000088200000| PB 0x0000000088200000| Untracked 
| 131|0x0000000088300000, 0x0000000088400000, 0x0000000088400000|100%| O|  |TAMS 0x0000000088300000| PB 0x0000000088300000| Untracked 
| 132|0x0000000088400000, 0x0000000088500000, 0x0000000088500000|100%| O|  |TAMS 0x0000000088400000| PB 0x0000000088400000| Untracked 
| 133|0x0000000088500000, 0x0000000088600000, 0x0000000088600000|100%| O|Cm|TAMS 0x0000000088500000| PB 0x0000000088500000| Complete 
| 134|0x0000000088600000, 0x0000000088700000, 0x0000000088700000|100%| O|  |TAMS 0x0000000088600000| PB 0x0000000088600000| Untracked 
| 135|0x0000000088700000, 0x0000000088800000, 0x0000000088800000|100%| O|  |TAMS 0x0000000088700000| PB 0x0000000088700000| Untracked 
| 136|0x0000000088800000, 0x0000000088900000, 0x0000000088900000|100%| O|  |TAMS 0x0000000088800000| PB 0x0000000088800000| Untracked 
| 137|0x0000000088900000, 0x0000000088a00000, 0x0000000088a00000|100%| O|  |TAMS 0x0000000088900000| PB 0x0000000088900000| Untracked 
| 138|0x0000000088a00000, 0x0000000088b00000, 0x0000000088b00000|100%| O|  |TAMS 0x0000000088a00000| PB 0x0000000088a00000| Untracked 
| 139|0x0000000088b00000, 0x0000000088c00000, 0x0000000088c00000|100%| O|  |TAMS 0x0000000088b00000| PB 0x0000000088b00000| Untracked 
| 140|0x0000000088c00000, 0x0000000088d00000, 0x0000000088d00000|100%| O|  |TAMS 0x0000000088c00000| PB 0x0000000088c00000| Untracked 
| 141|0x0000000088d00000, 0x0000000088e00000, 0x0000000088e00000|100%| O|  |TAMS 0x0000000088d00000| PB 0x0000000088d00000| Untracked 
| 142|0x0000000088e00000, 0x0000000088f00000, 0x0000000088f00000|100%| O|  |TAMS 0x0000000088e00000| PB 0x0000000088e00000| Untracked 
| 143|0x0000000088f00000, 0x0000000089000000, 0x0000000089000000|100%| O|  |TAMS 0x0000000088f00000| PB 0x0000000088f00000| Untracked 
| 144|0x0000000089000000, 0x0000000089100000, 0x0000000089100000|100%| O|  |TAMS 0x0000000089000000| PB 0x0000000089000000| Untracked 
| 145|0x0000000089100000, 0x0000000089200000, 0x0000000089200000|100%| O|  |TAMS 0x0000000089100000| PB 0x0000000089100000| Untracked 
| 146|0x0000000089200000, 0x0000000089300000, 0x0000000089300000|100%| O|  |TAMS 0x0000000089200000| PB 0x0000000089200000| Untracked 
| 147|0x0000000089300000, 0x0000000089400000, 0x0000000089400000|100%|HS|  |TAMS 0x0000000089300000| PB 0x0000000089300000| Complete 
| 148|0x0000000089400000, 0x0000000089500000, 0x0000000089500000|100%|HC|  |TAMS 0x0000000089400000| PB 0x0000000089400000| Complete 
| 149|0x0000000089500000, 0x0000000089600000, 0x0000000089600000|100%|HC|  |TAMS 0x0000000089500000| PB 0x0000000089500000| Complete 
| 150|0x0000000089600000, 0x0000000089700000, 0x0000000089700000|100%| O|  |TAMS 0x0000000089600000| PB 0x0000000089600000| Untracked 
| 151|0x0000000089700000, 0x0000000089800000, 0x0000000089800000|100%|HS|  |TAMS 0x0000000089700000| PB 0x0000000089700000| Complete 
| 152|0x0000000089800000, 0x0000000089900000, 0x0000000089900000|100%|HC|  |TAMS 0x0000000089800000| PB 0x0000000089800000| Complete 
| 153|0x0000000089900000, 0x0000000089a00000, 0x0000000089a00000|100%|HC|  |TAMS 0x0000000089900000| PB 0x0000000089900000| Complete 
| 154|0x0000000089a00000, 0x0000000089b00000, 0x0000000089b00000|100%|HC|  |TAMS 0x0000000089a00000| PB 0x0000000089a00000| Complete 
| 155|0x0000000089b00000, 0x0000000089c00000, 0x0000000089c00000|100%|HC|  |TAMS 0x0000000089b00000| PB 0x0000000089b00000| Complete 
| 156|0x0000000089c00000, 0x0000000089d00000, 0x0000000089d00000|100%|HC|  |TAMS 0x0000000089c00000| PB 0x0000000089c00000| Complete 
| 157|0x0000000089d00000, 0x0000000089e00000, 0x0000000089e00000|100%| O|  |TAMS 0x0000000089d00000| PB 0x0000000089d00000| Untracked 
| 158|0x0000000089e00000, 0x0000000089f00000, 0x0000000089f00000|100%| O|Cm|TAMS 0x0000000089e00000| PB 0x0000000089e00000| Complete 
| 159|0x0000000089f00000, 0x000000008a000000, 0x000000008a000000|100%| O|  |TAMS 0x0000000089f00000| PB 0x0000000089f00000| Untracked 
| 160|0x000000008a000000, 0x000000008a100000, 0x000000008a100000|100%| O|  |TAMS 0x000000008a000000| PB 0x000000008a000000| Untracked 
| 161|0x000000008a100000, 0x000000008a200000, 0x000000008a200000|100%| O|  |TAMS 0x000000008a100000| PB 0x000000008a100000| Untracked 
| 162|0x000000008a200000, 0x000000008a300000, 0x000000008a300000|100%| O|  |TAMS 0x000000008a200000| PB 0x000000008a200000| Untracked 
| 163|0x000000008a300000, 0x000000008a400000, 0x000000008a400000|100%|HS|  |TAMS 0x000000008a300000| PB 0x000000008a300000| Complete 
| 164|0x000000008a400000, 0x000000008a500000, 0x000000008a500000|100%| O|  |TAMS 0x000000008a400000| PB 0x000000008a400000| Untracked 
| 165|0x000000008a500000, 0x000000008a600000, 0x000000008a600000|100%| O|Cm|TAMS 0x000000008a500000| PB 0x000000008a500000| Complete 
| 166|0x000000008a600000, 0x000000008a700000, 0x000000008a700000|100%|HS|  |TAMS 0x000000008a600000| PB 0x000000008a600000| Complete 
| 167|0x000000008a700000, 0x000000008a800000, 0x000000008a800000|100%|HC|  |TAMS 0x000000008a700000| PB 0x000000008a700000| Complete 
| 168|0x000000008a800000, 0x000000008a900000, 0x000000008a900000|100%|HC|  |TAMS 0x000000008a800000| PB 0x000000008a800000| Complete 
| 169|0x000000008a900000, 0x000000008aa00000, 0x000000008aa00000|100%|HC|  |TAMS 0x000000008a900000| PB 0x000000008a900000| Complete 
| 170|0x000000008aa00000, 0x000000008ab00000, 0x000000008ab00000|100%|HC|  |TAMS 0x000000008aa00000| PB 0x000000008aa00000| Complete 
| 171|0x000000008ab00000, 0x000000008ac00000, 0x000000008ac00000|100%|HC|  |TAMS 0x000000008ab00000| PB 0x000000008ab00000| Complete 
| 172|0x000000008ac00000, 0x000000008ad00000, 0x000000008ad00000|100%| O|  |TAMS 0x000000008ac00000| PB 0x000000008ac00000| Untracked 
| 173|0x000000008ad00000, 0x000000008ae00000, 0x000000008ae00000|100%| O|  |TAMS 0x000000008ad00000| PB 0x000000008ad00000| Untracked 
| 174|0x000000008ae00000, 0x000000008af00000, 0x000000008af00000|100%| O|  |TAMS 0x000000008ae00000| PB 0x000000008ae00000| Untracked 
| 175|0x000000008af00000, 0x000000008b000000, 0x000000008b000000|100%| O|  |TAMS 0x000000008af00000| PB 0x000000008af00000| Untracked 
| 176|0x000000008b000000, 0x000000008b100000, 0x000000008b100000|100%| O|  |TAMS 0x000000008b000000| PB 0x000000008b000000| Untracked 
| 177|0x000000008b100000, 0x000000008b200000, 0x000000008b200000|100%| O|  |TAMS 0x000000008b100000| PB 0x000000008b100000| Untracked 
| 178|0x000000008b200000, 0x000000008b300000, 0x000000008b300000|100%| O|  |TAMS 0x000000008b200000| PB 0x000000008b200000| Untracked 
| 179|0x000000008b300000, 0x000000008b400000, 0x000000008b400000|100%| O|  |TAMS 0x000000008b300000| PB 0x000000008b300000| Untracked 
| 180|0x000000008b400000, 0x000000008b500000, 0x000000008b500000|100%| O|  |TAMS 0x000000008b400000| PB 0x000000008b400000| Untracked 
| 181|0x000000008b500000, 0x000000008b600000, 0x000000008b600000|100%| O|  |TAMS 0x000000008b500000| PB 0x000000008b500000| Untracked 
| 182|0x000000008b600000, 0x000000008b700000, 0x000000008b700000|100%| O|  |TAMS 0x000000008b600000| PB 0x000000008b600000| Untracked 
| 183|0x000000008b700000, 0x000000008b800000, 0x000000008b800000|100%| O|  |TAMS 0x000000008b700000| PB 0x000000008b700000| Untracked 
| 184|0x000000008b800000, 0x000000008b900000, 0x000000008b900000|100%| O|Cm|TAMS 0x000000008b800000| PB 0x000000008b800000| Complete 
| 185|0x000000008b900000, 0x000000008ba00000, 0x000000008ba00000|100%| O|  |TAMS 0x000000008b900000| PB 0x000000008b900000| Untracked 
| 186|0x000000008ba00000, 0x000000008bb00000, 0x000000008bb00000|100%| O|  |TAMS 0x000000008ba00000| PB 0x000000008ba00000| Untracked 
| 187|0x000000008bb00000, 0x000000008bc00000, 0x000000008bc00000|100%| O|  |TAMS 0x000000008bb00000| PB 0x000000008bb00000| Untracked 
| 188|0x000000008bc00000, 0x000000008bd00000, 0x000000008bd00000|100%| O|  |TAMS 0x000000008bc00000| PB 0x000000008bc00000| Untracked 
| 189|0x000000008bd00000, 0x000000008be00000, 0x000000008be00000|100%| O|  |TAMS 0x000000008bd00000| PB 0x000000008bd00000| Untracked 
| 190|0x000000008be00000, 0x000000008bf00000, 0x000000008bf00000|100%|HS|  |TAMS 0x000000008be00000| PB 0x000000008be00000| Complete 
| 191|0x000000008bf00000, 0x000000008c000000, 0x000000008c000000|100%|HC|  |TAMS 0x000000008bf00000| PB 0x000000008bf00000| Complete 
| 192|0x000000008c000000, 0x000000008c100000, 0x000000008c100000|100%|HS|  |TAMS 0x000000008c000000| PB 0x000000008c000000| Complete 
| 193|0x000000008c100000, 0x000000008c200000, 0x000000008c200000|100%|HC|  |TAMS 0x000000008c100000| PB 0x000000008c100000| Complete 
| 194|0x000000008c200000, 0x000000008c300000, 0x000000008c300000|100%|HC|  |TAMS 0x000000008c200000| PB 0x000000008c200000| Complete 
| 195|0x000000008c300000, 0x000000008c400000, 0x000000008c400000|100%|HC|  |TAMS 0x000000008c300000| PB 0x000000008c300000| Complete 
| 196|0x000000008c400000, 0x000000008c500000, 0x000000008c500000|100%|HC|  |TAMS 0x000000008c400000| PB 0x000000008c400000| Complete 
| 197|0x000000008c500000, 0x000000008c600000, 0x000000008c600000|100%|HC|  |TAMS 0x000000008c500000| PB 0x000000008c500000| Complete 
| 198|0x000000008c600000, 0x000000008c700000, 0x000000008c700000|100%|HS|  |TAMS 0x000000008c600000| PB 0x000000008c600000| Complete 
| 199|0x000000008c700000, 0x000000008c800000, 0x000000008c800000|100%|HC|  |TAMS 0x000000008c700000| PB 0x000000008c700000| Complete 
| 200|0x000000008c800000, 0x000000008c900000, 0x000000008c900000|100%|HC|  |TAMS 0x000000008c800000| PB 0x000000008c800000| Complete 
| 201|0x000000008c900000, 0x000000008ca00000, 0x000000008ca00000|100%|HS|  |TAMS 0x000000008c900000| PB 0x000000008c900000| Complete 
| 202|0x000000008ca00000, 0x000000008cb00000, 0x000000008cb00000|100%|HC|  |TAMS 0x000000008ca00000| PB 0x000000008ca00000| Complete 
| 203|0x000000008cb00000, 0x000000008cc00000, 0x000000008cc00000|100%| O|  |TAMS 0x000000008cb00000| PB 0x000000008cb00000| Untracked 
| 204|0x000000008cc00000, 0x000000008cd00000, 0x000000008cd00000|100%| O|  |TAMS 0x000000008cc00000| PB 0x000000008cc00000| Untracked 
| 205|0x000000008cd00000, 0x000000008ce00000, 0x000000008ce00000|100%| O|  |TAMS 0x000000008cd00000| PB 0x000000008cd00000| Untracked 
| 206|0x000000008ce00000, 0x000000008cf00000, 0x000000008cf00000|100%| O|  |TAMS 0x000000008ce00000| PB 0x000000008ce00000| Untracked 
| 207|0x000000008cf00000, 0x000000008d000000, 0x000000008d000000|100%| O|  |TAMS 0x000000008cf00000| PB 0x000000008cf00000| Untracked 
| 208|0x000000008d000000, 0x000000008d100000, 0x000000008d100000|100%| O|  |TAMS 0x000000008d000000| PB 0x000000008d000000| Untracked 
| 209|0x000000008d100000, 0x000000008d200000, 0x000000008d200000|100%| O|  |TAMS 0x000000008d100000| PB 0x000000008d100000| Untracked 
| 210|0x000000008d200000, 0x000000008d300000, 0x000000008d300000|100%| O|  |TAMS 0x000000008d200000| PB 0x000000008d200000| Untracked 
| 211|0x000000008d300000, 0x000000008d400000, 0x000000008d400000|100%| O|  |TAMS 0x000000008d300000| PB 0x000000008d300000| Untracked 
| 212|0x000000008d400000, 0x000000008d500000, 0x000000008d500000|100%| O|  |TAMS 0x000000008d400000| PB 0x000000008d400000| Untracked 
| 213|0x000000008d500000, 0x000000008d600000, 0x000000008d600000|100%| O|  |TAMS 0x000000008d500000| PB 0x000000008d500000| Untracked 
| 214|0x000000008d600000, 0x000000008d700000, 0x000000008d700000|100%| O|Cm|TAMS 0x000000008d600000| PB 0x000000008d600000| Complete 
| 215|0x000000008d700000, 0x000000008d800000, 0x000000008d800000|100%| O|  |TAMS 0x000000008d700000| PB 0x000000008d700000| Untracked 
| 216|0x000000008d800000, 0x000000008d900000, 0x000000008d900000|100%| O|  |TAMS 0x000000008d800000| PB 0x000000008d800000| Untracked 
| 217|0x000000008d900000, 0x000000008da00000, 0x000000008da00000|100%| O|  |TAMS 0x000000008d900000| PB 0x000000008d900000| Untracked 
| 218|0x000000008da00000, 0x000000008db00000, 0x000000008db00000|100%| O|  |TAMS 0x000000008da00000| PB 0x000000008da00000| Untracked 
| 219|0x000000008db00000, 0x000000008dc00000, 0x000000008dc00000|100%| O|  |TAMS 0x000000008db00000| PB 0x000000008db00000| Untracked 
| 220|0x000000008dc00000, 0x000000008dd00000, 0x000000008dd00000|100%| O|  |TAMS 0x000000008dc00000| PB 0x000000008dc00000| Untracked 
| 221|0x000000008dd00000, 0x000000008de00000, 0x000000008de00000|100%| O|  |TAMS 0x000000008dd00000| PB 0x000000008dd00000| Untracked 
| 222|0x000000008de00000, 0x000000008df00000, 0x000000008df00000|100%| O|  |TAMS 0x000000008de00000| PB 0x000000008de00000| Untracked 
| 223|0x000000008df00000, 0x000000008e000000, 0x000000008e000000|100%| O|  |TAMS 0x000000008df00000| PB 0x000000008df00000| Untracked 
| 224|0x000000008e000000, 0x000000008e100000, 0x000000008e100000|100%| O|  |TAMS 0x000000008e000000| PB 0x000000008e000000| Untracked 
| 225|0x000000008e100000, 0x000000008e200000, 0x000000008e200000|100%| O|  |TAMS 0x000000008e100000| PB 0x000000008e100000| Untracked 
| 226|0x000000008e200000, 0x000000008e300000, 0x000000008e300000|100%| O|  |TAMS 0x000000008e200000| PB 0x000000008e200000| Untracked 
| 227|0x000000008e300000, 0x000000008e400000, 0x000000008e400000|100%| O|  |TAMS 0x000000008e300000| PB 0x000000008e300000| Untracked 
| 228|0x000000008e400000, 0x000000008e500000, 0x000000008e500000|100%| O|  |TAMS 0x000000008e400000| PB 0x000000008e400000| Untracked 
| 229|0x000000008e500000, 0x000000008e600000, 0x000000008e600000|100%| O|  |TAMS 0x000000008e500000| PB 0x000000008e500000| Untracked 
| 230|0x000000008e600000, 0x000000008e700000, 0x000000008e700000|100%| O|  |TAMS 0x000000008e600000| PB 0x000000008e600000| Untracked 
| 231|0x000000008e700000, 0x000000008e800000, 0x000000008e800000|100%| O|  |TAMS 0x000000008e700000| PB 0x000000008e700000| Untracked 
| 232|0x000000008e800000, 0x000000008e900000, 0x000000008e900000|100%| O|  |TAMS 0x000000008e800000| PB 0x000000008e800000| Untracked 
| 233|0x000000008e900000, 0x000000008ea00000, 0x000000008ea00000|100%| O|  |TAMS 0x000000008e900000| PB 0x000000008e900000| Untracked 
| 234|0x000000008ea00000, 0x000000008eb00000, 0x000000008eb00000|100%| O|  |TAMS 0x000000008ea00000| PB 0x000000008ea00000| Untracked 
| 235|0x000000008eb00000, 0x000000008ec00000, 0x000000008ec00000|100%| O|  |TAMS 0x000000008eb00000| PB 0x000000008eb00000| Untracked 
| 236|0x000000008ec00000, 0x000000008ed00000, 0x000000008ed00000|100%| O|  |TAMS 0x000000008ec00000| PB 0x000000008ec00000| Untracked 
| 237|0x000000008ed00000, 0x000000008ee00000, 0x000000008ee00000|100%| O|  |TAMS 0x000000008ed00000| PB 0x000000008ed00000| Untracked 
| 238|0x000000008ee00000, 0x000000008ef00000, 0x000000008ef00000|100%| O|  |TAMS 0x000000008ee00000| PB 0x000000008ee00000| Untracked 
| 239|0x000000008ef00000, 0x000000008f000000, 0x000000008f000000|100%| O|  |TAMS 0x000000008ef00000| PB 0x000000008ef00000| Untracked 
| 240|0x000000008f000000, 0x000000008f100000, 0x000000008f100000|100%| O|  |TAMS 0x000000008f000000| PB 0x000000008f000000| Untracked 
| 241|0x000000008f100000, 0x000000008f200000, 0x000000008f200000|100%| O|  |TAMS 0x000000008f100000| PB 0x000000008f100000| Untracked 
| 242|0x000000008f200000, 0x000000008f300000, 0x000000008f300000|100%| O|  |TAMS 0x000000008f200000| PB 0x000000008f200000| Untracked 
| 243|0x000000008f300000, 0x000000008f400000, 0x000000008f400000|100%| O|  |TAMS 0x000000008f300000| PB 0x000000008f300000| Untracked 
| 244|0x000000008f400000, 0x000000008f500000, 0x000000008f500000|100%| O|  |TAMS 0x000000008f400000| PB 0x000000008f400000| Untracked 
| 245|0x000000008f500000, 0x000000008f600000, 0x000000008f600000|100%| O|  |TAMS 0x000000008f500000| PB 0x000000008f500000| Untracked 
| 246|0x000000008f600000, 0x000000008f700000, 0x000000008f700000|100%| O|  |TAMS 0x000000008f600000| PB 0x000000008f600000| Untracked 
| 247|0x000000008f700000, 0x000000008f800000, 0x000000008f800000|100%|HS|  |TAMS 0x000000008f700000| PB 0x000000008f700000| Complete 
| 248|0x000000008f800000, 0x000000008f900000, 0x000000008f900000|100%|HC|  |TAMS 0x000000008f800000| PB 0x000000008f800000| Complete 
| 249|0x000000008f900000, 0x000000008fa00000, 0x000000008fa00000|100%|HC|  |TAMS 0x000000008f900000| PB 0x000000008f900000| Complete 
| 250|0x000000008fa00000, 0x000000008fb00000, 0x000000008fb00000|100%| O|  |TAMS 0x000000008fa00000| PB 0x000000008fa00000| Untracked 
| 251|0x000000008fb00000, 0x000000008fc00000, 0x000000008fc00000|100%| O|  |TAMS 0x000000008fb00000| PB 0x000000008fb00000| Untracked 
| 252|0x000000008fc00000, 0x000000008fd00000, 0x000000008fd00000|100%| O|  |TAMS 0x000000008fc00000| PB 0x000000008fc00000| Untracked 
| 253|0x000000008fd00000, 0x000000008fd00000, 0x000000008fe00000|  0%| F|  |TAMS 0x000000008fd00000| PB 0x000000008fd00000| Untracked 
| 254|0x000000008fe00000, 0x000000008ff00000, 0x000000008ff00000|100%| O|  |TAMS 0x000000008fe00000| PB 0x000000008fe00000| Untracked 
| 255|0x000000008ff00000, 0x0000000090000000, 0x0000000090000000|100%| O|Cm|TAMS 0x000000008ff00000| PB 0x000000008ff00000| Complete 
| 256|0x0000000090000000, 0x0000000090100000, 0x0000000090100000|100%| O|Cm|TAMS 0x0000000090000000| PB 0x0000000090000000| Complete 
| 257|0x0000000090100000, 0x0000000090200000, 0x0000000090200000|100%| O|Cm|TAMS 0x0000000090100000| PB 0x0000000090100000| Complete 
| 258|0x0000000090200000, 0x0000000090300000, 0x0000000090300000|100%| O|  |TAMS 0x0000000090200000| PB 0x0000000090200000| Untracked 
| 259|0x0000000090300000, 0x0000000090400000, 0x0000000090400000|100%| O|  |TAMS 0x0000000090300000| PB 0x0000000090300000| Untracked 
| 260|0x0000000090400000, 0x0000000090500000, 0x0000000090500000|100%| O|Cm|TAMS 0x0000000090400000| PB 0x0000000090400000| Complete 
| 261|0x0000000090500000, 0x0000000090600000, 0x0000000090600000|100%| O|Cm|TAMS 0x0000000090500000| PB 0x0000000090500000| Complete 
| 262|0x0000000090600000, 0x0000000090700000, 0x0000000090700000|100%| O|Cm|TAMS 0x0000000090600000| PB 0x0000000090600000| Complete 
| 263|0x0000000090700000, 0x0000000090800000, 0x0000000090800000|100%| O|Cm|TAMS 0x0000000090700000| PB 0x0000000090700000| Complete 
| 264|0x0000000090800000, 0x0000000090900000, 0x0000000090900000|100%| O|Cm|TAMS 0x0000000090800000| PB 0x0000000090800000| Complete 
| 265|0x0000000090900000, 0x0000000090a00000, 0x0000000090a00000|100%| O|  |TAMS 0x0000000090900000| PB 0x0000000090900000| Untracked 
| 266|0x0000000090a00000, 0x0000000090b00000, 0x0000000090b00000|100%| O|  |TAMS 0x0000000090a00000| PB 0x0000000090a00000| Untracked 
| 267|0x0000000090b00000, 0x0000000090c00000, 0x0000000090c00000|100%| O|  |TAMS 0x0000000090b00000| PB 0x0000000090b00000| Untracked 
| 268|0x0000000090c00000, 0x0000000090d00000, 0x0000000090d00000|100%| O|  |TAMS 0x0000000090c00000| PB 0x0000000090c00000| Untracked 
| 269|0x0000000090d00000, 0x0000000090e00000, 0x0000000090e00000|100%| O|  |TAMS 0x0000000090d00000| PB 0x0000000090d00000| Untracked 
| 270|0x0000000090e00000, 0x0000000090f00000, 0x0000000090f00000|100%| O|  |TAMS 0x0000000090e00000| PB 0x0000000090e00000| Untracked 
| 271|0x0000000090f00000, 0x0000000091000000, 0x0000000091000000|100%| O|  |TAMS 0x0000000090f00000| PB 0x0000000090f00000| Untracked 
| 272|0x0000000091000000, 0x0000000091100000, 0x0000000091100000|100%| O|  |TAMS 0x0000000091000000| PB 0x0000000091000000| Untracked 
| 273|0x0000000091100000, 0x0000000091200000, 0x0000000091200000|100%| O|  |TAMS 0x0000000091100000| PB 0x0000000091100000| Untracked 
| 274|0x0000000091200000, 0x0000000091300000, 0x0000000091300000|100%| O|Cm|TAMS 0x0000000091200000| PB 0x0000000091200000| Complete 
| 275|0x0000000091300000, 0x0000000091400000, 0x0000000091400000|100%| O|  |TAMS 0x0000000091300000| PB 0x0000000091300000| Untracked 
| 276|0x0000000091400000, 0x0000000091500000, 0x0000000091500000|100%|HS|  |TAMS 0x0000000091400000| PB 0x0000000091400000| Complete 
| 277|0x0000000091500000, 0x0000000091600000, 0x0000000091600000|100%|HC|  |TAMS 0x0000000091500000| PB 0x0000000091500000| Complete 
| 278|0x0000000091600000, 0x0000000091700000, 0x0000000091700000|100%| O|  |TAMS 0x0000000091600000| PB 0x0000000091600000| Untracked 
| 279|0x0000000091700000, 0x0000000091800000, 0x0000000091800000|100%| O|  |TAMS 0x0000000091700000| PB 0x0000000091700000| Untracked 
| 280|0x0000000091800000, 0x0000000091900000, 0x0000000091900000|100%| O|  |TAMS 0x0000000091800000| PB 0x0000000091800000| Untracked 
| 281|0x0000000091900000, 0x0000000091900000, 0x0000000091a00000|  0%| F|  |TAMS 0x0000000091900000| PB 0x0000000091900000| Untracked 
| 282|0x0000000091a00000, 0x0000000091b00000, 0x0000000091b00000|100%| O|  |TAMS 0x0000000091a00000| PB 0x0000000091a00000| Untracked 
| 283|0x0000000091b00000, 0x0000000091c00000, 0x0000000091c00000|100%| O|Cm|TAMS 0x0000000091b00000| PB 0x0000000091b00000| Complete 
| 284|0x0000000091c00000, 0x0000000091d00000, 0x0000000091d00000|100%| O|  |TAMS 0x0000000091c00000| PB 0x0000000091c00000| Untracked 
| 285|0x0000000091d00000, 0x0000000091e00000, 0x0000000091e00000|100%|HS|  |TAMS 0x0000000091d00000| PB 0x0000000091d00000| Complete 
| 286|0x0000000091e00000, 0x0000000091f00000, 0x0000000091f00000|100%|HC|  |TAMS 0x0000000091e00000| PB 0x0000000091e00000| Complete 
| 287|0x0000000091f00000, 0x0000000092000000, 0x0000000092000000|100%| O|  |TAMS 0x0000000091f00000| PB 0x0000000091f00000| Untracked 
| 288|0x0000000092000000, 0x0000000092100000, 0x0000000092100000|100%| O|  |TAMS 0x0000000092000000| PB 0x0000000092000000| Untracked 
| 289|0x0000000092100000, 0x0000000092200000, 0x0000000092200000|100%| O|  |TAMS 0x0000000092100000| PB 0x0000000092100000| Untracked 
| 290|0x0000000092200000, 0x0000000092300000, 0x0000000092300000|100%| O|  |TAMS 0x0000000092200000| PB 0x0000000092200000| Untracked 
| 291|0x0000000092300000, 0x0000000092400000, 0x0000000092400000|100%| O|  |TAMS 0x0000000092300000| PB 0x0000000092300000| Untracked 
| 292|0x0000000092400000, 0x0000000092500000, 0x0000000092500000|100%| O|  |TAMS 0x0000000092400000| PB 0x0000000092400000| Untracked 
| 293|0x0000000092500000, 0x0000000092500000, 0x0000000092600000|  0%| F|  |TAMS 0x0000000092500000| PB 0x0000000092500000| Untracked 
| 294|0x0000000092600000, 0x0000000092700000, 0x0000000092700000|100%| O|  |TAMS 0x0000000092600000| PB 0x0000000092600000| Untracked 
| 295|0x0000000092700000, 0x0000000092700000, 0x0000000092800000|  0%| F|  |TAMS 0x0000000092700000| PB 0x0000000092700000| Untracked 
| 296|0x0000000092800000, 0x0000000092900000, 0x0000000092900000|100%| O|Cm|TAMS 0x0000000092800000| PB 0x0000000092800000| Complete 
| 297|0x0000000092900000, 0x0000000092a00000, 0x0000000092a00000|100%| O|  |TAMS 0x0000000092900000| PB 0x0000000092900000| Untracked 
| 298|0x0000000092a00000, 0x0000000092b00000, 0x0000000092b00000|100%| O|  |TAMS 0x0000000092a00000| PB 0x0000000092a00000| Untracked 
| 299|0x0000000092b00000, 0x0000000092c00000, 0x0000000092c00000|100%| O|  |TAMS 0x0000000092b00000| PB 0x0000000092b00000| Untracked 
| 300|0x0000000092c00000, 0x0000000092d00000, 0x0000000092d00000|100%| O|  |TAMS 0x0000000092c00000| PB 0x0000000092c00000| Untracked 
| 301|0x0000000092d00000, 0x0000000092e00000, 0x0000000092e00000|100%| O|  |TAMS 0x0000000092d00000| PB 0x0000000092d00000| Untracked 
| 302|0x0000000092e00000, 0x0000000092f00000, 0x0000000092f00000|100%| O|Cm|TAMS 0x0000000092e00000| PB 0x0000000092e00000| Complete 
| 303|0x0000000092f00000, 0x0000000093000000, 0x0000000093000000|100%| O|Cm|TAMS 0x0000000092f00000| PB 0x0000000092f00000| Complete 
| 304|0x0000000093000000, 0x0000000093100000, 0x0000000093100000|100%| O|  |TAMS 0x0000000093000000| PB 0x0000000093000000| Untracked 
| 305|0x0000000093100000, 0x0000000093200000, 0x0000000093200000|100%| O|  |TAMS 0x0000000093100000| PB 0x0000000093100000| Untracked 
| 306|0x0000000093200000, 0x0000000093300000, 0x0000000093300000|100%| O|  |TAMS 0x0000000093200000| PB 0x0000000093200000| Untracked 
| 307|0x0000000093300000, 0x0000000093400000, 0x0000000093400000|100%| O|Cm|TAMS 0x0000000093300000| PB 0x0000000093300000| Complete 
| 308|0x0000000093400000, 0x0000000093500000, 0x0000000093500000|100%| O|  |TAMS 0x0000000093400000| PB 0x0000000093400000| Untracked 
| 309|0x0000000093500000, 0x0000000093600000, 0x0000000093600000|100%| O|Cm|TAMS 0x0000000093500000| PB 0x0000000093500000| Complete 
| 310|0x0000000093600000, 0x0000000093700000, 0x0000000093700000|100%| O|Cm|TAMS 0x0000000093600000| PB 0x0000000093600000| Complete 
| 311|0x0000000093700000, 0x0000000093800000, 0x0000000093800000|100%|HS|  |TAMS 0x0000000093700000| PB 0x0000000093700000| Complete 
| 312|0x0000000093800000, 0x0000000093900000, 0x0000000093900000|100%|HC|  |TAMS 0x0000000093800000| PB 0x0000000093800000| Complete 
| 313|0x0000000093900000, 0x0000000093a00000, 0x0000000093a00000|100%| O|  |TAMS 0x0000000093900000| PB 0x0000000093900000| Untracked 
| 314|0x0000000093a00000, 0x0000000093b00000, 0x0000000093b00000|100%| O|  |TAMS 0x0000000093a00000| PB 0x0000000093a00000| Untracked 
| 315|0x0000000093b00000, 0x0000000093c00000, 0x0000000093c00000|100%| O|  |TAMS 0x0000000093b00000| PB 0x0000000093b00000| Untracked 
| 316|0x0000000093c00000, 0x0000000093d00000, 0x0000000093d00000|100%| O|  |TAMS 0x0000000093c00000| PB 0x0000000093c00000| Untracked 
| 317|0x0000000093d00000, 0x0000000093e00000, 0x0000000093e00000|100%| O|  |TAMS 0x0000000093d00000| PB 0x0000000093d00000| Untracked 
| 318|0x0000000093e00000, 0x0000000093f00000, 0x0000000093f00000|100%| O|Cm|TAMS 0x0000000093e00000| PB 0x0000000093e00000| Complete 
| 319|0x0000000093f00000, 0x0000000094000000, 0x0000000094000000|100%| O|  |TAMS 0x0000000093f00000| PB 0x0000000093f00000| Untracked 
| 320|0x0000000094000000, 0x0000000094100000, 0x0000000094100000|100%| O|  |TAMS 0x0000000094000000| PB 0x0000000094000000| Untracked 
| 321|0x0000000094100000, 0x0000000094200000, 0x0000000094200000|100%| O|  |TAMS 0x0000000094100000| PB 0x0000000094100000| Untracked 
| 322|0x0000000094200000, 0x0000000094300000, 0x0000000094300000|100%| O|  |TAMS 0x0000000094200000| PB 0x0000000094200000| Untracked 
| 323|0x0000000094300000, 0x0000000094400000, 0x0000000094400000|100%| O|  |TAMS 0x0000000094300000| PB 0x0000000094300000| Untracked 
| 324|0x0000000094400000, 0x0000000094500000, 0x0000000094500000|100%| O|  |TAMS 0x0000000094400000| PB 0x0000000094400000| Untracked 
| 325|0x0000000094500000, 0x0000000094600000, 0x0000000094600000|100%| O|  |TAMS 0x0000000094500000| PB 0x0000000094500000| Untracked 
| 326|0x0000000094600000, 0x0000000094700000, 0x0000000094700000|100%| O|  |TAMS 0x0000000094600000| PB 0x0000000094600000| Untracked 
| 327|0x0000000094700000, 0x0000000094800000, 0x0000000094800000|100%| O|  |TAMS 0x0000000094700000| PB 0x0000000094700000| Untracked 
| 328|0x0000000094800000, 0x0000000094900000, 0x0000000094900000|100%| O|  |TAMS 0x0000000094800000| PB 0x0000000094800000| Untracked 
| 329|0x0000000094900000, 0x0000000094a00000, 0x0000000094a00000|100%| O|Cm|TAMS 0x0000000094900000| PB 0x0000000094900000| Complete 
| 330|0x0000000094a00000, 0x0000000094b00000, 0x0000000094b00000|100%| O|  |TAMS 0x0000000094a00000| PB 0x0000000094a00000| Untracked 
| 331|0x0000000094b00000, 0x0000000094c00000, 0x0000000094c00000|100%| O|  |TAMS 0x0000000094b00000| PB 0x0000000094b00000| Untracked 
| 332|0x0000000094c00000, 0x0000000094c00000, 0x0000000094d00000|  0%| F|  |TAMS 0x0000000094c00000| PB 0x0000000094c00000| Untracked 
| 333|0x0000000094d00000, 0x0000000094e00000, 0x0000000094e00000|100%| O|Cm|TAMS 0x0000000094d00000| PB 0x0000000094d00000| Complete 
| 334|0x0000000094e00000, 0x0000000094f00000, 0x0000000094f00000|100%| O|  |TAMS 0x0000000094e00000| PB 0x0000000094e00000| Untracked 
| 335|0x0000000094f00000, 0x0000000094f00000, 0x0000000095000000|  0%| F|  |TAMS 0x0000000094f00000| PB 0x0000000094f00000| Untracked 
| 336|0x0000000095000000, 0x0000000095100000, 0x0000000095100000|100%| O|  |TAMS 0x0000000095000000| PB 0x0000000095000000| Untracked 
| 337|0x0000000095100000, 0x0000000095200000, 0x0000000095200000|100%| O|  |TAMS 0x0000000095100000| PB 0x0000000095100000| Untracked 
| 338|0x0000000095200000, 0x0000000095300000, 0x0000000095300000|100%| O|  |TAMS 0x0000000095200000| PB 0x0000000095200000| Untracked 
| 339|0x0000000095300000, 0x0000000095400000, 0x0000000095400000|100%| O|  |TAMS 0x0000000095300000| PB 0x0000000095300000| Untracked 
| 340|0x0000000095400000, 0x0000000095500000, 0x0000000095500000|100%| O|Cm|TAMS 0x0000000095400000| PB 0x0000000095400000| Complete 
| 341|0x0000000095500000, 0x0000000095600000, 0x0000000095600000|100%| O|  |TAMS 0x0000000095500000| PB 0x0000000095500000| Untracked 
| 342|0x0000000095600000, 0x0000000095700000, 0x0000000095700000|100%| O|  |TAMS 0x0000000095600000| PB 0x0000000095600000| Untracked 
| 343|0x0000000095700000, 0x0000000095800000, 0x0000000095800000|100%| O|  |TAMS 0x0000000095700000| PB 0x0000000095700000| Untracked 
| 344|0x0000000095800000, 0x0000000095900000, 0x0000000095900000|100%| O|  |TAMS 0x0000000095800000| PB 0x0000000095800000| Untracked 
| 345|0x0000000095900000, 0x0000000095a00000, 0x0000000095a00000|100%| O|  |TAMS 0x0000000095900000| PB 0x0000000095900000| Untracked 
| 346|0x0000000095a00000, 0x0000000095b00000, 0x0000000095b00000|100%| O|  |TAMS 0x0000000095a00000| PB 0x0000000095a00000| Untracked 
| 347|0x0000000095b00000, 0x0000000095c00000, 0x0000000095c00000|100%| O|  |TAMS 0x0000000095b00000| PB 0x0000000095b00000| Untracked 
| 348|0x0000000095c00000, 0x0000000095d00000, 0x0000000095d00000|100%| O|  |TAMS 0x0000000095c00000| PB 0x0000000095c00000| Untracked 
| 349|0x0000000095d00000, 0x0000000095e00000, 0x0000000095e00000|100%| O|  |TAMS 0x0000000095d00000| PB 0x0000000095d00000| Untracked 
| 350|0x0000000095e00000, 0x0000000095f00000, 0x0000000095f00000|100%| O|  |TAMS 0x0000000095e00000| PB 0x0000000095e00000| Untracked 
| 351|0x0000000095f00000, 0x0000000096000000, 0x0000000096000000|100%| O|  |TAMS 0x0000000095f00000| PB 0x0000000095f00000| Untracked 
| 352|0x0000000096000000, 0x0000000096100000, 0x0000000096100000|100%| O|  |TAMS 0x0000000096000000| PB 0x0000000096000000| Untracked 
| 353|0x0000000096100000, 0x0000000096200000, 0x0000000096200000|100%| O|  |TAMS 0x0000000096100000| PB 0x0000000096100000| Untracked 
| 354|0x0000000096200000, 0x0000000096300000, 0x0000000096300000|100%| O|  |TAMS 0x0000000096200000| PB 0x0000000096200000| Untracked 
| 355|0x0000000096300000, 0x0000000096400000, 0x0000000096400000|100%| O|  |TAMS 0x0000000096300000| PB 0x0000000096300000| Untracked 
| 356|0x0000000096400000, 0x0000000096500000, 0x0000000096500000|100%| O|  |TAMS 0x0000000096400000| PB 0x0000000096400000| Untracked 
| 357|0x0000000096500000, 0x0000000096600000, 0x0000000096600000|100%| O|  |TAMS 0x0000000096500000| PB 0x0000000096500000| Untracked 
| 358|0x0000000096600000, 0x0000000096700000, 0x0000000096700000|100%| O|  |TAMS 0x0000000096600000| PB 0x0000000096600000| Untracked 
| 359|0x0000000096700000, 0x0000000096800000, 0x0000000096800000|100%| O|  |TAMS 0x0000000096700000| PB 0x0000000096700000| Untracked 
| 360|0x0000000096800000, 0x0000000096900000, 0x0000000096900000|100%| O|  |TAMS 0x0000000096800000| PB 0x0000000096800000| Untracked 
| 361|0x0000000096900000, 0x0000000096a00000, 0x0000000096a00000|100%| O|Cm|TAMS 0x0000000096900000| PB 0x0000000096900000| Complete 
| 362|0x0000000096a00000, 0x0000000096b00000, 0x0000000096b00000|100%| O|  |TAMS 0x0000000096a00000| PB 0x0000000096a00000| Untracked 
| 363|0x0000000096b00000, 0x0000000096c00000, 0x0000000096c00000|100%| O|  |TAMS 0x0000000096b00000| PB 0x0000000096b00000| Untracked 
| 364|0x0000000096c00000, 0x0000000096d00000, 0x0000000096d00000|100%| O|  |TAMS 0x0000000096c00000| PB 0x0000000096c00000| Untracked 
| 365|0x0000000096d00000, 0x0000000096e00000, 0x0000000096e00000|100%| O|  |TAMS 0x0000000096d00000| PB 0x0000000096d00000| Untracked 
| 366|0x0000000096e00000, 0x0000000096f00000, 0x0000000096f00000|100%| O|  |TAMS 0x0000000096e00000| PB 0x0000000096e00000| Untracked 
| 367|0x0000000096f00000, 0x0000000097000000, 0x0000000097000000|100%| O|  |TAMS 0x0000000096f00000| PB 0x0000000096f00000| Untracked 
| 368|0x0000000097000000, 0x0000000097100000, 0x0000000097100000|100%|HS|  |TAMS 0x0000000097000000| PB 0x0000000097000000| Complete 
| 369|0x0000000097100000, 0x0000000097200000, 0x0000000097200000|100%|HC|  |TAMS 0x0000000097100000| PB 0x0000000097100000| Complete 
| 370|0x0000000097200000, 0x0000000097300000, 0x0000000097300000|100%| O|  |TAMS 0x0000000097200000| PB 0x0000000097200000| Untracked 
| 371|0x0000000097300000, 0x0000000097400000, 0x0000000097400000|100%| O|  |TAMS 0x0000000097300000| PB 0x0000000097300000| Untracked 
| 372|0x0000000097400000, 0x0000000097500000, 0x0000000097500000|100%| O|  |TAMS 0x0000000097400000| PB 0x0000000097400000| Untracked 
| 373|0x0000000097500000, 0x0000000097600000, 0x0000000097600000|100%| O|  |TAMS 0x0000000097500000| PB 0x0000000097500000| Untracked 
| 374|0x0000000097600000, 0x0000000097700000, 0x0000000097700000|100%| O|  |TAMS 0x0000000097600000| PB 0x0000000097600000| Untracked 
| 375|0x0000000097700000, 0x0000000097800000, 0x0000000097800000|100%| O|  |TAMS 0x0000000097700000| PB 0x0000000097700000| Untracked 
| 376|0x0000000097800000, 0x0000000097800000, 0x0000000097900000|  0%| F|  |TAMS 0x0000000097800000| PB 0x0000000097800000| Untracked 
| 377|0x0000000097900000, 0x0000000097a00000, 0x0000000097a00000|100%| O|  |TAMS 0x0000000097900000| PB 0x0000000097900000| Untracked 
| 378|0x0000000097a00000, 0x0000000097b00000, 0x0000000097b00000|100%| O|  |TAMS 0x0000000097a00000| PB 0x0000000097a00000| Untracked 
| 379|0x0000000097b00000, 0x0000000097c00000, 0x0000000097c00000|100%| O|Cm|TAMS 0x0000000097b00000| PB 0x0000000097b00000| Complete 
| 380|0x0000000097c00000, 0x0000000097d00000, 0x0000000097d00000|100%| O|  |TAMS 0x0000000097c00000| PB 0x0000000097c00000| Untracked 
| 381|0x0000000097d00000, 0x0000000097e00000, 0x0000000097e00000|100%| O|  |TAMS 0x0000000097d00000| PB 0x0000000097d00000| Untracked 
| 382|0x0000000097e00000, 0x0000000097f00000, 0x0000000097f00000|100%| O|  |TAMS 0x0000000097e00000| PB 0x0000000097e00000| Untracked 
| 383|0x0000000097f00000, 0x0000000098000000, 0x0000000098000000|100%| O|  |TAMS 0x0000000097f00000| PB 0x0000000097f00000| Untracked 
| 384|0x0000000098000000, 0x0000000098100000, 0x0000000098100000|100%| O|  |TAMS 0x0000000098000000| PB 0x0000000098000000| Untracked 
| 385|0x0000000098100000, 0x0000000098200000, 0x0000000098200000|100%| O|  |TAMS 0x0000000098100000| PB 0x0000000098100000| Untracked 
| 386|0x0000000098200000, 0x0000000098300000, 0x0000000098300000|100%| O|  |TAMS 0x0000000098200000| PB 0x0000000098200000| Untracked 
| 387|0x0000000098300000, 0x0000000098400000, 0x0000000098400000|100%| O|  |TAMS 0x0000000098300000| PB 0x0000000098300000| Untracked 
| 388|0x0000000098400000, 0x0000000098400000, 0x0000000098500000|  0%| F|  |TAMS 0x0000000098400000| PB 0x0000000098400000| Untracked 
| 389|0x0000000098500000, 0x0000000098600000, 0x0000000098600000|100%| O|Cm|TAMS 0x0000000098500000| PB 0x0000000098500000| Complete 
| 390|0x0000000098600000, 0x0000000098700000, 0x0000000098700000|100%| O|  |TAMS 0x0000000098600000| PB 0x0000000098600000| Untracked 
| 391|0x0000000098700000, 0x0000000098800000, 0x0000000098800000|100%| O|  |TAMS 0x0000000098700000| PB 0x0000000098700000| Untracked 
| 392|0x0000000098800000, 0x0000000098900000, 0x0000000098900000|100%| O|  |TAMS 0x0000000098800000| PB 0x0000000098800000| Untracked 
| 393|0x0000000098900000, 0x0000000098a00000, 0x0000000098a00000|100%| O|  |TAMS 0x0000000098900000| PB 0x0000000098900000| Untracked 
| 394|0x0000000098a00000, 0x0000000098b00000, 0x0000000098b00000|100%| O|  |TAMS 0x0000000098a00000| PB 0x0000000098a00000| Untracked 
| 395|0x0000000098b00000, 0x0000000098c00000, 0x0000000098c00000|100%| O|  |TAMS 0x0000000098b00000| PB 0x0000000098b00000| Untracked 
| 396|0x0000000098c00000, 0x0000000098d00000, 0x0000000098d00000|100%| O|  |TAMS 0x0000000098c00000| PB 0x0000000098c00000| Untracked 
| 397|0x0000000098d00000, 0x0000000098e00000, 0x0000000098e00000|100%| O|  |TAMS 0x0000000098d00000| PB 0x0000000098d00000| Untracked 
| 398|0x0000000098e00000, 0x0000000098f00000, 0x0000000098f00000|100%| O|  |TAMS 0x0000000098e00000| PB 0x0000000098e00000| Untracked 
| 399|0x0000000098f00000, 0x0000000099000000, 0x0000000099000000|100%| O|  |TAMS 0x0000000098f00000| PB 0x0000000098f00000| Untracked 
| 400|0x0000000099000000, 0x0000000099100000, 0x0000000099100000|100%| O|  |TAMS 0x0000000099000000| PB 0x0000000099000000| Untracked 
| 401|0x0000000099100000, 0x0000000099200000, 0x0000000099200000|100%| O|  |TAMS 0x0000000099100000| PB 0x0000000099100000| Untracked 
| 402|0x0000000099200000, 0x0000000099300000, 0x0000000099300000|100%| O|  |TAMS 0x0000000099200000| PB 0x0000000099200000| Untracked 
| 403|0x0000000099300000, 0x0000000099400000, 0x0000000099400000|100%| O|  |TAMS 0x0000000099300000| PB 0x0000000099300000| Untracked 
| 404|0x0000000099400000, 0x0000000099500000, 0x0000000099500000|100%| O|  |TAMS 0x0000000099400000| PB 0x0000000099400000| Untracked 
| 405|0x0000000099500000, 0x0000000099600000, 0x0000000099600000|100%| O|  |TAMS 0x0000000099500000| PB 0x0000000099500000| Untracked 
| 406|0x0000000099600000, 0x0000000099700000, 0x0000000099700000|100%| O|  |TAMS 0x0000000099600000| PB 0x0000000099600000| Untracked 
| 407|0x0000000099700000, 0x0000000099800000, 0x0000000099800000|100%| O|  |TAMS 0x0000000099700000| PB 0x0000000099700000| Untracked 
| 408|0x0000000099800000, 0x0000000099900000, 0x0000000099900000|100%| O|  |TAMS 0x0000000099800000| PB 0x0000000099800000| Untracked 
| 409|0x0000000099900000, 0x0000000099a00000, 0x0000000099a00000|100%| O|  |TAMS 0x0000000099900000| PB 0x0000000099900000| Untracked 
| 410|0x0000000099a00000, 0x0000000099b00000, 0x0000000099b00000|100%| O|  |TAMS 0x0000000099a00000| PB 0x0000000099a00000| Untracked 
| 411|0x0000000099b00000, 0x0000000099c00000, 0x0000000099c00000|100%| O|  |TAMS 0x0000000099b00000| PB 0x0000000099b00000| Untracked 
| 412|0x0000000099c00000, 0x0000000099d00000, 0x0000000099d00000|100%| O|  |TAMS 0x0000000099c00000| PB 0x0000000099c00000| Untracked 
| 413|0x0000000099d00000, 0x0000000099e00000, 0x0000000099e00000|100%| O|  |TAMS 0x0000000099d00000| PB 0x0000000099d00000| Untracked 
| 414|0x0000000099e00000, 0x0000000099f00000, 0x0000000099f00000|100%| O|  |TAMS 0x0000000099e00000| PB 0x0000000099e00000| Untracked 
| 415|0x0000000099f00000, 0x000000009a000000, 0x000000009a000000|100%| O|  |TAMS 0x0000000099f00000| PB 0x0000000099f00000| Untracked 
| 416|0x000000009a000000, 0x000000009a100000, 0x000000009a100000|100%| O|  |TAMS 0x000000009a000000| PB 0x000000009a000000| Untracked 
| 417|0x000000009a100000, 0x000000009a100000, 0x000000009a200000|  0%| F|  |TAMS 0x000000009a100000| PB 0x000000009a100000| Untracked 
| 418|0x000000009a200000, 0x000000009a300000, 0x000000009a300000|100%| O|  |TAMS 0x000000009a200000| PB 0x000000009a200000| Untracked 
| 419|0x000000009a300000, 0x000000009a400000, 0x000000009a400000|100%| O|  |TAMS 0x000000009a300000| PB 0x000000009a300000| Untracked 
| 420|0x000000009a400000, 0x000000009a500000, 0x000000009a500000|100%| O|  |TAMS 0x000000009a400000| PB 0x000000009a400000| Untracked 
| 421|0x000000009a500000, 0x000000009a600000, 0x000000009a600000|100%| O|  |TAMS 0x000000009a500000| PB 0x000000009a500000| Untracked 
| 422|0x000000009a600000, 0x000000009a700000, 0x000000009a700000|100%| O|  |TAMS 0x000000009a600000| PB 0x000000009a600000| Untracked 
| 423|0x000000009a700000, 0x000000009a800000, 0x000000009a800000|100%| O|  |TAMS 0x000000009a700000| PB 0x000000009a700000| Untracked 
| 424|0x000000009a800000, 0x000000009a900000, 0x000000009a900000|100%| O|Cm|TAMS 0x000000009a800000| PB 0x000000009a800000| Complete 
| 425|0x000000009a900000, 0x000000009aa00000, 0x000000009aa00000|100%| O|  |TAMS 0x000000009a900000| PB 0x000000009a900000| Untracked 
| 426|0x000000009aa00000, 0x000000009ab00000, 0x000000009ab00000|100%| O|  |TAMS 0x000000009aa00000| PB 0x000000009aa00000| Untracked 
| 427|0x000000009ab00000, 0x000000009ac00000, 0x000000009ac00000|100%| O|  |TAMS 0x000000009ab00000| PB 0x000000009ab00000| Untracked 
| 428|0x000000009ac00000, 0x000000009ad00000, 0x000000009ad00000|100%| O|  |TAMS 0x000000009ac00000| PB 0x000000009ac00000| Untracked 
| 429|0x000000009ad00000, 0x000000009ae00000, 0x000000009ae00000|100%| O|  |TAMS 0x000000009ad00000| PB 0x000000009ad00000| Untracked 
| 430|0x000000009ae00000, 0x000000009af00000, 0x000000009af00000|100%| O|  |TAMS 0x000000009ae00000| PB 0x000000009ae00000| Untracked 
| 431|0x000000009af00000, 0x000000009b000000, 0x000000009b000000|100%| O|  |TAMS 0x000000009af00000| PB 0x000000009af00000| Untracked 
| 432|0x000000009b000000, 0x000000009b100000, 0x000000009b100000|100%| O|  |TAMS 0x000000009b000000| PB 0x000000009b000000| Untracked 
| 433|0x000000009b100000, 0x000000009b200000, 0x000000009b200000|100%| O|  |TAMS 0x000000009b100000| PB 0x000000009b100000| Untracked 
| 434|0x000000009b200000, 0x000000009b300000, 0x000000009b300000|100%| O|  |TAMS 0x000000009b200000| PB 0x000000009b200000| Untracked 
| 435|0x000000009b300000, 0x000000009b400000, 0x000000009b400000|100%| O|  |TAMS 0x000000009b300000| PB 0x000000009b300000| Untracked 
| 436|0x000000009b400000, 0x000000009b500000, 0x000000009b500000|100%| O|  |TAMS 0x000000009b400000| PB 0x000000009b400000| Untracked 
| 437|0x000000009b500000, 0x000000009b600000, 0x000000009b600000|100%| O|  |TAMS 0x000000009b500000| PB 0x000000009b500000| Untracked 
| 438|0x000000009b600000, 0x000000009b700000, 0x000000009b700000|100%| O|  |TAMS 0x000000009b600000| PB 0x000000009b600000| Untracked 
| 439|0x000000009b700000, 0x000000009b800000, 0x000000009b800000|100%| O|  |TAMS 0x000000009b700000| PB 0x000000009b700000| Untracked 
| 440|0x000000009b800000, 0x000000009b900000, 0x000000009b900000|100%| O|  |TAMS 0x000000009b800000| PB 0x000000009b800000| Untracked 
| 441|0x000000009b900000, 0x000000009ba00000, 0x000000009ba00000|100%| O|  |TAMS 0x000000009b900000| PB 0x000000009b900000| Untracked 
| 442|0x000000009ba00000, 0x000000009bb00000, 0x000000009bb00000|100%| O|  |TAMS 0x000000009ba00000| PB 0x000000009ba00000| Untracked 
| 443|0x000000009bb00000, 0x000000009bc00000, 0x000000009bc00000|100%| O|  |TAMS 0x000000009bb00000| PB 0x000000009bb00000| Untracked 
| 444|0x000000009bc00000, 0x000000009bd00000, 0x000000009bd00000|100%| O|  |TAMS 0x000000009bc00000| PB 0x000000009bc00000| Untracked 
| 445|0x000000009bd00000, 0x000000009be00000, 0x000000009be00000|100%| O|  |TAMS 0x000000009bd00000| PB 0x000000009bd00000| Untracked 
| 446|0x000000009be00000, 0x000000009bf00000, 0x000000009bf00000|100%| O|  |TAMS 0x000000009be00000| PB 0x000000009be00000| Untracked 
| 447|0x000000009bf00000, 0x000000009c000000, 0x000000009c000000|100%| O|  |TAMS 0x000000009bf00000| PB 0x000000009bf00000| Untracked 
| 448|0x000000009c000000, 0x000000009c080000, 0x000000009c100000| 50%| O|  |TAMS 0x000000009c000000| PB 0x000000009c000000| Untracked 
| 449|0x000000009c100000, 0x000000009c100000, 0x000000009c200000|  0%| F|  |TAMS 0x000000009c100000| PB 0x000000009c100000| Untracked 
| 450|0x000000009c200000, 0x000000009c300000, 0x000000009c300000|100%| O|  |TAMS 0x000000009c200000| PB 0x000000009c200000| Untracked 
| 451|0x000000009c300000, 0x000000009c400000, 0x000000009c400000|100%| O|  |TAMS 0x000000009c300000| PB 0x000000009c300000| Untracked 
| 452|0x000000009c400000, 0x000000009c500000, 0x000000009c500000|100%| O|  |TAMS 0x000000009c400000| PB 0x000000009c400000| Untracked 
| 453|0x000000009c500000, 0x000000009c500000, 0x000000009c600000|  0%| F|  |TAMS 0x000000009c500000| PB 0x000000009c500000| Untracked 
| 454|0x000000009c600000, 0x000000009c600000, 0x000000009c700000|  0%| F|  |TAMS 0x000000009c600000| PB 0x000000009c600000| Untracked 
| 455|0x000000009c700000, 0x000000009c800000, 0x000000009c800000|100%| O|  |TAMS 0x000000009c700000| PB 0x000000009c700000| Untracked 
| 456|0x000000009c800000, 0x000000009c800000, 0x000000009c900000|  0%| F|  |TAMS 0x000000009c800000| PB 0x000000009c800000| Untracked 
| 457|0x000000009c900000, 0x000000009ca00000, 0x000000009ca00000|100%| O|Cm|TAMS 0x000000009c900000| PB 0x000000009c900000| Complete 
| 458|0x000000009ca00000, 0x000000009cb00000, 0x000000009cb00000|100%| O|Cm|TAMS 0x000000009ca00000| PB 0x000000009ca00000| Complete 
| 459|0x000000009cb00000, 0x000000009cb00000, 0x000000009cc00000|  0%| F|  |TAMS 0x000000009cb00000| PB 0x000000009cb00000| Untracked 
| 460|0x000000009cc00000, 0x000000009cd00000, 0x000000009cd00000|100%| O|Cm|TAMS 0x000000009cc00000| PB 0x000000009cc00000| Complete 
| 461|0x000000009cd00000, 0x000000009cd00000, 0x000000009ce00000|  0%| F|  |TAMS 0x000000009cd00000| PB 0x000000009cd00000| Untracked 
| 462|0x000000009ce00000, 0x000000009cf00000, 0x000000009cf00000|100%| O|  |TAMS 0x000000009ce00000| PB 0x000000009ce00000| Untracked 
| 463|0x000000009cf00000, 0x000000009d000000, 0x000000009d000000|100%| O|Cm|TAMS 0x000000009cf00000| PB 0x000000009cf00000| Complete 
| 464|0x000000009d000000, 0x000000009d100000, 0x000000009d100000|100%| O|Cm|TAMS 0x000000009d000000| PB 0x000000009d000000| Complete 
| 465|0x000000009d100000, 0x000000009d200000, 0x000000009d200000|100%| O|Cm|TAMS 0x000000009d100000| PB 0x000000009d100000| Complete 
| 466|0x000000009d200000, 0x000000009d200000, 0x000000009d300000|  0%| F|  |TAMS 0x000000009d200000| PB 0x000000009d200000| Untracked 
| 467|0x000000009d300000, 0x000000009d400000, 0x000000009d400000|100%| O|Cm|TAMS 0x000000009d300000| PB 0x000000009d300000| Complete 
| 468|0x000000009d400000, 0x000000009d500000, 0x000000009d500000|100%| O|Cm|TAMS 0x000000009d400000| PB 0x000000009d400000| Complete 
| 469|0x000000009d500000, 0x000000009d600000, 0x000000009d600000|100%| O|Cm|TAMS 0x000000009d500000| PB 0x000000009d500000| Complete 
| 470|0x000000009d600000, 0x000000009d700000, 0x000000009d700000|100%| O|Cm|TAMS 0x000000009d600000| PB 0x000000009d600000| Complete 
| 471|0x000000009d700000, 0x000000009d800000, 0x000000009d800000|100%| O|Cm|TAMS 0x000000009d700000| PB 0x000000009d700000| Complete 
| 472|0x000000009d800000, 0x000000009d800000, 0x000000009d900000|  0%| F|  |TAMS 0x000000009d800000| PB 0x000000009d800000| Untracked 
| 473|0x000000009d900000, 0x000000009d900000, 0x000000009da00000|  0%| F|  |TAMS 0x000000009d900000| PB 0x000000009d900000| Untracked 
| 474|0x000000009da00000, 0x000000009da00000, 0x000000009db00000|  0%| F|  |TAMS 0x000000009da00000| PB 0x000000009da00000| Untracked 
| 475|0x000000009db00000, 0x000000009db00000, 0x000000009dc00000|  0%| F|  |TAMS 0x000000009db00000| PB 0x000000009db00000| Untracked 
| 476|0x000000009dc00000, 0x000000009dc00000, 0x000000009dd00000|  0%| F|  |TAMS 0x000000009dc00000| PB 0x000000009dc00000| Untracked 
| 477|0x000000009dd00000, 0x000000009dd00000, 0x000000009de00000|  0%| F|  |TAMS 0x000000009dd00000| PB 0x000000009dd00000| Untracked 
| 478|0x000000009de00000, 0x000000009de00000, 0x000000009df00000|  0%| F|  |TAMS 0x000000009de00000| PB 0x000000009de00000| Untracked 
| 479|0x000000009df00000, 0x000000009df00000, 0x000000009e000000|  0%| F|  |TAMS 0x000000009df00000| PB 0x000000009df00000| Untracked 
| 480|0x000000009e000000, 0x000000009e000000, 0x000000009e100000|  0%| F|  |TAMS 0x000000009e000000| PB 0x000000009e000000| Untracked 
| 481|0x000000009e100000, 0x000000009e100000, 0x000000009e200000|  0%| F|  |TAMS 0x000000009e100000| PB 0x000000009e100000| Untracked 
| 482|0x000000009e200000, 0x000000009e200000, 0x000000009e300000|  0%| F|  |TAMS 0x000000009e200000| PB 0x000000009e200000| Untracked 
| 483|0x000000009e300000, 0x000000009e300000, 0x000000009e400000|  0%| F|  |TAMS 0x000000009e300000| PB 0x000000009e300000| Untracked 
| 484|0x000000009e400000, 0x000000009e400000, 0x000000009e500000|  0%| F|  |TAMS 0x000000009e400000| PB 0x000000009e400000| Untracked 
| 485|0x000000009e500000, 0x000000009e500000, 0x000000009e600000|  0%| F|  |TAMS 0x000000009e500000| PB 0x000000009e500000| Untracked 
| 486|0x000000009e600000, 0x000000009e600000, 0x000000009e700000|  0%| F|  |TAMS 0x000000009e600000| PB 0x000000009e600000| Untracked 
| 487|0x000000009e700000, 0x000000009e700000, 0x000000009e800000|  0%| F|  |TAMS 0x000000009e700000| PB 0x000000009e700000| Untracked 
| 488|0x000000009e800000, 0x000000009e800000, 0x000000009e900000|  0%| F|  |TAMS 0x000000009e800000| PB 0x000000009e800000| Untracked 
| 489|0x000000009e900000, 0x000000009e900000, 0x000000009ea00000|  0%| F|  |TAMS 0x000000009e900000| PB 0x000000009e900000| Untracked 
| 490|0x000000009ea00000, 0x000000009eb00000, 0x000000009eb00000|100%| O|  |TAMS 0x000000009ea00000| PB 0x000000009ea00000| Untracked 
| 491|0x000000009eb00000, 0x000000009eb00000, 0x000000009ec00000|  0%| F|  |TAMS 0x000000009eb00000| PB 0x000000009eb00000| Untracked 
| 492|0x000000009ec00000, 0x000000009ec00000, 0x000000009ed00000|  0%| F|  |TAMS 0x000000009ec00000| PB 0x000000009ec00000| Untracked 
| 493|0x000000009ed00000, 0x000000009ee00000, 0x000000009ee00000|100%| O|Cm|TAMS 0x000000009ed00000| PB 0x000000009ed00000| Complete 
| 494|0x000000009ee00000, 0x000000009ee00000, 0x000000009ef00000|  0%| F|  |TAMS 0x000000009ee00000| PB 0x000000009ee00000| Untracked 
| 495|0x000000009ef00000, 0x000000009f000000, 0x000000009f000000|100%| O|Cm|TAMS 0x000000009ef00000| PB 0x000000009ef00000| Complete 
| 496|0x000000009f000000, 0x000000009f000000, 0x000000009f100000|  0%| F|  |TAMS 0x000000009f000000| PB 0x000000009f000000| Untracked 
| 497|0x000000009f100000, 0x000000009f100000, 0x000000009f200000|  0%| F|  |TAMS 0x000000009f100000| PB 0x000000009f100000| Untracked 
| 498|0x000000009f200000, 0x000000009f300000, 0x000000009f300000|100%| O|Cm|TAMS 0x000000009f200000| PB 0x000000009f200000| Complete 
| 499|0x000000009f300000, 0x000000009f400000, 0x000000009f400000|100%| O|  |TAMS 0x000000009f300000| PB 0x000000009f300000| Untracked 
| 500|0x000000009f400000, 0x000000009f500000, 0x000000009f500000|100%| O|  |TAMS 0x000000009f400000| PB 0x000000009f400000| Untracked 
| 501|0x000000009f500000, 0x000000009f500000, 0x000000009f600000|  0%| F|  |TAMS 0x000000009f500000| PB 0x000000009f500000| Untracked 
| 502|0x000000009f600000, 0x000000009f700000, 0x000000009f700000|100%| O|Cm|TAMS 0x000000009f600000| PB 0x000000009f600000| Complete 
| 503|0x000000009f700000, 0x000000009f800000, 0x000000009f800000|100%| O|  |TAMS 0x000000009f700000| PB 0x000000009f700000| Untracked 
| 504|0x000000009f800000, 0x000000009f800000, 0x000000009f900000|  0%| F|  |TAMS 0x000000009f800000| PB 0x000000009f800000| Untracked 
| 505|0x000000009f900000, 0x000000009f900000, 0x000000009fa00000|  0%| F|  |TAMS 0x000000009f900000| PB 0x000000009f900000| Untracked 
| 506|0x000000009fa00000, 0x000000009fb00000, 0x000000009fb00000|100%| O|Cm|TAMS 0x000000009fa00000| PB 0x000000009fa00000| Complete 
| 507|0x000000009fb00000, 0x000000009fb00000, 0x000000009fc00000|  0%| F|  |TAMS 0x000000009fb00000| PB 0x000000009fb00000| Untracked 
| 508|0x000000009fc00000, 0x000000009fc00000, 0x000000009fd00000|  0%| F|  |TAMS 0x000000009fc00000| PB 0x000000009fc00000| Untracked 
| 509|0x000000009fd00000, 0x000000009fd00000, 0x000000009fe00000|  0%| F|  |TAMS 0x000000009fd00000| PB 0x000000009fd00000| Untracked 
| 510|0x000000009fe00000, 0x000000009fe00000, 0x000000009ff00000|  0%| F|  |TAMS 0x000000009fe00000| PB 0x000000009fe00000| Untracked 
| 511|0x000000009ff00000, 0x000000009ff00000, 0x00000000a0000000|  0%| F|  |TAMS 0x000000009ff00000| PB 0x000000009ff00000| Untracked 
| 512|0x00000000a0000000, 0x00000000a0000000, 0x00000000a0100000|  0%| F|  |TAMS 0x00000000a0000000| PB 0x00000000a0000000| Untracked 
| 513|0x00000000a0100000, 0x00000000a0100000, 0x00000000a0200000|  0%| F|  |TAMS 0x00000000a0100000| PB 0x00000000a0100000| Untracked 
| 514|0x00000000a0200000, 0x00000000a0200000, 0x00000000a0300000|  0%| F|  |TAMS 0x00000000a0200000| PB 0x00000000a0200000| Untracked 
| 515|0x00000000a0300000, 0x00000000a0300000, 0x00000000a0400000|  0%| F|  |TAMS 0x00000000a0300000| PB 0x00000000a0300000| Untracked 
| 516|0x00000000a0400000, 0x00000000a0400000, 0x00000000a0500000|  0%| F|  |TAMS 0x00000000a0400000| PB 0x00000000a0400000| Untracked 
| 517|0x00000000a0500000, 0x00000000a0500000, 0x00000000a0600000|  0%| F|  |TAMS 0x00000000a0500000| PB 0x00000000a0500000| Untracked 
| 518|0x00000000a0600000, 0x00000000a0600000, 0x00000000a0700000|  0%| F|  |TAMS 0x00000000a0600000| PB 0x00000000a0600000| Untracked 
| 519|0x00000000a0700000, 0x00000000a0700000, 0x00000000a0800000|  0%| F|  |TAMS 0x00000000a0700000| PB 0x00000000a0700000| Untracked 
| 520|0x00000000a0800000, 0x00000000a0800000, 0x00000000a0900000|  0%| F|  |TAMS 0x00000000a0800000| PB 0x00000000a0800000| Untracked 
| 521|0x00000000a0900000, 0x00000000a0900000, 0x00000000a0a00000|  0%| F|  |TAMS 0x00000000a0900000| PB 0x00000000a0900000| Untracked 
| 522|0x00000000a0a00000, 0x00000000a0a00000, 0x00000000a0b00000|  0%| F|  |TAMS 0x00000000a0a00000| PB 0x00000000a0a00000| Untracked 
| 523|0x00000000a0b00000, 0x00000000a0b00000, 0x00000000a0c00000|  0%| F|  |TAMS 0x00000000a0b00000| PB 0x00000000a0b00000| Untracked 
| 524|0x00000000a0c00000, 0x00000000a0c00000, 0x00000000a0d00000|  0%| F|  |TAMS 0x00000000a0c00000| PB 0x00000000a0c00000| Untracked 
| 525|0x00000000a0d00000, 0x00000000a0d00000, 0x00000000a0e00000|  0%| F|  |TAMS 0x00000000a0d00000| PB 0x00000000a0d00000| Untracked 
| 526|0x00000000a0e00000, 0x00000000a0e00000, 0x00000000a0f00000|  0%| F|  |TAMS 0x00000000a0e00000| PB 0x00000000a0e00000| Untracked 
| 527|0x00000000a0f00000, 0x00000000a0f00000, 0x00000000a1000000|  0%| F|  |TAMS 0x00000000a0f00000| PB 0x00000000a0f00000| Untracked 
| 528|0x00000000a1000000, 0x00000000a1000000, 0x00000000a1100000|  0%| F|  |TAMS 0x00000000a1000000| PB 0x00000000a1000000| Untracked 
| 529|0x00000000a1100000, 0x00000000a1100000, 0x00000000a1200000|  0%| F|  |TAMS 0x00000000a1100000| PB 0x00000000a1100000| Untracked 
| 530|0x00000000a1200000, 0x00000000a1200000, 0x00000000a1300000|  0%| F|  |TAMS 0x00000000a1200000| PB 0x00000000a1200000| Untracked 
| 531|0x00000000a1300000, 0x00000000a1300000, 0x00000000a1400000|  0%| F|  |TAMS 0x00000000a1300000| PB 0x00000000a1300000| Untracked 
| 532|0x00000000a1400000, 0x00000000a1400000, 0x00000000a1500000|  0%| F|  |TAMS 0x00000000a1400000| PB 0x00000000a1400000| Untracked 
| 533|0x00000000a1500000, 0x00000000a1500000, 0x00000000a1600000|  0%| F|  |TAMS 0x00000000a1500000| PB 0x00000000a1500000| Untracked 
| 534|0x00000000a1600000, 0x00000000a1600000, 0x00000000a1700000|  0%| F|  |TAMS 0x00000000a1600000| PB 0x00000000a1600000| Untracked 
| 535|0x00000000a1700000, 0x00000000a1700000, 0x00000000a1800000|  0%| F|  |TAMS 0x00000000a1700000| PB 0x00000000a1700000| Untracked 
| 536|0x00000000a1800000, 0x00000000a1800000, 0x00000000a1900000|  0%| F|  |TAMS 0x00000000a1800000| PB 0x00000000a1800000| Untracked 
| 537|0x00000000a1900000, 0x00000000a1900000, 0x00000000a1a00000|  0%| F|  |TAMS 0x00000000a1900000| PB 0x00000000a1900000| Untracked 
| 538|0x00000000a1a00000, 0x00000000a1a00000, 0x00000000a1b00000|  0%| F|  |TAMS 0x00000000a1a00000| PB 0x00000000a1a00000| Untracked 
| 539|0x00000000a1b00000, 0x00000000a1b00000, 0x00000000a1c00000|  0%| F|  |TAMS 0x00000000a1b00000| PB 0x00000000a1b00000| Untracked 
| 540|0x00000000a1c00000, 0x00000000a1c00000, 0x00000000a1d00000|  0%| F|  |TAMS 0x00000000a1c00000| PB 0x00000000a1c00000| Untracked 
| 541|0x00000000a1d00000, 0x00000000a1d00000, 0x00000000a1e00000|  0%| F|  |TAMS 0x00000000a1d00000| PB 0x00000000a1d00000| Untracked 
| 542|0x00000000a1e00000, 0x00000000a1e00000, 0x00000000a1f00000|  0%| F|  |TAMS 0x00000000a1e00000| PB 0x00000000a1e00000| Untracked 
| 543|0x00000000a1f00000, 0x00000000a1f00000, 0x00000000a2000000|  0%| F|  |TAMS 0x00000000a1f00000| PB 0x00000000a1f00000| Untracked 
| 544|0x00000000a2000000, 0x00000000a2000000, 0x00000000a2100000|  0%| F|  |TAMS 0x00000000a2000000| PB 0x00000000a2000000| Untracked 
| 545|0x00000000a2100000, 0x00000000a2100000, 0x00000000a2200000|  0%| F|  |TAMS 0x00000000a2100000| PB 0x00000000a2100000| Untracked 
| 546|0x00000000a2200000, 0x00000000a2200000, 0x00000000a2300000|  0%| F|  |TAMS 0x00000000a2200000| PB 0x00000000a2200000| Untracked 
| 547|0x00000000a2300000, 0x00000000a2300000, 0x00000000a2400000|  0%| F|  |TAMS 0x00000000a2300000| PB 0x00000000a2300000| Untracked 
| 548|0x00000000a2400000, 0x00000000a2400000, 0x00000000a2500000|  0%| F|  |TAMS 0x00000000a2400000| PB 0x00000000a2400000| Untracked 
| 549|0x00000000a2500000, 0x00000000a2500000, 0x00000000a2600000|  0%| F|  |TAMS 0x00000000a2500000| PB 0x00000000a2500000| Untracked 
| 550|0x00000000a2600000, 0x00000000a2600000, 0x00000000a2700000|  0%| F|  |TAMS 0x00000000a2600000| PB 0x00000000a2600000| Untracked 
| 551|0x00000000a2700000, 0x00000000a2700000, 0x00000000a2800000|  0%| F|  |TAMS 0x00000000a2700000| PB 0x00000000a2700000| Untracked 
| 552|0x00000000a2800000, 0x00000000a2800000, 0x00000000a2900000|  0%| F|  |TAMS 0x00000000a2800000| PB 0x00000000a2800000| Untracked 
| 553|0x00000000a2900000, 0x00000000a2900000, 0x00000000a2a00000|  0%| F|  |TAMS 0x00000000a2900000| PB 0x00000000a2900000| Untracked 
| 554|0x00000000a2a00000, 0x00000000a2a00000, 0x00000000a2b00000|  0%| F|  |TAMS 0x00000000a2a00000| PB 0x00000000a2a00000| Untracked 
| 555|0x00000000a2b00000, 0x00000000a2b00000, 0x00000000a2c00000|  0%| F|  |TAMS 0x00000000a2b00000| PB 0x00000000a2b00000| Untracked 
| 556|0x00000000a2c00000, 0x00000000a2c00000, 0x00000000a2d00000|  0%| F|  |TAMS 0x00000000a2c00000| PB 0x00000000a2c00000| Untracked 
| 557|0x00000000a2d00000, 0x00000000a2d00000, 0x00000000a2e00000|  0%| F|  |TAMS 0x00000000a2d00000| PB 0x00000000a2d00000| Untracked 
| 558|0x00000000a2e00000, 0x00000000a2e00000, 0x00000000a2f00000|  0%| F|  |TAMS 0x00000000a2e00000| PB 0x00000000a2e00000| Untracked 
| 559|0x00000000a2f00000, 0x00000000a2f00000, 0x00000000a3000000|  0%| F|  |TAMS 0x00000000a2f00000| PB 0x00000000a2f00000| Untracked 
| 560|0x00000000a3000000, 0x00000000a3000000, 0x00000000a3100000|  0%| F|  |TAMS 0x00000000a3000000| PB 0x00000000a3000000| Untracked 
| 561|0x00000000a3100000, 0x00000000a3100000, 0x00000000a3200000|  0%| F|  |TAMS 0x00000000a3100000| PB 0x00000000a3100000| Untracked 
| 562|0x00000000a3200000, 0x00000000a3200000, 0x00000000a3300000|  0%| F|  |TAMS 0x00000000a3200000| PB 0x00000000a3200000| Untracked 
| 563|0x00000000a3300000, 0x00000000a3300000, 0x00000000a3400000|  0%| F|  |TAMS 0x00000000a3300000| PB 0x00000000a3300000| Untracked 
| 564|0x00000000a3400000, 0x00000000a3400000, 0x00000000a3500000|  0%| F|  |TAMS 0x00000000a3400000| PB 0x00000000a3400000| Untracked 
| 565|0x00000000a3500000, 0x00000000a3500000, 0x00000000a3600000|  0%| F|  |TAMS 0x00000000a3500000| PB 0x00000000a3500000| Untracked 
| 566|0x00000000a3600000, 0x00000000a3600000, 0x00000000a3700000|  0%| F|  |TAMS 0x00000000a3600000| PB 0x00000000a3600000| Untracked 
| 567|0x00000000a3700000, 0x00000000a3700000, 0x00000000a3800000|  0%| F|  |TAMS 0x00000000a3700000| PB 0x00000000a3700000| Untracked 
| 568|0x00000000a3800000, 0x00000000a3800000, 0x00000000a3900000|  0%| F|  |TAMS 0x00000000a3800000| PB 0x00000000a3800000| Untracked 
| 569|0x00000000a3900000, 0x00000000a3900000, 0x00000000a3a00000|  0%| F|  |TAMS 0x00000000a3900000| PB 0x00000000a3900000| Untracked 
| 570|0x00000000a3a00000, 0x00000000a3b00000, 0x00000000a3b00000|100%| O|Cm|TAMS 0x00000000a3a00000| PB 0x00000000a3a00000| Complete 
| 571|0x00000000a3b00000, 0x00000000a3b00000, 0x00000000a3c00000|  0%| F|  |TAMS 0x00000000a3b00000| PB 0x00000000a3b00000| Untracked 
| 572|0x00000000a3c00000, 0x00000000a3d00000, 0x00000000a3d00000|100%| O|Cm|TAMS 0x00000000a3c00000| PB 0x00000000a3c00000| Complete 
| 573|0x00000000a3d00000, 0x00000000a3d00000, 0x00000000a3e00000|  0%| F|  |TAMS 0x00000000a3d00000| PB 0x00000000a3d00000| Untracked 
| 574|0x00000000a3e00000, 0x00000000a3f00000, 0x00000000a3f00000|100%| O|  |TAMS 0x00000000a3e00000| PB 0x00000000a3e00000| Untracked 
| 575|0x00000000a3f00000, 0x00000000a3f00000, 0x00000000a4000000|  0%| F|  |TAMS 0x00000000a3f00000| PB 0x00000000a3f00000| Untracked 
| 576|0x00000000a4000000, 0x00000000a4000000, 0x00000000a4100000|  0%| F|  |TAMS 0x00000000a4000000| PB 0x00000000a4000000| Untracked 
| 577|0x00000000a4100000, 0x00000000a4100000, 0x00000000a4200000|  0%| F|  |TAMS 0x00000000a4100000| PB 0x00000000a4100000| Untracked 
| 578|0x00000000a4200000, 0x00000000a4200000, 0x00000000a4300000|  0%| F|  |TAMS 0x00000000a4200000| PB 0x00000000a4200000| Untracked 
| 579|0x00000000a4300000, 0x00000000a4300000, 0x00000000a4400000|  0%| F|  |TAMS 0x00000000a4300000| PB 0x00000000a4300000| Untracked 
| 580|0x00000000a4400000, 0x00000000a4400000, 0x00000000a4500000|  0%| F|  |TAMS 0x00000000a4400000| PB 0x00000000a4400000| Untracked 
| 581|0x00000000a4500000, 0x00000000a4500000, 0x00000000a4600000|  0%| F|  |TAMS 0x00000000a4500000| PB 0x00000000a4500000| Untracked 
| 582|0x00000000a4600000, 0x00000000a4600000, 0x00000000a4700000|  0%| F|  |TAMS 0x00000000a4600000| PB 0x00000000a4600000| Untracked 
| 583|0x00000000a4700000, 0x00000000a4800000, 0x00000000a4800000|100%| O|  |TAMS 0x00000000a4700000| PB 0x00000000a4700000| Untracked 
| 584|0x00000000a4800000, 0x00000000a4800000, 0x00000000a4900000|  0%| F|  |TAMS 0x00000000a4800000| PB 0x00000000a4800000| Untracked 
| 585|0x00000000a4900000, 0x00000000a4900000, 0x00000000a4a00000|  0%| F|  |TAMS 0x00000000a4900000| PB 0x00000000a4900000| Untracked 
| 586|0x00000000a4a00000, 0x00000000a4a00000, 0x00000000a4b00000|  0%| F|  |TAMS 0x00000000a4a00000| PB 0x00000000a4a00000| Untracked 
| 587|0x00000000a4b00000, 0x00000000a4b00000, 0x00000000a4c00000|  0%| F|  |TAMS 0x00000000a4b00000| PB 0x00000000a4b00000| Untracked 
| 588|0x00000000a4c00000, 0x00000000a4c00000, 0x00000000a4d00000|  0%| F|  |TAMS 0x00000000a4c00000| PB 0x00000000a4c00000| Untracked 
| 589|0x00000000a4d00000, 0x00000000a4d00000, 0x00000000a4e00000|  0%| F|  |TAMS 0x00000000a4d00000| PB 0x00000000a4d00000| Untracked 
| 590|0x00000000a4e00000, 0x00000000a4e00000, 0x00000000a4f00000|  0%| F|  |TAMS 0x00000000a4e00000| PB 0x00000000a4e00000| Untracked 
| 591|0x00000000a4f00000, 0x00000000a4f00000, 0x00000000a5000000|  0%| F|  |TAMS 0x00000000a4f00000| PB 0x00000000a4f00000| Untracked 
| 592|0x00000000a5000000, 0x00000000a5000000, 0x00000000a5100000|  0%| F|  |TAMS 0x00000000a5000000| PB 0x00000000a5000000| Untracked 
| 593|0x00000000a5100000, 0x00000000a5100000, 0x00000000a5200000|  0%| F|  |TAMS 0x00000000a5100000| PB 0x00000000a5100000| Untracked 
| 594|0x00000000a5200000, 0x00000000a5200000, 0x00000000a5300000|  0%| F|  |TAMS 0x00000000a5200000| PB 0x00000000a5200000| Untracked 
| 595|0x00000000a5300000, 0x00000000a5300000, 0x00000000a5400000|  0%| F|  |TAMS 0x00000000a5300000| PB 0x00000000a5300000| Untracked 
| 596|0x00000000a5400000, 0x00000000a5400000, 0x00000000a5500000|  0%| F|  |TAMS 0x00000000a5400000| PB 0x00000000a5400000| Untracked 
| 597|0x00000000a5500000, 0x00000000a5500000, 0x00000000a5600000|  0%| F|  |TAMS 0x00000000a5500000| PB 0x00000000a5500000| Untracked 
| 598|0x00000000a5600000, 0x00000000a5600000, 0x00000000a5700000|  0%| F|  |TAMS 0x00000000a5600000| PB 0x00000000a5600000| Untracked 
| 599|0x00000000a5700000, 0x00000000a5700000, 0x00000000a5800000|  0%| F|  |TAMS 0x00000000a5700000| PB 0x00000000a5700000| Untracked 
| 600|0x00000000a5800000, 0x00000000a5800000, 0x00000000a5900000|  0%| F|  |TAMS 0x00000000a5800000| PB 0x00000000a5800000| Untracked 
| 601|0x00000000a5900000, 0x00000000a5900000, 0x00000000a5a00000|  0%| F|  |TAMS 0x00000000a5900000| PB 0x00000000a5900000| Untracked 
| 602|0x00000000a5a00000, 0x00000000a5a00000, 0x00000000a5b00000|  0%| F|  |TAMS 0x00000000a5a00000| PB 0x00000000a5a00000| Untracked 
| 603|0x00000000a5b00000, 0x00000000a5b00000, 0x00000000a5c00000|  0%| F|  |TAMS 0x00000000a5b00000| PB 0x00000000a5b00000| Untracked 
| 604|0x00000000a5c00000, 0x00000000a5c00000, 0x00000000a5d00000|  0%| F|  |TAMS 0x00000000a5c00000| PB 0x00000000a5c00000| Untracked 
| 605|0x00000000a5d00000, 0x00000000a5d00000, 0x00000000a5e00000|  0%| F|  |TAMS 0x00000000a5d00000| PB 0x00000000a5d00000| Untracked 
| 606|0x00000000a5e00000, 0x00000000a5e00000, 0x00000000a5f00000|  0%| F|  |TAMS 0x00000000a5e00000| PB 0x00000000a5e00000| Untracked 
| 607|0x00000000a5f00000, 0x00000000a5f00000, 0x00000000a6000000|  0%| F|  |TAMS 0x00000000a5f00000| PB 0x00000000a5f00000| Untracked 
| 608|0x00000000a6000000, 0x00000000a6000000, 0x00000000a6100000|  0%| F|  |TAMS 0x00000000a6000000| PB 0x00000000a6000000| Untracked 
| 609|0x00000000a6100000, 0x00000000a6100000, 0x00000000a6200000|  0%| F|  |TAMS 0x00000000a6100000| PB 0x00000000a6100000| Untracked 
| 610|0x00000000a6200000, 0x00000000a6200000, 0x00000000a6300000|  0%| F|  |TAMS 0x00000000a6200000| PB 0x00000000a6200000| Untracked 
| 611|0x00000000a6300000, 0x00000000a6300000, 0x00000000a6400000|  0%| F|  |TAMS 0x00000000a6300000| PB 0x00000000a6300000| Untracked 
| 612|0x00000000a6400000, 0x00000000a6400000, 0x00000000a6500000|  0%| F|  |TAMS 0x00000000a6400000| PB 0x00000000a6400000| Untracked 
| 613|0x00000000a6500000, 0x00000000a6500000, 0x00000000a6600000|  0%| F|  |TAMS 0x00000000a6500000| PB 0x00000000a6500000| Untracked 
| 614|0x00000000a6600000, 0x00000000a6600000, 0x00000000a6700000|  0%| F|  |TAMS 0x00000000a6600000| PB 0x00000000a6600000| Untracked 
| 615|0x00000000a6700000, 0x00000000a6700000, 0x00000000a6800000|  0%| F|  |TAMS 0x00000000a6700000| PB 0x00000000a6700000| Untracked 
| 616|0x00000000a6800000, 0x00000000a6800000, 0x00000000a6900000|  0%| F|  |TAMS 0x00000000a6800000| PB 0x00000000a6800000| Untracked 
| 617|0x00000000a6900000, 0x00000000a6900000, 0x00000000a6a00000|  0%| F|  |TAMS 0x00000000a6900000| PB 0x00000000a6900000| Untracked 
| 618|0x00000000a6a00000, 0x00000000a6a00000, 0x00000000a6b00000|  0%| F|  |TAMS 0x00000000a6a00000| PB 0x00000000a6a00000| Untracked 
| 619|0x00000000a6b00000, 0x00000000a6b00000, 0x00000000a6c00000|  0%| F|  |TAMS 0x00000000a6b00000| PB 0x00000000a6b00000| Untracked 
| 620|0x00000000a6c00000, 0x00000000a6c00000, 0x00000000a6d00000|  0%| F|  |TAMS 0x00000000a6c00000| PB 0x00000000a6c00000| Untracked 
| 621|0x00000000a6d00000, 0x00000000a6d00000, 0x00000000a6e00000|  0%| F|  |TAMS 0x00000000a6d00000| PB 0x00000000a6d00000| Untracked 
| 622|0x00000000a6e00000, 0x00000000a6e00000, 0x00000000a6f00000|  0%| F|  |TAMS 0x00000000a6e00000| PB 0x00000000a6e00000| Untracked 
| 623|0x00000000a6f00000, 0x00000000a6f00000, 0x00000000a7000000|  0%| F|  |TAMS 0x00000000a6f00000| PB 0x00000000a6f00000| Untracked 
| 624|0x00000000a7000000, 0x00000000a7000000, 0x00000000a7100000|  0%| F|  |TAMS 0x00000000a7000000| PB 0x00000000a7000000| Untracked 
| 625|0x00000000a7100000, 0x00000000a7100000, 0x00000000a7200000|  0%| F|  |TAMS 0x00000000a7100000| PB 0x00000000a7100000| Untracked 
| 626|0x00000000a7200000, 0x00000000a7300000, 0x00000000a7300000|100%| O|Cm|TAMS 0x00000000a7200000| PB 0x00000000a7200000| Complete 
| 627|0x00000000a7300000, 0x00000000a7300000, 0x00000000a7400000|  0%| F|  |TAMS 0x00000000a7300000| PB 0x00000000a7300000| Untracked 
| 628|0x00000000a7400000, 0x00000000a7400000, 0x00000000a7500000|  0%| F|  |TAMS 0x00000000a7400000| PB 0x00000000a7400000| Untracked 
| 629|0x00000000a7500000, 0x00000000a7500000, 0x00000000a7600000|  0%| F|  |TAMS 0x00000000a7500000| PB 0x00000000a7500000| Untracked 
| 630|0x00000000a7600000, 0x00000000a7600000, 0x00000000a7700000|  0%| F|  |TAMS 0x00000000a7600000| PB 0x00000000a7600000| Untracked 
| 631|0x00000000a7700000, 0x00000000a7700000, 0x00000000a7800000|  0%| F|  |TAMS 0x00000000a7700000| PB 0x00000000a7700000| Untracked 
| 632|0x00000000a7800000, 0x00000000a7800000, 0x00000000a7900000|  0%| F|  |TAMS 0x00000000a7800000| PB 0x00000000a7800000| Untracked 
| 633|0x00000000a7900000, 0x00000000a7900000, 0x00000000a7a00000|  0%| F|  |TAMS 0x00000000a7900000| PB 0x00000000a7900000| Untracked 
| 634|0x00000000a7a00000, 0x00000000a7a00000, 0x00000000a7b00000|  0%| F|  |TAMS 0x00000000a7a00000| PB 0x00000000a7a00000| Untracked 
| 635|0x00000000a7b00000, 0x00000000a7b00000, 0x00000000a7c00000|  0%| F|  |TAMS 0x00000000a7b00000| PB 0x00000000a7b00000| Untracked 
| 636|0x00000000a7c00000, 0x00000000a7c00000, 0x00000000a7d00000|  0%| F|  |TAMS 0x00000000a7c00000| PB 0x00000000a7c00000| Untracked 
| 637|0x00000000a7d00000, 0x00000000a7d00000, 0x00000000a7e00000|  0%| F|  |TAMS 0x00000000a7d00000| PB 0x00000000a7d00000| Untracked 
| 638|0x00000000a7e00000, 0x00000000a7e00000, 0x00000000a7f00000|  0%| F|  |TAMS 0x00000000a7e00000| PB 0x00000000a7e00000| Untracked 
| 639|0x00000000a7f00000, 0x00000000a7f00000, 0x00000000a8000000|  0%| F|  |TAMS 0x00000000a7f00000| PB 0x00000000a7f00000| Untracked 
| 640|0x00000000a8000000, 0x00000000a8000000, 0x00000000a8100000|  0%| F|  |TAMS 0x00000000a8000000| PB 0x00000000a8000000| Untracked 
| 641|0x00000000a8100000, 0x00000000a8100000, 0x00000000a8200000|  0%| F|  |TAMS 0x00000000a8100000| PB 0x00000000a8100000| Untracked 
| 642|0x00000000a8200000, 0x00000000a8200000, 0x00000000a8300000|  0%| F|  |TAMS 0x00000000a8200000| PB 0x00000000a8200000| Untracked 
| 643|0x00000000a8300000, 0x00000000a8300000, 0x00000000a8400000|  0%| F|  |TAMS 0x00000000a8300000| PB 0x00000000a8300000| Untracked 
| 644|0x00000000a8400000, 0x00000000a8400000, 0x00000000a8500000|  0%| F|  |TAMS 0x00000000a8400000| PB 0x00000000a8400000| Untracked 
| 645|0x00000000a8500000, 0x00000000a8500000, 0x00000000a8600000|  0%| F|  |TAMS 0x00000000a8500000| PB 0x00000000a8500000| Untracked 
| 646|0x00000000a8600000, 0x00000000a8700000, 0x00000000a8700000|100%| O|  |TAMS 0x00000000a8600000| PB 0x00000000a8600000| Untracked 
| 647|0x00000000a8700000, 0x00000000a8800000, 0x00000000a8800000|100%| O|  |TAMS 0x00000000a8700000| PB 0x00000000a8700000| Untracked 
| 648|0x00000000a8800000, 0x00000000a8800000, 0x00000000a8900000|  0%| F|  |TAMS 0x00000000a8800000| PB 0x00000000a8800000| Untracked 
| 649|0x00000000a8900000, 0x00000000a8900000, 0x00000000a8a00000|  0%| F|  |TAMS 0x00000000a8900000| PB 0x00000000a8900000| Untracked 
| 650|0x00000000a8a00000, 0x00000000a8a00000, 0x00000000a8b00000|  0%| F|  |TAMS 0x00000000a8a00000| PB 0x00000000a8a00000| Untracked 
| 651|0x00000000a8b00000, 0x00000000a8b00000, 0x00000000a8c00000|  0%| F|  |TAMS 0x00000000a8b00000| PB 0x00000000a8b00000| Untracked 
| 652|0x00000000a8c00000, 0x00000000a8c00000, 0x00000000a8d00000|  0%| F|  |TAMS 0x00000000a8c00000| PB 0x00000000a8c00000| Untracked 
| 653|0x00000000a8d00000, 0x00000000a8d00000, 0x00000000a8e00000|  0%| F|  |TAMS 0x00000000a8d00000| PB 0x00000000a8d00000| Untracked 
| 654|0x00000000a8e00000, 0x00000000a8e00000, 0x00000000a8f00000|  0%| F|  |TAMS 0x00000000a8e00000| PB 0x00000000a8e00000| Untracked 
| 655|0x00000000a8f00000, 0x00000000a8f00000, 0x00000000a9000000|  0%| F|  |TAMS 0x00000000a8f00000| PB 0x00000000a8f00000| Untracked 
| 656|0x00000000a9000000, 0x00000000a9000000, 0x00000000a9100000|  0%| F|  |TAMS 0x00000000a9000000| PB 0x00000000a9000000| Untracked 
| 657|0x00000000a9100000, 0x00000000a9100000, 0x00000000a9200000|  0%| F|  |TAMS 0x00000000a9100000| PB 0x00000000a9100000| Untracked 
| 658|0x00000000a9200000, 0x00000000a9200000, 0x00000000a9300000|  0%| F|  |TAMS 0x00000000a9200000| PB 0x00000000a9200000| Untracked 
| 659|0x00000000a9300000, 0x00000000a9300000, 0x00000000a9400000|  0%| F|  |TAMS 0x00000000a9300000| PB 0x00000000a9300000| Untracked 
| 660|0x00000000a9400000, 0x00000000a9400000, 0x00000000a9500000|  0%| F|  |TAMS 0x00000000a9400000| PB 0x00000000a9400000| Untracked 
| 661|0x00000000a9500000, 0x00000000a9500000, 0x00000000a9600000|  0%| F|  |TAMS 0x00000000a9500000| PB 0x00000000a9500000| Untracked 
| 662|0x00000000a9600000, 0x00000000a9600000, 0x00000000a9700000|  0%| F|  |TAMS 0x00000000a9600000| PB 0x00000000a9600000| Untracked 
| 663|0x00000000a9700000, 0x00000000a9700000, 0x00000000a9800000|  0%| F|  |TAMS 0x00000000a9700000| PB 0x00000000a9700000| Untracked 
| 664|0x00000000a9800000, 0x00000000a9800000, 0x00000000a9900000|  0%| F|  |TAMS 0x00000000a9800000| PB 0x00000000a9800000| Untracked 
| 665|0x00000000a9900000, 0x00000000a9900000, 0x00000000a9a00000|  0%| F|  |TAMS 0x00000000a9900000| PB 0x00000000a9900000| Untracked 
| 666|0x00000000a9a00000, 0x00000000a9a00000, 0x00000000a9b00000|  0%| F|  |TAMS 0x00000000a9a00000| PB 0x00000000a9a00000| Untracked 
| 667|0x00000000a9b00000, 0x00000000a9b00000, 0x00000000a9c00000|  0%| F|  |TAMS 0x00000000a9b00000| PB 0x00000000a9b00000| Untracked 
| 668|0x00000000a9c00000, 0x00000000a9c00000, 0x00000000a9d00000|  0%| F|  |TAMS 0x00000000a9c00000| PB 0x00000000a9c00000| Untracked 
| 669|0x00000000a9d00000, 0x00000000a9d00000, 0x00000000a9e00000|  0%| F|  |TAMS 0x00000000a9d00000| PB 0x00000000a9d00000| Untracked 
| 670|0x00000000a9e00000, 0x00000000a9e00000, 0x00000000a9f00000|  0%| F|  |TAMS 0x00000000a9e00000| PB 0x00000000a9e00000| Untracked 
| 671|0x00000000a9f00000, 0x00000000a9f00000, 0x00000000aa000000|  0%| F|  |TAMS 0x00000000a9f00000| PB 0x00000000a9f00000| Untracked 
| 672|0x00000000aa000000, 0x00000000aa000000, 0x00000000aa100000|  0%| F|  |TAMS 0x00000000aa000000| PB 0x00000000aa000000| Untracked 
| 673|0x00000000aa100000, 0x00000000aa100000, 0x00000000aa200000|  0%| F|  |TAMS 0x00000000aa100000| PB 0x00000000aa100000| Untracked 
| 674|0x00000000aa200000, 0x00000000aa300000, 0x00000000aa300000|100%| O|  |TAMS 0x00000000aa200000| PB 0x00000000aa200000| Untracked 
| 675|0x00000000aa300000, 0x00000000aa400000, 0x00000000aa400000|100%| O|  |TAMS 0x00000000aa300000| PB 0x00000000aa300000| Untracked 
| 676|0x00000000aa400000, 0x00000000aa500000, 0x00000000aa500000|100%| O|  |TAMS 0x00000000aa400000| PB 0x00000000aa400000| Untracked 
| 677|0x00000000aa500000, 0x00000000aa600000, 0x00000000aa600000|100%| O|  |TAMS 0x00000000aa500000| PB 0x00000000aa500000| Untracked 
| 678|0x00000000aa600000, 0x00000000aa700000, 0x00000000aa700000|100%| O|  |TAMS 0x00000000aa600000| PB 0x00000000aa600000| Untracked 
| 679|0x00000000aa700000, 0x00000000aa800000, 0x00000000aa800000|100%| O|  |TAMS 0x00000000aa700000| PB 0x00000000aa700000| Untracked 
| 680|0x00000000aa800000, 0x00000000aa900000, 0x00000000aa900000|100%| O|  |TAMS 0x00000000aa800000| PB 0x00000000aa800000| Untracked 
| 681|0x00000000aa900000, 0x00000000aaa00000, 0x00000000aaa00000|100%| O|  |TAMS 0x00000000aa900000| PB 0x00000000aa900000| Untracked 
| 682|0x00000000aaa00000, 0x00000000aab00000, 0x00000000aab00000|100%| O|  |TAMS 0x00000000aaa00000| PB 0x00000000aaa00000| Untracked 
| 683|0x00000000aab00000, 0x00000000aac00000, 0x00000000aac00000|100%| O|  |TAMS 0x00000000aab00000| PB 0x00000000aab00000| Untracked 
| 684|0x00000000aac00000, 0x00000000aad00000, 0x00000000aad00000|100%| O|  |TAMS 0x00000000aac00000| PB 0x00000000aac00000| Untracked 
| 685|0x00000000aad00000, 0x00000000aae00000, 0x00000000aae00000|100%| O|  |TAMS 0x00000000aad00000| PB 0x00000000aad00000| Untracked 
| 686|0x00000000aae00000, 0x00000000aaf00000, 0x00000000aaf00000|100%| O|  |TAMS 0x00000000aae00000| PB 0x00000000aae00000| Untracked 
| 687|0x00000000aaf00000, 0x00000000ab000000, 0x00000000ab000000|100%| O|  |TAMS 0x00000000aaf00000| PB 0x00000000aaf00000| Untracked 
| 688|0x00000000ab000000, 0x00000000ab100000, 0x00000000ab100000|100%| O|  |TAMS 0x00000000ab000000| PB 0x00000000ab000000| Untracked 
| 689|0x00000000ab100000, 0x00000000ab200000, 0x00000000ab200000|100%| O|  |TAMS 0x00000000ab100000| PB 0x00000000ab100000| Untracked 
| 690|0x00000000ab200000, 0x00000000ab300000, 0x00000000ab300000|100%| O|  |TAMS 0x00000000ab200000| PB 0x00000000ab200000| Untracked 
| 691|0x00000000ab300000, 0x00000000ab400000, 0x00000000ab400000|100%| O|  |TAMS 0x00000000ab300000| PB 0x00000000ab300000| Untracked 
| 692|0x00000000ab400000, 0x00000000ab500000, 0x00000000ab500000|100%| O|  |TAMS 0x00000000ab400000| PB 0x00000000ab400000| Untracked 
| 693|0x00000000ab500000, 0x00000000ab600000, 0x00000000ab600000|100%| O|  |TAMS 0x00000000ab500000| PB 0x00000000ab500000| Untracked 
| 694|0x00000000ab600000, 0x00000000ab700000, 0x00000000ab700000|100%| O|  |TAMS 0x00000000ab600000| PB 0x00000000ab600000| Untracked 
| 695|0x00000000ab700000, 0x00000000ab800000, 0x00000000ab800000|100%| O|  |TAMS 0x00000000ab700000| PB 0x00000000ab700000| Untracked 
| 696|0x00000000ab800000, 0x00000000ab800000, 0x00000000ab900000|  0%| F|  |TAMS 0x00000000ab800000| PB 0x00000000ab800000| Untracked 
| 697|0x00000000ab900000, 0x00000000ab900000, 0x00000000aba00000|  0%| F|  |TAMS 0x00000000ab900000| PB 0x00000000ab900000| Untracked 
| 698|0x00000000aba00000, 0x00000000aba00000, 0x00000000abb00000|  0%| F|  |TAMS 0x00000000aba00000| PB 0x00000000aba00000| Untracked 
| 699|0x00000000abb00000, 0x00000000abb00000, 0x00000000abc00000|  0%| F|  |TAMS 0x00000000abb00000| PB 0x00000000abb00000| Untracked 
| 700|0x00000000abc00000, 0x00000000abc00000, 0x00000000abd00000|  0%| F|  |TAMS 0x00000000abc00000| PB 0x00000000abc00000| Untracked 
| 701|0x00000000abd00000, 0x00000000abd00000, 0x00000000abe00000|  0%| F|  |TAMS 0x00000000abd00000| PB 0x00000000abd00000| Untracked 
| 702|0x00000000abe00000, 0x00000000abf00000, 0x00000000abf00000|100%| O|  |TAMS 0x00000000abe00000| PB 0x00000000abe00000| Untracked 
| 703|0x00000000abf00000, 0x00000000ac000000, 0x00000000ac000000|100%| O|  |TAMS 0x00000000abf00000| PB 0x00000000abf00000| Untracked 
| 704|0x00000000ac000000, 0x00000000ac100000, 0x00000000ac100000|100%| O|  |TAMS 0x00000000ac000000| PB 0x00000000ac000000| Untracked 
| 705|0x00000000ac100000, 0x00000000ac200000, 0x00000000ac200000|100%| O|  |TAMS 0x00000000ac100000| PB 0x00000000ac100000| Untracked 
| 706|0x00000000ac200000, 0x00000000ac300000, 0x00000000ac300000|100%| O|  |TAMS 0x00000000ac200000| PB 0x00000000ac200000| Untracked 
| 707|0x00000000ac300000, 0x00000000ac400000, 0x00000000ac400000|100%| O|  |TAMS 0x00000000ac300000| PB 0x00000000ac300000| Untracked 
| 708|0x00000000ac400000, 0x00000000ac400000, 0x00000000ac500000|  0%| F|  |TAMS 0x00000000ac400000| PB 0x00000000ac400000| Untracked 
| 709|0x00000000ac500000, 0x00000000ac500000, 0x00000000ac600000|  0%| F|  |TAMS 0x00000000ac500000| PB 0x00000000ac500000| Untracked 
| 710|0x00000000ac600000, 0x00000000ac600000, 0x00000000ac700000|  0%| F|  |TAMS 0x00000000ac600000| PB 0x00000000ac600000| Untracked 
| 711|0x00000000ac700000, 0x00000000ac700000, 0x00000000ac800000|  0%| F|  |TAMS 0x00000000ac700000| PB 0x00000000ac700000| Untracked 
| 712|0x00000000ac800000, 0x00000000ac800000, 0x00000000ac900000|  0%| F|  |TAMS 0x00000000ac800000| PB 0x00000000ac800000| Untracked 
| 713|0x00000000ac900000, 0x00000000ac900000, 0x00000000aca00000|  0%| F|  |TAMS 0x00000000ac900000| PB 0x00000000ac900000| Untracked 
| 714|0x00000000aca00000, 0x00000000aca00000, 0x00000000acb00000|  0%| F|  |TAMS 0x00000000aca00000| PB 0x00000000aca00000| Untracked 
| 715|0x00000000acb00000, 0x00000000acb00000, 0x00000000acc00000|  0%| F|  |TAMS 0x00000000acb00000| PB 0x00000000acb00000| Untracked 
| 716|0x00000000acc00000, 0x00000000acc00000, 0x00000000acd00000|  0%| F|  |TAMS 0x00000000acc00000| PB 0x00000000acc00000| Untracked 
| 717|0x00000000acd00000, 0x00000000acd00000, 0x00000000ace00000|  0%| F|  |TAMS 0x00000000acd00000| PB 0x00000000acd00000| Untracked 
| 718|0x00000000ace00000, 0x00000000ace00000, 0x00000000acf00000|  0%| F|  |TAMS 0x00000000ace00000| PB 0x00000000ace00000| Untracked 
| 719|0x00000000acf00000, 0x00000000acf00000, 0x00000000ad000000|  0%| F|  |TAMS 0x00000000acf00000| PB 0x00000000acf00000| Untracked 
| 720|0x00000000ad000000, 0x00000000ad000000, 0x00000000ad100000|  0%| F|  |TAMS 0x00000000ad000000| PB 0x00000000ad000000| Untracked 
| 721|0x00000000ad100000, 0x00000000ad100000, 0x00000000ad200000|  0%| F|  |TAMS 0x00000000ad100000| PB 0x00000000ad100000| Untracked 
| 722|0x00000000ad200000, 0x00000000ad200000, 0x00000000ad300000|  0%| F|  |TAMS 0x00000000ad200000| PB 0x00000000ad200000| Untracked 
| 723|0x00000000ad300000, 0x00000000ad300000, 0x00000000ad400000|  0%| F|  |TAMS 0x00000000ad300000| PB 0x00000000ad300000| Untracked 
| 724|0x00000000ad400000, 0x00000000ad400000, 0x00000000ad500000|  0%| F|  |TAMS 0x00000000ad400000| PB 0x00000000ad400000| Untracked 
| 725|0x00000000ad500000, 0x00000000ad500000, 0x00000000ad600000|  0%| F|  |TAMS 0x00000000ad500000| PB 0x00000000ad500000| Untracked 
| 726|0x00000000ad600000, 0x00000000ad600000, 0x00000000ad700000|  0%| F|  |TAMS 0x00000000ad600000| PB 0x00000000ad600000| Untracked 
| 727|0x00000000ad700000, 0x00000000ad700000, 0x00000000ad800000|  0%| F|  |TAMS 0x00000000ad700000| PB 0x00000000ad700000| Untracked 
| 728|0x00000000ad800000, 0x00000000ad800000, 0x00000000ad900000|  0%| F|  |TAMS 0x00000000ad800000| PB 0x00000000ad800000| Untracked 
| 729|0x00000000ad900000, 0x00000000ad900000, 0x00000000ada00000|  0%| F|  |TAMS 0x00000000ad900000| PB 0x00000000ad900000| Untracked 
| 730|0x00000000ada00000, 0x00000000ada00000, 0x00000000adb00000|  0%| F|  |TAMS 0x00000000ada00000| PB 0x00000000ada00000| Untracked 
| 731|0x00000000adb00000, 0x00000000adb00000, 0x00000000adc00000|  0%| F|  |TAMS 0x00000000adb00000| PB 0x00000000adb00000| Untracked 
| 732|0x00000000adc00000, 0x00000000adc00000, 0x00000000add00000|  0%| F|  |TAMS 0x00000000adc00000| PB 0x00000000adc00000| Untracked 
| 733|0x00000000add00000, 0x00000000add00000, 0x00000000ade00000|  0%| F|  |TAMS 0x00000000add00000| PB 0x00000000add00000| Untracked 
| 734|0x00000000ade00000, 0x00000000ade00000, 0x00000000adf00000|  0%| F|  |TAMS 0x00000000ade00000| PB 0x00000000ade00000| Untracked 
| 735|0x00000000adf00000, 0x00000000adf00000, 0x00000000ae000000|  0%| F|  |TAMS 0x00000000adf00000| PB 0x00000000adf00000| Untracked 
| 736|0x00000000ae000000, 0x00000000ae000000, 0x00000000ae100000|  0%| F|  |TAMS 0x00000000ae000000| PB 0x00000000ae000000| Untracked 
| 737|0x00000000ae100000, 0x00000000ae100000, 0x00000000ae200000|  0%| F|  |TAMS 0x00000000ae100000| PB 0x00000000ae100000| Untracked 
| 738|0x00000000ae200000, 0x00000000ae200000, 0x00000000ae300000|  0%| F|  |TAMS 0x00000000ae200000| PB 0x00000000ae200000| Untracked 
| 739|0x00000000ae300000, 0x00000000ae300000, 0x00000000ae400000|  0%| F|  |TAMS 0x00000000ae300000| PB 0x00000000ae300000| Untracked 
| 740|0x00000000ae400000, 0x00000000ae400000, 0x00000000ae500000|  0%| F|  |TAMS 0x00000000ae400000| PB 0x00000000ae400000| Untracked 
| 741|0x00000000ae500000, 0x00000000ae500000, 0x00000000ae600000|  0%| F|  |TAMS 0x00000000ae500000| PB 0x00000000ae500000| Untracked 
| 742|0x00000000ae600000, 0x00000000ae600000, 0x00000000ae700000|  0%| F|  |TAMS 0x00000000ae600000| PB 0x00000000ae600000| Untracked 
| 743|0x00000000ae700000, 0x00000000ae700000, 0x00000000ae800000|  0%| F|  |TAMS 0x00000000ae700000| PB 0x00000000ae700000| Untracked 
| 744|0x00000000ae800000, 0x00000000ae800000, 0x00000000ae900000|  0%| F|  |TAMS 0x00000000ae800000| PB 0x00000000ae800000| Untracked 
| 745|0x00000000ae900000, 0x00000000ae900000, 0x00000000aea00000|  0%| F|  |TAMS 0x00000000ae900000| PB 0x00000000ae900000| Untracked 
| 746|0x00000000aea00000, 0x00000000aea00000, 0x00000000aeb00000|  0%| F|  |TAMS 0x00000000aea00000| PB 0x00000000aea00000| Untracked 
| 747|0x00000000aeb00000, 0x00000000aeb00000, 0x00000000aec00000|  0%| F|  |TAMS 0x00000000aeb00000| PB 0x00000000aeb00000| Untracked 
| 748|0x00000000aec00000, 0x00000000aec00000, 0x00000000aed00000|  0%| F|  |TAMS 0x00000000aec00000| PB 0x00000000aec00000| Untracked 
| 749|0x00000000aed00000, 0x00000000aed00000, 0x00000000aee00000|  0%| F|  |TAMS 0x00000000aed00000| PB 0x00000000aed00000| Untracked 
| 750|0x00000000aee00000, 0x00000000aee00000, 0x00000000aef00000|  0%| F|  |TAMS 0x00000000aee00000| PB 0x00000000aee00000| Untracked 
| 751|0x00000000aef00000, 0x00000000aef00000, 0x00000000af000000|  0%| F|  |TAMS 0x00000000aef00000| PB 0x00000000aef00000| Untracked 
| 752|0x00000000af000000, 0x00000000af000000, 0x00000000af100000|  0%| F|  |TAMS 0x00000000af000000| PB 0x00000000af000000| Untracked 
| 753|0x00000000af100000, 0x00000000af100000, 0x00000000af200000|  0%| F|  |TAMS 0x00000000af100000| PB 0x00000000af100000| Untracked 
| 754|0x00000000af200000, 0x00000000af200000, 0x00000000af300000|  0%| F|  |TAMS 0x00000000af200000| PB 0x00000000af200000| Untracked 
| 755|0x00000000af300000, 0x00000000af300000, 0x00000000af400000|  0%| F|  |TAMS 0x00000000af300000| PB 0x00000000af300000| Untracked 
| 756|0x00000000af400000, 0x00000000af400000, 0x00000000af500000|  0%| F|  |TAMS 0x00000000af400000| PB 0x00000000af400000| Untracked 
| 757|0x00000000af500000, 0x00000000af500000, 0x00000000af600000|  0%| F|  |TAMS 0x00000000af500000| PB 0x00000000af500000| Untracked 
| 758|0x00000000af600000, 0x00000000af600000, 0x00000000af700000|  0%| F|  |TAMS 0x00000000af600000| PB 0x00000000af600000| Untracked 
| 759|0x00000000af700000, 0x00000000af700000, 0x00000000af800000|  0%| F|  |TAMS 0x00000000af700000| PB 0x00000000af700000| Untracked 
| 760|0x00000000af800000, 0x00000000af800000, 0x00000000af900000|  0%| F|  |TAMS 0x00000000af800000| PB 0x00000000af800000| Untracked 
| 761|0x00000000af900000, 0x00000000af900000, 0x00000000afa00000|  0%| F|  |TAMS 0x00000000af900000| PB 0x00000000af900000| Untracked 
| 762|0x00000000afa00000, 0x00000000afa00000, 0x00000000afb00000|  0%| F|  |TAMS 0x00000000afa00000| PB 0x00000000afa00000| Untracked 
| 763|0x00000000afb00000, 0x00000000afb00000, 0x00000000afc00000|  0%| F|  |TAMS 0x00000000afb00000| PB 0x00000000afb00000| Untracked 
| 764|0x00000000afc00000, 0x00000000afc00000, 0x00000000afd00000|  0%| F|  |TAMS 0x00000000afc00000| PB 0x00000000afc00000| Untracked 
| 765|0x00000000afd00000, 0x00000000afd00000, 0x00000000afe00000|  0%| F|  |TAMS 0x00000000afd00000| PB 0x00000000afd00000| Untracked 
| 766|0x00000000afe00000, 0x00000000afe00000, 0x00000000aff00000|  0%| F|  |TAMS 0x00000000afe00000| PB 0x00000000afe00000| Untracked 
| 767|0x00000000aff00000, 0x00000000aff00000, 0x00000000b0000000|  0%| F|  |TAMS 0x00000000aff00000| PB 0x00000000aff00000| Untracked 
| 768|0x00000000b0000000, 0x00000000b0000000, 0x00000000b0100000|  0%| F|  |TAMS 0x00000000b0000000| PB 0x00000000b0000000| Untracked 
| 769|0x00000000b0100000, 0x00000000b0100000, 0x00000000b0200000|  0%| F|  |TAMS 0x00000000b0100000| PB 0x00000000b0100000| Untracked 
| 770|0x00000000b0200000, 0x00000000b0200000, 0x00000000b0300000|  0%| F|  |TAMS 0x00000000b0200000| PB 0x00000000b0200000| Untracked 
| 771|0x00000000b0300000, 0x00000000b0300000, 0x00000000b0400000|  0%| F|  |TAMS 0x00000000b0300000| PB 0x00000000b0300000| Untracked 
| 772|0x00000000b0400000, 0x00000000b0400000, 0x00000000b0500000|  0%| F|  |TAMS 0x00000000b0400000| PB 0x00000000b0400000| Untracked 
| 773|0x00000000b0500000, 0x00000000b0500000, 0x00000000b0600000|  0%| F|  |TAMS 0x00000000b0500000| PB 0x00000000b0500000| Untracked 
| 774|0x00000000b0600000, 0x00000000b0600000, 0x00000000b0700000|  0%| F|  |TAMS 0x00000000b0600000| PB 0x00000000b0600000| Untracked 
| 775|0x00000000b0700000, 0x00000000b0700000, 0x00000000b0800000|  0%| F|  |TAMS 0x00000000b0700000| PB 0x00000000b0700000| Untracked 
| 776|0x00000000b0800000, 0x00000000b0800000, 0x00000000b0900000|  0%| F|  |TAMS 0x00000000b0800000| PB 0x00000000b0800000| Untracked 
| 777|0x00000000b0900000, 0x00000000b0900000, 0x00000000b0a00000|  0%| F|  |TAMS 0x00000000b0900000| PB 0x00000000b0900000| Untracked 
| 778|0x00000000b0a00000, 0x00000000b0a00000, 0x00000000b0b00000|  0%| F|  |TAMS 0x00000000b0a00000| PB 0x00000000b0a00000| Untracked 
| 779|0x00000000b0b00000, 0x00000000b0b00000, 0x00000000b0c00000|  0%| F|  |TAMS 0x00000000b0b00000| PB 0x00000000b0b00000| Untracked 
| 780|0x00000000b0c00000, 0x00000000b0c00000, 0x00000000b0d00000|  0%| F|  |TAMS 0x00000000b0c00000| PB 0x00000000b0c00000| Untracked 
| 781|0x00000000b0d00000, 0x00000000b0d00000, 0x00000000b0e00000|  0%| F|  |TAMS 0x00000000b0d00000| PB 0x00000000b0d00000| Untracked 
| 782|0x00000000b0e00000, 0x00000000b0e00000, 0x00000000b0f00000|  0%| F|  |TAMS 0x00000000b0e00000| PB 0x00000000b0e00000| Untracked 
| 783|0x00000000b0f00000, 0x00000000b0f00000, 0x00000000b1000000|  0%| F|  |TAMS 0x00000000b0f00000| PB 0x00000000b0f00000| Untracked 
| 784|0x00000000b1000000, 0x00000000b1000000, 0x00000000b1100000|  0%| F|  |TAMS 0x00000000b1000000| PB 0x00000000b1000000| Untracked 
| 785|0x00000000b1100000, 0x00000000b1100000, 0x00000000b1200000|  0%| F|  |TAMS 0x00000000b1100000| PB 0x00000000b1100000| Untracked 
| 786|0x00000000b1200000, 0x00000000b1200000, 0x00000000b1300000|  0%| F|  |TAMS 0x00000000b1200000| PB 0x00000000b1200000| Untracked 
| 787|0x00000000b1300000, 0x00000000b1300000, 0x00000000b1400000|  0%| F|  |TAMS 0x00000000b1300000| PB 0x00000000b1300000| Untracked 
| 788|0x00000000b1400000, 0x00000000b1400000, 0x00000000b1500000|  0%| F|  |TAMS 0x00000000b1400000| PB 0x00000000b1400000| Untracked 
| 789|0x00000000b1500000, 0x00000000b1500000, 0x00000000b1600000|  0%| F|  |TAMS 0x00000000b1500000| PB 0x00000000b1500000| Untracked 
| 790|0x00000000b1600000, 0x00000000b1600000, 0x00000000b1700000|  0%| F|  |TAMS 0x00000000b1600000| PB 0x00000000b1600000| Untracked 
| 791|0x00000000b1700000, 0x00000000b1700000, 0x00000000b1800000|  0%| F|  |TAMS 0x00000000b1700000| PB 0x00000000b1700000| Untracked 
| 792|0x00000000b1800000, 0x00000000b1800000, 0x00000000b1900000|  0%| F|  |TAMS 0x00000000b1800000| PB 0x00000000b1800000| Untracked 
| 793|0x00000000b1900000, 0x00000000b1900000, 0x00000000b1a00000|  0%| F|  |TAMS 0x00000000b1900000| PB 0x00000000b1900000| Untracked 
| 794|0x00000000b1a00000, 0x00000000b1a00000, 0x00000000b1b00000|  0%| F|  |TAMS 0x00000000b1a00000| PB 0x00000000b1a00000| Untracked 
| 795|0x00000000b1b00000, 0x00000000b1b00000, 0x00000000b1c00000|  0%| F|  |TAMS 0x00000000b1b00000| PB 0x00000000b1b00000| Untracked 
| 796|0x00000000b1c00000, 0x00000000b1c00000, 0x00000000b1d00000|  0%| F|  |TAMS 0x00000000b1c00000| PB 0x00000000b1c00000| Untracked 
| 797|0x00000000b1d00000, 0x00000000b1d00000, 0x00000000b1e00000|  0%| F|  |TAMS 0x00000000b1d00000| PB 0x00000000b1d00000| Untracked 
| 798|0x00000000b1e00000, 0x00000000b1e00000, 0x00000000b1f00000|  0%| F|  |TAMS 0x00000000b1e00000| PB 0x00000000b1e00000| Untracked 
| 799|0x00000000b1f00000, 0x00000000b1f00000, 0x00000000b2000000|  0%| F|  |TAMS 0x00000000b1f00000| PB 0x00000000b1f00000| Untracked 
| 800|0x00000000b2000000, 0x00000000b2000000, 0x00000000b2100000|  0%| F|  |TAMS 0x00000000b2000000| PB 0x00000000b2000000| Untracked 
| 801|0x00000000b2100000, 0x00000000b2100000, 0x00000000b2200000|  0%| F|  |TAMS 0x00000000b2100000| PB 0x00000000b2100000| Untracked 
| 802|0x00000000b2200000, 0x00000000b2200000, 0x00000000b2300000|  0%| F|  |TAMS 0x00000000b2200000| PB 0x00000000b2200000| Untracked 
| 803|0x00000000b2300000, 0x00000000b2300000, 0x00000000b2400000|  0%| F|  |TAMS 0x00000000b2300000| PB 0x00000000b2300000| Untracked 
| 804|0x00000000b2400000, 0x00000000b2400000, 0x00000000b2500000|  0%| F|  |TAMS 0x00000000b2400000| PB 0x00000000b2400000| Untracked 
| 805|0x00000000b2500000, 0x00000000b2500000, 0x00000000b2600000|  0%| F|  |TAMS 0x00000000b2500000| PB 0x00000000b2500000| Untracked 
| 806|0x00000000b2600000, 0x00000000b2600000, 0x00000000b2700000|  0%| F|  |TAMS 0x00000000b2600000| PB 0x00000000b2600000| Untracked 
| 807|0x00000000b2700000, 0x00000000b2700000, 0x00000000b2800000|  0%| F|  |TAMS 0x00000000b2700000| PB 0x00000000b2700000| Untracked 
| 808|0x00000000b2800000, 0x00000000b2800000, 0x00000000b2900000|  0%| F|  |TAMS 0x00000000b2800000| PB 0x00000000b2800000| Untracked 
| 809|0x00000000b2900000, 0x00000000b2900000, 0x00000000b2a00000|  0%| F|  |TAMS 0x00000000b2900000| PB 0x00000000b2900000| Untracked 
| 810|0x00000000b2a00000, 0x00000000b2a00000, 0x00000000b2b00000|  0%| F|  |TAMS 0x00000000b2a00000| PB 0x00000000b2a00000| Untracked 
| 811|0x00000000b2b00000, 0x00000000b2b00000, 0x00000000b2c00000|  0%| F|  |TAMS 0x00000000b2b00000| PB 0x00000000b2b00000| Untracked 
| 812|0x00000000b2c00000, 0x00000000b2c00000, 0x00000000b2d00000|  0%| F|  |TAMS 0x00000000b2c00000| PB 0x00000000b2c00000| Untracked 
| 813|0x00000000b2d00000, 0x00000000b2d00000, 0x00000000b2e00000|  0%| F|  |TAMS 0x00000000b2d00000| PB 0x00000000b2d00000| Untracked 
| 814|0x00000000b2e00000, 0x00000000b2e00000, 0x00000000b2f00000|  0%| F|  |TAMS 0x00000000b2e00000| PB 0x00000000b2e00000| Untracked 
| 815|0x00000000b2f00000, 0x00000000b2f00000, 0x00000000b3000000|  0%| F|  |TAMS 0x00000000b2f00000| PB 0x00000000b2f00000| Untracked 
| 816|0x00000000b3000000, 0x00000000b3000000, 0x00000000b3100000|  0%| F|  |TAMS 0x00000000b3000000| PB 0x00000000b3000000| Untracked 
| 817|0x00000000b3100000, 0x00000000b3100000, 0x00000000b3200000|  0%| F|  |TAMS 0x00000000b3100000| PB 0x00000000b3100000| Untracked 
| 818|0x00000000b3200000, 0x00000000b3200000, 0x00000000b3300000|  0%| F|  |TAMS 0x00000000b3200000| PB 0x00000000b3200000| Untracked 
| 819|0x00000000b3300000, 0x00000000b3300000, 0x00000000b3400000|  0%| F|  |TAMS 0x00000000b3300000| PB 0x00000000b3300000| Untracked 
| 820|0x00000000b3400000, 0x00000000b3400000, 0x00000000b3500000|  0%| F|  |TAMS 0x00000000b3400000| PB 0x00000000b3400000| Untracked 
| 821|0x00000000b3500000, 0x00000000b3500000, 0x00000000b3600000|  0%| F|  |TAMS 0x00000000b3500000| PB 0x00000000b3500000| Untracked 
| 822|0x00000000b3600000, 0x00000000b3600000, 0x00000000b3700000|  0%| F|  |TAMS 0x00000000b3600000| PB 0x00000000b3600000| Untracked 
| 823|0x00000000b3700000, 0x00000000b3700000, 0x00000000b3800000|  0%| F|  |TAMS 0x00000000b3700000| PB 0x00000000b3700000| Untracked 
| 824|0x00000000b3800000, 0x00000000b3800000, 0x00000000b3900000|  0%| F|  |TAMS 0x00000000b3800000| PB 0x00000000b3800000| Untracked 
| 825|0x00000000b3900000, 0x00000000b3900000, 0x00000000b3a00000|  0%| F|  |TAMS 0x00000000b3900000| PB 0x00000000b3900000| Untracked 
| 826|0x00000000b3a00000, 0x00000000b3a00000, 0x00000000b3b00000|  0%| F|  |TAMS 0x00000000b3a00000| PB 0x00000000b3a00000| Untracked 
| 827|0x00000000b3b00000, 0x00000000b3b00000, 0x00000000b3c00000|  0%| F|  |TAMS 0x00000000b3b00000| PB 0x00000000b3b00000| Untracked 
| 828|0x00000000b3c00000, 0x00000000b3c00000, 0x00000000b3d00000|  0%| F|  |TAMS 0x00000000b3c00000| PB 0x00000000b3c00000| Untracked 
| 829|0x00000000b3d00000, 0x00000000b3d00000, 0x00000000b3e00000|  0%| F|  |TAMS 0x00000000b3d00000| PB 0x00000000b3d00000| Untracked 
| 830|0x00000000b3e00000, 0x00000000b3e00000, 0x00000000b3f00000|  0%| F|  |TAMS 0x00000000b3e00000| PB 0x00000000b3e00000| Untracked 
| 831|0x00000000b3f00000, 0x00000000b3f00000, 0x00000000b4000000|  0%| F|  |TAMS 0x00000000b3f00000| PB 0x00000000b3f00000| Untracked 
| 832|0x00000000b4000000, 0x00000000b4000000, 0x00000000b4100000|  0%| F|  |TAMS 0x00000000b4000000| PB 0x00000000b4000000| Untracked 
| 833|0x00000000b4100000, 0x00000000b4100000, 0x00000000b4200000|  0%| F|  |TAMS 0x00000000b4100000| PB 0x00000000b4100000| Untracked 
| 834|0x00000000b4200000, 0x00000000b4200000, 0x00000000b4300000|  0%| F|  |TAMS 0x00000000b4200000| PB 0x00000000b4200000| Untracked 
| 835|0x00000000b4300000, 0x00000000b4300000, 0x00000000b4400000|  0%| F|  |TAMS 0x00000000b4300000| PB 0x00000000b4300000| Untracked 
| 836|0x00000000b4400000, 0x00000000b4400000, 0x00000000b4500000|  0%| F|  |TAMS 0x00000000b4400000| PB 0x00000000b4400000| Untracked 
| 837|0x00000000b4500000, 0x00000000b4500000, 0x00000000b4600000|  0%| F|  |TAMS 0x00000000b4500000| PB 0x00000000b4500000| Untracked 
| 838|0x00000000b4600000, 0x00000000b4600000, 0x00000000b4700000|  0%| F|  |TAMS 0x00000000b4600000| PB 0x00000000b4600000| Untracked 
| 839|0x00000000b4700000, 0x00000000b4700000, 0x00000000b4800000|  0%| F|  |TAMS 0x00000000b4700000| PB 0x00000000b4700000| Untracked 
| 840|0x00000000b4800000, 0x00000000b4800000, 0x00000000b4900000|  0%| F|  |TAMS 0x00000000b4800000| PB 0x00000000b4800000| Untracked 
| 841|0x00000000b4900000, 0x00000000b4900000, 0x00000000b4a00000|  0%| F|  |TAMS 0x00000000b4900000| PB 0x00000000b4900000| Untracked 
| 842|0x00000000b4a00000, 0x00000000b4a00000, 0x00000000b4b00000|  0%| F|  |TAMS 0x00000000b4a00000| PB 0x00000000b4a00000| Untracked 
| 843|0x00000000b4b00000, 0x00000000b4b00000, 0x00000000b4c00000|  0%| F|  |TAMS 0x00000000b4b00000| PB 0x00000000b4b00000| Untracked 
| 844|0x00000000b4c00000, 0x00000000b4c00000, 0x00000000b4d00000|  0%| F|  |TAMS 0x00000000b4c00000| PB 0x00000000b4c00000| Untracked 
| 845|0x00000000b4d00000, 0x00000000b4d00000, 0x00000000b4e00000|  0%| F|  |TAMS 0x00000000b4d00000| PB 0x00000000b4d00000| Untracked 
| 846|0x00000000b4e00000, 0x00000000b4e00000, 0x00000000b4f00000|  0%| F|  |TAMS 0x00000000b4e00000| PB 0x00000000b4e00000| Untracked 
| 847|0x00000000b4f00000, 0x00000000b4f00000, 0x00000000b5000000|  0%| F|  |TAMS 0x00000000b4f00000| PB 0x00000000b4f00000| Untracked 
| 848|0x00000000b5000000, 0x00000000b5000000, 0x00000000b5100000|  0%| F|  |TAMS 0x00000000b5000000| PB 0x00000000b5000000| Untracked 
| 849|0x00000000b5100000, 0x00000000b5100000, 0x00000000b5200000|  0%| F|  |TAMS 0x00000000b5100000| PB 0x00000000b5100000| Untracked 
| 850|0x00000000b5200000, 0x00000000b5200000, 0x00000000b5300000|  0%| F|  |TAMS 0x00000000b5200000| PB 0x00000000b5200000| Untracked 
| 851|0x00000000b5300000, 0x00000000b5300000, 0x00000000b5400000|  0%| F|  |TAMS 0x00000000b5300000| PB 0x00000000b5300000| Untracked 
| 852|0x00000000b5400000, 0x00000000b5400000, 0x00000000b5500000|  0%| F|  |TAMS 0x00000000b5400000| PB 0x00000000b5400000| Untracked 
| 853|0x00000000b5500000, 0x00000000b5500000, 0x00000000b5600000|  0%| F|  |TAMS 0x00000000b5500000| PB 0x00000000b5500000| Untracked 
| 854|0x00000000b5600000, 0x00000000b5600000, 0x00000000b5700000|  0%| F|  |TAMS 0x00000000b5600000| PB 0x00000000b5600000| Untracked 
| 855|0x00000000b5700000, 0x00000000b5700000, 0x00000000b5800000|  0%| F|  |TAMS 0x00000000b5700000| PB 0x00000000b5700000| Untracked 
| 856|0x00000000b5800000, 0x00000000b5800000, 0x00000000b5900000|  0%| F|  |TAMS 0x00000000b5800000| PB 0x00000000b5800000| Untracked 
| 857|0x00000000b5900000, 0x00000000b5900000, 0x00000000b5a00000|  0%| F|  |TAMS 0x00000000b5900000| PB 0x00000000b5900000| Untracked 
| 858|0x00000000b5a00000, 0x00000000b5a00000, 0x00000000b5b00000|  0%| F|  |TAMS 0x00000000b5a00000| PB 0x00000000b5a00000| Untracked 
| 859|0x00000000b5b00000, 0x00000000b5b00000, 0x00000000b5c00000|  0%| F|  |TAMS 0x00000000b5b00000| PB 0x00000000b5b00000| Untracked 
| 860|0x00000000b5c00000, 0x00000000b5c00000, 0x00000000b5d00000|  0%| F|  |TAMS 0x00000000b5c00000| PB 0x00000000b5c00000| Untracked 
| 861|0x00000000b5d00000, 0x00000000b5d00000, 0x00000000b5e00000|  0%| F|  |TAMS 0x00000000b5d00000| PB 0x00000000b5d00000| Untracked 
| 862|0x00000000b5e00000, 0x00000000b5e00000, 0x00000000b5f00000|  0%| F|  |TAMS 0x00000000b5e00000| PB 0x00000000b5e00000| Untracked 
| 863|0x00000000b5f00000, 0x00000000b5f00000, 0x00000000b6000000|  0%| F|  |TAMS 0x00000000b5f00000| PB 0x00000000b5f00000| Untracked 
| 864|0x00000000b6000000, 0x00000000b6000000, 0x00000000b6100000|  0%| F|  |TAMS 0x00000000b6000000| PB 0x00000000b6000000| Untracked 
| 865|0x00000000b6100000, 0x00000000b6100000, 0x00000000b6200000|  0%| F|  |TAMS 0x00000000b6100000| PB 0x00000000b6100000| Untracked 
| 866|0x00000000b6200000, 0x00000000b6200000, 0x00000000b6300000|  0%| F|  |TAMS 0x00000000b6200000| PB 0x00000000b6200000| Untracked 
| 867|0x00000000b6300000, 0x00000000b6300000, 0x00000000b6400000|  0%| F|  |TAMS 0x00000000b6300000| PB 0x00000000b6300000| Untracked 
| 868|0x00000000b6400000, 0x00000000b6400000, 0x00000000b6500000|  0%| F|  |TAMS 0x00000000b6400000| PB 0x00000000b6400000| Untracked 
| 869|0x00000000b6500000, 0x00000000b6500000, 0x00000000b6600000|  0%| F|  |TAMS 0x00000000b6500000| PB 0x00000000b6500000| Untracked 
| 870|0x00000000b6600000, 0x00000000b6600000, 0x00000000b6700000|  0%| F|  |TAMS 0x00000000b6600000| PB 0x00000000b6600000| Untracked 
| 871|0x00000000b6700000, 0x00000000b6700000, 0x00000000b6800000|  0%| F|  |TAMS 0x00000000b6700000| PB 0x00000000b6700000| Untracked 
| 872|0x00000000b6800000, 0x00000000b6800000, 0x00000000b6900000|  0%| F|  |TAMS 0x00000000b6800000| PB 0x00000000b6800000| Untracked 
| 873|0x00000000b6900000, 0x00000000b6900000, 0x00000000b6a00000|  0%| F|  |TAMS 0x00000000b6900000| PB 0x00000000b6900000| Untracked 
| 874|0x00000000b6a00000, 0x00000000b6a00000, 0x00000000b6b00000|  0%| F|  |TAMS 0x00000000b6a00000| PB 0x00000000b6a00000| Untracked 
| 875|0x00000000b6b00000, 0x00000000b6b00000, 0x00000000b6c00000|  0%| F|  |TAMS 0x00000000b6b00000| PB 0x00000000b6b00000| Untracked 
| 876|0x00000000b6c00000, 0x00000000b6c00000, 0x00000000b6d00000|  0%| F|  |TAMS 0x00000000b6c00000| PB 0x00000000b6c00000| Untracked 
| 877|0x00000000b6d00000, 0x00000000b6d00000, 0x00000000b6e00000|  0%| F|  |TAMS 0x00000000b6d00000| PB 0x00000000b6d00000| Untracked 
| 878|0x00000000b6e00000, 0x00000000b6e00000, 0x00000000b6f00000|  0%| F|  |TAMS 0x00000000b6e00000| PB 0x00000000b6e00000| Untracked 
| 879|0x00000000b6f00000, 0x00000000b6f00000, 0x00000000b7000000|  0%| F|  |TAMS 0x00000000b6f00000| PB 0x00000000b6f00000| Untracked 
| 880|0x00000000b7000000, 0x00000000b7000000, 0x00000000b7100000|  0%| F|  |TAMS 0x00000000b7000000| PB 0x00000000b7000000| Untracked 
| 881|0x00000000b7100000, 0x00000000b7100000, 0x00000000b7200000|  0%| F|  |TAMS 0x00000000b7100000| PB 0x00000000b7100000| Untracked 
| 882|0x00000000b7200000, 0x00000000b7200000, 0x00000000b7300000|  0%| F|  |TAMS 0x00000000b7200000| PB 0x00000000b7200000| Untracked 
| 883|0x00000000b7300000, 0x00000000b7300000, 0x00000000b7400000|  0%| F|  |TAMS 0x00000000b7300000| PB 0x00000000b7300000| Untracked 
| 884|0x00000000b7400000, 0x00000000b7400000, 0x00000000b7500000|  0%| F|  |TAMS 0x00000000b7400000| PB 0x00000000b7400000| Untracked 
| 885|0x00000000b7500000, 0x00000000b7500000, 0x00000000b7600000|  0%| F|  |TAMS 0x00000000b7500000| PB 0x00000000b7500000| Untracked 
| 886|0x00000000b7600000, 0x00000000b7600000, 0x00000000b7700000|  0%| F|  |TAMS 0x00000000b7600000| PB 0x00000000b7600000| Untracked 
| 887|0x00000000b7700000, 0x00000000b7700000, 0x00000000b7800000|  0%| F|  |TAMS 0x00000000b7700000| PB 0x00000000b7700000| Untracked 
| 888|0x00000000b7800000, 0x00000000b7800000, 0x00000000b7900000|  0%| F|  |TAMS 0x00000000b7800000| PB 0x00000000b7800000| Untracked 
| 889|0x00000000b7900000, 0x00000000b7900000, 0x00000000b7a00000|  0%| F|  |TAMS 0x00000000b7900000| PB 0x00000000b7900000| Untracked 
| 890|0x00000000b7a00000, 0x00000000b7a00000, 0x00000000b7b00000|  0%| F|  |TAMS 0x00000000b7a00000| PB 0x00000000b7a00000| Untracked 
| 891|0x00000000b7b00000, 0x00000000b7b00000, 0x00000000b7c00000|  0%| F|  |TAMS 0x00000000b7b00000| PB 0x00000000b7b00000| Untracked 
| 892|0x00000000b7c00000, 0x00000000b7c00000, 0x00000000b7d00000|  0%| F|  |TAMS 0x00000000b7c00000| PB 0x00000000b7c00000| Untracked 
| 893|0x00000000b7d00000, 0x00000000b7d00000, 0x00000000b7e00000|  0%| F|  |TAMS 0x00000000b7d00000| PB 0x00000000b7d00000| Untracked 
| 894|0x00000000b7e00000, 0x00000000b7e00000, 0x00000000b7f00000|  0%| F|  |TAMS 0x00000000b7e00000| PB 0x00000000b7e00000| Untracked 
| 895|0x00000000b7f00000, 0x00000000b7f00000, 0x00000000b8000000|  0%| F|  |TAMS 0x00000000b7f00000| PB 0x00000000b7f00000| Untracked 
| 896|0x00000000b8000000, 0x00000000b8000000, 0x00000000b8100000|  0%| F|  |TAMS 0x00000000b8000000| PB 0x00000000b8000000| Untracked 
| 897|0x00000000b8100000, 0x00000000b8100000, 0x00000000b8200000|  0%| F|  |TAMS 0x00000000b8100000| PB 0x00000000b8100000| Untracked 
| 898|0x00000000b8200000, 0x00000000b8200000, 0x00000000b8300000|  0%| F|  |TAMS 0x00000000b8200000| PB 0x00000000b8200000| Untracked 
| 899|0x00000000b8300000, 0x00000000b8300000, 0x00000000b8400000|  0%| F|  |TAMS 0x00000000b8300000| PB 0x00000000b8300000| Untracked 
| 900|0x00000000b8400000, 0x00000000b8400000, 0x00000000b8500000|  0%| F|  |TAMS 0x00000000b8400000| PB 0x00000000b8400000| Untracked 
| 901|0x00000000b8500000, 0x00000000b8500000, 0x00000000b8600000|  0%| F|  |TAMS 0x00000000b8500000| PB 0x00000000b8500000| Untracked 
| 902|0x00000000b8600000, 0x00000000b8600000, 0x00000000b8700000|  0%| F|  |TAMS 0x00000000b8600000| PB 0x00000000b8600000| Untracked 
| 903|0x00000000b8700000, 0x00000000b8700000, 0x00000000b8800000|  0%| F|  |TAMS 0x00000000b8700000| PB 0x00000000b8700000| Untracked 
| 904|0x00000000b8800000, 0x00000000b8800000, 0x00000000b8900000|  0%| F|  |TAMS 0x00000000b8800000| PB 0x00000000b8800000| Untracked 
| 905|0x00000000b8900000, 0x00000000b8900000, 0x00000000b8a00000|  0%| F|  |TAMS 0x00000000b8900000| PB 0x00000000b8900000| Untracked 
| 906|0x00000000b8a00000, 0x00000000b8a00000, 0x00000000b8b00000|  0%| F|  |TAMS 0x00000000b8a00000| PB 0x00000000b8a00000| Untracked 
| 907|0x00000000b8b00000, 0x00000000b8b00000, 0x00000000b8c00000|  0%| F|  |TAMS 0x00000000b8b00000| PB 0x00000000b8b00000| Untracked 
| 908|0x00000000b8c00000, 0x00000000b8c00000, 0x00000000b8d00000|  0%| F|  |TAMS 0x00000000b8c00000| PB 0x00000000b8c00000| Untracked 
| 909|0x00000000b8d00000, 0x00000000b8d00000, 0x00000000b8e00000|  0%| F|  |TAMS 0x00000000b8d00000| PB 0x00000000b8d00000| Untracked 
| 910|0x00000000b8e00000, 0x00000000b8e00000, 0x00000000b8f00000|  0%| F|  |TAMS 0x00000000b8e00000| PB 0x00000000b8e00000| Untracked 
| 911|0x00000000b8f00000, 0x00000000b8f00000, 0x00000000b9000000|  0%| F|  |TAMS 0x00000000b8f00000| PB 0x00000000b8f00000| Untracked 
| 912|0x00000000b9000000, 0x00000000b9000000, 0x00000000b9100000|  0%| F|  |TAMS 0x00000000b9000000| PB 0x00000000b9000000| Untracked 
| 913|0x00000000b9100000, 0x00000000b9100000, 0x00000000b9200000|  0%| F|  |TAMS 0x00000000b9100000| PB 0x00000000b9100000| Untracked 
| 914|0x00000000b9200000, 0x00000000b9200000, 0x00000000b9300000|  0%| F|  |TAMS 0x00000000b9200000| PB 0x00000000b9200000| Untracked 
| 915|0x00000000b9300000, 0x00000000b9300000, 0x00000000b9400000|  0%| F|  |TAMS 0x00000000b9300000| PB 0x00000000b9300000| Untracked 
| 916|0x00000000b9400000, 0x00000000b9400000, 0x00000000b9500000|  0%| F|  |TAMS 0x00000000b9400000| PB 0x00000000b9400000| Untracked 
| 917|0x00000000b9500000, 0x00000000b9500000, 0x00000000b9600000|  0%| F|  |TAMS 0x00000000b9500000| PB 0x00000000b9500000| Untracked 
| 918|0x00000000b9600000, 0x00000000b9600000, 0x00000000b9700000|  0%| F|  |TAMS 0x00000000b9600000| PB 0x00000000b9600000| Untracked 
| 919|0x00000000b9700000, 0x00000000b9700000, 0x00000000b9800000|  0%| F|  |TAMS 0x00000000b9700000| PB 0x00000000b9700000| Untracked 
| 920|0x00000000b9800000, 0x00000000b9800000, 0x00000000b9900000|  0%| F|  |TAMS 0x00000000b9800000| PB 0x00000000b9800000| Untracked 
| 921|0x00000000b9900000, 0x00000000b9900000, 0x00000000b9a00000|  0%| F|  |TAMS 0x00000000b9900000| PB 0x00000000b9900000| Untracked 
| 922|0x00000000b9a00000, 0x00000000b9a00000, 0x00000000b9b00000|  0%| F|  |TAMS 0x00000000b9a00000| PB 0x00000000b9a00000| Untracked 
| 923|0x00000000b9b00000, 0x00000000b9b00000, 0x00000000b9c00000|  0%| F|  |TAMS 0x00000000b9b00000| PB 0x00000000b9b00000| Untracked 
| 924|0x00000000b9c00000, 0x00000000b9c00000, 0x00000000b9d00000|  0%| F|  |TAMS 0x00000000b9c00000| PB 0x00000000b9c00000| Untracked 
| 925|0x00000000b9d00000, 0x00000000b9d00000, 0x00000000b9e00000|  0%| F|  |TAMS 0x00000000b9d00000| PB 0x00000000b9d00000| Untracked 
| 926|0x00000000b9e00000, 0x00000000b9e00000, 0x00000000b9f00000|  0%| F|  |TAMS 0x00000000b9e00000| PB 0x00000000b9e00000| Untracked 
| 927|0x00000000b9f00000, 0x00000000b9f00000, 0x00000000ba000000|  0%| F|  |TAMS 0x00000000b9f00000| PB 0x00000000b9f00000| Untracked 
| 928|0x00000000ba000000, 0x00000000ba000000, 0x00000000ba100000|  0%| F|  |TAMS 0x00000000ba000000| PB 0x00000000ba000000| Untracked 
| 929|0x00000000ba100000, 0x00000000ba100000, 0x00000000ba200000|  0%| F|  |TAMS 0x00000000ba100000| PB 0x00000000ba100000| Untracked 
| 930|0x00000000ba200000, 0x00000000ba200000, 0x00000000ba300000|  0%| F|  |TAMS 0x00000000ba200000| PB 0x00000000ba200000| Untracked 
| 931|0x00000000ba300000, 0x00000000ba300000, 0x00000000ba400000|  0%| F|  |TAMS 0x00000000ba300000| PB 0x00000000ba300000| Untracked 
| 932|0x00000000ba400000, 0x00000000ba400000, 0x00000000ba500000|  0%| F|  |TAMS 0x00000000ba400000| PB 0x00000000ba400000| Untracked 
| 933|0x00000000ba500000, 0x00000000ba500000, 0x00000000ba600000|  0%| F|  |TAMS 0x00000000ba500000| PB 0x00000000ba500000| Untracked 
| 934|0x00000000ba600000, 0x00000000ba600000, 0x00000000ba700000|  0%| F|  |TAMS 0x00000000ba600000| PB 0x00000000ba600000| Untracked 
| 935|0x00000000ba700000, 0x00000000ba700000, 0x00000000ba800000|  0%| F|  |TAMS 0x00000000ba700000| PB 0x00000000ba700000| Untracked 
| 936|0x00000000ba800000, 0x00000000ba800000, 0x00000000ba900000|  0%| F|  |TAMS 0x00000000ba800000| PB 0x00000000ba800000| Untracked 
| 937|0x00000000ba900000, 0x00000000ba900000, 0x00000000baa00000|  0%| F|  |TAMS 0x00000000ba900000| PB 0x00000000ba900000| Untracked 
| 938|0x00000000baa00000, 0x00000000baa00000, 0x00000000bab00000|  0%| F|  |TAMS 0x00000000baa00000| PB 0x00000000baa00000| Untracked 
| 939|0x00000000bab00000, 0x00000000bab00000, 0x00000000bac00000|  0%| F|  |TAMS 0x00000000bab00000| PB 0x00000000bab00000| Untracked 
| 940|0x00000000bac00000, 0x00000000bac00000, 0x00000000bad00000|  0%| F|  |TAMS 0x00000000bac00000| PB 0x00000000bac00000| Untracked 
| 941|0x00000000bad00000, 0x00000000bad00000, 0x00000000bae00000|  0%| F|  |TAMS 0x00000000bad00000| PB 0x00000000bad00000| Untracked 
| 942|0x00000000bae00000, 0x00000000bae00000, 0x00000000baf00000|  0%| F|  |TAMS 0x00000000bae00000| PB 0x00000000bae00000| Untracked 
| 943|0x00000000baf00000, 0x00000000baf00000, 0x00000000bb000000|  0%| F|  |TAMS 0x00000000baf00000| PB 0x00000000baf00000| Untracked 
| 944|0x00000000bb000000, 0x00000000bb000000, 0x00000000bb100000|  0%| F|  |TAMS 0x00000000bb000000| PB 0x00000000bb000000| Untracked 
| 945|0x00000000bb100000, 0x00000000bb100000, 0x00000000bb200000|  0%| F|  |TAMS 0x00000000bb100000| PB 0x00000000bb100000| Untracked 
| 946|0x00000000bb200000, 0x00000000bb200000, 0x00000000bb300000|  0%| F|  |TAMS 0x00000000bb200000| PB 0x00000000bb200000| Untracked 
| 947|0x00000000bb300000, 0x00000000bb300000, 0x00000000bb400000|  0%| F|  |TAMS 0x00000000bb300000| PB 0x00000000bb300000| Untracked 
| 948|0x00000000bb400000, 0x00000000bb400000, 0x00000000bb500000|  0%| F|  |TAMS 0x00000000bb400000| PB 0x00000000bb400000| Untracked 
| 949|0x00000000bb500000, 0x00000000bb500000, 0x00000000bb600000|  0%| F|  |TAMS 0x00000000bb500000| PB 0x00000000bb500000| Untracked 
| 950|0x00000000bb600000, 0x00000000bb600000, 0x00000000bb700000|  0%| F|  |TAMS 0x00000000bb600000| PB 0x00000000bb600000| Untracked 
| 951|0x00000000bb700000, 0x00000000bb700000, 0x00000000bb800000|  0%| F|  |TAMS 0x00000000bb700000| PB 0x00000000bb700000| Untracked 
| 952|0x00000000bb800000, 0x00000000bb800000, 0x00000000bb900000|  0%| F|  |TAMS 0x00000000bb800000| PB 0x00000000bb800000| Untracked 
| 953|0x00000000bb900000, 0x00000000bb900000, 0x00000000bba00000|  0%| F|  |TAMS 0x00000000bb900000| PB 0x00000000bb900000| Untracked 
| 954|0x00000000bba00000, 0x00000000bba00000, 0x00000000bbb00000|  0%| F|  |TAMS 0x00000000bba00000| PB 0x00000000bba00000| Untracked 
| 955|0x00000000bbb00000, 0x00000000bbb00000, 0x00000000bbc00000|  0%| F|  |TAMS 0x00000000bbb00000| PB 0x00000000bbb00000| Untracked 
| 956|0x00000000bbc00000, 0x00000000bbc00000, 0x00000000bbd00000|  0%| F|  |TAMS 0x00000000bbc00000| PB 0x00000000bbc00000| Untracked 
| 957|0x00000000bbd00000, 0x00000000bbd00000, 0x00000000bbe00000|  0%| F|  |TAMS 0x00000000bbd00000| PB 0x00000000bbd00000| Untracked 
| 958|0x00000000bbe00000, 0x00000000bbe00000, 0x00000000bbf00000|  0%| F|  |TAMS 0x00000000bbe00000| PB 0x00000000bbe00000| Untracked 
| 959|0x00000000bbf00000, 0x00000000bbf00000, 0x00000000bc000000|  0%| F|  |TAMS 0x00000000bbf00000| PB 0x00000000bbf00000| Untracked 
| 960|0x00000000bc000000, 0x00000000bc000000, 0x00000000bc100000|  0%| F|  |TAMS 0x00000000bc000000| PB 0x00000000bc000000| Untracked 
| 961|0x00000000bc100000, 0x00000000bc100000, 0x00000000bc200000|  0%| F|  |TAMS 0x00000000bc100000| PB 0x00000000bc100000| Untracked 
| 962|0x00000000bc200000, 0x00000000bc200000, 0x00000000bc300000|  0%| F|  |TAMS 0x00000000bc200000| PB 0x00000000bc200000| Untracked 
| 963|0x00000000bc300000, 0x00000000bc300000, 0x00000000bc400000|  0%| F|  |TAMS 0x00000000bc300000| PB 0x00000000bc300000| Untracked 
| 964|0x00000000bc400000, 0x00000000bc400000, 0x00000000bc500000|  0%| F|  |TAMS 0x00000000bc400000| PB 0x00000000bc400000| Untracked 
| 965|0x00000000bc500000, 0x00000000bc500000, 0x00000000bc600000|  0%| F|  |TAMS 0x00000000bc500000| PB 0x00000000bc500000| Untracked 
| 966|0x00000000bc600000, 0x00000000bc600000, 0x00000000bc700000|  0%| F|  |TAMS 0x00000000bc600000| PB 0x00000000bc600000| Untracked 
| 967|0x00000000bc700000, 0x00000000bc700000, 0x00000000bc800000|  0%| F|  |TAMS 0x00000000bc700000| PB 0x00000000bc700000| Untracked 
| 968|0x00000000bc800000, 0x00000000bc800000, 0x00000000bc900000|  0%| F|  |TAMS 0x00000000bc800000| PB 0x00000000bc800000| Untracked 
| 969|0x00000000bc900000, 0x00000000bc900000, 0x00000000bca00000|  0%| F|  |TAMS 0x00000000bc900000| PB 0x00000000bc900000| Untracked 
| 970|0x00000000bca00000, 0x00000000bca00000, 0x00000000bcb00000|  0%| F|  |TAMS 0x00000000bca00000| PB 0x00000000bca00000| Untracked 
| 971|0x00000000bcb00000, 0x00000000bcb00000, 0x00000000bcc00000|  0%| F|  |TAMS 0x00000000bcb00000| PB 0x00000000bcb00000| Untracked 
| 972|0x00000000bcc00000, 0x00000000bcc00000, 0x00000000bcd00000|  0%| F|  |TAMS 0x00000000bcc00000| PB 0x00000000bcc00000| Untracked 
| 973|0x00000000bcd00000, 0x00000000bcd00000, 0x00000000bce00000|  0%| F|  |TAMS 0x00000000bcd00000| PB 0x00000000bcd00000| Untracked 
| 974|0x00000000bce00000, 0x00000000bce00000, 0x00000000bcf00000|  0%| F|  |TAMS 0x00000000bce00000| PB 0x00000000bce00000| Untracked 
| 975|0x00000000bcf00000, 0x00000000bcf00000, 0x00000000bd000000|  0%| F|  |TAMS 0x00000000bcf00000| PB 0x00000000bcf00000| Untracked 
| 976|0x00000000bd000000, 0x00000000bd000000, 0x00000000bd100000|  0%| F|  |TAMS 0x00000000bd000000| PB 0x00000000bd000000| Untracked 
| 977|0x00000000bd100000, 0x00000000bd100000, 0x00000000bd200000|  0%| F|  |TAMS 0x00000000bd100000| PB 0x00000000bd100000| Untracked 
| 978|0x00000000bd200000, 0x00000000bd200000, 0x00000000bd300000|  0%| F|  |TAMS 0x00000000bd200000| PB 0x00000000bd200000| Untracked 
| 979|0x00000000bd300000, 0x00000000bd300000, 0x00000000bd400000|  0%| F|  |TAMS 0x00000000bd300000| PB 0x00000000bd300000| Untracked 
| 980|0x00000000bd400000, 0x00000000bd400000, 0x00000000bd500000|  0%| F|  |TAMS 0x00000000bd400000| PB 0x00000000bd400000| Untracked 
| 981|0x00000000bd500000, 0x00000000bd500000, 0x00000000bd600000|  0%| F|  |TAMS 0x00000000bd500000| PB 0x00000000bd500000| Untracked 
| 982|0x00000000bd600000, 0x00000000bd600000, 0x00000000bd700000|  0%| F|  |TAMS 0x00000000bd600000| PB 0x00000000bd600000| Untracked 
| 983|0x00000000bd700000, 0x00000000bd700000, 0x00000000bd800000|  0%| F|  |TAMS 0x00000000bd700000| PB 0x00000000bd700000| Untracked 
| 984|0x00000000bd800000, 0x00000000bd800000, 0x00000000bd900000|  0%| F|  |TAMS 0x00000000bd800000| PB 0x00000000bd800000| Untracked 
| 985|0x00000000bd900000, 0x00000000bd900000, 0x00000000bda00000|  0%| F|  |TAMS 0x00000000bd900000| PB 0x00000000bd900000| Untracked 
| 986|0x00000000bda00000, 0x00000000bda00000, 0x00000000bdb00000|  0%| F|  |TAMS 0x00000000bda00000| PB 0x00000000bda00000| Untracked 
| 987|0x00000000bdb00000, 0x00000000bdb00000, 0x00000000bdc00000|  0%| F|  |TAMS 0x00000000bdb00000| PB 0x00000000bdb00000| Untracked 
| 988|0x00000000bdc00000, 0x00000000bdc00000, 0x00000000bdd00000|  0%| F|  |TAMS 0x00000000bdc00000| PB 0x00000000bdc00000| Untracked 
| 989|0x00000000bdd00000, 0x00000000bdd00000, 0x00000000bde00000|  0%| F|  |TAMS 0x00000000bdd00000| PB 0x00000000bdd00000| Untracked 
| 990|0x00000000bde00000, 0x00000000bde00000, 0x00000000bdf00000|  0%| F|  |TAMS 0x00000000bde00000| PB 0x00000000bde00000| Untracked 
| 991|0x00000000bdf00000, 0x00000000bdf00000, 0x00000000be000000|  0%| F|  |TAMS 0x00000000bdf00000| PB 0x00000000bdf00000| Untracked 
| 992|0x00000000be000000, 0x00000000be000000, 0x00000000be100000|  0%| F|  |TAMS 0x00000000be000000| PB 0x00000000be000000| Untracked 
| 993|0x00000000be100000, 0x00000000be100000, 0x00000000be200000|  0%| F|  |TAMS 0x00000000be100000| PB 0x00000000be100000| Untracked 
| 994|0x00000000be200000, 0x00000000be200000, 0x00000000be300000|  0%| F|  |TAMS 0x00000000be200000| PB 0x00000000be200000| Untracked 
| 995|0x00000000be300000, 0x00000000be300000, 0x00000000be400000|  0%| F|  |TAMS 0x00000000be300000| PB 0x00000000be300000| Untracked 
| 996|0x00000000be400000, 0x00000000be400000, 0x00000000be500000|  0%| F|  |TAMS 0x00000000be400000| PB 0x00000000be400000| Untracked 
| 997|0x00000000be500000, 0x00000000be500000, 0x00000000be600000|  0%| F|  |TAMS 0x00000000be500000| PB 0x00000000be500000| Untracked 
| 998|0x00000000be600000, 0x00000000be600000, 0x00000000be700000|  0%| F|  |TAMS 0x00000000be600000| PB 0x00000000be600000| Untracked 
| 999|0x00000000be700000, 0x00000000be700000, 0x00000000be800000|  0%| F|  |TAMS 0x00000000be700000| PB 0x00000000be700000| Untracked 
|1000|0x00000000be800000, 0x00000000be800000, 0x00000000be900000|  0%| F|  |TAMS 0x00000000be800000| PB 0x00000000be800000| Untracked 
|1001|0x00000000be900000, 0x00000000be900000, 0x00000000bea00000|  0%| F|  |TAMS 0x00000000be900000| PB 0x00000000be900000| Untracked 
|1002|0x00000000bea00000, 0x00000000bea00000, 0x00000000beb00000|  0%| F|  |TAMS 0x00000000bea00000| PB 0x00000000bea00000| Untracked 
|1003|0x00000000beb00000, 0x00000000beb00000, 0x00000000bec00000|  0%| F|  |TAMS 0x00000000beb00000| PB 0x00000000beb00000| Untracked 
|1004|0x00000000bec00000, 0x00000000bec00000, 0x00000000bed00000|  0%| F|  |TAMS 0x00000000bec00000| PB 0x00000000bec00000| Untracked 
|1005|0x00000000bed00000, 0x00000000bed00000, 0x00000000bee00000|  0%| F|  |TAMS 0x00000000bed00000| PB 0x00000000bed00000| Untracked 
|1006|0x00000000bee00000, 0x00000000bee00000, 0x00000000bef00000|  0%| F|  |TAMS 0x00000000bee00000| PB 0x00000000bee00000| Untracked 
|1007|0x00000000bef00000, 0x00000000bef00000, 0x00000000bf000000|  0%| F|  |TAMS 0x00000000bef00000| PB 0x00000000bef00000| Untracked 
|1008|0x00000000bf000000, 0x00000000bf000000, 0x00000000bf100000|  0%| F|  |TAMS 0x00000000bf000000| PB 0x00000000bf000000| Untracked 
|1009|0x00000000bf100000, 0x00000000bf100000, 0x00000000bf200000|  0%| F|  |TAMS 0x00000000bf100000| PB 0x00000000bf100000| Untracked 
|1010|0x00000000bf200000, 0x00000000bf200000, 0x00000000bf300000|  0%| F|  |TAMS 0x00000000bf200000| PB 0x00000000bf200000| Untracked 
|1011|0x00000000bf300000, 0x00000000bf300000, 0x00000000bf400000|  0%| F|  |TAMS 0x00000000bf300000| PB 0x00000000bf300000| Untracked 
|1012|0x00000000bf400000, 0x00000000bf400000, 0x00000000bf500000|  0%| F|  |TAMS 0x00000000bf400000| PB 0x00000000bf400000| Untracked 
|1013|0x00000000bf500000, 0x00000000bf500000, 0x00000000bf600000|  0%| F|  |TAMS 0x00000000bf500000| PB 0x00000000bf500000| Untracked 
|1014|0x00000000bf600000, 0x00000000bf600000, 0x00000000bf700000|  0%| F|  |TAMS 0x00000000bf600000| PB 0x00000000bf600000| Untracked 
|1015|0x00000000bf700000, 0x00000000bf700000, 0x00000000bf800000|  0%| F|  |TAMS 0x00000000bf700000| PB 0x00000000bf700000| Untracked 
|1016|0x00000000bf800000, 0x00000000bf800000, 0x00000000bf900000|  0%| F|  |TAMS 0x00000000bf800000| PB 0x00000000bf800000| Untracked 
|1017|0x00000000bf900000, 0x00000000bf900000, 0x00000000bfa00000|  0%| F|  |TAMS 0x00000000bf900000| PB 0x00000000bf900000| Untracked 
|1018|0x00000000bfa00000, 0x00000000bfa00000, 0x00000000bfb00000|  0%| F|  |TAMS 0x00000000bfa00000| PB 0x00000000bfa00000| Untracked 
|1019|0x00000000bfb00000, 0x00000000bfb00000, 0x00000000bfc00000|  0%| F|  |TAMS 0x00000000bfb00000| PB 0x00000000bfb00000| Untracked 
|1020|0x00000000bfc00000, 0x00000000bfc00000, 0x00000000bfd00000|  0%| F|  |TAMS 0x00000000bfc00000| PB 0x00000000bfc00000| Untracked 
|1021|0x00000000bfd00000, 0x00000000bfd00000, 0x00000000bfe00000|  0%| F|  |TAMS 0x00000000bfd00000| PB 0x00000000bfd00000| Untracked 
|1022|0x00000000bfe00000, 0x00000000bfe00000, 0x00000000bff00000|  0%| F|  |TAMS 0x00000000bfe00000| PB 0x00000000bfe00000| Untracked 
|1023|0x00000000bff00000, 0x00000000bff00000, 0x00000000c0000000|  0%| F|  |TAMS 0x00000000bff00000| PB 0x00000000bff00000| Untracked 
|1024|0x00000000c0000000, 0x00000000c0000000, 0x00000000c0100000|  0%| F|  |TAMS 0x00000000c0000000| PB 0x00000000c0000000| Untracked 
|1025|0x00000000c0100000, 0x00000000c0100000, 0x00000000c0200000|  0%| F|  |TAMS 0x00000000c0100000| PB 0x00000000c0100000| Untracked 
|1026|0x00000000c0200000, 0x00000000c0200000, 0x00000000c0300000|  0%| F|  |TAMS 0x00000000c0200000| PB 0x00000000c0200000| Untracked 
|1027|0x00000000c0300000, 0x00000000c0300000, 0x00000000c0400000|  0%| F|  |TAMS 0x00000000c0300000| PB 0x00000000c0300000| Untracked 
|1028|0x00000000c0400000, 0x00000000c0400000, 0x00000000c0500000|  0%| F|  |TAMS 0x00000000c0400000| PB 0x00000000c0400000| Untracked 
|1029|0x00000000c0500000, 0x00000000c0500000, 0x00000000c0600000|  0%| F|  |TAMS 0x00000000c0500000| PB 0x00000000c0500000| Untracked 
|1030|0x00000000c0600000, 0x00000000c0600000, 0x00000000c0700000|  0%| F|  |TAMS 0x00000000c0600000| PB 0x00000000c0600000| Untracked 
|1031|0x00000000c0700000, 0x00000000c0700000, 0x00000000c0800000|  0%| F|  |TAMS 0x00000000c0700000| PB 0x00000000c0700000| Untracked 
|1032|0x00000000c0800000, 0x00000000c0800000, 0x00000000c0900000|  0%| F|  |TAMS 0x00000000c0800000| PB 0x00000000c0800000| Untracked 
|1033|0x00000000c0900000, 0x00000000c0900000, 0x00000000c0a00000|  0%| F|  |TAMS 0x00000000c0900000| PB 0x00000000c0900000| Untracked 
|1034|0x00000000c0a00000, 0x00000000c0a00000, 0x00000000c0b00000|  0%| F|  |TAMS 0x00000000c0a00000| PB 0x00000000c0a00000| Untracked 
|1035|0x00000000c0b00000, 0x00000000c0b00000, 0x00000000c0c00000|  0%| F|  |TAMS 0x00000000c0b00000| PB 0x00000000c0b00000| Untracked 
|1036|0x00000000c0c00000, 0x00000000c0c00000, 0x00000000c0d00000|  0%| F|  |TAMS 0x00000000c0c00000| PB 0x00000000c0c00000| Untracked 
|1037|0x00000000c0d00000, 0x00000000c0d00000, 0x00000000c0e00000|  0%| F|  |TAMS 0x00000000c0d00000| PB 0x00000000c0d00000| Untracked 
|1038|0x00000000c0e00000, 0x00000000c0e00000, 0x00000000c0f00000|  0%| F|  |TAMS 0x00000000c0e00000| PB 0x00000000c0e00000| Untracked 
|1039|0x00000000c0f00000, 0x00000000c0f00000, 0x00000000c1000000|  0%| F|  |TAMS 0x00000000c0f00000| PB 0x00000000c0f00000| Untracked 
|1040|0x00000000c1000000, 0x00000000c1000000, 0x00000000c1100000|  0%| F|  |TAMS 0x00000000c1000000| PB 0x00000000c1000000| Untracked 
|1041|0x00000000c1100000, 0x00000000c1100000, 0x00000000c1200000|  0%| F|  |TAMS 0x00000000c1100000| PB 0x00000000c1100000| Untracked 
|1042|0x00000000c1200000, 0x00000000c1200000, 0x00000000c1300000|  0%| F|  |TAMS 0x00000000c1200000| PB 0x00000000c1200000| Untracked 
|1043|0x00000000c1300000, 0x00000000c1300000, 0x00000000c1400000|  0%| F|  |TAMS 0x00000000c1300000| PB 0x00000000c1300000| Untracked 
|1044|0x00000000c1400000, 0x00000000c1400000, 0x00000000c1500000|  0%| F|  |TAMS 0x00000000c1400000| PB 0x00000000c1400000| Untracked 
|1045|0x00000000c1500000, 0x00000000c1500000, 0x00000000c1600000|  0%| F|  |TAMS 0x00000000c1500000| PB 0x00000000c1500000| Untracked 
|1046|0x00000000c1600000, 0x00000000c1600000, 0x00000000c1700000|  0%| F|  |TAMS 0x00000000c1600000| PB 0x00000000c1600000| Untracked 
|1047|0x00000000c1700000, 0x00000000c1700000, 0x00000000c1800000|  0%| F|  |TAMS 0x00000000c1700000| PB 0x00000000c1700000| Untracked 
|1048|0x00000000c1800000, 0x00000000c1800000, 0x00000000c1900000|  0%| F|  |TAMS 0x00000000c1800000| PB 0x00000000c1800000| Untracked 
|1049|0x00000000c1900000, 0x00000000c1900000, 0x00000000c1a00000|  0%| F|  |TAMS 0x00000000c1900000| PB 0x00000000c1900000| Untracked 
|1050|0x00000000c1a00000, 0x00000000c1a00000, 0x00000000c1b00000|  0%| F|  |TAMS 0x00000000c1a00000| PB 0x00000000c1a00000| Untracked 
|1051|0x00000000c1b00000, 0x00000000c1b00000, 0x00000000c1c00000|  0%| F|  |TAMS 0x00000000c1b00000| PB 0x00000000c1b00000| Untracked 
|1052|0x00000000c1c00000, 0x00000000c1c00000, 0x00000000c1d00000|  0%| F|  |TAMS 0x00000000c1c00000| PB 0x00000000c1c00000| Untracked 
|1053|0x00000000c1d00000, 0x00000000c1d00000, 0x00000000c1e00000|  0%| F|  |TAMS 0x00000000c1d00000| PB 0x00000000c1d00000| Untracked 
|1054|0x00000000c1e00000, 0x00000000c1e00000, 0x00000000c1f00000|  0%| F|  |TAMS 0x00000000c1e00000| PB 0x00000000c1e00000| Untracked 
|1055|0x00000000c1f00000, 0x00000000c1f00000, 0x00000000c2000000|  0%| F|  |TAMS 0x00000000c1f00000| PB 0x00000000c1f00000| Untracked 
|1056|0x00000000c2000000, 0x00000000c2000000, 0x00000000c2100000|  0%| F|  |TAMS 0x00000000c2000000| PB 0x00000000c2000000| Untracked 
|1057|0x00000000c2100000, 0x00000000c2100000, 0x00000000c2200000|  0%| F|  |TAMS 0x00000000c2100000| PB 0x00000000c2100000| Untracked 
|1058|0x00000000c2200000, 0x00000000c2200000, 0x00000000c2300000|  0%| F|  |TAMS 0x00000000c2200000| PB 0x00000000c2200000| Untracked 
|1059|0x00000000c2300000, 0x00000000c2300000, 0x00000000c2400000|  0%| F|  |TAMS 0x00000000c2300000| PB 0x00000000c2300000| Untracked 
|1060|0x00000000c2400000, 0x00000000c2400000, 0x00000000c2500000|  0%| F|  |TAMS 0x00000000c2400000| PB 0x00000000c2400000| Untracked 
|1061|0x00000000c2500000, 0x00000000c2500000, 0x00000000c2600000|  0%| F|  |TAMS 0x00000000c2500000| PB 0x00000000c2500000| Untracked 
|1062|0x00000000c2600000, 0x00000000c2600000, 0x00000000c2700000|  0%| F|  |TAMS 0x00000000c2600000| PB 0x00000000c2600000| Untracked 
|1063|0x00000000c2700000, 0x00000000c2700000, 0x00000000c2800000|  0%| F|  |TAMS 0x00000000c2700000| PB 0x00000000c2700000| Untracked 
|1064|0x00000000c2800000, 0x00000000c2800000, 0x00000000c2900000|  0%| F|  |TAMS 0x00000000c2800000| PB 0x00000000c2800000| Untracked 
|1065|0x00000000c2900000, 0x00000000c2900000, 0x00000000c2a00000|  0%| F|  |TAMS 0x00000000c2900000| PB 0x00000000c2900000| Untracked 
|1066|0x00000000c2a00000, 0x00000000c2a00000, 0x00000000c2b00000|  0%| F|  |TAMS 0x00000000c2a00000| PB 0x00000000c2a00000| Untracked 
|1067|0x00000000c2b00000, 0x00000000c2b00000, 0x00000000c2c00000|  0%| F|  |TAMS 0x00000000c2b00000| PB 0x00000000c2b00000| Untracked 
|1068|0x00000000c2c00000, 0x00000000c2c00000, 0x00000000c2d00000|  0%| F|  |TAMS 0x00000000c2c00000| PB 0x00000000c2c00000| Untracked 
|1069|0x00000000c2d00000, 0x00000000c2d00000, 0x00000000c2e00000|  0%| F|  |TAMS 0x00000000c2d00000| PB 0x00000000c2d00000| Untracked 
|1070|0x00000000c2e00000, 0x00000000c2e00000, 0x00000000c2f00000|  0%| F|  |TAMS 0x00000000c2e00000| PB 0x00000000c2e00000| Untracked 
|1071|0x00000000c2f00000, 0x00000000c2f00000, 0x00000000c3000000|  0%| F|  |TAMS 0x00000000c2f00000| PB 0x00000000c2f00000| Untracked 
|1072|0x00000000c3000000, 0x00000000c3000000, 0x00000000c3100000|  0%| F|  |TAMS 0x00000000c3000000| PB 0x00000000c3000000| Untracked 
|1073|0x00000000c3100000, 0x00000000c3100000, 0x00000000c3200000|  0%| F|  |TAMS 0x00000000c3100000| PB 0x00000000c3100000| Untracked 
|1074|0x00000000c3200000, 0x00000000c3200000, 0x00000000c3300000|  0%| F|  |TAMS 0x00000000c3200000| PB 0x00000000c3200000| Untracked 
|1075|0x00000000c3300000, 0x00000000c3300000, 0x00000000c3400000|  0%| F|  |TAMS 0x00000000c3300000| PB 0x00000000c3300000| Untracked 
|1076|0x00000000c3400000, 0x00000000c3400000, 0x00000000c3500000|  0%| F|  |TAMS 0x00000000c3400000| PB 0x00000000c3400000| Untracked 
|1077|0x00000000c3500000, 0x00000000c3500000, 0x00000000c3600000|  0%| F|  |TAMS 0x00000000c3500000| PB 0x00000000c3500000| Untracked 
|1078|0x00000000c3600000, 0x00000000c3600000, 0x00000000c3700000|  0%| F|  |TAMS 0x00000000c3600000| PB 0x00000000c3600000| Untracked 
|1079|0x00000000c3700000, 0x00000000c3700000, 0x00000000c3800000|  0%| F|  |TAMS 0x00000000c3700000| PB 0x00000000c3700000| Untracked 
|1080|0x00000000c3800000, 0x00000000c3800000, 0x00000000c3900000|  0%| F|  |TAMS 0x00000000c3800000| PB 0x00000000c3800000| Untracked 
|1081|0x00000000c3900000, 0x00000000c3900000, 0x00000000c3a00000|  0%| F|  |TAMS 0x00000000c3900000| PB 0x00000000c3900000| Untracked 
|1082|0x00000000c3a00000, 0x00000000c3a00000, 0x00000000c3b00000|  0%| F|  |TAMS 0x00000000c3a00000| PB 0x00000000c3a00000| Untracked 
|1083|0x00000000c3b00000, 0x00000000c3b00000, 0x00000000c3c00000|  0%| F|  |TAMS 0x00000000c3b00000| PB 0x00000000c3b00000| Untracked 
|1084|0x00000000c3c00000, 0x00000000c3c00000, 0x00000000c3d00000|  0%| F|  |TAMS 0x00000000c3c00000| PB 0x00000000c3c00000| Untracked 
|1085|0x00000000c3d00000, 0x00000000c3d00000, 0x00000000c3e00000|  0%| F|  |TAMS 0x00000000c3d00000| PB 0x00000000c3d00000| Untracked 
|1086|0x00000000c3e00000, 0x00000000c3e00000, 0x00000000c3f00000|  0%| F|  |TAMS 0x00000000c3e00000| PB 0x00000000c3e00000| Untracked 
|1087|0x00000000c3f00000, 0x00000000c3f00000, 0x00000000c4000000|  0%| F|  |TAMS 0x00000000c3f00000| PB 0x00000000c3f00000| Untracked 
|1088|0x00000000c4000000, 0x00000000c4000000, 0x00000000c4100000|  0%| F|  |TAMS 0x00000000c4000000| PB 0x00000000c4000000| Untracked 
|1089|0x00000000c4100000, 0x00000000c4100000, 0x00000000c4200000|  0%| F|  |TAMS 0x00000000c4100000| PB 0x00000000c4100000| Untracked 
|1090|0x00000000c4200000, 0x00000000c4200000, 0x00000000c4300000|  0%| F|  |TAMS 0x00000000c4200000| PB 0x00000000c4200000| Untracked 
|1091|0x00000000c4300000, 0x00000000c4300000, 0x00000000c4400000|  0%| F|  |TAMS 0x00000000c4300000| PB 0x00000000c4300000| Untracked 
|1092|0x00000000c4400000, 0x00000000c4400000, 0x00000000c4500000|  0%| F|  |TAMS 0x00000000c4400000| PB 0x00000000c4400000| Untracked 
|1093|0x00000000c4500000, 0x00000000c4500000, 0x00000000c4600000|  0%| F|  |TAMS 0x00000000c4500000| PB 0x00000000c4500000| Untracked 
|1094|0x00000000c4600000, 0x00000000c4600000, 0x00000000c4700000|  0%| F|  |TAMS 0x00000000c4600000| PB 0x00000000c4600000| Untracked 
|1095|0x00000000c4700000, 0x00000000c4700000, 0x00000000c4800000|  0%| F|  |TAMS 0x00000000c4700000| PB 0x00000000c4700000| Untracked 
|1096|0x00000000c4800000, 0x00000000c4800000, 0x00000000c4900000|  0%| F|  |TAMS 0x00000000c4800000| PB 0x00000000c4800000| Untracked 
|1097|0x00000000c4900000, 0x00000000c4900000, 0x00000000c4a00000|  0%| F|  |TAMS 0x00000000c4900000| PB 0x00000000c4900000| Untracked 
|1098|0x00000000c4a00000, 0x00000000c4a00000, 0x00000000c4b00000|  0%| F|  |TAMS 0x00000000c4a00000| PB 0x00000000c4a00000| Untracked 
|1099|0x00000000c4b00000, 0x00000000c4b00000, 0x00000000c4c00000|  0%| F|  |TAMS 0x00000000c4b00000| PB 0x00000000c4b00000| Untracked 
|1100|0x00000000c4c00000, 0x00000000c4c00000, 0x00000000c4d00000|  0%| F|  |TAMS 0x00000000c4c00000| PB 0x00000000c4c00000| Untracked 
|1101|0x00000000c4d00000, 0x00000000c4d00000, 0x00000000c4e00000|  0%| F|  |TAMS 0x00000000c4d00000| PB 0x00000000c4d00000| Untracked 
|1102|0x00000000c4e00000, 0x00000000c4e00000, 0x00000000c4f00000|  0%| F|  |TAMS 0x00000000c4e00000| PB 0x00000000c4e00000| Untracked 
|1103|0x00000000c4f00000, 0x00000000c4f00000, 0x00000000c5000000|  0%| F|  |TAMS 0x00000000c4f00000| PB 0x00000000c4f00000| Untracked 
|1104|0x00000000c5000000, 0x00000000c5000000, 0x00000000c5100000|  0%| F|  |TAMS 0x00000000c5000000| PB 0x00000000c5000000| Untracked 
|1105|0x00000000c5100000, 0x00000000c5100000, 0x00000000c5200000|  0%| F|  |TAMS 0x00000000c5100000| PB 0x00000000c5100000| Untracked 
|1106|0x00000000c5200000, 0x00000000c5200000, 0x00000000c5300000|  0%| F|  |TAMS 0x00000000c5200000| PB 0x00000000c5200000| Untracked 
|1107|0x00000000c5300000, 0x00000000c5300000, 0x00000000c5400000|  0%| F|  |TAMS 0x00000000c5300000| PB 0x00000000c5300000| Untracked 
|1108|0x00000000c5400000, 0x00000000c5400000, 0x00000000c5500000|  0%| F|  |TAMS 0x00000000c5400000| PB 0x00000000c5400000| Untracked 
|1109|0x00000000c5500000, 0x00000000c5500000, 0x00000000c5600000|  0%| F|  |TAMS 0x00000000c5500000| PB 0x00000000c5500000| Untracked 
|1110|0x00000000c5600000, 0x00000000c5600000, 0x00000000c5700000|  0%| F|  |TAMS 0x00000000c5600000| PB 0x00000000c5600000| Untracked 
|1111|0x00000000c5700000, 0x00000000c5700000, 0x00000000c5800000|  0%| F|  |TAMS 0x00000000c5700000| PB 0x00000000c5700000| Untracked 
|1112|0x00000000c5800000, 0x00000000c5800000, 0x00000000c5900000|  0%| F|  |TAMS 0x00000000c5800000| PB 0x00000000c5800000| Untracked 
|1113|0x00000000c5900000, 0x00000000c5900000, 0x00000000c5a00000|  0%| F|  |TAMS 0x00000000c5900000| PB 0x00000000c5900000| Untracked 
|1114|0x00000000c5a00000, 0x00000000c5a00000, 0x00000000c5b00000|  0%| F|  |TAMS 0x00000000c5a00000| PB 0x00000000c5a00000| Untracked 
|1115|0x00000000c5b00000, 0x00000000c5b00000, 0x00000000c5c00000|  0%| F|  |TAMS 0x00000000c5b00000| PB 0x00000000c5b00000| Untracked 
|1116|0x00000000c5c00000, 0x00000000c5c00000, 0x00000000c5d00000|  0%| F|  |TAMS 0x00000000c5c00000| PB 0x00000000c5c00000| Untracked 
|1117|0x00000000c5d00000, 0x00000000c5d00000, 0x00000000c5e00000|  0%| F|  |TAMS 0x00000000c5d00000| PB 0x00000000c5d00000| Untracked 
|1118|0x00000000c5e00000, 0x00000000c5e00000, 0x00000000c5f00000|  0%| F|  |TAMS 0x00000000c5e00000| PB 0x00000000c5e00000| Untracked 
|1119|0x00000000c5f00000, 0x00000000c5f00000, 0x00000000c6000000|  0%| F|  |TAMS 0x00000000c5f00000| PB 0x00000000c5f00000| Untracked 
|1120|0x00000000c6000000, 0x00000000c6000000, 0x00000000c6100000|  0%| F|  |TAMS 0x00000000c6000000| PB 0x00000000c6000000| Untracked 
|1121|0x00000000c6100000, 0x00000000c6100000, 0x00000000c6200000|  0%| F|  |TAMS 0x00000000c6100000| PB 0x00000000c6100000| Untracked 
|1122|0x00000000c6200000, 0x00000000c6200000, 0x00000000c6300000|  0%| F|  |TAMS 0x00000000c6200000| PB 0x00000000c6200000| Untracked 
|1123|0x00000000c6300000, 0x00000000c6300000, 0x00000000c6400000|  0%| F|  |TAMS 0x00000000c6300000| PB 0x00000000c6300000| Untracked 
|1124|0x00000000c6400000, 0x00000000c6400000, 0x00000000c6500000|  0%| F|  |TAMS 0x00000000c6400000| PB 0x00000000c6400000| Untracked 
|1125|0x00000000c6500000, 0x00000000c6500000, 0x00000000c6600000|  0%| F|  |TAMS 0x00000000c6500000| PB 0x00000000c6500000| Untracked 
|1126|0x00000000c6600000, 0x00000000c6600000, 0x00000000c6700000|  0%| F|  |TAMS 0x00000000c6600000| PB 0x00000000c6600000| Untracked 
|1127|0x00000000c6700000, 0x00000000c6700000, 0x00000000c6800000|  0%| F|  |TAMS 0x00000000c6700000| PB 0x00000000c6700000| Untracked 
|1128|0x00000000c6800000, 0x00000000c6800000, 0x00000000c6900000|  0%| F|  |TAMS 0x00000000c6800000| PB 0x00000000c6800000| Untracked 
|1129|0x00000000c6900000, 0x00000000c6900000, 0x00000000c6a00000|  0%| F|  |TAMS 0x00000000c6900000| PB 0x00000000c6900000| Untracked 
|1130|0x00000000c6a00000, 0x00000000c6a00000, 0x00000000c6b00000|  0%| F|  |TAMS 0x00000000c6a00000| PB 0x00000000c6a00000| Untracked 
|1131|0x00000000c6b00000, 0x00000000c6b00000, 0x00000000c6c00000|  0%| F|  |TAMS 0x00000000c6b00000| PB 0x00000000c6b00000| Untracked 
|1132|0x00000000c6c00000, 0x00000000c6c00000, 0x00000000c6d00000|  0%| F|  |TAMS 0x00000000c6c00000| PB 0x00000000c6c00000| Untracked 
|1133|0x00000000c6d00000, 0x00000000c6d00000, 0x00000000c6e00000|  0%| F|  |TAMS 0x00000000c6d00000| PB 0x00000000c6d00000| Untracked 
|1134|0x00000000c6e00000, 0x00000000c6e00000, 0x00000000c6f00000|  0%| F|  |TAMS 0x00000000c6e00000| PB 0x00000000c6e00000| Untracked 
|1135|0x00000000c6f00000, 0x00000000c6f00000, 0x00000000c7000000|  0%| F|  |TAMS 0x00000000c6f00000| PB 0x00000000c6f00000| Untracked 
|1136|0x00000000c7000000, 0x00000000c7000000, 0x00000000c7100000|  0%| F|  |TAMS 0x00000000c7000000| PB 0x00000000c7000000| Untracked 
|1137|0x00000000c7100000, 0x00000000c7100000, 0x00000000c7200000|  0%| F|  |TAMS 0x00000000c7100000| PB 0x00000000c7100000| Untracked 
|1138|0x00000000c7200000, 0x00000000c7200000, 0x00000000c7300000|  0%| F|  |TAMS 0x00000000c7200000| PB 0x00000000c7200000| Untracked 
|1139|0x00000000c7300000, 0x00000000c7300000, 0x00000000c7400000|  0%| F|  |TAMS 0x00000000c7300000| PB 0x00000000c7300000| Untracked 
|1140|0x00000000c7400000, 0x00000000c7400000, 0x00000000c7500000|  0%| F|  |TAMS 0x00000000c7400000| PB 0x00000000c7400000| Untracked 
|1141|0x00000000c7500000, 0x00000000c7500000, 0x00000000c7600000|  0%| F|  |TAMS 0x00000000c7500000| PB 0x00000000c7500000| Untracked 
|1142|0x00000000c7600000, 0x00000000c7600000, 0x00000000c7700000|  0%| F|  |TAMS 0x00000000c7600000| PB 0x00000000c7600000| Untracked 
|1143|0x00000000c7700000, 0x00000000c7700000, 0x00000000c7800000|  0%| F|  |TAMS 0x00000000c7700000| PB 0x00000000c7700000| Untracked 
|1144|0x00000000c7800000, 0x00000000c7800000, 0x00000000c7900000|  0%| F|  |TAMS 0x00000000c7800000| PB 0x00000000c7800000| Untracked 
|1145|0x00000000c7900000, 0x00000000c7900000, 0x00000000c7a00000|  0%| F|  |TAMS 0x00000000c7900000| PB 0x00000000c7900000| Untracked 
|1146|0x00000000c7a00000, 0x00000000c7a00000, 0x00000000c7b00000|  0%| F|  |TAMS 0x00000000c7a00000| PB 0x00000000c7a00000| Untracked 
|1147|0x00000000c7b00000, 0x00000000c7b00000, 0x00000000c7c00000|  0%| F|  |TAMS 0x00000000c7b00000| PB 0x00000000c7b00000| Untracked 
|1148|0x00000000c7c00000, 0x00000000c7c00000, 0x00000000c7d00000|  0%| F|  |TAMS 0x00000000c7c00000| PB 0x00000000c7c00000| Untracked 
|1149|0x00000000c7d00000, 0x00000000c7d00000, 0x00000000c7e00000|  0%| F|  |TAMS 0x00000000c7d00000| PB 0x00000000c7d00000| Untracked 
|1150|0x00000000c7e00000, 0x00000000c7e00000, 0x00000000c7f00000|  0%| F|  |TAMS 0x00000000c7e00000| PB 0x00000000c7e00000| Untracked 
|1151|0x00000000c7f00000, 0x00000000c7f00000, 0x00000000c8000000|  0%| F|  |TAMS 0x00000000c7f00000| PB 0x00000000c7f00000| Untracked 
|1152|0x00000000c8000000, 0x00000000c8000000, 0x00000000c8100000|  0%| F|  |TAMS 0x00000000c8000000| PB 0x00000000c8000000| Untracked 
|1153|0x00000000c8100000, 0x00000000c8100000, 0x00000000c8200000|  0%| F|  |TAMS 0x00000000c8100000| PB 0x00000000c8100000| Untracked 
|1154|0x00000000c8200000, 0x00000000c8200000, 0x00000000c8300000|  0%| F|  |TAMS 0x00000000c8200000| PB 0x00000000c8200000| Untracked 
|1155|0x00000000c8300000, 0x00000000c8300000, 0x00000000c8400000|  0%| F|  |TAMS 0x00000000c8300000| PB 0x00000000c8300000| Untracked 
|1156|0x00000000c8400000, 0x00000000c8400000, 0x00000000c8500000|  0%| F|  |TAMS 0x00000000c8400000| PB 0x00000000c8400000| Untracked 
|1157|0x00000000c8500000, 0x00000000c8500000, 0x00000000c8600000|  0%| F|  |TAMS 0x00000000c8500000| PB 0x00000000c8500000| Untracked 
|1158|0x00000000c8600000, 0x00000000c8600000, 0x00000000c8700000|  0%| F|  |TAMS 0x00000000c8600000| PB 0x00000000c8600000| Untracked 
|1159|0x00000000c8700000, 0x00000000c8700000, 0x00000000c8800000|  0%| F|  |TAMS 0x00000000c8700000| PB 0x00000000c8700000| Untracked 
|1160|0x00000000c8800000, 0x00000000c8800000, 0x00000000c8900000|  0%| F|  |TAMS 0x00000000c8800000| PB 0x00000000c8800000| Untracked 
|1161|0x00000000c8900000, 0x00000000c8900000, 0x00000000c8a00000|  0%| F|  |TAMS 0x00000000c8900000| PB 0x00000000c8900000| Untracked 
|1162|0x00000000c8a00000, 0x00000000c8a00000, 0x00000000c8b00000|  0%| F|  |TAMS 0x00000000c8a00000| PB 0x00000000c8a00000| Untracked 
|1163|0x00000000c8b00000, 0x00000000c8b00000, 0x00000000c8c00000|  0%| F|  |TAMS 0x00000000c8b00000| PB 0x00000000c8b00000| Untracked 
|1164|0x00000000c8c00000, 0x00000000c8c00000, 0x00000000c8d00000|  0%| F|  |TAMS 0x00000000c8c00000| PB 0x00000000c8c00000| Untracked 
|1165|0x00000000c8d00000, 0x00000000c8d00000, 0x00000000c8e00000|  0%| F|  |TAMS 0x00000000c8d00000| PB 0x00000000c8d00000| Untracked 
|1166|0x00000000c8e00000, 0x00000000c8e00000, 0x00000000c8f00000|  0%| F|  |TAMS 0x00000000c8e00000| PB 0x00000000c8e00000| Untracked 
|1167|0x00000000c8f00000, 0x00000000c8f00000, 0x00000000c9000000|  0%| F|  |TAMS 0x00000000c8f00000| PB 0x00000000c8f00000| Untracked 
|1168|0x00000000c9000000, 0x00000000c9000000, 0x00000000c9100000|  0%| F|  |TAMS 0x00000000c9000000| PB 0x00000000c9000000| Untracked 
|1169|0x00000000c9100000, 0x00000000c9100000, 0x00000000c9200000|  0%| F|  |TAMS 0x00000000c9100000| PB 0x00000000c9100000| Untracked 
|1170|0x00000000c9200000, 0x00000000c9200000, 0x00000000c9300000|  0%| F|  |TAMS 0x00000000c9200000| PB 0x00000000c9200000| Untracked 
|1171|0x00000000c9300000, 0x00000000c9300000, 0x00000000c9400000|  0%| F|  |TAMS 0x00000000c9300000| PB 0x00000000c9300000| Untracked 
|1172|0x00000000c9400000, 0x00000000c9400000, 0x00000000c9500000|  0%| F|  |TAMS 0x00000000c9400000| PB 0x00000000c9400000| Untracked 
|1173|0x00000000c9500000, 0x00000000c9500000, 0x00000000c9600000|  0%| F|  |TAMS 0x00000000c9500000| PB 0x00000000c9500000| Untracked 
|1174|0x00000000c9600000, 0x00000000c9600000, 0x00000000c9700000|  0%| F|  |TAMS 0x00000000c9600000| PB 0x00000000c9600000| Untracked 
|1175|0x00000000c9700000, 0x00000000c9700000, 0x00000000c9800000|  0%| F|  |TAMS 0x00000000c9700000| PB 0x00000000c9700000| Untracked 
|1176|0x00000000c9800000, 0x00000000c9800000, 0x00000000c9900000|  0%| F|  |TAMS 0x00000000c9800000| PB 0x00000000c9800000| Untracked 
|1177|0x00000000c9900000, 0x00000000c9900000, 0x00000000c9a00000|  0%| F|  |TAMS 0x00000000c9900000| PB 0x00000000c9900000| Untracked 
|1178|0x00000000c9a00000, 0x00000000c9a00000, 0x00000000c9b00000|  0%| F|  |TAMS 0x00000000c9a00000| PB 0x00000000c9a00000| Untracked 
|1179|0x00000000c9b00000, 0x00000000c9b00000, 0x00000000c9c00000|  0%| F|  |TAMS 0x00000000c9b00000| PB 0x00000000c9b00000| Untracked 
|1180|0x00000000c9c00000, 0x00000000c9c00000, 0x00000000c9d00000|  0%| F|  |TAMS 0x00000000c9c00000| PB 0x00000000c9c00000| Untracked 
|1181|0x00000000c9d00000, 0x00000000c9d00000, 0x00000000c9e00000|  0%| F|  |TAMS 0x00000000c9d00000| PB 0x00000000c9d00000| Untracked 
|1182|0x00000000c9e00000, 0x00000000c9e00000, 0x00000000c9f00000|  0%| F|  |TAMS 0x00000000c9e00000| PB 0x00000000c9e00000| Untracked 
|1183|0x00000000c9f00000, 0x00000000c9f00000, 0x00000000ca000000|  0%| F|  |TAMS 0x00000000c9f00000| PB 0x00000000c9f00000| Untracked 
|1184|0x00000000ca000000, 0x00000000ca000000, 0x00000000ca100000|  0%| F|  |TAMS 0x00000000ca000000| PB 0x00000000ca000000| Untracked 
|1185|0x00000000ca100000, 0x00000000ca100000, 0x00000000ca200000|  0%| F|  |TAMS 0x00000000ca100000| PB 0x00000000ca100000| Untracked 
|1186|0x00000000ca200000, 0x00000000ca200000, 0x00000000ca300000|  0%| F|  |TAMS 0x00000000ca200000| PB 0x00000000ca200000| Untracked 
|1187|0x00000000ca300000, 0x00000000ca300000, 0x00000000ca400000|  0%| F|  |TAMS 0x00000000ca300000| PB 0x00000000ca300000| Untracked 
|1188|0x00000000ca400000, 0x00000000ca400000, 0x00000000ca500000|  0%| F|  |TAMS 0x00000000ca400000| PB 0x00000000ca400000| Untracked 
|1189|0x00000000ca500000, 0x00000000ca500000, 0x00000000ca600000|  0%| F|  |TAMS 0x00000000ca500000| PB 0x00000000ca500000| Untracked 
|1190|0x00000000ca600000, 0x00000000ca600000, 0x00000000ca700000|  0%| F|  |TAMS 0x00000000ca600000| PB 0x00000000ca600000| Untracked 
|1191|0x00000000ca700000, 0x00000000ca700000, 0x00000000ca800000|  0%| F|  |TAMS 0x00000000ca700000| PB 0x00000000ca700000| Untracked 
|1192|0x00000000ca800000, 0x00000000ca800000, 0x00000000ca900000|  0%| F|  |TAMS 0x00000000ca800000| PB 0x00000000ca800000| Untracked 
|1193|0x00000000ca900000, 0x00000000ca900000, 0x00000000caa00000|  0%| F|  |TAMS 0x00000000ca900000| PB 0x00000000ca900000| Untracked 
|1194|0x00000000caa00000, 0x00000000caa00000, 0x00000000cab00000|  0%| F|  |TAMS 0x00000000caa00000| PB 0x00000000caa00000| Untracked 
|1195|0x00000000cab00000, 0x00000000cab00000, 0x00000000cac00000|  0%| F|  |TAMS 0x00000000cab00000| PB 0x00000000cab00000| Untracked 
|1196|0x00000000cac00000, 0x00000000cac00000, 0x00000000cad00000|  0%| F|  |TAMS 0x00000000cac00000| PB 0x00000000cac00000| Untracked 
|1197|0x00000000cad00000, 0x00000000cad00000, 0x00000000cae00000|  0%| F|  |TAMS 0x00000000cad00000| PB 0x00000000cad00000| Untracked 
|1198|0x00000000cae00000, 0x00000000cae00000, 0x00000000caf00000|  0%| F|  |TAMS 0x00000000cae00000| PB 0x00000000cae00000| Untracked 
|1199|0x00000000caf00000, 0x00000000caf00000, 0x00000000cb000000|  0%| F|  |TAMS 0x00000000caf00000| PB 0x00000000caf00000| Untracked 
|1200|0x00000000cb000000, 0x00000000cb000000, 0x00000000cb100000|  0%| F|  |TAMS 0x00000000cb000000| PB 0x00000000cb000000| Untracked 
|1201|0x00000000cb100000, 0x00000000cb100000, 0x00000000cb200000|  0%| F|  |TAMS 0x00000000cb100000| PB 0x00000000cb100000| Untracked 
|1202|0x00000000cb200000, 0x00000000cb200000, 0x00000000cb300000|  0%| F|  |TAMS 0x00000000cb200000| PB 0x00000000cb200000| Untracked 
|1203|0x00000000cb300000, 0x00000000cb300000, 0x00000000cb400000|  0%| F|  |TAMS 0x00000000cb300000| PB 0x00000000cb300000| Untracked 
|1204|0x00000000cb400000, 0x00000000cb400000, 0x00000000cb500000|  0%| F|  |TAMS 0x00000000cb400000| PB 0x00000000cb400000| Untracked 
|1205|0x00000000cb500000, 0x00000000cb500000, 0x00000000cb600000|  0%| F|  |TAMS 0x00000000cb500000| PB 0x00000000cb500000| Untracked 
|1206|0x00000000cb600000, 0x00000000cb600000, 0x00000000cb700000|  0%| F|  |TAMS 0x00000000cb600000| PB 0x00000000cb600000| Untracked 
|1207|0x00000000cb700000, 0x00000000cb700000, 0x00000000cb800000|  0%| F|  |TAMS 0x00000000cb700000| PB 0x00000000cb700000| Untracked 
|1208|0x00000000cb800000, 0x00000000cb800000, 0x00000000cb900000|  0%| F|  |TAMS 0x00000000cb800000| PB 0x00000000cb800000| Untracked 
|1209|0x00000000cb900000, 0x00000000cb900000, 0x00000000cba00000|  0%| F|  |TAMS 0x00000000cb900000| PB 0x00000000cb900000| Untracked 
|1210|0x00000000cba00000, 0x00000000cba00000, 0x00000000cbb00000|  0%| F|  |TAMS 0x00000000cba00000| PB 0x00000000cba00000| Untracked 
|1211|0x00000000cbb00000, 0x00000000cbb00000, 0x00000000cbc00000|  0%| F|  |TAMS 0x00000000cbb00000| PB 0x00000000cbb00000| Untracked 
|1212|0x00000000cbc00000, 0x00000000cbc00000, 0x00000000cbd00000|  0%| F|  |TAMS 0x00000000cbc00000| PB 0x00000000cbc00000| Untracked 
|1213|0x00000000cbd00000, 0x00000000cbd00000, 0x00000000cbe00000|  0%| F|  |TAMS 0x00000000cbd00000| PB 0x00000000cbd00000| Untracked 
|1214|0x00000000cbe00000, 0x00000000cbe00000, 0x00000000cbf00000|  0%| F|  |TAMS 0x00000000cbe00000| PB 0x00000000cbe00000| Untracked 
|1215|0x00000000cbf00000, 0x00000000cbf00000, 0x00000000cc000000|  0%| F|  |TAMS 0x00000000cbf00000| PB 0x00000000cbf00000| Untracked 
|1216|0x00000000cc000000, 0x00000000cc000000, 0x00000000cc100000|  0%| F|  |TAMS 0x00000000cc000000| PB 0x00000000cc000000| Untracked 
|1217|0x00000000cc100000, 0x00000000cc100000, 0x00000000cc200000|  0%| F|  |TAMS 0x00000000cc100000| PB 0x00000000cc100000| Untracked 
|1218|0x00000000cc200000, 0x00000000cc200000, 0x00000000cc300000|  0%| F|  |TAMS 0x00000000cc200000| PB 0x00000000cc200000| Untracked 
|1219|0x00000000cc300000, 0x00000000cc300000, 0x00000000cc400000|  0%| F|  |TAMS 0x00000000cc300000| PB 0x00000000cc300000| Untracked 
|1220|0x00000000cc400000, 0x00000000cc400000, 0x00000000cc500000|  0%| F|  |TAMS 0x00000000cc400000| PB 0x00000000cc400000| Untracked 
|1221|0x00000000cc500000, 0x00000000cc500000, 0x00000000cc600000|  0%| F|  |TAMS 0x00000000cc500000| PB 0x00000000cc500000| Untracked 
|1222|0x00000000cc600000, 0x00000000cc600000, 0x00000000cc700000|  0%| F|  |TAMS 0x00000000cc600000| PB 0x00000000cc600000| Untracked 
|1223|0x00000000cc700000, 0x00000000cc700000, 0x00000000cc800000|  0%| F|  |TAMS 0x00000000cc700000| PB 0x00000000cc700000| Untracked 
|1224|0x00000000cc800000, 0x00000000cc800000, 0x00000000cc900000|  0%| F|  |TAMS 0x00000000cc800000| PB 0x00000000cc800000| Untracked 
|1225|0x00000000cc900000, 0x00000000cc900000, 0x00000000cca00000|  0%| F|  |TAMS 0x00000000cc900000| PB 0x00000000cc900000| Untracked 
|1226|0x00000000cca00000, 0x00000000cca00000, 0x00000000ccb00000|  0%| F|  |TAMS 0x00000000cca00000| PB 0x00000000cca00000| Untracked 
|1227|0x00000000ccb00000, 0x00000000ccb00000, 0x00000000ccc00000|  0%| F|  |TAMS 0x00000000ccb00000| PB 0x00000000ccb00000| Untracked 
|1228|0x00000000ccc00000, 0x00000000ccc00000, 0x00000000ccd00000|  0%| F|  |TAMS 0x00000000ccc00000| PB 0x00000000ccc00000| Untracked 
|1229|0x00000000ccd00000, 0x00000000ccd00000, 0x00000000cce00000|  0%| F|  |TAMS 0x00000000ccd00000| PB 0x00000000ccd00000| Untracked 
|1230|0x00000000cce00000, 0x00000000cce00000, 0x00000000ccf00000|  0%| F|  |TAMS 0x00000000cce00000| PB 0x00000000cce00000| Untracked 
|1231|0x00000000ccf00000, 0x00000000ccf00000, 0x00000000cd000000|  0%| F|  |TAMS 0x00000000ccf00000| PB 0x00000000ccf00000| Untracked 
|1232|0x00000000cd000000, 0x00000000cd000000, 0x00000000cd100000|  0%| F|  |TAMS 0x00000000cd000000| PB 0x00000000cd000000| Untracked 
|1233|0x00000000cd100000, 0x00000000cd100000, 0x00000000cd200000|  0%| F|  |TAMS 0x00000000cd100000| PB 0x00000000cd100000| Untracked 
|1234|0x00000000cd200000, 0x00000000cd200000, 0x00000000cd300000|  0%| F|  |TAMS 0x00000000cd200000| PB 0x00000000cd200000| Untracked 
|1235|0x00000000cd300000, 0x00000000cd300000, 0x00000000cd400000|  0%| F|  |TAMS 0x00000000cd300000| PB 0x00000000cd300000| Untracked 
|1236|0x00000000cd400000, 0x00000000cd400000, 0x00000000cd500000|  0%| F|  |TAMS 0x00000000cd400000| PB 0x00000000cd400000| Untracked 
|1237|0x00000000cd500000, 0x00000000cd500000, 0x00000000cd600000|  0%| F|  |TAMS 0x00000000cd500000| PB 0x00000000cd500000| Untracked 
|1238|0x00000000cd600000, 0x00000000cd600000, 0x00000000cd700000|  0%| F|  |TAMS 0x00000000cd600000| PB 0x00000000cd600000| Untracked 
|1239|0x00000000cd700000, 0x00000000cd700000, 0x00000000cd800000|  0%| F|  |TAMS 0x00000000cd700000| PB 0x00000000cd700000| Untracked 
|1240|0x00000000cd800000, 0x00000000cd800000, 0x00000000cd900000|  0%| F|  |TAMS 0x00000000cd800000| PB 0x00000000cd800000| Untracked 
|1241|0x00000000cd900000, 0x00000000cd900000, 0x00000000cda00000|  0%| F|  |TAMS 0x00000000cd900000| PB 0x00000000cd900000| Untracked 
|1242|0x00000000cda00000, 0x00000000cda00000, 0x00000000cdb00000|  0%| F|  |TAMS 0x00000000cda00000| PB 0x00000000cda00000| Untracked 
|1243|0x00000000cdb00000, 0x00000000cdb00000, 0x00000000cdc00000|  0%| F|  |TAMS 0x00000000cdb00000| PB 0x00000000cdb00000| Untracked 
|1244|0x00000000cdc00000, 0x00000000cdc00000, 0x00000000cdd00000|  0%| F|  |TAMS 0x00000000cdc00000| PB 0x00000000cdc00000| Untracked 
|1245|0x00000000cdd00000, 0x00000000cdd00000, 0x00000000cde00000|  0%| F|  |TAMS 0x00000000cdd00000| PB 0x00000000cdd00000| Untracked 
|1246|0x00000000cde00000, 0x00000000cde00000, 0x00000000cdf00000|  0%| F|  |TAMS 0x00000000cde00000| PB 0x00000000cde00000| Untracked 
|1247|0x00000000cdf00000, 0x00000000cdf00000, 0x00000000ce000000|  0%| F|  |TAMS 0x00000000cdf00000| PB 0x00000000cdf00000| Untracked 
|1248|0x00000000ce000000, 0x00000000ce000000, 0x00000000ce100000|  0%| F|  |TAMS 0x00000000ce000000| PB 0x00000000ce000000| Untracked 
|1249|0x00000000ce100000, 0x00000000ce100000, 0x00000000ce200000|  0%| F|  |TAMS 0x00000000ce100000| PB 0x00000000ce100000| Untracked 
|1250|0x00000000ce200000, 0x00000000ce200000, 0x00000000ce300000|  0%| F|  |TAMS 0x00000000ce200000| PB 0x00000000ce200000| Untracked 
|1251|0x00000000ce300000, 0x00000000ce300000, 0x00000000ce400000|  0%| F|  |TAMS 0x00000000ce300000| PB 0x00000000ce300000| Untracked 
|1252|0x00000000ce400000, 0x00000000ce400000, 0x00000000ce500000|  0%| F|  |TAMS 0x00000000ce400000| PB 0x00000000ce400000| Untracked 
|1253|0x00000000ce500000, 0x00000000ce500000, 0x00000000ce600000|  0%| F|  |TAMS 0x00000000ce500000| PB 0x00000000ce500000| Untracked 
|1254|0x00000000ce600000, 0x00000000ce600000, 0x00000000ce700000|  0%| F|  |TAMS 0x00000000ce600000| PB 0x00000000ce600000| Untracked 
|1255|0x00000000ce700000, 0x00000000ce800000, 0x00000000ce800000|100%| S|CS|TAMS 0x00000000ce700000| PB 0x00000000ce700000| Complete 
|1256|0x00000000ce800000, 0x00000000ce900000, 0x00000000ce900000|100%| S|CS|TAMS 0x00000000ce800000| PB 0x00000000ce800000| Complete 
|1257|0x00000000ce900000, 0x00000000cea00000, 0x00000000cea00000|100%| S|CS|TAMS 0x00000000ce900000| PB 0x00000000ce900000| Complete 
|1258|0x00000000cea00000, 0x00000000ceb00000, 0x00000000ceb00000|100%| S|CS|TAMS 0x00000000cea00000| PB 0x00000000cea00000| Complete 
|1259|0x00000000ceb00000, 0x00000000cec00000, 0x00000000cec00000|100%| S|CS|TAMS 0x00000000ceb00000| PB 0x00000000ceb00000| Complete 
|1260|0x00000000cec00000, 0x00000000ced00000, 0x00000000ced00000|100%| S|CS|TAMS 0x00000000cec00000| PB 0x00000000cec00000| Complete 
|1261|0x00000000ced00000, 0x00000000cee00000, 0x00000000cee00000|100%| S|CS|TAMS 0x00000000ced00000| PB 0x00000000ced00000| Complete 
|1262|0x00000000cee00000, 0x00000000cef00000, 0x00000000cef00000|100%| S|CS|TAMS 0x00000000cee00000| PB 0x00000000cee00000| Complete 
|1263|0x00000000cef00000, 0x00000000cf000000, 0x00000000cf000000|100%| S|CS|TAMS 0x00000000cef00000| PB 0x00000000cef00000| Complete 
|1264|0x00000000cf000000, 0x00000000cf100000, 0x00000000cf100000|100%| S|CS|TAMS 0x00000000cf000000| PB 0x00000000cf000000| Complete 
|1265|0x00000000cf100000, 0x00000000cf200000, 0x00000000cf200000|100%| S|CS|TAMS 0x00000000cf100000| PB 0x00000000cf100000| Complete 
|1266|0x00000000cf200000, 0x00000000cf300000, 0x00000000cf300000|100%| S|CS|TAMS 0x00000000cf200000| PB 0x00000000cf200000| Complete 
|1267|0x00000000cf300000, 0x00000000cf400000, 0x00000000cf400000|100%| S|CS|TAMS 0x00000000cf300000| PB 0x00000000cf300000| Complete 
|1268|0x00000000cf400000, 0x00000000cf500000, 0x00000000cf500000|100%| S|CS|TAMS 0x00000000cf400000| PB 0x00000000cf400000| Complete 
|1269|0x00000000cf500000, 0x00000000cf600000, 0x00000000cf600000|100%| S|CS|TAMS 0x00000000cf500000| PB 0x00000000cf500000| Complete 
|1270|0x00000000cf600000, 0x00000000cf700000, 0x00000000cf700000|100%| S|CS|TAMS 0x00000000cf600000| PB 0x00000000cf600000| Complete 
|1271|0x00000000cf700000, 0x00000000cf800000, 0x00000000cf800000|100%| S|CS|TAMS 0x00000000cf700000| PB 0x00000000cf700000| Complete 
|1272|0x00000000cf800000, 0x00000000cf900000, 0x00000000cf900000|100%| S|CS|TAMS 0x00000000cf800000| PB 0x00000000cf800000| Complete 
|1273|0x00000000cf900000, 0x00000000cf900000, 0x00000000cfa00000|  0%| F|  |TAMS 0x00000000cf900000| PB 0x00000000cf900000| Untracked 
|1274|0x00000000cfa00000, 0x00000000cfa00000, 0x00000000cfb00000|  0%| F|  |TAMS 0x00000000cfa00000| PB 0x00000000cfa00000| Untracked 
|1275|0x00000000cfb00000, 0x00000000cfb00000, 0x00000000cfc00000|  0%| F|  |TAMS 0x00000000cfb00000| PB 0x00000000cfb00000| Untracked 
|1276|0x00000000cfc00000, 0x00000000cfc00000, 0x00000000cfd00000|  0%| F|  |TAMS 0x00000000cfc00000| PB 0x00000000cfc00000| Untracked 
|1277|0x00000000cfd00000, 0x00000000cfd00000, 0x00000000cfe00000|  0%| F|  |TAMS 0x00000000cfd00000| PB 0x00000000cfd00000| Untracked 
|1278|0x00000000cfe00000, 0x00000000cfe00000, 0x00000000cff00000|  0%| F|  |TAMS 0x00000000cfe00000| PB 0x00000000cfe00000| Untracked 
|1279|0x00000000cff00000, 0x00000000cff00000, 0x00000000d0000000|  0%| F|  |TAMS 0x00000000cff00000| PB 0x00000000cff00000| Untracked 
|1280|0x00000000d0000000, 0x00000000d0000000, 0x00000000d0100000|  0%| F|  |TAMS 0x00000000d0000000| PB 0x00000000d0000000| Untracked 
|1281|0x00000000d0100000, 0x00000000d0100000, 0x00000000d0200000|  0%| F|  |TAMS 0x00000000d0100000| PB 0x00000000d0100000| Untracked 
|1282|0x00000000d0200000, 0x00000000d0200000, 0x00000000d0300000|  0%| F|  |TAMS 0x00000000d0200000| PB 0x00000000d0200000| Untracked 
|1283|0x00000000d0300000, 0x00000000d0300000, 0x00000000d0400000|  0%| F|  |TAMS 0x00000000d0300000| PB 0x00000000d0300000| Untracked 
|1284|0x00000000d0400000, 0x00000000d0400000, 0x00000000d0500000|  0%| F|  |TAMS 0x00000000d0400000| PB 0x00000000d0400000| Untracked 
|1285|0x00000000d0500000, 0x00000000d0500000, 0x00000000d0600000|  0%| F|  |TAMS 0x00000000d0500000| PB 0x00000000d0500000| Untracked 
|1286|0x00000000d0600000, 0x00000000d0600000, 0x00000000d0700000|  0%| F|  |TAMS 0x00000000d0600000| PB 0x00000000d0600000| Untracked 
|1287|0x00000000d0700000, 0x00000000d0700000, 0x00000000d0800000|  0%| F|  |TAMS 0x00000000d0700000| PB 0x00000000d0700000| Untracked 
|1288|0x00000000d0800000, 0x00000000d0800000, 0x00000000d0900000|  0%| F|  |TAMS 0x00000000d0800000| PB 0x00000000d0800000| Untracked 
|1289|0x00000000d0900000, 0x00000000d0900000, 0x00000000d0a00000|  0%| F|  |TAMS 0x00000000d0900000| PB 0x00000000d0900000| Untracked 
|1290|0x00000000d0a00000, 0x00000000d0a00000, 0x00000000d0b00000|  0%| F|  |TAMS 0x00000000d0a00000| PB 0x00000000d0a00000| Untracked 
|1291|0x00000000d0b00000, 0x00000000d0b00000, 0x00000000d0c00000|  0%| F|  |TAMS 0x00000000d0b00000| PB 0x00000000d0b00000| Untracked 
|1292|0x00000000d0c00000, 0x00000000d0c00000, 0x00000000d0d00000|  0%| F|  |TAMS 0x00000000d0c00000| PB 0x00000000d0c00000| Untracked 
|1293|0x00000000d0d00000, 0x00000000d0d00000, 0x00000000d0e00000|  0%| F|  |TAMS 0x00000000d0d00000| PB 0x00000000d0d00000| Untracked 
|1294|0x00000000d0e00000, 0x00000000d0e00000, 0x00000000d0f00000|  0%| F|  |TAMS 0x00000000d0e00000| PB 0x00000000d0e00000| Untracked 
|1295|0x00000000d0f00000, 0x00000000d0f00000, 0x00000000d1000000|  0%| F|  |TAMS 0x00000000d0f00000| PB 0x00000000d0f00000| Untracked 
|1296|0x00000000d1000000, 0x00000000d1000000, 0x00000000d1100000|  0%| F|  |TAMS 0x00000000d1000000| PB 0x00000000d1000000| Untracked 
|1297|0x00000000d1100000, 0x00000000d1100000, 0x00000000d1200000|  0%| F|  |TAMS 0x00000000d1100000| PB 0x00000000d1100000| Untracked 
|1298|0x00000000d1200000, 0x00000000d1200000, 0x00000000d1300000|  0%| F|  |TAMS 0x00000000d1200000| PB 0x00000000d1200000| Untracked 
|1299|0x00000000d1300000, 0x00000000d1300000, 0x00000000d1400000|  0%| F|  |TAMS 0x00000000d1300000| PB 0x00000000d1300000| Untracked 
|1300|0x00000000d1400000, 0x00000000d1400000, 0x00000000d1500000|  0%| F|  |TAMS 0x00000000d1400000| PB 0x00000000d1400000| Untracked 
|1301|0x00000000d1500000, 0x00000000d1500000, 0x00000000d1600000|  0%| F|  |TAMS 0x00000000d1500000| PB 0x00000000d1500000| Untracked 
|1302|0x00000000d1600000, 0x00000000d1600000, 0x00000000d1700000|  0%| F|  |TAMS 0x00000000d1600000| PB 0x00000000d1600000| Untracked 
|1303|0x00000000d1700000, 0x00000000d1700000, 0x00000000d1800000|  0%| F|  |TAMS 0x00000000d1700000| PB 0x00000000d1700000| Untracked 
|1304|0x00000000d1800000, 0x00000000d1800000, 0x00000000d1900000|  0%| F|  |TAMS 0x00000000d1800000| PB 0x00000000d1800000| Untracked 
|1305|0x00000000d1900000, 0x00000000d1900000, 0x00000000d1a00000|  0%| F|  |TAMS 0x00000000d1900000| PB 0x00000000d1900000| Untracked 
|1306|0x00000000d1a00000, 0x00000000d1a00000, 0x00000000d1b00000|  0%| F|  |TAMS 0x00000000d1a00000| PB 0x00000000d1a00000| Untracked 
|1307|0x00000000d1b00000, 0x00000000d1b00000, 0x00000000d1c00000|  0%| F|  |TAMS 0x00000000d1b00000| PB 0x00000000d1b00000| Untracked 
|1308|0x00000000d1c00000, 0x00000000d1c00000, 0x00000000d1d00000|  0%| F|  |TAMS 0x00000000d1c00000| PB 0x00000000d1c00000| Untracked 
|1309|0x00000000d1d00000, 0x00000000d1d00000, 0x00000000d1e00000|  0%| F|  |TAMS 0x00000000d1d00000| PB 0x00000000d1d00000| Untracked 
|1310|0x00000000d1e00000, 0x00000000d1e00000, 0x00000000d1f00000|  0%| F|  |TAMS 0x00000000d1e00000| PB 0x00000000d1e00000| Untracked 
|1311|0x00000000d1f00000, 0x00000000d1f00000, 0x00000000d2000000|  0%| F|  |TAMS 0x00000000d1f00000| PB 0x00000000d1f00000| Untracked 
|1312|0x00000000d2000000, 0x00000000d2000000, 0x00000000d2100000|  0%| F|  |TAMS 0x00000000d2000000| PB 0x00000000d2000000| Untracked 
|1313|0x00000000d2100000, 0x00000000d2100000, 0x00000000d2200000|  0%| F|  |TAMS 0x00000000d2100000| PB 0x00000000d2100000| Untracked 
|1314|0x00000000d2200000, 0x00000000d2200000, 0x00000000d2300000|  0%| F|  |TAMS 0x00000000d2200000| PB 0x00000000d2200000| Untracked 
|1315|0x00000000d2300000, 0x00000000d2300000, 0x00000000d2400000|  0%| F|  |TAMS 0x00000000d2300000| PB 0x00000000d2300000| Untracked 
|1316|0x00000000d2400000, 0x00000000d2400000, 0x00000000d2500000|  0%| F|  |TAMS 0x00000000d2400000| PB 0x00000000d2400000| Untracked 
|1317|0x00000000d2500000, 0x00000000d2500000, 0x00000000d2600000|  0%| F|  |TAMS 0x00000000d2500000| PB 0x00000000d2500000| Untracked 
|1318|0x00000000d2600000, 0x00000000d2600000, 0x00000000d2700000|  0%| F|  |TAMS 0x00000000d2600000| PB 0x00000000d2600000| Untracked 
|1319|0x00000000d2700000, 0x00000000d2700000, 0x00000000d2800000|  0%| F|  |TAMS 0x00000000d2700000| PB 0x00000000d2700000| Untracked 
|1320|0x00000000d2800000, 0x00000000d2800000, 0x00000000d2900000|  0%| F|  |TAMS 0x00000000d2800000| PB 0x00000000d2800000| Untracked 
|1321|0x00000000d2900000, 0x00000000d2900000, 0x00000000d2a00000|  0%| F|  |TAMS 0x00000000d2900000| PB 0x00000000d2900000| Untracked 
|1322|0x00000000d2a00000, 0x00000000d2a00000, 0x00000000d2b00000|  0%| F|  |TAMS 0x00000000d2a00000| PB 0x00000000d2a00000| Untracked 
|1323|0x00000000d2b00000, 0x00000000d2b00000, 0x00000000d2c00000|  0%| F|  |TAMS 0x00000000d2b00000| PB 0x00000000d2b00000| Untracked 
|1324|0x00000000d2c00000, 0x00000000d2c00000, 0x00000000d2d00000|  0%| F|  |TAMS 0x00000000d2c00000| PB 0x00000000d2c00000| Untracked 
|1325|0x00000000d2d00000, 0x00000000d2d00000, 0x00000000d2e00000|  0%| F|  |TAMS 0x00000000d2d00000| PB 0x00000000d2d00000| Untracked 
|1326|0x00000000d2e00000, 0x00000000d2e00000, 0x00000000d2f00000|  0%| F|  |TAMS 0x00000000d2e00000| PB 0x00000000d2e00000| Untracked 
|1327|0x00000000d2f00000, 0x00000000d2f00000, 0x00000000d3000000|  0%| F|  |TAMS 0x00000000d2f00000| PB 0x00000000d2f00000| Untracked 
|1328|0x00000000d3000000, 0x00000000d3000000, 0x00000000d3100000|  0%| F|  |TAMS 0x00000000d3000000| PB 0x00000000d3000000| Untracked 
|1329|0x00000000d3100000, 0x00000000d3100000, 0x00000000d3200000|  0%| F|  |TAMS 0x00000000d3100000| PB 0x00000000d3100000| Untracked 
|1330|0x00000000d3200000, 0x00000000d3200000, 0x00000000d3300000|  0%| F|  |TAMS 0x00000000d3200000| PB 0x00000000d3200000| Untracked 
|1331|0x00000000d3300000, 0x00000000d3300000, 0x00000000d3400000|  0%| F|  |TAMS 0x00000000d3300000| PB 0x00000000d3300000| Untracked 
|1332|0x00000000d3400000, 0x00000000d3400000, 0x00000000d3500000|  0%| F|  |TAMS 0x00000000d3400000| PB 0x00000000d3400000| Untracked 
|1333|0x00000000d3500000, 0x00000000d3500000, 0x00000000d3600000|  0%| F|  |TAMS 0x00000000d3500000| PB 0x00000000d3500000| Untracked 
|1334|0x00000000d3600000, 0x00000000d3600000, 0x00000000d3700000|  0%| F|  |TAMS 0x00000000d3600000| PB 0x00000000d3600000| Untracked 
|1335|0x00000000d3700000, 0x00000000d3700000, 0x00000000d3800000|  0%| F|  |TAMS 0x00000000d3700000| PB 0x00000000d3700000| Untracked 
|1336|0x00000000d3800000, 0x00000000d3800000, 0x00000000d3900000|  0%| F|  |TAMS 0x00000000d3800000| PB 0x00000000d3800000| Untracked 
|1337|0x00000000d3900000, 0x00000000d3900000, 0x00000000d3a00000|  0%| F|  |TAMS 0x00000000d3900000| PB 0x00000000d3900000| Untracked 
|1338|0x00000000d3a00000, 0x00000000d3a00000, 0x00000000d3b00000|  0%| F|  |TAMS 0x00000000d3a00000| PB 0x00000000d3a00000| Untracked 
|1339|0x00000000d3b00000, 0x00000000d3b00000, 0x00000000d3c00000|  0%| F|  |TAMS 0x00000000d3b00000| PB 0x00000000d3b00000| Untracked 
|1340|0x00000000d3c00000, 0x00000000d3c00000, 0x00000000d3d00000|  0%| F|  |TAMS 0x00000000d3c00000| PB 0x00000000d3c00000| Untracked 
|1341|0x00000000d3d00000, 0x00000000d3d00000, 0x00000000d3e00000|  0%| F|  |TAMS 0x00000000d3d00000| PB 0x00000000d3d00000| Untracked 
|1342|0x00000000d3e00000, 0x00000000d3e00000, 0x00000000d3f00000|  0%| F|  |TAMS 0x00000000d3e00000| PB 0x00000000d3e00000| Untracked 
|1343|0x00000000d3f00000, 0x00000000d3f00000, 0x00000000d4000000|  0%| F|  |TAMS 0x00000000d3f00000| PB 0x00000000d3f00000| Untracked 
|1344|0x00000000d4000000, 0x00000000d4000000, 0x00000000d4100000|  0%| F|  |TAMS 0x00000000d4000000| PB 0x00000000d4000000| Untracked 
|1345|0x00000000d4100000, 0x00000000d4100000, 0x00000000d4200000|  0%| F|  |TAMS 0x00000000d4100000| PB 0x00000000d4100000| Untracked 
|1346|0x00000000d4200000, 0x00000000d4200000, 0x00000000d4300000|  0%| F|  |TAMS 0x00000000d4200000| PB 0x00000000d4200000| Untracked 
|1347|0x00000000d4300000, 0x00000000d4300000, 0x00000000d4400000|  0%| F|  |TAMS 0x00000000d4300000| PB 0x00000000d4300000| Untracked 
|1348|0x00000000d4400000, 0x00000000d4400000, 0x00000000d4500000|  0%| F|  |TAMS 0x00000000d4400000| PB 0x00000000d4400000| Untracked 
|1349|0x00000000d4500000, 0x00000000d4500000, 0x00000000d4600000|  0%| F|  |TAMS 0x00000000d4500000| PB 0x00000000d4500000| Untracked 
|1350|0x00000000d4600000, 0x00000000d4600000, 0x00000000d4700000|  0%| F|  |TAMS 0x00000000d4600000| PB 0x00000000d4600000| Untracked 
|1351|0x00000000d4700000, 0x00000000d4700000, 0x00000000d4800000|  0%| F|  |TAMS 0x00000000d4700000| PB 0x00000000d4700000| Untracked 
|1352|0x00000000d4800000, 0x00000000d4800000, 0x00000000d4900000|  0%| F|  |TAMS 0x00000000d4800000| PB 0x00000000d4800000| Untracked 
|1353|0x00000000d4900000, 0x00000000d4900000, 0x00000000d4a00000|  0%| F|  |TAMS 0x00000000d4900000| PB 0x00000000d4900000| Untracked 
|1354|0x00000000d4a00000, 0x00000000d4a00000, 0x00000000d4b00000|  0%| F|  |TAMS 0x00000000d4a00000| PB 0x00000000d4a00000| Untracked 
|1355|0x00000000d4b00000, 0x00000000d4b00000, 0x00000000d4c00000|  0%| F|  |TAMS 0x00000000d4b00000| PB 0x00000000d4b00000| Untracked 
|1356|0x00000000d4c00000, 0x00000000d4c00000, 0x00000000d4d00000|  0%| F|  |TAMS 0x00000000d4c00000| PB 0x00000000d4c00000| Untracked 
|1357|0x00000000d4d00000, 0x00000000d4d00000, 0x00000000d4e00000|  0%| F|  |TAMS 0x00000000d4d00000| PB 0x00000000d4d00000| Untracked 
|1358|0x00000000d4e00000, 0x00000000d4e00000, 0x00000000d4f00000|  0%| F|  |TAMS 0x00000000d4e00000| PB 0x00000000d4e00000| Untracked 
|1359|0x00000000d4f00000, 0x00000000d4f00000, 0x00000000d5000000|  0%| F|  |TAMS 0x00000000d4f00000| PB 0x00000000d4f00000| Untracked 
|1360|0x00000000d5000000, 0x00000000d5000000, 0x00000000d5100000|  0%| F|  |TAMS 0x00000000d5000000| PB 0x00000000d5000000| Untracked 
|1361|0x00000000d5100000, 0x00000000d5100000, 0x00000000d5200000|  0%| F|  |TAMS 0x00000000d5100000| PB 0x00000000d5100000| Untracked 
|1362|0x00000000d5200000, 0x00000000d5200000, 0x00000000d5300000|  0%| F|  |TAMS 0x00000000d5200000| PB 0x00000000d5200000| Untracked 
|1363|0x00000000d5300000, 0x00000000d5300000, 0x00000000d5400000|  0%| F|  |TAMS 0x00000000d5300000| PB 0x00000000d5300000| Untracked 
|1364|0x00000000d5400000, 0x00000000d5400000, 0x00000000d5500000|  0%| F|  |TAMS 0x00000000d5400000| PB 0x00000000d5400000| Untracked 
|1365|0x00000000d5500000, 0x00000000d5500000, 0x00000000d5600000|  0%| F|  |TAMS 0x00000000d5500000| PB 0x00000000d5500000| Untracked 
|1366|0x00000000d5600000, 0x00000000d5600000, 0x00000000d5700000|  0%| F|  |TAMS 0x00000000d5600000| PB 0x00000000d5600000| Untracked 
|1367|0x00000000d5700000, 0x00000000d5700000, 0x00000000d5800000|  0%| F|  |TAMS 0x00000000d5700000| PB 0x00000000d5700000| Untracked 
|1368|0x00000000d5800000, 0x00000000d5800000, 0x00000000d5900000|  0%| F|  |TAMS 0x00000000d5800000| PB 0x00000000d5800000| Untracked 
|1369|0x00000000d5900000, 0x00000000d5900000, 0x00000000d5a00000|  0%| F|  |TAMS 0x00000000d5900000| PB 0x00000000d5900000| Untracked 
|1370|0x00000000d5a00000, 0x00000000d5a00000, 0x00000000d5b00000|  0%| F|  |TAMS 0x00000000d5a00000| PB 0x00000000d5a00000| Untracked 
|1999|0x00000000fcf00000, 0x00000000fcf00000, 0x00000000fd000000|  0%| F|  |TAMS 0x00000000fcf00000| PB 0x00000000fcf00000| Untracked 
|2000|0x00000000fd000000, 0x00000000fd000000, 0x00000000fd100000|  0%| F|  |TAMS 0x00000000fd000000| PB 0x00000000fd000000| Untracked 
|2001|0x00000000fd100000, 0x00000000fd100000, 0x00000000fd200000|  0%| F|  |TAMS 0x00000000fd100000| PB 0x00000000fd100000| Untracked 
|2002|0x00000000fd200000, 0x00000000fd200000, 0x00000000fd300000|  0%| F|  |TAMS 0x00000000fd200000| PB 0x00000000fd200000| Untracked 
|2003|0x00000000fd300000, 0x00000000fd300000, 0x00000000fd400000|  0%| F|  |TAMS 0x00000000fd300000| PB 0x00000000fd300000| Untracked 
|2004|0x00000000fd400000, 0x00000000fd400000, 0x00000000fd500000|  0%| F|  |TAMS 0x00000000fd400000| PB 0x00000000fd400000| Untracked 
|2005|0x00000000fd500000, 0x00000000fd500000, 0x00000000fd600000|  0%| F|  |TAMS 0x00000000fd500000| PB 0x00000000fd500000| Untracked 
|2006|0x00000000fd600000, 0x00000000fd600000, 0x00000000fd700000|  0%| F|  |TAMS 0x00000000fd600000| PB 0x00000000fd600000| Untracked 
|2007|0x00000000fd700000, 0x00000000fd700000, 0x00000000fd800000|  0%| F|  |TAMS 0x00000000fd700000| PB 0x00000000fd700000| Untracked 
|2008|0x00000000fd800000, 0x00000000fd800000, 0x00000000fd900000|  0%| F|  |TAMS 0x00000000fd800000| PB 0x00000000fd800000| Untracked 
|2009|0x00000000fd900000, 0x00000000fd900000, 0x00000000fda00000|  0%| F|  |TAMS 0x00000000fd900000| PB 0x00000000fd900000| Untracked 
|2010|0x00000000fda00000, 0x00000000fda00000, 0x00000000fdb00000|  0%| F|  |TAMS 0x00000000fda00000| PB 0x00000000fda00000| Untracked 
|2011|0x00000000fdb00000, 0x00000000fdb00000, 0x00000000fdc00000|  0%| F|  |TAMS 0x00000000fdb00000| PB 0x00000000fdb00000| Untracked 
|2012|0x00000000fdc00000, 0x00000000fdc00000, 0x00000000fdd00000|  0%| F|  |TAMS 0x00000000fdc00000| PB 0x00000000fdc00000| Untracked 
|2013|0x00000000fdd00000, 0x00000000fdd00000, 0x00000000fde00000|  0%| F|  |TAMS 0x00000000fdd00000| PB 0x00000000fdd00000| Untracked 
|2014|0x00000000fde00000, 0x00000000fde00000, 0x00000000fdf00000|  0%| F|  |TAMS 0x00000000fde00000| PB 0x00000000fde00000| Untracked 
|2015|0x00000000fdf00000, 0x00000000fdf00000, 0x00000000fe000000|  0%| F|  |TAMS 0x00000000fdf00000| PB 0x00000000fdf00000| Untracked 
|2016|0x00000000fe000000, 0x00000000fe000000, 0x00000000fe100000|  0%| F|  |TAMS 0x00000000fe000000| PB 0x00000000fe000000| Untracked 
|2017|0x00000000fe100000, 0x00000000fe100000, 0x00000000fe200000|  0%| F|  |TAMS 0x00000000fe100000| PB 0x00000000fe100000| Untracked 
|2018|0x00000000fe200000, 0x00000000fe200000, 0x00000000fe300000|  0%| F|  |TAMS 0x00000000fe200000| PB 0x00000000fe200000| Untracked 
|2019|0x00000000fe300000, 0x00000000fe300000, 0x00000000fe400000|  0%| F|  |TAMS 0x00000000fe300000| PB 0x00000000fe300000| Untracked 
|2020|0x00000000fe400000, 0x00000000fe400000, 0x00000000fe500000|  0%| F|  |TAMS 0x00000000fe400000| PB 0x00000000fe400000| Untracked 
|2021|0x00000000fe500000, 0x00000000fe500000, 0x00000000fe600000|  0%| F|  |TAMS 0x00000000fe500000| PB 0x00000000fe500000| Untracked 
|2022|0x00000000fe600000, 0x00000000fe600000, 0x00000000fe700000|  0%| F|  |TAMS 0x00000000fe600000| PB 0x00000000fe600000| Untracked 
|2023|0x00000000fe700000, 0x00000000fe800000, 0x00000000fe800000|100%| O|  |TAMS 0x00000000fe700000| PB 0x00000000fe700000| Untracked 
|2024|0x00000000fe800000, 0x00000000fe800000, 0x00000000fe900000|  0%| F|  |TAMS 0x00000000fe800000| PB 0x00000000fe800000| Untracked 
|2025|0x00000000fe900000, 0x00000000fe900000, 0x00000000fea00000|  0%| F|  |TAMS 0x00000000fe900000| PB 0x00000000fe900000| Untracked 
|2026|0x00000000fea00000, 0x00000000fea00000, 0x00000000feb00000|  0%| F|  |TAMS 0x00000000fea00000| PB 0x00000000fea00000| Untracked 
|2027|0x00000000feb00000, 0x00000000feb00000, 0x00000000fec00000|  0%| F|  |TAMS 0x00000000feb00000| PB 0x00000000feb00000| Untracked 
|2028|0x00000000fec00000, 0x00000000fec00000, 0x00000000fed00000|  0%| F|  |TAMS 0x00000000fec00000| PB 0x00000000fec00000| Untracked 
|2029|0x00000000fed00000, 0x00000000fed00000, 0x00000000fee00000|  0%| F|  |TAMS 0x00000000fed00000| PB 0x00000000fed00000| Untracked 
|2030|0x00000000fee00000, 0x00000000fee00000, 0x00000000fef00000|  0%| F|  |TAMS 0x00000000fee00000| PB 0x00000000fee00000| Untracked 
|2031|0x00000000fef00000, 0x00000000fef00000, 0x00000000ff000000|  0%| F|  |TAMS 0x00000000fef00000| PB 0x00000000fef00000| Untracked 
|2032|0x00000000ff000000, 0x00000000ff000000, 0x00000000ff100000|  0%| F|  |TAMS 0x00000000ff000000| PB 0x00000000ff000000| Untracked 
|2033|0x00000000ff100000, 0x00000000ff100000, 0x00000000ff200000|  0%| F|  |TAMS 0x00000000ff100000| PB 0x00000000ff100000| Untracked 
|2034|0x00000000ff200000, 0x00000000ff200000, 0x00000000ff300000|  0%| F|  |TAMS 0x00000000ff200000| PB 0x00000000ff200000| Untracked 
|2035|0x00000000ff300000, 0x00000000ff300000, 0x00000000ff400000|  0%| F|  |TAMS 0x00000000ff300000| PB 0x00000000ff300000| Untracked 
|2036|0x00000000ff400000, 0x00000000ff400000, 0x00000000ff500000|  0%| F|  |TAMS 0x00000000ff400000| PB 0x00000000ff400000| Untracked 
|2037|0x00000000ff500000, 0x00000000ff500000, 0x00000000ff600000|  0%| F|  |TAMS 0x00000000ff500000| PB 0x00000000ff500000| Untracked 
|2038|0x00000000ff600000, 0x00000000ff600000, 0x00000000ff700000|  0%| F|  |TAMS 0x00000000ff600000| PB 0x00000000ff600000| Untracked 
|2039|0x00000000ff700000, 0x00000000ff800000, 0x00000000ff800000|100%| O|  |TAMS 0x00000000ff700000| PB 0x00000000ff700000| Untracked 
|2040|0x00000000ff800000, 0x00000000ff900000, 0x00000000ff900000|100%| O|  |TAMS 0x00000000ff800000| PB 0x00000000ff800000| Untracked 
|2041|0x00000000ff900000, 0x00000000ffa00000, 0x00000000ffa00000|100%| O|  |TAMS 0x00000000ff900000| PB 0x00000000ff900000| Untracked 
|2042|0x00000000ffa00000, 0x00000000ffb00000, 0x00000000ffb00000|100%| O|  |TAMS 0x00000000ffa00000| PB 0x00000000ffa00000| Untracked 
|2043|0x00000000ffb00000, 0x00000000ffc00000, 0x00000000ffc00000|100%| O|  |TAMS 0x00000000ffb00000| PB 0x00000000ffb00000| Untracked 
|2044|0x00000000ffc00000, 0x00000000ffc00000, 0x00000000ffd00000|  0%| F|  |TAMS 0x00000000ffc00000| PB 0x00000000ffc00000| Untracked 
|2045|0x00000000ffd00000, 0x00000000ffd00000, 0x00000000ffe00000|  0%| F|  |TAMS 0x00000000ffd00000| PB 0x00000000ffd00000| Untracked 
|2046|0x00000000ffe00000, 0x00000000ffe00000, 0x00000000fff00000|  0%| F|  |TAMS 0x00000000ffe00000| PB 0x00000000ffe00000| Untracked 
|2047|0x00000000fff00000, 0x0000000100000000, 0x0000000100000000|100%| O|  |TAMS 0x00000000fff00000| PB 0x00000000fff00000| Untracked 

Card table byte_map: [0x000001dfcc030000,0x000001dfcc430000] _byte_map_base: 0x000001dfcbc30000

Marking Bits: (CMBitMap*) 0x000001dfb9b33ed0
 Bits: [0x000001dfcc430000, 0x000001dfce430000)

Polling page: 0x000001dfb7a60000

Metaspace:

Usage:
  Non-class:    192.47 MB used.
      Class:     27.08 MB used.
       Both:    219.55 MB used.

Virtual space:
  Non-class space:      256.00 MB reserved,     193.31 MB ( 76%) committed,  4 nodes.
      Class space:        1.00 GB reserved,      27.94 MB (  3%) committed,  1 nodes.
             Both:        1.25 GB reserved,     221.25 MB ( 17%) committed. 

Chunk freelists:
   Non-Class:  14.28 MB
       Class:  3.89 MB
        Both:  18.17 MB

MaxMetaspaceSize: unlimited
CompressedClassSpaceSize: 1.00 GB
Initial GC threshold: 21.00 MB
Current GC threshold: 361.19 MB
CDS: off
 - commit_granule_bytes: 65536.
 - commit_granule_words: 8192.
 - virtual_space_node_default_size: 8388608.
 - enlarge_chunks_in_place: 1.
 - use_allocation_guard: 0.


Internal statistics:

num_allocs_failed_limit: 12.
num_arena_births: 5792.
num_arena_deaths: 2942.
num_vsnodes_births: 5.
num_vsnodes_deaths: 0.
num_space_committed: 3760.
num_space_uncommitted: 53.
num_chunks_returned_to_freelist: 4628.
num_chunks_taken_from_freelist: 17825.
num_chunk_merges: 1451.
num_chunk_splits: 10558.
num_chunks_enlarged: 7161.
num_inconsistent_stats: 0.

CodeHeap 'non-profiled nmethods': size=120000Kb used=28920Kb max_used=32110Kb free=91079Kb
 bounds [0x000001dfc4700000, 0x000001dfc6660000, 0x000001dfcbc30000]
CodeHeap 'profiled nmethods': size=120000Kb used=42487Kb max_used=51985Kb free=77512Kb
 bounds [0x000001dfbcc30000, 0x000001dfbff30000, 0x000001dfc4160000]
CodeHeap 'non-nmethods': size=5760Kb used=3505Kb max_used=3585Kb free=2254Kb
 bounds [0x000001dfc4160000, 0x000001dfc44f0000, 0x000001dfc4700000]
 total_blobs=22722 nmethods=21519 adapters=1104
 compilation: enabled
              stopped_count=0, restarted_count=0
 full_count=0

Compilation events (20 events):
Event: 3205.085 Thread 0x000001dfd0af06b0 64437       3       kotlin.io.LinesSequence::<init> (16 bytes)
Event: 3205.085 Thread 0x000001dfd0af06b0 nmethod 64437 0x000001dfbd0f6890 code [0x000001dfbd0f6ac0, 0x000001dfbd0f7108]
Event: 3205.085 Thread 0x000001dfd0af06b0 64438       3       android.databinding.tool.util.SymbolTable::<init> (27 bytes)
Event: 3205.086 Thread 0x000001dfd0af06b0 nmethod 64438 0x000001dfbd46ce90 code [0x000001dfbd46d140, 0x000001dfbd46dc30]
Event: 3205.109 Thread 0x000001dfd0af06b0 64440       3       com.sun.tools.javac.comp.Modules::initVisiblePackages (114 bytes)
Event: 3205.111 Thread 0x000001dfd0af06b0 nmethod 64440 0x000001dfbf0bd590 code [0x000001dfbf0bd8e0, 0x000001dfbf0bedb8]
Event: 3205.200 Thread 0x000001dfd0af06b0 64441       3       com.sun.tools.javac.tree.JCTree$Visitor::visitNewArray (6 bytes)
Event: 3205.201 Thread 0x000001dfd0af06b0 nmethod 64441 0x000001dfbd274590 code [0x000001dfbd274740, 0x000001dfbd274900]
Event: 3205.204 Thread 0x000001dfd0aefc20 nmethod 64429 0x000001dfc50f1010 code [0x000001dfc50f17e0, 0x000001dfc50f7b40]
Event: 3205.204 Thread 0x000001dfd0aefc20 64432       4       kotlin.text.StringsKt__StringsKt::split$StringsKt__StringsKt (161 bytes)
Event: 3205.205 Thread 0x000001dfd0af06b0 64442       3       com.sun.tools.javac.tree.TreeMaker::MethodDef (11 bytes)
Event: 3205.205 Thread 0x000001dfd0af06b0 nmethod 64442 0x000001dfbd2a8f10 code [0x000001dfbd2a90c0, 0x000001dfbd2a9210]
Event: 3205.205 Thread 0x000001dfd0af06b0 64443       3       com.sun.tools.javac.tree.TreeMaker::MethodDef (112 bytes)
Event: 3205.206 Thread 0x000001dfd0af06b0 nmethod 64443 0x000001dfbd4b0e90 code [0x000001dfbd4b1160, 0x000001dfbd4b1f80]
Event: 3205.237 Thread 0x000001dfd0aefc20 nmethod 64432 0x000001dfc5c79510 code [0x000001dfc5c79820, 0x000001dfc5c7bdb8]
Event: 3205.237 Thread 0x000001dfd0aefc20 64433 %     4       com.google.common.collect.ObjectArrays::checkElementsNotNull @ 2 (23 bytes)
Event: 3205.240 Thread 0x000001dfd0aefc20 nmethod 64433% 0x000001dfc4968190 code [0x000001dfc4968320, 0x000001dfc4968550]
Event: 3205.240 Thread 0x000001dfd0aefc20 64439       4       com.sun.tools.javac.tree.TreeScanner::visitThrow (9 bytes)
Event: 3205.240 Thread 0x000001dfd0aefc20 nmethod 64439 0x000001dfc4cbda90 code [0x000001dfc4cbdc20, 0x000001dfc4cbdce8]
Event: 3205.248 Thread 0x000001dfd0aefc20 64444       4       com.sun.tools.javac.code.TypeAnnotations$TypeAnnotationPositions::visitClassDef (87 bytes)

GC Heap History (20 events):
Event: 2986.395 GC heap after
{Heap after GC invocations=147 (full 0):
 garbage-first heap   total 1454080K, used 670144K [0x0000000080000000, 0x0000000100000000)
  region size 1024K, 12 young (12288K), 12 survivors (12288K)
 Metaspace       used 225783K, committed 227840K, reserved 1310720K
  class space    used 27897K, committed 28928K, reserved 1048576K
}
Event: 3184.221 GC heap before
{Heap before GC invocations=147 (full 0):
 garbage-first heap   total 1454080K, used 984512K [0x0000000080000000, 0x0000000100000000)
  region size 1024K, 269 young (275456K), 12 survivors (12288K)
 Metaspace       used 225935K, committed 227968K, reserved 1310720K
  class space    used 27900K, committed 28928K, reserved 1048576K
}
Event: 3184.849 GC heap after
{Heap after GC invocations=148 (full 0):
 garbage-first heap   total 1454080K, used 703295K [0x0000000080000000, 0x0000000100000000)
  region size 1024K, 34 young (34816K), 34 survivors (34816K)
 Metaspace       used 225935K, committed 227968K, reserved 1310720K
  class space    used 27900K, committed 28928K, reserved 1048576K
}
Event: 3186.645 GC heap before
{Heap before GC invocations=148 (full 0):
 garbage-first heap   total 1454080K, used 769855K [0x0000000080000000, 0x0000000100000000)
  region size 1024K, 71 young (72704K), 34 survivors (34816K)
 Metaspace       used 225942K, committed 227968K, reserved 1310720K
  class space    used 27900K, committed 28928K, reserved 1048576K
}
Event: 3186.771 GC heap after
{Heap after GC invocations=149 (full 0):
 garbage-first heap   total 1454080K, used 707008K [0x0000000080000000, 0x0000000100000000)
  region size 1024K, 6 young (6144K), 6 survivors (6144K)
 Metaspace       used 225942K, committed 227968K, reserved 1310720K
  class space    used 27900K, committed 28928K, reserved 1048576K
}
Event: 3186.802 GC heap before
{Heap before GC invocations=149 (full 0):
 garbage-first heap   total 1454080K, used 710080K [0x0000000080000000, 0x0000000100000000)
  region size 1024K, 10 young (10240K), 6 survivors (6144K)
 Metaspace       used 225942K, committed 227968K, reserved 1310720K
  class space    used 27900K, committed 28928K, reserved 1048576K
}
Event: 3186.843 GC heap after
{Heap after GC invocations=150 (full 0):
 garbage-first heap   total 1454080K, used 709056K [0x0000000080000000, 0x0000000100000000)
  region size 1024K, 2 young (2048K), 2 survivors (2048K)
 Metaspace       used 225942K, committed 227968K, reserved 1310720K
  class space    used 27900K, committed 28928K, reserved 1048576K
}
Event: 3188.017 GC heap before
{Heap before GC invocations=150 (full 0):
 garbage-first heap   total 1454080K, used 781760K [0x0000000080000000, 0x0000000100000000)
  region size 1024K, 71 young (72704K), 2 survivors (2048K)
 Metaspace       used 225964K, committed 228032K, reserved 1310720K
  class space    used 27900K, committed 28928K, reserved 1048576K
}
Event: 3188.072 GC heap after
{Heap after GC invocations=151 (full 0):
 garbage-first heap   total 1454080K, used 714023K [0x0000000080000000, 0x0000000100000000)
  region size 1024K, 7 young (7168K), 7 survivors (7168K)
 Metaspace       used 225964K, committed 228032K, reserved 1310720K
  class space    used 27900K, committed 28928K, reserved 1048576K
}
Event: 3197.694 GC heap before
{Heap before GC invocations=152 (full 0):
 garbage-first heap   total 1454080K, used 520487K [0x0000000080000000, 0x0000000100000000)
  region size 1024K, 71 young (72704K), 7 survivors (7168K)
 Metaspace       used 216230K, committed 221888K, reserved 1310720K
  class space    used 26713K, committed 28480K, reserved 1048576K
}
Event: 3197.735 GC heap after
{Heap after GC invocations=153 (full 0):
 garbage-first heap   total 1454080K, used 465606K [0x0000000080000000, 0x0000000100000000)
  region size 1024K, 9 young (9216K), 9 survivors (9216K)
 Metaspace       used 216230K, committed 221888K, reserved 1310720K
  class space    used 26713K, committed 28480K, reserved 1048576K
}
Event: 3199.270 GC heap before
{Heap before GC invocations=153 (full 0):
 garbage-first heap   total 1454080K, used 570054K [0x0000000080000000, 0x0000000100000000)
  region size 1024K, 110 young (112640K), 9 survivors (9216K)
 Metaspace       used 216238K, committed 221888K, reserved 1310720K
  class space    used 26713K, committed 28480K, reserved 1048576K
}
Event: 3199.284 GC heap after
{Heap after GC invocations=154 (full 0):
 garbage-first heap   total 1454080K, used 444352K [0x0000000080000000, 0x0000000100000000)
  region size 1024K, 2 young (2048K), 2 survivors (2048K)
 Metaspace       used 216238K, committed 221888K, reserved 1310720K
  class space    used 26713K, committed 28480K, reserved 1048576K
}
Event: 3202.418 GC heap before
{Heap before GC invocations=154 (full 0):
 garbage-first heap   total 1454080K, used 678848K [0x0000000080000000, 0x0000000100000000)
  region size 1024K, 224 young (229376K), 2 survivors (2048K)
 Metaspace       used 219481K, committed 222272K, reserved 1310720K
  class space    used 26970K, committed 28480K, reserved 1048576K
}
Event: 3202.575 GC heap after
{Heap after GC invocations=155 (full 0):
 garbage-first heap   total 1454080K, used 491456K [0x0000000080000000, 0x0000000100000000)
  region size 1024K, 28 young (28672K), 28 survivors (28672K)
 Metaspace       used 219481K, committed 222272K, reserved 1310720K
  class space    used 26970K, committed 28480K, reserved 1048576K
}
Event: 3202.903 GC heap before
{Heap before GC invocations=155 (full 0):
 garbage-first heap   total 1454080K, used 535488K [0x0000000080000000, 0x0000000100000000)
  region size 1024K, 71 young (72704K), 28 survivors (28672K)
 Metaspace       used 220158K, committed 222656K, reserved 1310720K
  class space    used 27046K, committed 28480K, reserved 1048576K
}
Event: 3203.136 GC heap after
{Heap after GC invocations=156 (full 0):
 garbage-first heap   total 1454080K, used 500160K [0x0000000080000000, 0x0000000100000000)
  region size 1024K, 9 young (9216K), 9 survivors (9216K)
 Metaspace       used 220158K, committed 222656K, reserved 1310720K
  class space    used 27046K, committed 28480K, reserved 1048576K
}
Event: 3204.756 GC heap before
{Heap before GC invocations=156 (full 0):
 garbage-first heap   total 1454080K, used 566720K [0x0000000080000000, 0x0000000100000000)
  region size 1024K, 72 young (73728K), 9 survivors (9216K)
 Metaspace       used 224787K, committed 226496K, reserved 1310720K
  class space    used 27729K, committed 28608K, reserved 1048576K
}
Event: 3204.796 GC heap after
{Heap after GC invocations=157 (full 0):
 garbage-first heap   total 1454080K, used 496064K [0x0000000080000000, 0x0000000100000000)
  region size 1024K, 9 young (9216K), 9 survivors (9216K)
 Metaspace       used 224787K, committed 226496K, reserved 1310720K
  class space    used 27729K, committed 28608K, reserved 1048576K
}
Event: 3205.256 GC heap before
{Heap before GC invocations=157 (full 0):
 garbage-first heap   total 1454080K, used 630208K [0x0000000080000000, 0x0000000100000000)
  region size 1024K, 140 young (143360K), 9 survivors (9216K)
 Metaspace       used 224822K, committed 226560K, reserved 1310720K
  class space    used 27730K, committed 28608K, reserved 1048576K
}

Dll operation events (3 events):
Event: 0.043 Loaded shared library C:\Program Files\Android\Android Studio\jbr\bin\java.dll
Event: 0.063 Loaded shared library C:\Program Files\Android\Android Studio\jbr\bin\zip.dll
Event: 0.911 Loaded shared library C:\Program Files\Android\Android Studio\jbr\bin\verify.dll

Deoptimization events (20 events):
Event: 3203.189 Thread 0x000001dfe8c24010 Uncommon trap: trap_request=0xffffffde fr.pc=0x000001dfc4e7121c relative=0x000000000000017c
Event: 3203.189 Thread 0x000001dfe8c24010 Uncommon trap: reason=class_check action=maybe_recompile pc=0x000001dfc4e7121c method=kotlin.jvm.internal.Intrinsics.areEqual(Ljava/lang/Object;Ljava/lang/Object;)Z @ 18 c2
Event: 3203.189 Thread 0x000001dfe8c24010 DEOPT PACKING pc=0x000001dfc4e7121c sp=0x00000089ec2fcdc0
Event: 3203.189 Thread 0x000001dfe8c24010 DEOPT UNPACKING pc=0x000001dfc41b7da2 sp=0x00000089ec2fcd58 mode 2
Event: 3204.349 Thread 0x000001dfe8c24010 Uncommon trap: trap_request=0xffffff45 fr.pc=0x000001dfc6341154 relative=0x0000000000001c34
Event: 3204.349 Thread 0x000001dfe8c24010 Uncommon trap: reason=unstable_if action=reinterpret pc=0x000001dfc6341154 method=kotlin.text.StringsKt__StringsKt.split$StringsKt__StringsKt(Ljava/lang/CharSequence;Ljava/lang/String;ZI)Ljava/util/List; @ 20 c2
Event: 3204.349 Thread 0x000001dfe8c24010 DEOPT PACKING pc=0x000001dfc6341154 sp=0x00000089ec2fcbf0
Event: 3204.349 Thread 0x000001dfe8c24010 DEOPT UNPACKING pc=0x000001dfc41b7da2 sp=0x00000089ec2fcbc8 mode 2
Event: 3204.361 Thread 0x000001dfe8c24010 Uncommon trap: trap_request=0xffffffde fr.pc=0x000001dfc4e7121c relative=0x000000000000017c
Event: 3204.361 Thread 0x000001dfe8c24010 Uncommon trap: reason=class_check action=maybe_recompile pc=0x000001dfc4e7121c method=kotlin.jvm.internal.Intrinsics.areEqual(Ljava/lang/Object;Ljava/lang/Object;)Z @ 18 c2
Event: 3204.361 Thread 0x000001dfe8c24010 DEOPT PACKING pc=0x000001dfc4e7121c sp=0x00000089ec2fc840
Event: 3204.361 Thread 0x000001dfe8c24010 DEOPT UNPACKING pc=0x000001dfc41b7da2 sp=0x00000089ec2fc7d8 mode 2
Event: 3204.990 Thread 0x000001dfe8c24010 DEOPT PACKING pc=0x000001dfbdde3019 sp=0x00000089ec2fd0d0
Event: 3204.990 Thread 0x000001dfe8c24010 DEOPT UNPACKING pc=0x000001dfc41b88e2 sp=0x00000089ec2fc6e8 mode 0
Event: 3205.030 Thread 0x000001dfe8c24010 Uncommon trap: trap_request=0xffffff45 fr.pc=0x000001dfc5a0d35c relative=0x000000000000125c
Event: 3205.030 Thread 0x000001dfe8c24010 Uncommon trap: reason=unstable_if action=reinterpret pc=0x000001dfc5a0d35c method=android.databinding.tool.reflection.SdkUtil$ApiChecker.buildFullLookup()V @ 49 c2
Event: 3205.030 Thread 0x000001dfe8c24010 DEOPT PACKING pc=0x000001dfc5a0d35c sp=0x00000089ec2fd200
Event: 3205.030 Thread 0x000001dfe8c24010 DEOPT UNPACKING pc=0x000001dfc41b7da2 sp=0x00000089ec2fd1e8 mode 2
Event: 3205.107 Thread 0x000001dfe8c24010 DEOPT PACKING pc=0x000001dfbe5693d2 sp=0x00000089ec2fd610
Event: 3205.107 Thread 0x000001dfe8c24010 DEOPT UNPACKING pc=0x000001dfc41b88e2 sp=0x00000089ec2fcb98 mode 0

Classes loaded (20 events):
Event: 1128.543 Loading class java/security/DigestException
Event: 1128.544 Loading class java/security/DigestException done
Event: 1128.561 Loading class java/util/concurrent/ForkJoinTask$AdaptedInterruptibleRunnable
Event: 1128.561 Loading class java/util/concurrent/ForkJoinTask$AdaptedInterruptibleRunnable done
Event: 1128.699 Loading class sun/security/rsa/RSACore$BlindingParameters
Event: 1128.700 Loading class sun/security/rsa/RSACore$BlindingParameters done
Event: 1128.709 Loading class sun/security/rsa/RSACore$BlindingRandomPair
Event: 1128.709 Loading class sun/security/rsa/RSACore$BlindingRandomPair done
Event: 1136.933 Loading class java/lang/StackStreamFactory
Event: 1136.935 Loading class java/lang/StackStreamFactory done
Event: 1136.936 Loading class java/lang/StackWalker$ExtendedOption
Event: 1136.936 Loading class java/lang/StackWalker$ExtendedOption done
Event: 1136.936 Loading class java/lang/StackStreamFactory$StackFrameTraverser
Event: 1136.937 Loading class java/lang/StackStreamFactory$StackFrameTraverser done
Event: 1136.937 Loading class java/lang/StackStreamFactory$WalkerState
Event: 1136.937 Loading class java/lang/StackStreamFactory$WalkerState done
Event: 1136.938 Loading class java/lang/StackStreamFactory$StackFrameTraverser$StackFrameBuffer
Event: 1136.938 Loading class java/lang/StackStreamFactory$FrameBuffer
Event: 1136.938 Loading class java/lang/StackStreamFactory$FrameBuffer done
Event: 1136.938 Loading class java/lang/StackStreamFactory$StackFrameTraverser$StackFrameBuffer done

Classes unloaded (20 events):
Event: 3189.423 Thread 0x000001dfd09236f0 Unloading class 0x0000000100324400 'java/lang/invoke/LambdaForm$MH+0x0000000100324400'
Event: 3189.423 Thread 0x000001dfd09236f0 Unloading class 0x0000000100315400 'java/lang/invoke/LambdaForm$MH+0x0000000100315400'
Event: 3189.423 Thread 0x000001dfd09236f0 Unloading class 0x0000000100314000 'java/lang/invoke/LambdaForm$MH+0x0000000100314000'
Event: 3189.423 Thread 0x000001dfd09236f0 Unloading class 0x0000000100282000 'java/lang/invoke/LambdaForm$MH+0x0000000100282000'
Event: 3189.423 Thread 0x000001dfd09236f0 Unloading class 0x0000000100280000 'java/lang/invoke/LambdaForm$MH+0x0000000100280000'
Event: 3189.424 Thread 0x000001dfd09236f0 Unloading class 0x0000000100260800 'java/lang/invoke/LambdaForm$MH+0x0000000100260800'
Event: 3189.424 Thread 0x000001dfd09236f0 Unloading class 0x0000000100260000 'java/lang/invoke/LambdaForm$MH+0x0000000100260000'
Event: 3189.424 Thread 0x000001dfd09236f0 Unloading class 0x000000010025d400 'java/lang/invoke/LambdaForm$MH+0x000000010025d400'
Event: 3189.424 Thread 0x000001dfd09236f0 Unloading class 0x0000000100220000 'java/lang/invoke/LambdaForm$MH+0x0000000100220000'
Event: 3189.424 Thread 0x000001dfd09236f0 Unloading class 0x0000000100202400 'java/lang/invoke/LambdaForm$MH+0x0000000100202400'
Event: 3189.424 Thread 0x000001dfd09236f0 Unloading class 0x0000000100202000 'java/lang/invoke/LambdaForm$MH+0x0000000100202000'
Event: 3189.424 Thread 0x000001dfd09236f0 Unloading class 0x00000001001b5c00 'java/lang/invoke/LambdaForm$MH+0x00000001001b5c00'
Event: 3189.424 Thread 0x000001dfd09236f0 Unloading class 0x00000001001b5000 'java/lang/invoke/LambdaForm$MH+0x00000001001b5000'
Event: 3189.424 Thread 0x000001dfd09236f0 Unloading class 0x00000001001b4c00 'java/lang/invoke/LambdaForm$MH+0x00000001001b4c00'
Event: 3189.425 Thread 0x000001dfd09236f0 Unloading class 0x00000001001b4800 'java/lang/invoke/LambdaForm$MH+0x00000001001b4800'
Event: 3189.425 Thread 0x000001dfd09236f0 Unloading class 0x00000001001b0400 'java/lang/invoke/LambdaForm$MH+0x00000001001b0400'
Event: 3189.425 Thread 0x000001dfd09236f0 Unloading class 0x00000001001b0000 'java/lang/invoke/LambdaForm$MH+0x00000001001b0000'
Event: 3189.425 Thread 0x000001dfd09236f0 Unloading class 0x0000000100181000 'java/lang/invoke/LambdaForm$MH+0x0000000100181000'
Event: 3189.425 Thread 0x000001dfd09236f0 Unloading class 0x0000000100180c00 'java/lang/invoke/LambdaForm$MH+0x0000000100180c00'
Event: 3189.425 Thread 0x000001dfd09236f0 Unloading class 0x0000000100180800 'java/lang/invoke/LambdaForm$MH+0x0000000100180800'

Classes redefined (0 events):
No events

Internal exceptions (20 events):
Event: 3204.547 Thread 0x000001dfe8c24010 Exception <a 'sun/nio/fs/WindowsException'{0x00000000fd8728f0}> (0x00000000fd8728f0) 
thrown [s\src\hotspot\share\prims\jni.cpp, line 535]
Event: 3204.548 Thread 0x000001dfe8c24010 Exception <a 'sun/nio/fs/WindowsException'{0x00000000fd873368}> (0x00000000fd873368) 
thrown [s\src\hotspot\share\prims\jni.cpp, line 535]
Event: 3204.548 Thread 0x000001dfe8c24010 Exception <a 'sun/nio/fs/WindowsException'{0x00000000fd873c40}> (0x00000000fd873c40) 
thrown [s\src\hotspot\share\prims\jni.cpp, line 535]
Event: 3204.548 Thread 0x000001dfe8c24010 Exception <a 'sun/nio/fs/WindowsException'{0x00000000fd8744c0}> (0x00000000fd8744c0) 
thrown [s\src\hotspot\share\prims\jni.cpp, line 535]
Event: 3204.548 Thread 0x000001dfe8c24010 Exception <a 'sun/nio/fs/WindowsException'{0x00000000fd874e78}> (0x00000000fd874e78) 
thrown [s\src\hotspot\share\prims\jni.cpp, line 535]
Event: 3204.548 Thread 0x000001dfe8c24010 Exception <a 'sun/nio/fs/WindowsException'{0x00000000fd875828}> (0x00000000fd875828) 
thrown [s\src\hotspot\share\prims\jni.cpp, line 535]
Event: 3204.548 Thread 0x000001dfe8c24010 Exception <a 'sun/nio/fs/WindowsException'{0x00000000fd8761c8}> (0x00000000fd8761c8) 
thrown [s\src\hotspot\share\prims\jni.cpp, line 535]
Event: 3204.584 Thread 0x000001dfe8c24010 Exception <a 'sun/nio/fs/WindowsException'{0x00000000fd664438}> (0x00000000fd664438) 
thrown [s\src\hotspot\share\prims\jni.cpp, line 535]
Event: 3204.584 Thread 0x000001dfe8c24010 Exception <a 'sun/nio/fs/WindowsException'{0x00000000fd664ea8}> (0x00000000fd664ea8) 
thrown [s\src\hotspot\share\prims\jni.cpp, line 535]
Event: 3204.584 Thread 0x000001dfe8c24010 Exception <a 'sun/nio/fs/WindowsException'{0x00000000fd665798}> (0x00000000fd665798) 
thrown [s\src\hotspot\share\prims\jni.cpp, line 535]
Event: 3204.584 Thread 0x000001dfe8c24010 Exception <a 'sun/nio/fs/WindowsException'{0x00000000fd666018}> (0x00000000fd666018) 
thrown [s\src\hotspot\share\prims\jni.cpp, line 535]
Event: 3204.584 Thread 0x000001dfe8c24010 Exception <a 'sun/nio/fs/WindowsException'{0x00000000fd666a00}> (0x00000000fd666a00) 
thrown [s\src\hotspot\share\prims\jni.cpp, line 535]
Event: 3204.590 Thread 0x000001dfe8c24010 Exception <a 'sun/nio/fs/WindowsException'{0x00000000fd6b5a70}> (0x00000000fd6b5a70) 
thrown [s\src\hotspot\share\prims\jni.cpp, line 535]
Event: 3204.590 Thread 0x000001dfe8c24010 Exception <a 'sun/nio/fs/WindowsException'{0x00000000fd6b64a8}> (0x00000000fd6b64a8) 
thrown [s\src\hotspot\share\prims\jni.cpp, line 535]
Event: 3204.630 Thread 0x000001dfe8c24010 Exception <a 'sun/nio/fs/WindowsException'{0x00000000fd411a58}> (0x00000000fd411a58) 
thrown [s\src\hotspot\share\prims\jni.cpp, line 535]
Event: 3204.630 Thread 0x000001dfe8c24010 Exception <a 'sun/nio/fs/WindowsException'{0x00000000fd4124b0}> (0x00000000fd4124b0) 
thrown [s\src\hotspot\share\prims\jni.cpp, line 535]
Event: 3204.634 Thread 0x000001dfe8c24010 Exception <a 'sun/nio/fs/WindowsException'{0x00000000fd4667f8}> (0x00000000fd4667f8) 
thrown [s\src\hotspot\share\prims\jni.cpp, line 535]
Event: 3204.634 Thread 0x000001dfe8c24010 Exception <a 'sun/nio/fs/WindowsException'{0x00000000fd467260}> (0x00000000fd467260) 
thrown [s\src\hotspot\share\prims\jni.cpp, line 535]
Event: 3204.657 Thread 0x000001dfe8c24010 Exception <a 'sun/nio/fs/WindowsException'{0x00000000fd32d038}> (0x00000000fd32d038) 
thrown [s\src\hotspot\share\prims\jni.cpp, line 535]
Event: 3205.109 Thread 0x000001dfe8c24010 Exception <a 'sun/nio/fs/WindowsException'{0x00000000d224e560}> (0x00000000d224e560) 
thrown [s\src\hotspot\share\prims\jni.cpp, line 535]

ZGC Phase Switch (0 events):
No events

VM Operations (20 events):
Event: 3192.594 Executing VM operation: G1PauseCleanup done
Event: 3197.694 Executing VM operation: G1CollectForAllocation (G1 Evacuation Pause)
Event: 3197.735 Executing VM operation: G1CollectForAllocation (G1 Evacuation Pause) done
Event: 3198.736 Executing VM operation: Cleanup
Event: 3198.737 Executing VM operation: Cleanup done
Event: 3199.270 Executing VM operation: G1CollectForAllocation (G1 Evacuation Pause)
Event: 3199.284 Executing VM operation: G1CollectForAllocation (G1 Evacuation Pause) done
Event: 3201.283 Executing VM operation: Cleanup
Event: 3201.283 Executing VM operation: Cleanup done
Event: 3202.284 Executing VM operation: Cleanup
Event: 3202.284 Executing VM operation: Cleanup done
Event: 3202.418 Executing VM operation: G1CollectForAllocation (G1 Evacuation Pause)
Event: 3202.575 Executing VM operation: G1CollectForAllocation (G1 Evacuation Pause) done
Event: 3202.903 Executing VM operation: G1CollectForAllocation (G1 Evacuation Pause)
Event: 3203.136 Executing VM operation: G1CollectForAllocation (G1 Evacuation Pause) done
Event: 3204.137 Executing VM operation: Cleanup
Event: 3204.137 Executing VM operation: Cleanup done
Event: 3204.756 Executing VM operation: G1CollectForAllocation (G1 Evacuation Pause)
Event: 3204.796 Executing VM operation: G1CollectForAllocation (G1 Evacuation Pause) done
Event: 3205.256 Executing VM operation: G1CollectForAllocation (G1 Evacuation Pause)

Memory protections (0 events):
No events

Nmethod flushes (20 events):
Event: 3191.608 Thread 0x000001dfd09236f0 flushing  nmethod 0x000001dfbfd7e890
Event: 3191.608 Thread 0x000001dfd09236f0 flushing  nmethod 0x000001dfbfd80210
Event: 3191.608 Thread 0x000001dfd09236f0 flushing  nmethod 0x000001dfbfdd5e10
Event: 3191.608 Thread 0x000001dfd09236f0 flushing  nmethod 0x000001dfbfe43790
Event: 3191.608 Thread 0x000001dfd09236f0 flushing osr nmethod 0x000001dfbfe44990
Event: 3191.608 Thread 0x000001dfd09236f0 flushing  nmethod 0x000001dfbfe46d90
Event: 3191.608 Thread 0x000001dfd09236f0 flushing  nmethod 0x000001dfbfe4a790
Event: 3191.608 Thread 0x000001dfd09236f0 flushing  nmethod 0x000001dfbfe4ae90
Event: 3191.608 Thread 0x000001dfd09236f0 flushing  nmethod 0x000001dfbfe98090
Event: 3191.608 Thread 0x000001dfd09236f0 flushing  nmethod 0x000001dfbfe98590
Event: 3191.608 Thread 0x000001dfd09236f0 flushing  nmethod 0x000001dfbfe98910
Event: 3191.608 Thread 0x000001dfd09236f0 flushing  nmethod 0x000001dfbfe99b10
Event: 3191.608 Thread 0x000001dfd09236f0 flushing  nmethod 0x000001dfbfe99f10
Event: 3191.608 Thread 0x000001dfd09236f0 flushing  nmethod 0x000001dfbfe9ab90
Event: 3191.608 Thread 0x000001dfd09236f0 flushing  nmethod 0x000001dfbfe9b690
Event: 3191.608 Thread 0x000001dfd09236f0 flushing  nmethod 0x000001dfbfe9cd10
Event: 3191.608 Thread 0x000001dfd09236f0 flushing  nmethod 0x000001dfbfe9d410
Event: 3191.608 Thread 0x000001dfd09236f0 flushing  nmethod 0x000001dfbfe9df10
Event: 3191.608 Thread 0x000001dfd09236f0 flushing  nmethod 0x000001dfbfea2b10
Event: 3191.608 Thread 0x000001dfd09236f0 flushing  nmethod 0x000001dfbfea3190

Events (20 events):
Event: 3182.801 Thread 0x000001dfe8c1a920 Thread added: 0x000001dfe8c21220
Event: 3182.802 Thread 0x000001dfe8c1a920 Thread added: 0x000001dfe8c24d30
Event: 3182.804 Thread 0x000001dfe8c1a920 Thread added: 0x000001dfe8c1e430
Event: 3186.450 Thread 0x000001dfe8c1a920 Thread added: 0x000001dfe8c24010
Event: 3186.607 Thread 0x000001dfe8c1afb0 Thread added: 0x000001dfe8c1f150
Event: 3186.978 Thread 0x000001dfe8c160f0 Thread added: 0x000001dfe8c21f40
Event: 3186.978 Thread 0x000001dfe8c160f0 Thread added: 0x000001dfe8c22c60
Event: 3186.978 Thread 0x000001dfe8c160f0 Thread added: 0x000001dfe8c246a0
Event: 3187.078 Thread 0x000001dfe8c160f0 Thread added: 0x000001dfe8c1dda0
Event: 3187.079 Thread 0x000001dfe8c160f0 Thread added: 0x000001dfe8c25a50
Event: 3187.080 Thread 0x000001dfe8c160f0 Thread added: 0x000001dfe8c225d0
Event: 3188.741 Thread 0x000001dfe8c1afb0 Thread added: 0x000001dfe8c232f0
Event: 3188.879 Thread 0x000001dfe8c1afb0 Thread added: 0x000001dfe8c260e0
Event: 3191.891 Thread 0x000001dfe8c1f150 Thread added: 0x000001dfe8c20500
Event: 3191.913 Thread 0x000001dfe8c1f150 Thread added: 0x000001dfe8c26770
Event: 3191.913 Thread 0x000001dfe8c1f150 Thread added: 0x000001dfe8c1f7e0
Event: 3197.922 Thread 0x000001dfe8c1a290 Thread added: 0x000001dfd9a0e390
Event: 3197.922 Thread 0x000001dfe8c1a290 Thread added: 0x000001dfd9a0f740
Event: 3197.946 Thread 0x000001dfe8c1a290 Thread added: 0x000001dfd9a0c950
Event: 3199.184 Thread 0x000001dfe8c1a290 Thread added: 0x000001dfd9a0ea20


Dynamic libraries:
0x00007ff611580000 - 0x00007ff61158a000 	C:\Program Files\Android\Android Studio\jbr\bin\java.exe
0x00007ffc0d230000 - 0x00007ffc0d447000 	C:\WINDOWS\SYSTEM32\ntdll.dll
0x00007ffc0b470000 - 0x00007ffc0b533000 	C:\WINDOWS\System32\KERNEL32.DLL
0x00007ffc0a5a0000 - 0x00007ffc0a973000 	C:\WINDOWS\System32\KERNELBASE.dll
0x00007ffc0a340000 - 0x00007ffc0a451000 	C:\WINDOWS\System32\ucrtbase.dll
0x00007ffbfd280000 - 0x00007ffbfd298000 	C:\Program Files\Android\Android Studio\jbr\bin\jli.dll
0x00007ffc0b0a0000 - 0x00007ffc0b251000 	C:\WINDOWS\System32\USER32.dll
0x00007ffc0acf0000 - 0x00007ffc0ad16000 	C:\WINDOWS\System32\win32u.dll
0x00007ffc0b8f0000 - 0x00007ffc0b919000 	C:\WINDOWS\System32\GDI32.dll
0x00007ffbeca60000 - 0x00007ffbeccfb000 	C:\WINDOWS\WinSxS\amd64_microsoft.windows.common-controls_6595b64144ccf1df_6.0.22621.5160_none_2712eb977382d575\COMCTL32.dll
0x00007ffc0aaf0000 - 0x00007ffc0ac12000 	C:\WINDOWS\System32\gdi32full.dll
0x00007ffc0c310000 - 0x00007ffc0c3b7000 	C:\WINDOWS\System32\msvcrt.dll
0x00007ffc0ac50000 - 0x00007ffc0acea000 	C:\WINDOWS\System32\msvcp_win.dll
0x00007ffbcf170000 - 0x00007ffbcf18b000 	C:\Program Files\Android\Android Studio\jbr\bin\VCRUNTIME140.dll
0x00007ffc0d1b0000 - 0x00007ffc0d1e1000 	C:\WINDOWS\System32\IMM32.DLL
0x00007ffbffd00000 - 0x00007ffbffd0c000 	C:\Program Files\Android\Android Studio\jbr\bin\vcruntime140_1.dll
0x00007ffbb1860000 - 0x00007ffbb18ed000 	C:\Program Files\Android\Android Studio\jbr\bin\msvcp140.dll
0x00007ffb90460000 - 0x00007ffb910ea000 	C:\Program Files\Android\Android Studio\jbr\bin\server\jvm.dll
0x00007ffc0bf50000 - 0x00007ffc0c001000 	C:\WINDOWS\System32\ADVAPI32.dll
0x00007ffc0b540000 - 0x00007ffc0b5e8000 	C:\WINDOWS\System32\sechost.dll
0x00007ffc0ac20000 - 0x00007ffc0ac48000 	C:\WINDOWS\System32\bcrypt.dll
0x00007ffc0b9a0000 - 0x00007ffc0bab4000 	C:\WINDOWS\System32\RPCRT4.dll
0x00007ffc0b920000 - 0x00007ffc0b991000 	C:\WINDOWS\System32\WS2_32.dll
0x00007ffc0a200000 - 0x00007ffc0a24d000 	C:\WINDOWS\SYSTEM32\POWRPROF.dll
0x00007ffc056c0000 - 0x00007ffc056f4000 	C:\WINDOWS\SYSTEM32\WINMM.dll
0x00007ffc03f10000 - 0x00007ffc03f1a000 	C:\WINDOWS\SYSTEM32\VERSION.dll
0x00007ffc0a1e0000 - 0x00007ffc0a1f3000 	C:\WINDOWS\SYSTEM32\UMPDC.dll
0x00007ffc09340000 - 0x00007ffc09358000 	C:\WINDOWS\SYSTEM32\kernel.appcore.dll
0x00007ffbfcf50000 - 0x00007ffbfcf5a000 	C:\Program Files\Android\Android Studio\jbr\bin\jimage.dll
0x00007ffc05140000 - 0x00007ffc05372000 	C:\WINDOWS\SYSTEM32\DBGHELP.DLL
0x00007ffc0ce10000 - 0x00007ffc0d1a3000 	C:\WINDOWS\System32\combase.dll
0x00007ffc0b310000 - 0x00007ffc0b3e7000 	C:\WINDOWS\System32\OLEAUT32.dll
0x00007ffc05520000 - 0x00007ffc05552000 	C:\WINDOWS\SYSTEM32\dbgcore.DLL
0x00007ffc0a520000 - 0x00007ffc0a59b000 	C:\WINDOWS\System32\bcryptPrimitives.dll
0x00007ffc00210000 - 0x00007ffc0021e000 	C:\Program Files\Android\Android Studio\jbr\bin\instrument.dll
0x00007ffbcf060000 - 0x00007ffbcf080000 	C:\Program Files\Android\Android Studio\jbr\bin\java.dll
0x00007ffbcec80000 - 0x00007ffbcec98000 	C:\Program Files\Android\Android Studio\jbr\bin\zip.dll
0x00007ffc0c570000 - 0x00007ffc0ce0d000 	C:\WINDOWS\System32\SHELL32.dll
0x00007ffc0ada0000 - 0x00007ffc0aedf000 	C:\WINDOWS\System32\wintypes.dll
0x00007ffc08220000 - 0x00007ffc08b3e000 	C:\WINDOWS\SYSTEM32\windows.storage.dll
0x00007ffc0b7c0000 - 0x00007ffc0b8cb000 	C:\WINDOWS\System32\SHCORE.dll
0x00007ffc0b6c0000 - 0x00007ffc0b726000 	C:\WINDOWS\System32\shlwapi.dll
0x00007ffc0a270000 - 0x00007ffc0a29b000 	C:\WINDOWS\SYSTEM32\profapi.dll
0x00007ffbf3500000 - 0x00007ffbf3510000 	C:\Program Files\Android\Android Studio\jbr\bin\net.dll
0x00007ffc04110000 - 0x00007ffc0423c000 	C:\WINDOWS\SYSTEM32\WINHTTP.dll
0x00007ffc097d0000 - 0x00007ffc0983a000 	C:\WINDOWS\system32\mswsock.dll
0x00007ffbcec60000 - 0x00007ffbcec76000 	C:\Program Files\Android\Android Studio\jbr\bin\nio.dll
0x00007ffc02e20000 - 0x00007ffc02e30000 	C:\Program Files\Android\Android Studio\jbr\bin\verify.dll
0x00007ffb74ea0000 - 0x00007ffb74ec7000 	C:\Users\yashw\.gradle\native\c067742578af261105cb4f569cf0c3c89f3d7b1fecec35dd04571415982c5e48\windows-amd64\native-platform.dll
0x00007ffb4cd00000 - 0x00007ffb4ce44000 	C:\Users\yashw\.gradle\native\38dada09dfb8b06ba9b0570ebf7e218e3eb74d4ef43ca46872605cf95ebc2f47\windows-amd64\native-platform-file-events.dll
0x00007ffbe3250000 - 0x00007ffbe3259000 	C:\Program Files\Android\Android Studio\jbr\bin\management.dll
0x00007ffbe2b80000 - 0x00007ffbe2b8b000 	C:\Program Files\Android\Android Studio\jbr\bin\management_ext.dll
0x00007ffc0b3f0000 - 0x00007ffc0b3f8000 	C:\WINDOWS\System32\PSAPI.DLL
0x00007ffc09a40000 - 0x00007ffc09a5b000 	C:\WINDOWS\SYSTEM32\CRYPTSP.dll
0x00007ffc09290000 - 0x00007ffc092c7000 	C:\WINDOWS\system32\rsaenh.dll
0x00007ffc098e0000 - 0x00007ffc09908000 	C:\WINDOWS\SYSTEM32\USERENV.dll
0x00007ffc09a60000 - 0x00007ffc09a6c000 	C:\WINDOWS\SYSTEM32\CRYPTBASE.dll
0x00007ffc08da0000 - 0x00007ffc08dcd000 	C:\WINDOWS\SYSTEM32\IPHLPAPI.DLL
0x00007ffc0b7b0000 - 0x00007ffc0b7b9000 	C:\WINDOWS\System32\NSI.dll
0x00007ffbe5a20000 - 0x00007ffbe5a29000 	C:\Program Files\Android\Android Studio\jbr\bin\extnet.dll
0x00007ffbcccb0000 - 0x00007ffbcccb8000 	C:\WINDOWS\system32\wshunix.dll
0x00007ffc08e10000 - 0x00007ffc08f12000 	C:\WINDOWS\SYSTEM32\DNSAPI.dll
0x00007ffc03f00000 - 0x00007ffc03f0a000 	C:\Windows\System32\rasadhlp.dll
0x00007ffc02410000 - 0x00007ffc02493000 	C:\WINDOWS\System32\fwpuclnt.dll
0x00007ffbf4b60000 - 0x00007ffbf4b77000 	C:\WINDOWS\system32\napinsp.dll
0x00007ffbf40a0000 - 0x00007ffbf40bb000 	C:\WINDOWS\system32\pnrpnsp.dll
0x00007ffbdefa0000 - 0x00007ffbdefb1000 	C:\WINDOWS\System32\winrnr.dll
0x00007ffc023b0000 - 0x00007ffc023c5000 	C:\WINDOWS\system32\wshbth.dll
0x00007ffbbf250000 - 0x00007ffbbf277000 	C:\WINDOWS\system32\nlansp_c.dll
0x00007ffc09450000 - 0x00007ffc09484000 	C:\WINDOWS\SYSTEM32\ntmarta.dll
0x00007ffc00540000 - 0x00007ffc0055e000 	C:\Users\yashw\AppData\Local\Temp\native-platform7233779791707161200dir\native-platform.dll
0x00007ffc02e00000 - 0x00007ffc02e07000 	C:\Program Files\Android\Android Studio\jbr\bin\rmi.dll

dbghelp: loaded successfully - version: 4.0.5 - missing functions: none
symbol engine: initialized successfully - sym options: 0x614 - pdb path: .;C:\Program Files\Android\Android Studio\jbr\bin;C:\WINDOWS\SYSTEM32;C:\WINDOWS\WinSxS\amd64_microsoft.windows.common-controls_6595b64144ccf1df_6.0.22621.5160_none_2712eb977382d575;C:\Program Files\Android\Android Studio\jbr\bin\server;C:\Users\yashw\.gradle\native\c067742578af261105cb4f569cf0c3c89f3d7b1fecec35dd04571415982c5e48\windows-amd64;C:\Users\yashw\.gradle\native\38dada09dfb8b06ba9b0570ebf7e218e3eb74d4ef43ca46872605cf95ebc2f47\windows-amd64;C:\Users\yashw\AppData\Local\Temp\native-platform7233779791707161200dir

VM Arguments:
jvm_args: --add-opens=java.base/java.util=ALL-UNNAMED --add-opens=java.base/java.lang=ALL-UNNAMED --add-opens=java.base/java.lang.invoke=ALL-UNNAMED --add-opens=java.prefs/java.util.prefs=ALL-UNNAMED --add-opens=java.base/java.nio.charset=ALL-UNNAMED --add-opens=java.base/java.net=ALL-UNNAMED --add-opens=java.base/java.util.concurrent.atomic=ALL-UNNAMED -Xmx2048m -Dfile.encoding=UTF-8 -Duser.country=US -Duser.language=en -Duser.variant -javaagent:C:\Users\yashw\.gradle\wrapper\dists\gradle-8.4-bin\1w5dpkrfk8irigvoxmyhowfim\gradle-8.4\lib\agents\gradle-instrumentation-agent-8.4.jar 
java_command: org.gradle.launcher.daemon.bootstrap.GradleDaemon 8.4
java_class_path (initial): C:\Users\yashw\.gradle\wrapper\dists\gradle-8.4-bin\1w5dpkrfk8irigvoxmyhowfim\gradle-8.4\lib\gradle-launcher-8.4.jar
Launcher Type: SUN_STANDARD

[Global flags]
     intx CICompilerCount                          = 3                                         {product} {ergonomic}
     uint ConcGCThreads                            = 1                                         {product} {ergonomic}
     uint G1ConcRefinementThreads                  = 4                                         {product} {ergonomic}
   size_t G1HeapRegionSize                         = 1048576                                   {product} {ergonomic}
    uintx GCDrainStackTargetSize                   = 64                                        {product} {ergonomic}
   size_t InitialHeapSize                          = 132120576                                 {product} {ergonomic}
   size_t MarkStackSize                            = 4194304                                   {product} {ergonomic}
   size_t MaxHeapSize                              = 2147483648                                {product} {command line}
   size_t MaxNewSize                               = 1287651328                                {product} {ergonomic}
   size_t MinHeapDeltaBytes                        = 1048576                                   {product} {ergonomic}
   size_t MinHeapSize                              = 8388608                                   {product} {ergonomic}
    uintx NonNMethodCodeHeapSize                   = 5832780                                {pd product} {ergonomic}
    uintx NonProfiledCodeHeapSize                  = 122912730                              {pd product} {ergonomic}
    uintx ProfiledCodeHeapSize                     = 122912730                              {pd product} {ergonomic}
    uintx ReservedCodeCacheSize                    = 251658240                              {pd product} {ergonomic}
     bool SegmentedCodeCache                       = true                                      {product} {ergonomic}
   size_t SoftMaxHeapSize                          = 2147483648                             {manageable} {ergonomic}
     bool UseCompressedOops                        = true                           {product lp64_product} {ergonomic}
     bool UseG1GC                                  = true                                      {product} {ergonomic}
     bool UseLargePagesIndividualAllocation        = false                                  {pd product} {ergonomic}

Logging:
Log output configuration:
 #0: stdout all=warning uptime,level,tags foldmultilines=false
 #1: stderr all=off uptime,level,tags foldmultilines=false

Environment Variables:
JAVA_HOME=C:\Program Files\Java\jdk1.8.0_202
PATH=C:\Program Files (x86)\Common Files\Oracle\Java\javapath;C:\Program Files\Python310\Scripts\;C:\Program Files\Python310\;C:\Program Files\Java\jdk1.8.0_321\bin;C:\Program Files (x86)\dotnet\;C:\Program Files\MySQL\MySQL Server 8.0\bin;C:\WINDOWS\system32;C:\WINDOWS;C:\WINDOWS\System32\Wbem;C:\WINDOWS\System32\WindowsPowerShell\v1.0\;C:\WINDOWS\System32\OpenSSH\;C:\Program Files\nodejs\;C:\ProgramData\chocolatey\bin;C:\Program Files\MySQL\MySQL Server 8.0\bin;C:\Program Files\Git\cmd;C:\Program Files\MySQL\MySQL Shell 8.0\bin\;C:\Users\yashw\AppData\Local\Microsoft\WindowsApps;C:\Program Files\JetBrains\IntelliJ IDEA Community Edition 2021.2.3\bin;C:\Program Files\JetBrains\PyCharm Community Edition 2021.2.3\bin;C:\Users\yashw\AppData\Local\atom\bin;C:\Program Files\Java\jdk1.8.0_202\bin;;C:\Users\yashw\AppData\Local\Programs\Microsoft VS Code\bin;C:\Users\yashw\AppData\Local\Microsoft\WindowsApps;C:\Users\yashw\AppData\Roaming\npm
USERNAME=yashw
OS=Windows_NT
PROCESSOR_IDENTIFIER=Intel64 Family 6 Model 140 Stepping 1, GenuineIntel
TMP=C:\Users\yashw\AppData\Local\Temp
TEMP=C:\Users\yashw\AppData\Local\Temp




Periodic native trim disabled

JNI global refs:
JNI global refs: 28, weak refs: 0

JNI global refs memory usage: 835, weak refs: 833

Process memory usage:
Resident Set Size: 623600K (7% of 8183096K total physical memory with 395364K free physical memory)

OOME stack traces (most recent first):
Classloader memory used:
Loader org.gradle.internal.classloader.VisitableURLClassLoader$InstrumentingVisitableURLClassLoader: 72504K
Loader org.gradle.internal.classloader.VisitableURLClassLoader                         : 51502K
Loader bootstrap                                                                       : 37193K
Loader java.net.URLClassLoader                                                         : 27698K
Loader org.gradle.initialization.MixInLegacyTypesClassLoader                           : 14326K
Loader jdk.internal.loader.ClassLoaders$AppClassLoader                                 : 10522K
Loader org.gradle.internal.classloader.VisitableURLClassLoader                         : 8743K
Loader jdk.internal.loader.ClassLoaders$PlatformClassLoader                            : 1150K
Loader jdk.internal.reflect.DelegatingClassLoader                                      : 705K
Loader org.gradle.groovy.scripts.internal.DefaultScriptCompilationHandler$ScriptClassLoader: 265K
Loader org.codehaus.groovy.runtime.callsite.CallSiteClassLoader                        : 207K
Loader sun.reflect.misc.MethodUtil                                                     : 2952B

Classes loaded by more than one classloader:
Class com.google.common.collect.ImmutableSet$CachingAsList                            : loaded 6 times (x 143B)
Class kotlin.collections.CollectionsKt__IteratorsKt                                   : loaded 6 times (x 67B)
Class kotlin.sequences.SequencesKt                                                    : loaded 6 times (x 67B)
Class com.google.common.base.Converter                                                : loaded 6 times (x 86B)
Class com.google.common.collect.ImmutableCollection                                   : loaded 6 times (x 121B)
Class kotlin.io.FilesKt__UtilsKt                                                      : loaded 6 times (x 67B)
Class kotlin.collections.CollectionsKt__CollectionsJVMKt                              : loaded 6 times (x 67B)
Class kotlin.jvm.functions.Function1                                                  : loaded 6 times (x 66B)
Class com.google.common.collect.RegularImmutableMap$KeySet                            : loaded 6 times (x 146B)
Class com.google.common.base.Predicate                                                : loaded 6 times (x 66B)
Class com.google.common.collect.ImmutableMap                                          : loaded 6 times (x 116B)
Class kotlin.collections.MapsKt___MapsJvmKt                                           : loaded 6 times (x 67B)
Class kotlin.collections.EmptySet                                                     : loaded 6 times (x 118B)
Class kotlin.NotImplementedError                                                      : loaded 6 times (x 78B)
Class kotlin.text.StringsKt__StringsKt                                                : loaded 6 times (x 67B)
Class kotlin.ranges.IntProgression                                                    : loaded 6 times (x 77B)
Class com.google.common.collect.Iterators$5                                           : loaded 6 times (x 78B)
Class com.google.common.collect.Maps$8                                                : loaded 6 times (x 78B)
Class com.google.common.collect.Iterators$9                                           : loaded 6 times (x 77B)
Class com.google.common.collect.ImmutableAsList                                       : loaded 6 times (x 205B)
Class [Lcom.google.common.collect.AbstractMapEntry;                                   : loaded 6 times (x 65B)
Class com.google.common.collect.ImmutableEntry                                        : loaded 6 times (x 78B)
Class kotlin.annotation.Target                                                        : loaded 6 times (x 66B)
Class kotlin.collections.CollectionsKt___CollectionsKt                                : loaded 6 times (x 67B)
Class com.google.common.collect.ImmutableBiMap                                        : loaded 6 times (x 139B)
Class com.google.common.collect.Iterators$4                                           : loaded 6 times (x 78B)
Class kotlin.sequences.SequencesKt__SequencesJVMKt                                    : loaded 6 times (x 67B)
Class kotlin.text.StringsKt                                                           : loaded 6 times (x 67B)
Class kotlin.collections.AbstractCollection                                           : loaded 6 times (x 113B)
Class kotlin.collections.State                                                        : loaded 6 times (x 75B)
Class com.google.common.collect.ImmutableMap$IteratorBasedImmutableMap                : loaded 6 times (x 121B)
Class kotlin.UninitializedPropertyAccessException                                     : loaded 6 times (x 78B)
Class kotlin.Metadata                                                                 : loaded 6 times (x 66B)
Class kotlin.collections.CollectionsKt__ReversedViewsKt                               : loaded 6 times (x 67B)
Class kotlin.sequences.FilteringSequence$iterator$1                                   : loaded 6 times (x 75B)
Class kotlin.io.FilesKt__FileTreeWalkKt                                               : loaded 6 times (x 67B)
Class com.google.common.collect.CollectPreconditions                                  : loaded 6 times (x 67B)
Class kotlin.sequences.SequencesKt__SequenceBuilderKt                                 : loaded 6 times (x 67B)
Class kotlin.annotation.Retention                                                     : loaded 6 times (x 66B)
Class kotlin.collections.AbstractList                                                 : loaded 6 times (x 193B)
Class kotlin.jvm.functions.Function0                                                  : loaded 6 times (x 66B)
Class com.google.common.collect.Iterators$1                                           : loaded 6 times (x 77B)
Class kotlin.collections.ArraysUtilJVM                                                : loaded 6 times (x 67B)
Class kotlin.text.StringsKt___StringsJvmKt                                            : loaded 6 times (x 67B)
Class kotlin.ranges.RangesKt                                                          : loaded 6 times (x 67B)
Class kotlin.jvm.internal.Lambda                                                      : loaded 6 times (x 71B)
Class kotlin.collections.MapsKt__MapsKt                                               : loaded 6 times (x 67B)
Class kotlin.io.FilesKt__FileReadWriteKt                                              : loaded 6 times (x 67B)
Class com.google.common.collect.ImmutableList$ReverseImmutableList                    : loaded 6 times (x 204B)
Class [Lkotlin.Pair;                                                                  : loaded 6 times (x 65B)
Class kotlin.text.StringsKt__StringNumberConversionsKt                                : loaded 6 times (x 67B)
Class kotlin.io.FilesKt                                                               : loaded 6 times (x 67B)
Class com.google.common.collect.Maps$EntryTransformer                                 : loaded 6 times (x 66B)
Class kotlin.text.StringsKt__IndentKt                                                 : loaded 6 times (x 67B)
Class com.google.common.collect.SingletonImmutableList                                : loaded 6 times (x 203B)
Class kotlin.collections.SetsKt                                                       : loaded 6 times (x 67B)
Class kotlin.collections.MapsKt___MapsKt                                              : loaded 6 times (x 67B)
Class com.google.common.collect.ImmutableList$1                                       : loaded 6 times (x 93B)
Class kotlin.collections.ArraysKt___ArraysKt                                          : loaded 6 times (x 67B)
Class com.google.common.collect.SortedMapDifference                                   : loaded 6 times (x 66B)
Class kotlin.text.StringsKt__StringsJVMKt                                             : loaded 6 times (x 67B)
Class com.google.common.collect.NullnessCasts                                         : loaded 6 times (x 67B)
Class kotlin.collections.MapsKt__MapWithDefaultKt                                     : loaded 6 times (x 67B)
Class kotlin.ranges.ClosedRange                                                       : loaded 6 times (x 66B)
Class com.google.common.collect.Multimap                                              : loaded 6 times (x 66B)
Class kotlin.sequences.SequencesKt___SequencesJvmKt                                   : loaded 6 times (x 67B)
Class kotlin.TuplesKt                                                                 : loaded 6 times (x 67B)
Class kotlin.collections.CollectionsKt__MutableCollectionsJVMKt                       : loaded 6 times (x 67B)
Class kotlin.enums.EnumEntriesKt                                                      : loaded 6 times (x 67B)
Class kotlin.text.StringsKt___StringsKt                                               : loaded 6 times (x 67B)
Class com.google.common.collect.ImmutableMap$Builder                                  : loaded 6 times (x 78B)
Class kotlin.internal.ProgressionUtilKt                                               : loaded 6 times (x 67B)
Class kotlin.Unit                                                                     : loaded 6 times (x 67B)
Class kotlin.io.FileAlreadyExistsException                                            : loaded 6 times (x 78B)
Class kotlin.collections.EmptyMap                                                     : loaded 6 times (x 105B)
Class kotlin.Function                                                                 : loaded 6 times (x 66B)
Class com.google.common.collect.ImmutableMapEntrySet                                  : loaded 6 times (x 147B)
Class kotlin.collections.SetsKt__SetsJVMKt                                            : loaded 6 times (x 67B)
Class kotlin.ranges.IntRange$Companion                                                : loaded 6 times (x 67B)
Class kotlin.jvm.internal.Intrinsics                                                  : loaded 6 times (x 67B)
Class com.google.common.collect.RegularImmutableMap                                   : loaded 6 times (x 117B)
Class com.google.common.collect.ImmutableMap$MapViewOfValuesAsSingletonSets           : loaded 6 times (x 121B)
Class kotlin.collections.CollectionsKt___CollectionsJvmKt                             : loaded 6 times (x 67B)
Class kotlin.collections.ArraysKt__ArraysKt                                           : loaded 6 times (x 67B)
Class kotlin.ranges.IntProgression$Companion                                          : loaded 6 times (x 67B)
Class com.google.common.collect.AbstractIndexedListIterator                           : loaded 6 times (x 92B)
Class com.google.common.collect.ObjectArrays                                          : loaded 6 times (x 67B)
Class com.google.common.collect.RegularImmutableMap$BucketOverflowException           : loaded 6 times (x 78B)
Class kotlin.collections.CollectionsKt__IterablesKt                                   : loaded 6 times (x 67B)
Class kotlin.collections.AbstractIterator$WhenMappings                                : loaded 6 times (x 67B)
Class com.google.common.collect.AbstractIterator                                      : loaded 6 times (x 78B)
Class kotlin.collections.MapsKt                                                       : loaded 6 times (x 67B)
Class com.google.common.collect.Iterators$MergingIterator                             : loaded 6 times (x 77B)
Class com.google.common.collect.BiMap                                                 : loaded 6 times (x 66B)
Class com.google.common.collect.ImmutableMap$1                                        : loaded 6 times (x 77B)
Class com.google.common.collect.IndexedImmutableSet                                   : loaded 6 times (x 146B)
Class kotlin.text.StringsKt__StringBuilderJVMKt                                       : loaded 6 times (x 67B)
Class com.google.common.collect.ImmutableMapEntry                                     : loaded 6 times (x 81B)
Class kotlin.ranges.OpenEndRange                                                      : loaded 6 times (x 66B)
Class kotlin.KotlinNullPointerException                                               : loaded 6 times (x 79B)
Class kotlin.collections.MapsKt__MapsJVMKt                                            : loaded 6 times (x 67B)
Class kotlin.collections.EmptyList                                                    : loaded 6 times (x 170B)
Class kotlin.ranges.IntRange                                                          : loaded 6 times (x 89B)
Class com.google.common.collect.ImmutableSet                                          : loaded 6 times (x 141B)
Class com.google.common.collect.UnmodifiableListIterator                              : loaded 6 times (x 91B)
Class com.google.common.collect.RegularImmutableMap$Values                            : loaded 6 times (x 203B)
Class com.google.common.collect.RegularImmutableBiMap                                 : loaded 6 times (x 144B)
Class kotlin.ranges.RangesKt___RangesKt                                               : loaded 6 times (x 67B)
Class com.google.common.collect.ImmutableMapEntry$NonTerminalImmutableMapEntry        : loaded 6 times (x 81B)
Class com.google.common.collect.ImmutableMultimap                                     : loaded 6 times (x 143B)
Class com.google.common.collect.Lists$StringAsImmutableList                           : loaded 6 times (x 203B)
Class kotlin.enums.EnumEntries                                                        : loaded 6 times (x 66B)
Class com.google.common.base.Function                                                 : loaded 6 times (x 66B)
Class kotlin.collections.CollectionsKt                                                : loaded 6 times (x 67B)
Class com.google.common.base.Preconditions                                            : loaded 6 times (x 67B)
Class kotlin.text.StringsKt__RegexExtensionsKt                                        : loaded 6 times (x 67B)
Class kotlin.io.NoSuchFileException                                                   : loaded 6 times (x 78B)
Class com.google.common.collect.Lists                                                 : loaded 6 times (x 67B)
Class kotlin.text.CharsKt                                                             : loaded 6 times (x 67B)
Class kotlin.text.CharsKt__CharJVMKt                                                  : loaded 6 times (x 67B)
Class kotlin.collections.AbstractIterator                                             : loaded 6 times (x 79B)
Class com.google.common.collect.Iterators                                             : loaded 6 times (x 67B)
Class kotlin.collections.ArraysKt                                                     : loaded 6 times (x 67B)
Class kotlin.text.CharsKt__CharKt                                                     : loaded 6 times (x 67B)
Class kotlin.collections.SetsKt__SetsKt                                               : loaded 6 times (x 67B)
Class kotlin.io.FilesKt__FilePathComponentsKt                                         : loaded 6 times (x 67B)
Class com.google.common.collect.RegularImmutableAsList                                : loaded 6 times (x 212B)
Class kotlin.io.TerminateException                                                    : loaded 6 times (x 78B)
Class com.google.common.collect.RegularImmutableList                                  : loaded 6 times (x 208B)
Class com.google.common.collect.PeekingIterator                                       : loaded 6 times (x 66B)
Class com.google.common.base.Joiner$1                                                 : loaded 6 times (x 76B)
Class kotlin.sequences.FilteringSequence                                              : loaded 6 times (x 71B)
Class kotlin.collections.CollectionsKt__MutableCollectionsKt                          : loaded 6 times (x 67B)
Class [Lkotlin.collections.State;                                                     : loaded 6 times (x 65B)
Class kotlin.comparisons.ComparisonsKt___ComparisonsKt                                : loaded 6 times (x 67B)
Class kotlin.collections.EmptyIterator                                                : loaded 6 times (x 85B)
Class com.google.common.collect.ImmutableList$SubList                                 : loaded 6 times (x 204B)
Class com.google.common.collect.ForwardingObject                                      : loaded 6 times (x 68B)
Class com.google.common.collect.ImmutableList$Builder                                 : loaded 6 times (x 73B)
Class com.google.common.collect.AbstractMultimap                                      : loaded 6 times (x 119B)
Class kotlin.comparisons.ComparisonsKt                                                : loaded 6 times (x 67B)
Class com.google.common.base.Joiner$2                                                 : loaded 6 times (x 75B)
Class kotlin.Pair                                                                     : loaded 6 times (x 68B)
Class com.google.common.collect.AbstractMapEntry                                      : loaded 6 times (x 77B)
Class com.google.common.collect.SingletonImmutableBiMap                               : loaded 6 times (x 139B)
Class kotlin.collections.ArraysKt__ArraysJVMKt                                        : loaded 6 times (x 67B)
Class kotlin.sequences.SequencesKt__SequencesKt                                       : loaded 6 times (x 67B)
Class kotlin.ranges.RangesKt__RangesKt                                                : loaded 6 times (x 67B)
Class com.google.common.collect.UnmodifiableIterator                                  : loaded 6 times (x 76B)
Class com.google.common.collect.Platform                                              : loaded 6 times (x 67B)
Class kotlin.collections.AbstractList$Companion                                       : loaded 6 times (x 67B)
Class kotlin.sequences.SequencesKt___SequencesKt                                      : loaded 6 times (x 67B)
Class kotlin.collections.CollectionsKt__IteratorsJVMKt                                : loaded 6 times (x 67B)
Class com.google.common.collect.BaseImmutableMultimap                                 : loaded 6 times (x 119B)
Class com.google.common.base.Joiner                                                   : loaded 6 times (x 75B)
Class kotlin.comparisons.ComparisonsKt___ComparisonsJvmKt                             : loaded 6 times (x 67B)
Class kotlin.jvm.internal.FunctionBase                                                : loaded 6 times (x 66B)
Class kotlin.enums.EnumEntriesList                                                    : loaded 6 times (x 219B)
Class com.google.common.collect.ImmutableCollection$Builder                           : loaded 6 times (x 72B)
Class com.google.common.collect.Iterators$ArrayItr                                    : loaded 6 times (x 93B)
Class kotlin.io.FileSystemException                                                   : loaded 6 times (x 78B)
Class kotlin.text.StringsKt__StringBuilderKt                                          : loaded 6 times (x 67B)
Class kotlin.comparisons.ComparisonsKt__ComparisonsKt                                 : loaded 6 times (x 67B)
Class com.google.common.collect.ImmutableMapEntrySet$RegularEntrySet                  : loaded 6 times (x 147B)
Class kotlin.NoWhenBranchMatchedException                                             : loaded 6 times (x 78B)
Class com.google.common.collect.MapDifference                                         : loaded 6 times (x 66B)
Class kotlin.text.StringsKt__RegexExtensionsJVMKt                                     : loaded 6 times (x 67B)
Class kotlin.collections.ArraysKt___ArraysJvmKt                                       : loaded 6 times (x 67B)
Class kotlin.collections.CollectionsKt__CollectionsKt                                 : loaded 6 times (x 67B)
Class [Lcom.google.common.collect.ImmutableMapEntry;                                  : loaded 6 times (x 65B)
Class com.google.common.collect.Maps$BiMapConverter                                   : loaded 6 times (x 86B)
Class com.google.common.collect.Maps                                                  : loaded 6 times (x 67B)
Class kotlin.collections.SetsKt___SetsKt                                              : loaded 6 times (x 67B)
Class [Lcom.google.common.collect.ImmutableEntry;                                     : loaded 6 times (x 65B)
Class kotlin.jvm.internal.markers.KMappedMarker                                       : loaded 6 times (x 66B)
Class kotlin.text.StringsKt__StringNumberConversionsJVMKt                             : loaded 6 times (x 67B)
Class kotlin.sequences.Sequence                                                       : loaded 6 times (x 66B)
Class com.google.common.collect.ImmutableList                                         : loaded 6 times (x 202B)
Class com.google.common.collect.ImmutableEnumMap                                      : loaded 6 times (x 121B)
Class kotlin.text.StringsKt__AppendableKt                                             : loaded 6 times (x 67B)
Class kotlin.text.Regex                                                               : loaded 5 times (x 68B)
Class kotlin.io.TextStreamsKt                                                         : loaded 5 times (x 67B)
Class kotlin.jvm.functions.Function2                                                  : loaded 5 times (x 66B)
Class com.google.common.collect.ImmutableMultimap$Values                              : loaded 5 times (x 122B)
Class kotlin.io.FileTreeWalk$WalkState                                                : loaded 5 times (x 69B)
Class kotlin.io.FileWalkDirection                                                     : loaded 5 times (x 75B)
Class kotlin.jvm.internal.CollectionToArray                                           : loaded 5 times (x 67B)
Class com.google.common.base.Strings                                                  : loaded 5 times (x 67B)
Class kotlin.sequences.SequencesKt___SequencesKt$filterNotNull$1                      : loaded 5 times (x 74B)
Class kotlin.reflect.KDeclarationContainer                                            : loaded 5 times (x 66B)
Class com.google.common.collect.ImmutableMultiset                                     : loaded 5 times (x 159B)
Class kotlin.LazyKt__LazyJVMKt                                                        : loaded 5 times (x 67B)
Class org.apache.commons.io.StandardLineSeparator                                     : loaded 5 times (x 75B)
Class kotlin.jvm.KotlinReflectionNotSupportedError                                    : loaded 5 times (x 78B)
Class com.google.common.base.JdkPattern                                               : loaded 5 times (x 71B)
Class kotlin.reflect.KFunction                                                        : loaded 5 times (x 66B)
Class com.google.common.primitives.Ints$IntConverter                                  : loaded 5 times (x 86B)
Class com.google.common.collect.AbstractIterator$1                                    : loaded 5 times (x 67B)
Class com.google.common.collect.Maps$AbstractFilteredMap                              : loaded 5 times (x 123B)
Class com.google.common.collect.ListMultimap                                          : loaded 5 times (x 66B)
Class [Lorg.apache.commons.io.StandardLineSeparator;                                  : loaded 5 times (x 65B)
Class org.apache.commons.io.output.StringBuilderWriter                                : loaded 5 times (x 96B)
Class kotlin.io.FileTreeWalk$DirectoryState                                           : loaded 5 times (x 69B)
Class com.google.common.collect.ImmutableEnumSet                                      : loaded 5 times (x 142B)
Class org.apache.commons.io.IOUtils                                                   : loaded 5 times (x 67B)
Class com.google.common.collect.ForwardingCollection                                  : loaded 5 times (x 126B)
Class kotlin.collections.IntIterator                                                  : loaded 5 times (x 78B)
Class com.google.common.collect.ImmutableMultimap$Keys                                : loaded 5 times (x 162B)
Class com.google.common.primitives.IntsMethodsForWeb                                  : loaded 5 times (x 67B)
Class com.google.common.collect.ImmutableMultisetGwtSerializationDependencies         : loaded 5 times (x 121B)
Class com.google.common.base.CommonPattern                                            : loaded 5 times (x 70B)
Class org.apache.commons.io.filefilter.IOFileFilter                                   : loaded 5 times (x 66B)
Class [Lkotlin.io.FileWalkDirection;                                                  : loaded 5 times (x 65B)
Class org.apache.commons.io.output.ThresholdingOutputStream                           : loaded 5 times (x 90B)
Class kotlin.reflect.KAnnotatedElement                                                : loaded 5 times (x 66B)
Class org.apache.commons.io.output.NullOutputStream                                   : loaded 5 times (x 81B)
Class kotlin.jvm.internal.CallableReference                                           : loaded 5 times (x 102B)
Class com.google.common.collect.Multiset                                              : loaded 5 times (x 66B)
Class kotlin.LazyKt__LazyKt                                                           : loaded 5 times (x 67B)
Class com.google.common.primitives.Ints                                               : loaded 5 times (x 67B)
Class kotlin.io.FileTreeWalk$FileTreeWalkIterator$TopDownDirectoryState               : loaded 5 times (x 70B)
Class com.google.common.collect.Iterators$10                                          : loaded 5 times (x 77B)
Class com.google.common.collect.Sets                                                  : loaded 5 times (x 67B)
Class com.google.common.collect.ImmutableMultimap$1                                   : loaded 5 times (x 78B)
Class kotlin.text.Charsets                                                            : loaded 5 times (x 67B)
Class org.apache.commons.io.function.IOFunction                                       : loaded 5 times (x 66B)
Class com.google.common.collect.Sets$FilteredSet                                      : loaded 5 times (x 133B)
Class com.google.common.collect.Sets$1                                                : loaded 5 times (x 135B)
Class com.google.common.collect.ImmutableMultimap$EntryCollection                     : loaded 5 times (x 123B)
Class com.google.common.collect.ImmutableMultimap$Builder                             : loaded 5 times (x 79B)
Class com.google.common.collect.AbstractIterator$State                                : loaded 5 times (x 75B)
Class kotlin.io.FileTreeWalk$FileTreeWalkIterator$WhenMappings                        : loaded 5 times (x 67B)
Class com.google.common.collect.Maps$KeySet                                           : loaded 5 times (x 133B)
Class com.google.common.base.Equivalence                                              : loaded 5 times (x 78B)
Class com.google.common.collect.ImmutableMultimap$2                                   : loaded 5 times (x 77B)
Class com.google.common.collect.Sets$SetView                                          : loaded 5 times (x 134B)
Class kotlin.sequences.TransformingSequence                                           : loaded 5 times (x 71B)
Class kotlin.ranges.IntProgressionIterator                                            : loaded 5 times (x 78B)
Class com.google.common.base.PatternCompiler                                          : loaded 5 times (x 66B)
Class com.google.common.collect.Hashing                                               : loaded 5 times (x 67B)
Class kotlin.io.LinesSequence$iterator$1                                              : loaded 5 times (x 75B)
Class com.google.common.base.Platform$JdkPatternCompiler                              : loaded 5 times (x 71B)
Class kotlin.io.LinesSequence                                                         : loaded 5 times (x 71B)
Class kotlin.reflect.KCallable                                                        : loaded 5 times (x 66B)
Class org.apache.commons.io.output.AbstractByteArrayOutputStream                      : loaded 5 times (x 98B)
Class kotlin.SynchronizedLazyImpl                                                     : loaded 5 times (x 72B)
Class kotlin.LazyKt                                                                   : loaded 5 times (x 67B)
Class kotlin.io.CloseableKt                                                           : loaded 5 times (x 67B)
Class com.google.common.collect.Sets$ImprovedAbstractSet                              : loaded 5 times (x 131B)
Class com.google.common.collect.Maps$ViewCachingAbstractMap                           : loaded 5 times (x 121B)
Class org.apache.commons.io.FilenameUtils                                             : loaded 5 times (x 67B)
Class com.google.common.collect.ImmutableBiMapFauxverideShim                          : loaded 5 times (x 116B)
Class kotlin.sequences.TransformingSequence$iterator$1                                : loaded 5 times (x 75B)
Class org.apache.commons.io.FileExistsException                                       : loaded 5 times (x 78B)
Class [Lcom.google.common.collect.AbstractIterator$State;                             : loaded 5 times (x 65B)
Class org.apache.commons.io.file.PathFilter                                           : loaded 5 times (x 66B)
Class kotlin.io.FileTreeWalk                                                          : loaded 5 times (x 71B)
Class org.apache.commons.io.FileUtils                                                 : loaded 5 times (x 67B)
Class com.google.common.collect.Sets$2                                                : loaded 5 times (x 135B)
Class kotlin.jvm.internal.CallableReference$NoReceiver                                : loaded 5 times (x 67B)
Class org.apache.commons.io.output.ByteArrayOutputStream                              : loaded 5 times (x 98B)
Class org.apache.commons.io.output.AppendableWriter                                   : loaded 5 times (x 96B)
Class com.google.common.collect.EmptyImmutableListMultimap                            : loaded 5 times (x 172B)
Class org.apache.commons.io.output.UnsynchronizedByteArrayOutputStream                : loaded 5 times (x 98B)
Class com.google.common.collect.ImmutableListMultimap                                 : loaded 5 times (x 172B)
Class com.google.common.base.Platform                                                 : loaded 5 times (x 67B)
Class kotlin._Assertions                                                              : loaded 5 times (x 67B)
Class kotlin.text.Regex$Companion                                                     : loaded 5 times (x 67B)
Class kotlin.Lazy                                                                     : loaded 5 times (x 66B)
Class com.google.common.collect.TransformedIterator                                   : loaded 5 times (x 76B)
Class kotlin.io.FileTreeWalk$FileTreeWalkIterator                                     : loaded 5 times (x 79B)
Class com.google.common.collect.Collections2$FilteredCollection                       : loaded 5 times (x 115B)
Class kotlin.collections.CollectionsKt___CollectionsKt$asSequence$$inlined$Sequence$1 : loaded 5 times (x 71B)
Class kotlin.jvm.internal.DefaultConstructorMarker                                    : loaded 5 times (x 67B)
Class com.google.common.collect.Sets$4                                                : loaded 5 times (x 135B)
Class kotlin.sequences.ConstrainedOnceSequence                                        : loaded 5 times (x 71B)
Class kotlin.UNINITIALIZED_VALUE                                                      : loaded 5 times (x 67B)
Class com.google.common.collect.Sets$3                                                : loaded 5 times (x 135B)
Class com.sun.xml.bind.v2.runtime.JAXBContextImpl$6                                   : loaded 4 times (x 87B)
Class com.google.gson.internal.LinkedTreeMap$Node                                     : loaded 4 times (x 75B)
Class com.google.gson.LongSerializationPolicy$1                                       : loaded 4 times (x 76B)
Class com.sun.xml.bind.v2.model.runtime.RuntimeTypeRef                                : loaded 4 times (x 66B)
Class com.sun.xml.bind.v2.runtime.property.SingleMapNodeProperty                      : loaded 4 times (x 98B)
Class android.databinding.internal.org.antlr.v4.runtime.tree.ParseTreeListener        : loaded 4 times (x 66B)
Class com.google.gson.ToNumberPolicy$2                                                : loaded 4 times (x 79B)
Class com.google.gson.internal.ReflectionAccessFilterHelper                           : loaded 4 times (x 67B)
Class com.google.gson.internal.reflect.ReflectionHelper$RecordHelper                  : loaded 4 times (x 71B)
Class [Lcom.google.gson.stream.JsonToken;                                             : loaded 4 times (x 65B)
Class com.sun.xml.bind.v2.model.core.LeafInfo                                         : loaded 4 times (x 66B)
Class com.sun.xml.bind.v2.model.impl.SingleTypePropertyInfoImpl                       : loaded 4 times (x 109B)
Class com.sun.xml.bind.InternalAccessorFactory                                        : loaded 4 times (x 66B)
Class android.databinding.tool.processing.Scope$ScopeEntry                            : loaded 4 times (x 68B)
Class com.sun.xml.bind.annotation.XmlLocation                                         : loaded 4 times (x 66B)
Class com.sun.xml.bind.v2.model.annotation.XmlSchemaQuick                             : loaded 4 times (x 91B)
Class com.sun.xml.bind.v2.runtime.JAXBContextImpl$JAXBContextBuilder                  : loaded 4 times (x 82B)
Class [Lorg.apache.commons.io.IOCase;                                                 : loaded 4 times (x 65B)
Class com.android.tools.build.jetifier.core.rule.RewriteRulesMap$Companion            : loaded 4 times (x 67B)
Class android.databinding.tool.writer.JavaFileWriter                                  : loaded 4 times (x 70B)
Class com.google.gson.internal.bind.TypeAdapters$33                                   : loaded 4 times (x 72B)
Class com.sun.xml.bind.v2.runtime.unmarshaller.LocatorExWrapper                       : loaded 4 times (x 82B)
Class com.android.tools.build.jetifier.core.type.TypesMap$JsonData                    : loaded 4 times (x 68B)
Class com.squareup.javapoet.CodeBlock                                                 : loaded 4 times (x 68B)
Class com.squareup.javapoet.AnnotationSpec                                            : loaded 4 times (x 68B)
Class android.databinding.tool.util.ParserHelper                                      : loaded 4 times (x 67B)
Class com.sun.xml.bind.v2.runtime.unmarshaller.UnmarshallerImpl                       : loaded 4 times (x 135B)
Class com.sun.xml.bind.v2.runtime.output.NamespaceContextImpl$1                       : loaded 4 times (x 71B)
Class androidx.databinding.BindingAdapter                                             : loaded 4 times (x 66B)
Class com.google.gson.internal.Excluder                                               : loaded 4 times (x 71B)
Class [Lcom.google.gson.FieldNamingStrategy;                                          : loaded 4 times (x 65B)
Class com.google.gson.internal.bind.ObjectTypeAdapter                                 : loaded 4 times (x 70B)
Class com.android.tools.build.jetifier.core.proguard.ProGuardTypesMap$Companion       : loaded 4 times (x 67B)
Class com.android.tools.build.jetifier.core.proguard.ProGuardTypesMap$JsonData        : loaded 4 times (x 68B)
Class com.sun.xml.bind.v2.model.impl.RuntimeBuiltinLeafInfoImpl$22                    : loaded 4 times (x 132B)
Class com.sun.xml.bind.v2.model.runtime.RuntimeTypeInfo                               : loaded 4 times (x 66B)
Class com.sun.xml.bind.v2.runtime.unmarshaller.DefaultIDResolver                      : loaded 4 times (x 72B)
Class com.sun.xml.bind.v2.util.CollisionCheckStack                                    : loaded 4 times (x 195B)
Class javax.xml.bind.annotation.XmlID                                                 : loaded 4 times (x 66B)
Class com.sun.xml.bind.v2.model.impl.RuntimeArrayInfoImpl                             : loaded 4 times (x 103B)
Class com.squareup.javapoet.LineWrapper$1                                             : loaded 4 times (x 67B)
Class org.apache.commons.io.file.Counters$Counter                                     : loaded 4 times (x 66B)
Class android.databinding.tool.store.GenClassInfoLog$Companion                        : loaded 4 times (x 67B)
Class org.apache.commons.io.output.QueueOutputStream                                  : loaded 4 times (x 83B)
Class com.google.gson.ToNumberPolicy$1                                                : loaded 4 times (x 79B)
Class com.sun.xml.bind.v2.model.impl.RuntimeBuiltinLeafInfoImpl$21                    : loaded 4 times (x 132B)
Class com.sun.xml.bind.v2.model.nav.ReflectionNavigator$5                             : loaded 4 times (x 73B)
Class javax.xml.bind.annotation.XmlAttachmentRef                                      : loaded 4 times (x 66B)
Class com.sun.xml.bind.v2.model.impl.RuntimeClassInfoImpl$RuntimePropertySeed         : loaded 4 times (x 80B)
Class com.sun.xml.bind.v2.runtime.reflect.TransducedAccessor                          : loaded 4 times (x 74B)
Class com.sun.xml.bind.v2.runtime.NameList                                            : loaded 4 times (x 68B)
Class kotlin.jvm.internal.PropertyReference1                                          : loaded 4 times (x 123B)
Class com.squareup.javapoet.TypeVariableName                                          : loaded 4 times (x 77B)
Class com.sun.xml.bind.v2.model.nav.ReflectionNavigator$6                             : loaded 4 times (x 77B)
Class kotlin.reflect.KTypeParameter                                                   : loaded 4 times (x 66B)
Class com.android.tools.build.jetifier.core.config.Config                             : loaded 4 times (x 68B)
Class javax.xml.bind.annotation.XmlAnyElement                                         : loaded 4 times (x 66B)
Class [Lkotlin.reflect.KProperty;                                                     : loaded 4 times (x 65B)
Class org.apache.commons.io.IOCase                                                    : loaded 4 times (x 76B)
Class com.google.common.collect.Maps$FilteredEntryMap                                 : loaded 4 times (x 124B)
Class com.sun.xml.bind.marshaller.DataWriter                                          : loaded 4 times (x 167B)
Class android.databinding.tool.LibTypes$observableFields$2                            : loaded 4 times (x 75B)
Class com.sun.xml.bind.v2.runtime.JAXBContextImpl$2                                   : loaded 4 times (x 74B)
Class javax.xml.bind.annotation.XmlEnum                                               : loaded 4 times (x 66B)
Class [Lcom.sun.xml.bind.v2.runtime.property.Property;                                : loaded 4 times (x 65B)
Class com.sun.xml.bind.v2.runtime.reflect.Utils                                       : loaded 4 times (x 67B)
Class com.sun.xml.bind.IDResolver                                                     : loaded 4 times (x 71B)
Class android.databinding.tool.LibTypes$observable$2                                  : loaded 4 times (x 75B)
Class com.google.gson.internal.bind.NumberTypeAdapter                                 : loaded 4 times (x 70B)
Class com.sun.xml.bind.v2.runtime.property.StructureLoaderBuilder                     : loaded 4 times (x 66B)
Class com.google.gson.internal.$Gson$Types$ParameterizedTypeImpl                      : loaded 4 times (x 77B)
Class javax.xml.bind.DatatypeConverterInterface                                       : loaded 4 times (x 66B)
Class com.sun.xml.bind.v2.model.impl.BuiltinLeafInfoImpl                              : loaded 4 times (x 101B)
Class com.sun.xml.bind.v2.model.impl.RuntimeBuiltinLeafInfoImpl                       : loaded 4 times (x 129B)
Class javax.xml.bind.annotation.XmlSchemaType                                         : loaded 4 times (x 66B)
Class android.databinding.tool.store.ResourceBundle$BindingTargetBundle               : loaded 4 times (x 91B)
Class com.sun.xml.bind.v2.runtime.unmarshaller.XsiNilLoader$Single                    : loaded 4 times (x 76B)
Class com.sun.xml.bind.v2.runtime.reflect.TransducedAccessor$CompositeTransducedAccessorImpl: loaded 4 times (x 75B)
Class com.sun.xml.bind.v2.runtime.NamespaceContext2                                   : loaded 4 times (x 66B)
Class com.sun.xml.bind.v2.model.impl.RuntimeElementPropertyInfoImpl                   : loaded 4 times (x 135B)
Class com.sun.xml.bind.v2.model.impl.RuntimeBuiltinLeafInfoImpl$28                    : loaded 4 times (x 72B)
Class com.sun.xml.bind.v2.runtime.output.NamespaceContextImpl$Element                 : loaded 4 times (x 68B)
Class [Lcom.sun.xml.bind.v2.util.QNameMap$Entry;                                      : loaded 4 times (x 65B)
Class com.sun.xml.bind.v2.runtime.reflect.PrimitiveArrayListerInteger                 : loaded 4 times (x 72B)
Class com.sun.xml.bind.v2.runtime.IllegalAnnotationsException$Builder                 : loaded 4 times (x 73B)
Class com.sun.xml.bind.v2.model.annotation.RuntimeAnnotationReader                    : loaded 4 times (x 66B)
Class com.sun.xml.bind.v2.model.impl.Util                                             : loaded 4 times (x 67B)
Class com.sun.xml.bind.unmarshaller.InfosetScanner                                    : loaded 4 times (x 66B)
Class com.google.gson.LongSerializationPolicy                                         : loaded 4 times (x 76B)
Class android.databinding.tool.util.L$Client                                          : loaded 4 times (x 66B)
Class kotlin.text.StringsKt__StringsKt$rangesDelimitedBy$1                            : loaded 4 times (x 75B)
Class com.google.common.base.StandardSystemProperty                                   : loaded 4 times (x 75B)
Class com.android.tools.build.jetifier.core.utils.LogLevel                            : loaded 4 times (x 75B)
Class [Lcom.android.tools.build.jetifier.core.utils.LogLevel;                         : loaded 4 times (x 65B)
Class com.google.common.collect.Maps$FilteredEntryMap$EntrySet                        : loaded 4 times (x 148B)
Class [Lcom.sun.xml.bind.v2.model.core.PropertyKind;                                  : loaded 4 times (x 65B)
Class android.databinding.tool.LibTypes$viewDataBinding$2                             : loaded 4 times (x 75B)
Class com.google.gson.internal.bind.JsonAdapterAnnotationTypeAdapterFactory           : loaded 4 times (x 71B)
Class androidx.databinding.InverseMethod                                              : loaded 4 times (x 66B)
Class com.sun.xml.bind.v2.runtime.reflect.Lister                                      : loaded 4 times (x 72B)
Class com.sun.xml.bind.v2.model.impl.RuntimeBuiltinLeafInfoImpl$20                    : loaded 4 times (x 132B)
Class com.sun.xml.bind.v2.model.runtime.RuntimeElementPropertyInfo                    : loaded 4 times (x 66B)
Class com.sun.xml.bind.v2.util.XmlFactory                                             : loaded 4 times (x 67B)
Class com.sun.xml.bind.v2.runtime.output.C14nXmlOutput                                : loaded 4 times (x 97B)
Class com.sun.xml.bind.v2.runtime.unmarshaller.ProxyLoader                            : loaded 4 times (x 74B)
Class com.sun.xml.bind.v2.model.core.ArrayInfo                                        : loaded 4 times (x 66B)
Class android.databinding.internal.org.antlr.v4.runtime.IntStream                     : loaded 4 times (x 66B)
Class org.apache.commons.io.filefilter.AbstractFileFilter                             : loaded 4 times (x 112B)
Class [Lcom.sun.xml.bind.v2.runtime.Location;                                         : loaded 4 times (x 65B)
Class com.sun.xml.bind.v2.model.core.NonElementRef                                    : loaded 4 times (x 66B)
Class com.sun.xml.bind.api.JAXBRIContext                                              : loaded 4 times (x 85B)
Class com.sun.xml.bind.v2.TODO                                                        : loaded 4 times (x 67B)
Class com.google.gson.Gson                                                            : loaded 4 times (x 68B)
Class android.databinding.tool.util.L                                                 : loaded 4 times (x 67B)
Class com.sun.xml.bind.v2.model.annotation.XmlAttributeQuick                          : loaded 4 times (x 89B)
Class android.databinding.internal.org.antlr.v4.runtime.tree.SyntaxTree               : loaded 4 times (x 66B)
Class com.sun.xml.bind.v2.runtime.unmarshaller.TextLoader                             : loaded 4 times (x 74B)
Class com.sun.xml.bind.v2.runtime.ValueListBeanInfoImpl                               : loaded 4 times (x 85B)
Class android.databinding.tool.util.RelativizableFile                                 : loaded 4 times (x 68B)
Class com.sun.xml.bind.v2.runtime.unmarshaller.DomLoader                              : loaded 4 times (x 74B)
Class com.sun.xml.bind.marshaller.CharacterEscapeHandler                              : loaded 4 times (x 66B)
Class com.sun.xml.bind.v2.runtime.output.NamespaceContextImpl                         : loaded 4 times (x 77B)
Class com.squareup.javapoet.MethodSpec                                                : loaded 4 times (x 68B)
Class com.squareup.javapoet.TypeSpec$Builder                                          : loaded 4 times (x 68B)
Class com.android.tools.build.jetifier.core.utils.LogConsumer                         : loaded 4 times (x 66B)
Class com.sun.xml.bind.v2.runtime.property.UnmarshallerChain                          : loaded 4 times (x 68B)
Class android.databinding.internal.org.antlr.v4.runtime.TokenStream                   : loaded 4 times (x 66B)
Class com.sun.xml.bind.v2.runtime.reflect.PrimitiveArrayListerShort                   : loaded 4 times (x 72B)
Class com.sun.xml.bind.v2.runtime.reflect.NullSafeAccessor                            : loaded 4 times (x 81B)
Class com.sun.xml.bind.v2.runtime.property.AttributeProperty                          : loaded 4 times (x 101B)
Class android.databinding.tool.store.ResourceBundle$NameTypeLocation                  : loaded 4 times (x 68B)
Class com.sun.xml.bind.v2.model.annotation.LocatableAnnotation                        : loaded 4 times (x 81B)
Class com.android.tools.build.jetifier.core.rule.RewriteRulesMap                      : loaded 4 times (x 68B)
Class kotlin.reflect.KMutableProperty1                                                : loaded 4 times (x 66B)
Class android.databinding.tool.LibTypes$dataBinderMapper$2                            : loaded 4 times (x 75B)
Class com.sun.xml.bind.v2.model.impl.RuntimeBuiltinLeafInfoImpl$24                    : loaded 4 times (x 133B)
Class com.google.gson.ToNumberPolicy$3                                                : loaded 4 times (x 79B)
Class com.sun.xml.bind.v2.runtime.output.IndentingUTF8XmlOutput                       : loaded 4 times (x 97B)
Class com.sun.xml.bind.v2.model.impl.TypeRefImpl                                      : loaded 4 times (x 83B)
Class com.google.gson.internal.bind.DefaultDateTypeAdapter                            : loaded 4 times (x 70B)
Class com.google.gson.GsonBuilder                                                     : loaded 4 times (x 68B)
Class com.sun.istack.SAXParseException2                                               : loaded 4 times (x 84B)
Class com.squareup.javapoet.ArrayTypeName                                             : loaded 4 times (x 77B)
Class com.sun.istack.SAXException2                                                    : loaded 4 times (x 79B)
Class [Lcom.google.common.base.StandardSystemProperty;                                : loaded 4 times (x 65B)
Class com.android.tools.build.jetifier.core.pom.DependencyVersionsMap$Companion       : loaded 4 times (x 67B)
Class com.android.tools.build.jetifier.core.PackageMap$Companion                      : loaded 4 times (x 67B)
Class android.databinding.tool.ext.Collection_extKt                                   : loaded 4 times (x 67B)
Class kotlin.reflect.KProperty0                                                       : loaded 4 times (x 66B)
Class org.apache.commons.io.file.Counters                                             : loaded 4 times (x 67B)
Class com.sun.xml.bind.marshaller.NamespacePrefixMapper                               : loaded 4 times (x 71B)
Class com.sun.xml.bind.v2.runtime.property.ArrayElementLeafProperty                   : loaded 4 times (x 101B)
Class com.sun.xml.bind.v2.model.impl.ElementPropertyInfoImpl$1                        : loaded 4 times (x 196B)
Class com.sun.xml.bind.v2.model.impl.ERPropertyInfoImpl                               : loaded 4 times (x 104B)
Class com.sun.xml.bind.v2.model.impl.RuntimeBuiltinLeafInfoImpl$1                     : loaded 4 times (x 72B)
Class android.databinding.tool.util.FileUtil                                          : loaded 4 times (x 67B)
Class android.databinding.tool.LibTypes$typeRewriter$2                                : loaded 4 times (x 74B)
Class com.google.gson.internal.sql.SqlTypesSupport                                    : loaded 4 times (x 67B)
Class com.google.gson.internal.Primitives                                             : loaded 4 times (x 67B)
Class com.google.gson.LongSerializationPolicy$2                                       : loaded 4 times (x 76B)
Class com.google.gson.stream.JsonWriter                                               : loaded 4 times (x 94B)
Class com.google.gson.internal.bind.TypeAdapters$32                                   : loaded 4 times (x 72B)
Class android.databinding.tool.LibTypes$viewStubProxy$2                               : loaded 4 times (x 75B)
Class com.sun.xml.bind.Util                                                           : loaded 4 times (x 67B)
Class com.google.gson.FieldNamingStrategy                                             : loaded 4 times (x 66B)
Class [Landroid.databinding.tool.CompilerArguments$Type;                              : loaded 4 times (x 65B)
Class org.apache.commons.io.file.PathUtils                                            : loaded 4 times (x 67B)
Class androidx.databinding.Bindable                                                   : loaded 4 times (x 66B)
Class com.squareup.javapoet.TypeSpec                                                  : loaded 4 times (x 68B)
Class com.sun.xml.bind.api.impl.NameConverter                                         : loaded 4 times (x 66B)
Class android.databinding.tool.ext.XmlResourceReference                               : loaded 4 times (x 68B)
Class kotlin.reflect.KClass                                                           : loaded 4 times (x 66B)
Class kotlin.reflect.KProperty1                                                       : loaded 4 times (x 66B)
Class com.google.common.collect.Maps$FilteredEntryMap$EntrySet$1$1                    : loaded 4 times (x 83B)
Class com.sun.xml.bind.v2.runtime.CompositeStructureBeanInfo                          : loaded 4 times (x 94B)
Class com.sun.xml.bind.v2.runtime.property.ArrayERProperty                            : loaded 4 times (x 100B)
Class com.sun.xml.bind.v2.model.impl.RuntimeBuiltinLeafInfoImpl$2                     : loaded 4 times (x 132B)
Class com.sun.xml.bind.v2.util.QNameMap$Entry                                         : loaded 4 times (x 68B)
Class com.sun.xml.bind.v2.runtime.JAXBContextImpl$1                                   : loaded 4 times (x 74B)
Class com.sun.xml.bind.v2.model.impl.TypeInfoImpl                                     : loaded 4 times (x 81B)
Class com.google.gson.JsonArray                                                       : loaded 4 times (x 96B)
Class android.databinding.tool.LibTypes$appCompatResources$2                          : loaded 4 times (x 75B)
Class com.google.gson.internal.bind.TypeAdapterRuntimeTypeWrapper                     : loaded 4 times (x 70B)
Class android.databinding.tool.LibTypes$nullable$2                                    : loaded 4 times (x 75B)
Class com.sun.xml.bind.v2.runtime.property.Utils$1                                    : loaded 4 times (x 73B)
Class com.google.gson.internal.sql.SqlDateTypeAdapter                                 : loaded 4 times (x 70B)
Class android.databinding.tool.CompilerArguments$Type                                 : loaded 4 times (x 75B)
Class androidx.databinding.BindingConversion                                          : loaded 4 times (x 66B)
Class kotlin.UnsafeLazyImpl                                                           : loaded 4 times (x 72B)
Class com.sun.istack.Pool                                                             : loaded 4 times (x 66B)
Class com.google.gson.internal.reflect.ReflectionHelper$RecordSupportedHelper         : loaded 4 times (x 74B)
Class com.sun.xml.bind.v2.model.annotation.XmlValueQuick                              : loaded 4 times (x 86B)
Class com.sun.xml.bind.marshaller.XMLWriter                                           : loaded 4 times (x 163B)
Class javax.xml.bind.annotation.XmlSchema                                             : loaded 4 times (x 66B)
Class com.sun.xml.bind.v2.runtime.property.TagAndType                                 : loaded 4 times (x 68B)
Class com.sun.xml.bind.v2.model.nav.ReflectionNavigator$3                             : loaded 4 times (x 73B)
Class com.android.tools.build.jetifier.core.type.JavaType                             : loaded 4 times (x 68B)
Class com.sun.xml.bind.v2.model.core.NonElement                                       : loaded 4 times (x 66B)
Class com.sun.xml.bind.v2.ContextFactory                                              : loaded 4 times (x 67B)
Class com.android.tools.build.jetifier.core.TypeRewriter$Companion                    : loaded 4 times (x 67B)
Class kotlin.collections.CollectionsKt___CollectionsKt$withIndex$1                    : loaded 4 times (x 75B)
Class kotlin.reflect.KProperty2                                                       : loaded 4 times (x 66B)
Class com.sun.xml.bind.v2.runtime.Name                                                : loaded 4 times (x 71B)
Class com.sun.xml.bind.v2.model.impl.RuntimeBuiltinLeafInfoImpl$3                     : loaded 4 times (x 132B)
Class com.sun.xml.bind.v2.model.core.BuiltinLeafInfo                                  : loaded 4 times (x 66B)
Class org.apache.commons.io.filefilter.AndFileFilter                                  : loaded 4 times (x 123B)
Class com.sun.xml.bind.v2.runtime.JAXBContextImpl$5                                   : loaded 4 times (x 70B)
Class com.android.tools.build.jetifier.core.pom.DependencyVersionsMap                 : loaded 4 times (x 68B)
Class android.databinding.tool.store.ResourceBundle                                   : loaded 4 times (x 80B)
Class com.google.gson.internal.UnsafeAllocator                                        : loaded 4 times (x 68B)
Class com.sun.xml.bind.v2.model.runtime.RuntimeValuePropertyInfo                      : loaded 4 times (x 66B)
Class com.google.gson.Gson$1                                                          : loaded 4 times (x 72B)
Class android.databinding.tool.LibTypes$bindingAdapter$2                              : loaded 4 times (x 75B)
Class android.databinding.tool.LibTypes$lifecycleOwner$2                              : loaded 4 times (x 75B)
Class com.sun.xml.bind.v2.model.impl.ClassInfoImpl$PropertyGroup                      : loaded 4 times (x 75B)
Class com.google.gson.stream.JsonReader                                               : loaded 4 times (x 93B)
Class com.sun.xml.bind.v2.model.core.ID                                               : loaded 4 times (x 75B)
Class com.google.gson.internal.bind.ReflectiveTypeAdapterFactory$RecordAdapter        : loaded 4 times (x 73B)
Class [Lorg.apache.commons.io.file.DeleteOption;                                      : loaded 4 times (x 65B)
Class com.sun.xml.bind.v2.model.runtime.RuntimeLeafInfo                               : loaded 4 times (x 66B)
Class javax.xml.bind.annotation.XmlElement                                            : loaded 4 times (x 66B)
Class javax.xml.bind.annotation.XmlIDREF                                              : loaded 4 times (x 66B)
Class javax.xml.bind.annotation.XmlSchemaTypes                                        : loaded 4 times (x 66B)
Class com.sun.xml.bind.v2.runtime.unmarshaller.ChildLoader                            : loaded 4 times (x 68B)
Class com.google.gson.JsonParseException                                              : loaded 4 times (x 78B)
Class com.squareup.javapoet.CodeWriter                                                : loaded 4 times (x 68B)
Class android.databinding.internal.org.antlr.v4.runtime.tree.RuleNode                 : loaded 4 times (x 66B)
Class com.sun.xml.bind.v2.runtime.property.ArrayProperty                              : loaded 4 times (x 98B)
Class kotlin.reflect.KMutableProperty2                                                : loaded 4 times (x 66B)
Class com.sun.xml.bind.v2.model.runtime.RuntimeAttributePropertyInfo                  : loaded 4 times (x 66B)
Class com.sun.xml.bind.v2.model.impl.RuntimeBuiltinLeafInfoImpl$4                     : loaded 4 times (x 132B)
Class com.sun.xml.bind.v2.model.core.ErrorHandler                                     : loaded 4 times (x 66B)
Class javax.xml.bind.Marshaller                                                       : loaded 4 times (x 66B)
Class com.sun.xml.bind.v2.runtime.ClassBeanInfoImpl                                   : loaded 4 times (x 88B)
Class com.sun.xml.bind.v2.model.runtime.RuntimeNonElement                             : loaded 4 times (x 66B)
Class javax.xml.bind.UnmarshallerHandler                                              : loaded 4 times (x 66B)
Class com.sun.xml.bind.v2.runtime.XMLSerializer                                       : loaded 4 times (x 80B)
Class com.sun.xml.bind.v2.model.impl.EnumLeafInfoImpl                                 : loaded 4 times (x 124B)
Class com.google.gson.JsonSyntaxException                                             : loaded 4 times (x 78B)
Class com.google.gson.internal.bind.MapTypeAdapterFactory$Adapter                     : loaded 4 times (x 70B)
Class com.google.gson.internal.sql.SqlTimeTypeAdapter$1                               : loaded 4 times (x 71B)
Class com.sun.xml.bind.v2.model.nav.ReflectionNavigator$2                             : loaded 4 times (x 77B)
Class com.google.gson.internal.bind.TypeAdapters$31                                   : loaded 4 times (x 72B)
Class [Lcom.squareup.javapoet.TypeSpec$Kind;                                          : loaded 4 times (x 65B)
Class com.sun.xml.bind.v2.runtime.property.PropertyFactory$1                          : loaded 4 times (x 67B)
Class android.databinding.internal.org.antlr.v4.runtime.CharStream                    : loaded 4 times (x 66B)
Class javax.xml.bind.annotation.XmlAccessorType                                       : loaded 4 times (x 66B)
Class com.sun.xml.bind.v2.model.annotation.XmlTransientQuick                          : loaded 4 times (x 86B)
Class com.squareup.javapoet.TypeSpec$Kind                                             : loaded 4 times (x 75B)
Class com.sun.xml.bind.v2.runtime.reflect.DefaultTransducedAccessor                   : loaded 4 times (x 75B)
Class com.sun.xml.bind.v2.runtime.unmarshaller.UnmarshallingContext$State             : loaded 4 times (x 68B)
Class com.sun.xml.bind.v2.runtime.unmarshaller.UnmarshallingContext$ExpectedTypeRootLoader: loaded 4 times (x 76B)
Class com.sun.xml.bind.v2.runtime.ElementBeanInfoImpl$1                               : loaded 4 times (x 102B)
Class com.sun.xml.bind.v2.runtime.property.ArrayERProperty$ItemsLoader                : loaded 4 times (x 74B)
Class com.sun.xml.bind.v2.model.impl.GetterSetterPropertySeed                         : loaded 4 times (x 86B)
Class com.sun.xml.bind.v2.model.impl.RuntimeBuiltinLeafInfoImpl$5                     : loaded 4 times (x 132B)
Class [Lkotlin.reflect.KClass;                                                        : loaded 4 times (x 65B)
Class com.sun.xml.bind.v2.runtime.reflect.Lister$2                                    : loaded 4 times (x 73B)
Class kotlin.LazyKt__LazyJVMKt$WhenMappings                                           : loaded 4 times (x 67B)
Class android.databinding.tool.LibTypes$dataBindingKtx$2                              : loaded 4 times (x 74B)
Class androidx.databinding.BindingMethods                                             : loaded 4 times (x 66B)
Class com.sun.xml.bind.v2.model.impl.ClassInfoImpl$DuplicateException                 : loaded 4 times (x 78B)
Class javax.xml.bind.annotation.XmlElementDecl                                        : loaded 4 times (x 66B)
Class com.google.gson.internal.LazilyParsedNumber                                     : loaded 4 times (x 74B)
Class [Ljavax.xml.bind.annotation.XmlAccessType;                                      : loaded 4 times (x 65B)
Class kotlin.reflect.KType                                                            : loaded 4 times (x 66B)
Class com.google.gson.internal.UnsafeAllocator$1                                      : loaded 4 times (x 69B)
Class com.sun.xml.bind.v2.model.impl.ModelBuilder                                     : loaded 4 times (x 88B)
Class com.google.gson.internal.Streams                                                : loaded 4 times (x 67B)
Class com.sun.xml.bind.v2.runtime.RuntimeUtil                                         : loaded 4 times (x 67B)
Class com.google.gson.Gson$2                                                          : loaded 4 times (x 72B)
Class com.sun.xml.bind.v2.model.core.ValuePropertyInfo                                : loaded 4 times (x 66B)
Class com.sun.xml.bind.v2.runtime.property.SingleMapNodeProperty$2                    : loaded 4 times (x 74B)
Class javax.xml.bind.helpers.AbstractUnmarshallerImpl                                 : loaded 4 times (x 126B)
Class com.android.tools.build.jetifier.core.proguard.ProGuardTypesMap                 : loaded 4 times (x 68B)
Class android.databinding.tool.ext.ExtKt                                              : loaded 4 times (x 67B)
Class com.sun.xml.bind.v2.model.impl.RuntimeBuiltinLeafInfoImpl$27                    : loaded 4 times (x 132B)
Class android.databinding.tool.LibTypes$viewBinding$2                                 : loaded 4 times (x 75B)
Class com.sun.xml.bind.v2.runtime.property.SingleElementNodeProperty                  : loaded 4 times (x 98B)
Class com.sun.xml.bind.api.impl.NameConverter$1                                       : loaded 4 times (x 89B)
Class com.sun.xml.bind.v2.model.impl.RuntimeBuiltinLeafInfoImpl$6                     : loaded 4 times (x 132B)
Class android.databinding.tool.store.ResourceBundle$LayoutFileBundle                  : loaded 4 times (x 99B)
Class javax.xml.bind.annotation.DomHandler                                            : loaded 4 times (x 66B)
Class com.google.gson.internal.bind.DefaultDateTypeAdapter$DateType                   : loaded 4 times (x 69B)
Class kotlin.text.DelimitedRangesSequence$iterator$1                                  : loaded 4 times (x 75B)
Class android.databinding.tool.CompilerArguments                                      : loaded 4 times (x 68B)
Class com.google.gson.internal.bind.TypeAdapters$9                                    : loaded 4 times (x 71B)
Class com.sun.xml.bind.v2.runtime.property.PropertyFactory                            : loaded 4 times (x 67B)
Class [Lcom.sun.xml.bind.v2.model.annotation.Locatable;                               : loaded 4 times (x 65B)
Class com.sun.xml.bind.v2.util.TypeCast                                               : loaded 4 times (x 67B)
Class com.sun.xml.bind.v2.runtime.unmarshaller.SAXConnector                           : loaded 4 times (x 97B)
Class android.databinding.tool.LibTypes$liveData$2                                    : loaded 4 times (x 75B)
Class com.google.gson.internal.bind.DefaultDateTypeAdapter$DateType$1                 : loaded 4 times (x 69B)
Class com.sun.xml.bind.v2.model.nav.ReflectionNavigator$1                             : loaded 4 times (x 77B)
Class android.databinding.tool.store.Location                                         : loaded 4 times (x 74B)
Class com.sun.xml.bind.v2.util.XmlFactory$1                                           : loaded 4 times (x 72B)
Class com.sun.xml.bind.v2.runtime.reflect.Lister$1                                    : loaded 4 times (x 72B)
Class com.sun.xml.bind.v2.runtime.reflect.PrimitiveArrayListerDouble                  : loaded 4 times (x 72B)
Class com.sun.xml.bind.v2.runtime.unmarshaller.Loader                                 : loaded 4 times (x 73B)
Class com.sun.xml.bind.api.impl.NameConverter$2                                       : loaded 4 times (x 89B)
Class com.sun.xml.bind.v2.model.impl.RuntimeBuiltinLeafInfoImpl$7                     : loaded 4 times (x 132B)
Class com.sun.xml.bind.v2.model.runtime.RuntimeClassInfo                              : loaded 4 times (x 66B)
Class android.databinding.internal.org.antlr.v4.runtime.tree.ParseTree                : loaded 4 times (x 66B)
Class org.apache.commons.io.file.SimplePathVisitor                                    : loaded 4 times (x 81B)
Class com.sun.xml.bind.v2.runtime.unmarshaller.UnmarshallingContext$DefaultRootLoader : loaded 4 times (x 76B)
Class com.google.gson.internal.bind.ReflectiveTypeAdapterFactory$1                    : loaded 4 times (x 75B)
Class android.databinding.tool.LibTypes                                               : loaded 4 times (x 68B)
Class com.google.gson.TypeAdapterFactory                                              : loaded 4 times (x 66B)
Class android.databinding.tool.store.ResourceBundle$IncludedLayout$Builder            : loaded 4 times (x 72B)
Class com.sun.xml.bind.v2.runtime.reflect.PrimitiveArrayListerLong                    : loaded 4 times (x 72B)
Class android.databinding.tool.store.GenClassInfoLog                                  : loaded 4 times (x 68B)
Class com.sun.xml.bind.v2.model.core.ClassInfo                                        : loaded 4 times (x 66B)
Class com.sun.xml.bind.v2.model.core.EnumLeafInfo                                     : loaded 4 times (x 66B)
Class javax.xml.bind.annotation.XmlList                                               : loaded 4 times (x 66B)
Class com.sun.xml.bind.v2.runtime.property.SingleMapNodeProperty$1                    : loaded 4 times (x 74B)
Class com.google.gson.FieldNamingPolicy                                               : loaded 4 times (x 79B)
Class com.google.gson.internal.bind.JsonTreeReader                                    : loaded 4 times (x 94B)
Class com.google.gson.reflect.TypeToken                                               : loaded 4 times (x 71B)
Class com.google.gson.internal.bind.TypeAdapters                                      : loaded 4 times (x 67B)
Class com.android.tools.build.jetifier.core.proguard.ProGuardType                     : loaded 4 times (x 68B)
Class com.sun.xml.bind.api.Bridge                                                     : loaded 4 times (x 81B)
Class com.sun.istack.FinalArrayList                                                   : loaded 4 times (x 205B)
Class com.sun.xml.bind.v2.model.impl.RuntimeBuiltinLeafInfoImpl$8                     : loaded 4 times (x 132B)
Class com.sun.xml.bind.api.ErrorListener                                              : loaded 4 times (x 66B)
Class org.apache.commons.io.filefilter.OrFileFilter                                   : loaded 4 times (x 123B)
Class org.apache.commons.io.function.Uncheck                                          : loaded 4 times (x 67B)
Class com.sun.xml.bind.v2.model.impl.RuntimeTypeInfoSetImpl                           : loaded 4 times (x 119B)
Class com.sun.xml.bind.v2.model.impl.Utils$1                                          : loaded 4 times (x 73B)
Class javax.xml.bind.annotation.XmlMimeType                                           : loaded 4 times (x 66B)
Class com.google.gson.internal.bind.TypeAdapters$8                                    : loaded 4 times (x 71B)
Class com.sun.xml.bind.v2.runtime.unmarshaller.XmlVisitor                             : loaded 4 times (x 66B)
Class com.google.gson.internal.bind.CollectionTypeAdapterFactory$Adapter              : loaded 4 times (x 70B)
Class android.databinding.tool.LibTypes$inverseBindingListener$2                      : loaded 4 times (x 75B)
Class android.databinding.tool.LibTypes$propertyChangedInverseListener$2              : loaded 4 times (x 75B)
Class com.android.tools.build.jetifier.core.pom.PomRewriteRule$JsonData               : loaded 4 times (x 68B)
Class javax.xml.bind.UnmarshalException                                               : loaded 4 times (x 81B)
Class android.databinding.tool.util.FileUtil$listAndSortFiles$$inlined$sortedBy$2     : loaded 4 times (x 85B)
Class com.sun.xml.bind.v2.model.annotation.XmlElementDeclQuick                        : loaded 4 times (x 92B)
Class com.sun.xml.bind.v2.runtime.ElementBeanInfoImpl$IntercepterLoader               : loaded 4 times (x 77B)
Class javax.xml.bind.ValidationEventLocator                                           : loaded 4 times (x 66B)
Class com.squareup.javapoet.JavaFile$Builder                                          : loaded 4 times (x 68B)
Class org.apache.commons.io.filefilter.FileEqualsFileFilter                           : loaded 4 times (x 112B)
Class org.apache.commons.io.file.Counters$AbstractPathCounters                        : loaded 4 times (x 78B)
Class com.sun.xml.bind.CycleRecoverable$Context                                       : loaded 4 times (x 66B)
Class com.sun.xml.bind.v2.model.annotation.XmlSchemaTypeQuick                         : loaded 4 times (x 89B)
Class com.sun.xml.bind.v2.model.impl.RuntimeBuiltinLeafInfoImpl$10                    : loaded 4 times (x 132B)
Class com.sun.xml.bind.v2.model.impl.RuntimeBuiltinLeafInfoImpl$9                     : loaded 4 times (x 132B)
Class com.sun.xml.bind.v2.runtime.BridgeImpl                                          : loaded 4 times (x 83B)
Class android.databinding.internal.org.antlr.v4.runtime.Token                         : loaded 4 times (x 66B)
Class com.sun.xml.bind.v2.model.core.Element                                          : loaded 4 times (x 66B)
Class com.google.gson.ToNumberStrategy                                                : loaded 4 times (x 66B)
Class com.google.gson.TypeAdapter                                                     : loaded 4 times (x 69B)
Class com.sun.xml.bind.v2.model.runtime.RuntimeBuiltinLeafInfo                        : loaded 4 times (x 66B)
Class com.sun.xml.bind.v2.model.impl.DummyPropertyInfo                                : loaded 4 times (x 66B)
Class android.databinding.internal.org.antlr.v4.runtime.tree.AbstractParseTreeVisitor : loaded 4 times (x 80B)
Class android.databinding.tool.processing.scopes.ScopeProvider                        : loaded 4 times (x 66B)
Class com.google.gson.JsonNull                                                        : loaded 4 times (x 88B)
Class com.google.gson.internal.bind.TypeAdapters$29                                   : loaded 4 times (x 71B)
Class com.google.gson.internal.bind.MapTypeAdapterFactory                             : loaded 4 times (x 71B)
Class com.sun.xml.bind.v2.model.impl.AttributePropertyInfoImpl                        : loaded 4 times (x 120B)
Class com.sun.xml.bind.api.AccessorException                                          : loaded 4 times (x 78B)
Class [Lcom.sun.xml.bind.v2.runtime.unmarshaller.Scope;                               : loaded 4 times (x 65B)
Class com.sun.xml.bind.v2.model.impl.RuntimeBuiltinLeafInfoImpl$11                    : loaded 4 times (x 132B)
Class com.sun.xml.bind.v2.model.core.ElementInfo                                      : loaded 4 times (x 66B)
Class com.sun.xml.bind.v2.model.runtime.RuntimeEnumLeafInfo                           : loaded 4 times (x 66B)
Class com.google.gson.internal.UnsafeAllocator$2                                      : loaded 4 times (x 69B)
Class android.databinding.tool.store.GenClassInfoLog$GenClassImpl$Companion           : loaded 4 times (x 67B)
Class com.sun.xml.bind.v2.model.impl.MapPropertyInfoImpl                              : loaded 4 times (x 115B)
Class com.sun.xml.bind.v2.runtime.reflect.Accessor                                    : loaded 4 times (x 81B)
Class com.sun.xml.bind.v2.model.impl.RuntimeMapPropertyInfoImpl                       : loaded 4 times (x 133B)
Class com.google.gson.internal.bind.ReflectiveTypeAdapterFactory$BoundField           : loaded 4 times (x 71B)
Class com.google.gson.internal.Streams$AppendableWriter                               : loaded 4 times (x 95B)
Class com.sun.xml.bind.v2.model.impl.LeafInfoImpl                                     : loaded 4 times (x 98B)
Class com.sun.xml.bind.v2.runtime.reflect.AdaptedAccessor                             : loaded 4 times (x 81B)
Class com.sun.xml.bind.v2.runtime.unmarshaller.XsiTypeLoader                          : loaded 4 times (x 74B)
Class com.sun.xml.bind.v2.runtime.unmarshaller.WildcardLoader                         : loaded 4 times (x 75B)
Class com.sun.xml.bind.v2.runtime.reflect.TransducedAccessor$IDREFTransducedAccessorImpl: loaded 4 times (x 76B)
Class javax.xml.bind.annotation.W3CDomHandler                                         : loaded 4 times (x 81B)
Class com.squareup.javapoet.MethodSpec$Builder                                        : loaded 4 times (x 68B)
Class com.sun.xml.bind.v2.model.impl.RuntimeAttributePropertyInfoImpl                 : loaded 4 times (x 140B)
Class com.android.tools.build.jetifier.core.config.Config$JsonData                    : loaded 4 times (x 68B)
Class com.android.tools.build.jetifier.core.type.JavaType$Companion                   : loaded 4 times (x 67B)
Class kotlin.collections.IndexingIterable                                             : loaded 4 times (x 75B)
Class com.sun.xml.bind.v2.runtime.reflect.TransducedAccessor$CompositeContextDependentTransducedAccessorImpl: loaded 4 times (x 75B)
Class android.databinding.tool.ext.Replacement                                        : loaded 4 times (x 68B)
Class com.sun.xml.bind.v2.runtime.property.ArrayElementProperty                       : loaded 4 times (x 101B)
Class com.sun.xml.bind.api.impl.NameUtil                                              : loaded 4 times (x 76B)
Class com.sun.xml.bind.v2.util.ByteArrayOutputStreamEx                                : loaded 4 times (x 90B)
Class com.sun.xml.bind.v2.model.impl.RuntimeBuiltinLeafInfoImpl$12                    : loaded 4 times (x 132B)
Class com.sun.xml.bind.v2.model.impl.RuntimeBuiltinLeafInfoImpl$PcdataImpl            : loaded 4 times (x 130B)
Class com.sun.xml.bind.v2.model.impl.ElementInfoImpl                                  : loaded 4 times (x 105B)
Class com.sun.xml.bind.v2.model.annotation.AbstractInlineAnnotationReaderImpl         : loaded 4 times (x 100B)
Class org.apache.commons.io.file.CountingPathVisitor                                  : loaded 4 times (x 87B)
Class com.google.gson.Gson$3                                                          : loaded 4 times (x 71B)
Class android.databinding.tool.processing.scopes.LocationScopeProvider                : loaded 4 times (x 66B)
Class com.sun.xml.bind.v2.model.nav.ParameterizedTypeImpl                             : loaded 4 times (x 81B)
Class android.databinding.tool.CompilerArguments$Companion                            : loaded 4 times (x 67B)
Class kotlin.properties.ReadOnlyProperty                                              : loaded 4 times (x 66B)
Class com.sun.xml.bind.AccessorFactoryImpl                                            : loaded 4 times (x 77B)
Class com.google.gson.internal.bind.DateTypeAdapter                                   : loaded 4 times (x 70B)
Class com.google.gson.stream.MalformedJsonException                                   : loaded 4 times (x 78B)
Class com.sun.xml.bind.v2.model.core.MapPropertyInfo                                  : loaded 4 times (x 66B)
Class org.apache.commons.io.filefilter.SuffixFileFilter                               : loaded 4 times (x 112B)
Class org.apache.commons.io.FileSystem                                                : loaded 4 times (x 76B)
Class org.apache.commons.io.file.Counters$NoopCounter                                 : loaded 4 times (x 76B)
Class [Lcom.google.gson.LongSerializationPolicy;                                      : loaded 4 times (x 65B)
Class com.google.gson.internal.bind.TypeAdapters$28                                   : loaded 4 times (x 71B)
Class com.google.gson.internal.bind.TypeAdapters$EnumTypeAdapter                      : loaded 4 times (x 70B)
Class javax.xml.bind.annotation.XmlElementRef                                         : loaded 4 times (x 66B)
Class com.sun.xml.bind.v2.model.annotation.XmlElementRefsQuick                        : loaded 4 times (x 87B)
Class com.sun.xml.bind.v2.model.runtime.RuntimePropertyInfo                           : loaded 4 times (x 66B)
Class com.sun.xml.bind.v2.util.FlattenIterator                                        : loaded 4 times (x 75B)
Class com.sun.xml.bind.v2.runtime.reflect.PrimitiveArrayListerFloat                   : loaded 4 times (x 72B)
Class android.databinding.internal.org.antlr.v4.runtime.tree.ParseTreeVisitor         : loaded 4 times (x 66B)
Class com.google.gson.internal.bind.TypeAdapters$7                                    : loaded 4 times (x 71B)
Class com.google.gson.annotations.SerializedName                                      : loaded 4 times (x 66B)
Class com.google.gson.internal.$Gson$Preconditions                                    : loaded 4 times (x 67B)
Class org.apache.commons.io.filefilter.ConditionalFileFilter                          : loaded 4 times (x 66B)
Class [Lkotlin.reflect.KCallable;                                                     : loaded 4 times (x 65B)
Class com.squareup.javapoet.ParameterizedTypeName                                     : loaded 4 times (x 77B)
Class com.google.gson.internal.sql.SqlTimestampTypeAdapter$1                          : loaded 4 times (x 71B)
Class com.google.gson.JsonPrimitive                                                   : loaded 4 times (x 89B)
Class com.sun.xml.bind.api.CompositeStructure                                         : loaded 4 times (x 68B)
Class com.sun.xml.bind.v2.runtime.MarshallerImpl$1                                    : loaded 4 times (x 148B)
Class com.sun.xml.bind.v2.runtime.unmarshaller.LeafPropertyXsiLoader                  : loaded 4 times (x 74B)
Class com.sun.xml.bind.v2.runtime.property.ArrayReferenceNodeProperty                 : loaded 4 times (x 100B)
Class [Lcom.sun.xml.bind.v2.runtime.property.AttributeProperty;                       : loaded 4 times (x 65B)
Class javax.xml.bind.annotation.XmlElements                                           : loaded 4 times (x 66B)
Class com.sun.xml.bind.v2.model.impl.ClassInfoImpl$ConflictException                  : loaded 4 times (x 78B)
Class com.sun.xml.bind.v2.model.annotation.XmlElementQuick                            : loaded 4 times (x 92B)
Class com.sun.xml.bind.v2.model.impl.RuntimeBuiltinLeafInfoImpl$13                    : loaded 4 times (x 133B)
Class com.sun.xml.bind.v2.model.impl.ModelBuilderI                                    : loaded 4 times (x 66B)
Class com.sun.xml.bind.v2.runtime.LeafBeanInfoImpl                                    : loaded 4 times (x 85B)
Class javax.xml.bind.annotation.XmlValue                                              : loaded 4 times (x 66B)
Class kotlin.reflect.KProperty$Accessor                                               : loaded 4 times (x 66B)
Class com.google.gson.internal.ObjectConstructor                                      : loaded 4 times (x 66B)
Class androidx.databinding.InverseBindingMethods                                      : loaded 4 times (x 66B)
Class kotlin.text.DelimitedRangesSequence                                             : loaded 4 times (x 71B)
Class android.databinding.tool.util.LoggedErrorException                              : loaded 4 times (x 78B)
Class com.sun.xml.bind.v2.runtime.reflect.Accessor$2                                  : loaded 4 times (x 83B)
Class com.sun.xml.bind.v2.runtime.reflect.Accessor$GetterSetterReflection             : loaded 4 times (x 81B)
Class com.sun.xml.bind.v2.runtime.unmarshaller.DefaultValueLoaderDecorator            : loaded 4 times (x 74B)
Class com.android.tools.build.jetifier.core.proguard.ProGuardTypesMap$expandedRules$2 : loaded 4 times (x 75B)
Class com.sun.xml.bind.DatatypeConverterImpl                                          : loaded 4 times (x 107B)
Class [Lkotlin.LazyThreadSafetyMode;                                                  : loaded 4 times (x 65B)
Class androidx.databinding.Untaggable                                                 : loaded 4 times (x 66B)
Class com.google.gson.FieldNamingPolicy$7                                             : loaded 4 times (x 79B)
Class com.google.gson.internal.bind.TypeAdapters$27                                   : loaded 4 times (x 71B)
Class kotlin.Triple                                                                   : loaded 4 times (x 68B)
Class com.squareup.javapoet.AnnotationSpec$Builder                                    : loaded 4 times (x 68B)
Class com.android.tools.build.jetifier.core.rule.RewriteRule$Companion                : loaded 4 times (x 67B)
Class com.android.tools.build.jetifier.core.rule.RewriteRule                          : loaded 4 times (x 68B)
Class com.sun.xml.bind.v2.ClassFactory                                                : loaded 4 times (x 67B)
Class kotlin.reflect.KMutableProperty                                                 : loaded 4 times (x 66B)
Class com.sun.xml.bind.v2.runtime.reflect.AdaptedLister                               : loaded 4 times (x 73B)
Class com.sun.xml.bind.v2.model.nav.ReflectionNavigator$10                            : loaded 4 times (x 73B)
Class com.sun.xml.bind.v2.model.impl.RuntimeBuiltinLeafInfoImpl$UUIDImpl              : loaded 4 times (x 132B)
Class com.sun.xml.bind.v2.model.impl.RuntimeBuiltinLeafInfoImpl$14                    : loaded 4 times (x 132B)
Class com.sun.xml.bind.v2.model.core.RegistryInfo                                     : loaded 4 times (x 66B)
Class com.sun.xml.bind.v2.model.core.TypeInfo                                         : loaded 4 times (x 66B)
Class org.apache.commons.io.filefilter.FileFileFilter                                 : loaded 4 times (x 112B)
Class com.sun.xml.bind.v2.runtime.BinderImpl                                          : loaded 4 times (x 82B)
Class com.google.gson.internal.bind.TypeAdapters$6                                    : loaded 4 times (x 71B)
Class com.sun.xml.bind.v2.model.impl.RuntimeBuiltinLeafInfoImpl$10$1                  : loaded 4 times (x 352B)
Class org.apache.commons.io.filefilter.TrueFileFilter                                 : loaded 4 times (x 90B)
Class com.sun.xml.bind.v2.model.annotation.RuntimeInlineAnnotationReader              : loaded 4 times (x 102B)
Class javax.xml.bind.annotation.XmlAccessType                                         : loaded 4 times (x 75B)
Class com.sun.xml.bind.v2.model.annotation.XmlEnumQuick                               : loaded 4 times (x 87B)
Class javax.xml.bind.annotation.XmlType                                               : loaded 4 times (x 66B)
Class com.google.gson.internal.bind.TypeAdapters$19                                   : loaded 4 times (x 71B)
Class com.android.tools.build.jetifier.core.type.TypesMap$Companion                   : loaded 4 times (x 67B)
Class com.google.gson.internal.bind.ReflectiveTypeAdapterFactory$FieldReflectionAdapter: loaded 4 times (x 73B)
Class kotlin.jvm.internal.PropertyReference                                           : loaded 4 times (x 111B)
Class android.databinding.internal.org.antlr.v4.runtime.RuleContext                   : loaded 4 times (x 110B)
Class com.sun.xml.bind.v2.model.impl.ClassInfoImpl$SecondaryAnnotation                : loaded 4 times (x 76B)
Class com.sun.xml.bind.v2.model.impl.RuntimeBuiltinLeafInfoImpl$15                    : loaded 4 times (x 132B)
Class com.sun.xml.bind.v2.runtime.AnyTypeBeanInfo                                     : loaded 4 times (x 88B)
Class com.sun.xml.bind.v2.model.core.MaybeElement                                     : loaded 4 times (x 66B)
Class org.apache.commons.io.Charsets                                                  : loaded 4 times (x 67B)
Class com.google.gson.internal.LinkedTreeMap                                          : loaded 4 times (x 119B)
Class org.apache.commons.io.file.Counters$PathCounters                                : loaded 4 times (x 66B)
Class com.google.gson.stream.JsonReader$1                                             : loaded 4 times (x 68B)
Class [Ljavax.xml.bind.annotation.XmlElement;                                         : loaded 4 times (x 65B)
Class com.sun.xml.bind.v2.runtime.reflect.Utils$1                                     : loaded 4 times (x 73B)
Class com.sun.xml.bind.v2.runtime.property.ArrayERProperty$ReceiverImpl               : loaded 4 times (x 71B)
Class com.sun.xml.bind.v2.runtime.MarshallerImpl                                      : loaded 4 times (x 124B)
Class org.apache.commons.io.CloseableURLConnection                                    : loaded 4 times (x 113B)
Class [Lorg.apache.commons.io.FileSystem;                                             : loaded 4 times (x 65B)
Class org.apache.commons.io.function.IOBiFunction                                     : loaded 4 times (x 66B)
Class javax.xml.bind.MarshalException                                                 : loaded 4 times (x 81B)
Class kotlin.collections.IndexingIterator                                             : loaded 4 times (x 75B)
Class android.databinding.internal.org.antlr.v4.runtime.TokenSource                   : loaded 4 times (x 66B)
Class com.sun.xml.bind.v2.model.impl.ReferencePropertyInfoImpl                        : loaded 4 times (x 123B)
Class javax.xml.bind.annotation.XmlTransient                                          : loaded 4 times (x 66B)
Class com.sun.xml.bind.v2.model.impl.AnyTypeImpl                                      : loaded 4 times (x 85B)
Class com.sun.xml.bind.v2.model.impl.RuntimeBuiltinLeafInfoImpl$16                    : loaded 4 times (x 132B)
Class com.sun.xml.bind.v2.runtime.IllegalAnnotationsException                         : loaded 4 times (x 82B)
Class com.google.gson.internal.LinkedTreeMap$1                                        : loaded 4 times (x 87B)
Class com.android.tools.build.jetifier.core.utils.StdOutLogConsumer                   : loaded 4 times (x 73B)
Class com.google.gson.ToNumberPolicy$4                                                : loaded 4 times (x 79B)
Class android.databinding.tool.LibTypes$dataBindingComponent$2                        : loaded 4 times (x 75B)
Class com.sun.xml.bind.v2.runtime.unmarshaller.XsiNilLoader                           : loaded 4 times (x 76B)
Class [Lkotlin.reflect.KClassifier;                                                   : loaded 4 times (x 65B)
Class com.sun.xml.bind.v2.runtime.property.SingleReferenceNodeProperty$1              : loaded 4 times (x 81B)
Class com.sun.xml.bind.v2.runtime.reflect.PrimitiveArrayListerByte                    : loaded 4 times (x 72B)
Class com.sun.xml.bind.v2.model.impl.RuntimeBuiltinLeafInfoImpl$23                    : loaded 4 times (x 132B)
Class javax.activation.DataHandler                                                    : loaded 4 times (x 88B)
Class [Lkotlin.reflect.KAnnotatedElement;                                             : loaded 4 times (x 65B)
Class com.sun.xml.bind.v2.runtime.reflect.Lister$ArrayLister                          : loaded 4 times (x 73B)
Class com.sun.xml.bind.v2.runtime.property.PropertyImpl                               : loaded 4 times (x 98B)
Class com.sun.xml.bind.v2.model.impl.RuntimeBuiltinLeafInfoImpl$17                    : loaded 4 times (x 132B)
Class com.sun.xml.bind.v2.runtime.BridgeContextImpl                                   : loaded 4 times (x 73B)
Class com.sun.xml.bind.v2.runtime.ElementBeanInfoImpl                                 : loaded 4 times (x 85B)
Class com.sun.xml.bind.v2.runtime.BridgeAdapter                                       : loaded 4 times (x 83B)
Class [Lcom.google.gson.ReflectionAccessFilter$FilterResult;                          : loaded 4 times (x 65B)
Class [Lcom.google.gson.ToNumberPolicy;                                               : loaded 4 times (x 65B)
Class com.google.gson.ToNumberPolicy                                                  : loaded 4 times (x 79B)
Class com.squareup.javapoet.ClassName                                                 : loaded 4 times (x 80B)
Class com.sun.xml.bind.v2.model.impl.RuntimeBuiltinLeafInfoImpl$26                    : loaded 4 times (x 132B)
Class com.google.gson.FieldNamingPolicy$6                                             : loaded 4 times (x 79B)
Class com.google.gson.internal.bind.TypeAdapters$26                                   : loaded 4 times (x 71B)
Class com.google.gson.internal.bind.ArrayTypeAdapter                                  : loaded 4 times (x 70B)
Class com.google.common.collect.ForwardingMapEntry                                    : loaded 4 times (x 82B)
Class com.sun.xml.bind.v2.model.impl.Utils                                            : loaded 4 times (x 67B)
Class javax.xml.bind.ValidationEvent                                                  : loaded 4 times (x 66B)
Class com.sun.xml.bind.v2.runtime.JaxBeanInfo$1                                       : loaded 4 times (x 73B)
Class com.google.gson.JsonElement                                                     : loaded 4 times (x 88B)
Class com.squareup.javapoet.Util                                                      : loaded 4 times (x 67B)
Class com.sun.xml.bind.v2.ClassFactory$1                                              : loaded 4 times (x 79B)
Class com.squareup.javapoet.CodeBlock$Builder                                         : loaded 4 times (x 68B)
Class com.sun.xml.bind.v2.runtime.property.ArrayElementNodeProperty                   : loaded 4 times (x 101B)
Class com.android.tools.build.jetifier.core.pom.PomRewriteRule$Companion              : loaded 4 times (x 67B)
Class kotlin.jvm.internal.Reflection                                                  : loaded 4 times (x 67B)
Class kotlin.reflect.KProperty                                                        : loaded 4 times (x 66B)
Class com.google.gson.internal.bind.TypeAdapters$5                                    : loaded 4 times (x 71B)
Class com.google.gson.internal.bind.TypeAdapters$18                                   : loaded 4 times (x 71B)
Class com.sun.xml.bind.v2.model.core.PropertyInfo                                     : loaded 4 times (x 66B)
Class com.sun.xml.bind.v2.model.impl.RuntimeBuiltinLeafInfoImpl$18                    : loaded 4 times (x 132B)
Class javax.activation.MimeTypeParseException                                         : loaded 4 times (x 78B)
Class com.sun.xml.bind.WhiteSpaceProcessor                                            : loaded 4 times (x 67B)
Class com.sun.xml.bind.v2.runtime.AttributeAccessor                                   : loaded 4 times (x 66B)
Class com.sun.xml.bind.v2.model.annotation.Locatable                                  : loaded 4 times (x 66B)
Class org.apache.commons.io.file.DeleteOption                                         : loaded 4 times (x 66B)
Class com.google.common.collect.Maps$FilteredEntryMap$EntrySet$1                      : loaded 4 times (x 78B)
Class com.google.gson.internal.ConstructorConstructor$11                              : loaded 4 times (x 71B)
Class com.sun.xml.bind.v2.model.runtime.RuntimeTypeInfoSet                            : loaded 4 times (x 66B)
Class com.android.tools.build.jetifier.core.config.Config$Companion                   : loaded 4 times (x 67B)
Class com.sun.xml.bind.v2.runtime.reflect.Accessor$FieldReflection                    : loaded 4 times (x 81B)
Class com.google.gson.internal.bind.SerializationDelegatingTypeAdapter                : loaded 4 times (x 70B)
Class com.sun.xml.bind.v2.model.annotation.XmlElementRefQuick                         : loaded 4 times (x 90B)
Class com.google.gson.annotations.JsonAdapter                                         : loaded 4 times (x 66B)
Class com.sun.xml.bind.v2.runtime.ArrayBeanInfoImpl                                   : loaded 4 times (x 85B)
Class com.sun.xml.bind.v2.runtime.JaxBeanInfo                                         : loaded 4 times (x 85B)
Class com.google.gson.FieldNamingPolicy$5                                             : loaded 4 times (x 79B)
Class com.google.gson.internal.bind.TypeAdapters$25                                   : loaded 4 times (x 71B)
Class com.sun.xml.bind.v2.model.annotation.Quick                                      : loaded 4 times (x 84B)
Class com.sun.xml.bind.v2.model.impl.FieldPropertySeed                                : loaded 4 times (x 86B)
Class com.sun.xml.bind.v2.runtime.Location                                            : loaded 4 times (x 66B)
Class kotlin.reflect.KMutableProperty0                                                : loaded 4 times (x 66B)
Class com.sun.xml.bind.v2.model.core.TypeRef                                          : loaded 4 times (x 66B)
Class android.databinding.internal.org.antlr.v4.runtime.ANTLRErrorListener            : loaded 4 times (x 66B)
Class kotlin.reflect.KClassifier                                                      : loaded 4 times (x 66B)
Class com.sun.xml.bind.v2.runtime.unmarshaller.XmlVisitor$TextPredictor               : loaded 4 times (x 66B)
Class javax.xml.bind.annotation.XmlRegistry                                           : loaded 4 times (x 66B)
Class com.sun.xml.bind.v2.model.impl.RuntimeBuiltinLeafInfoImpl$19                    : loaded 4 times (x 132B)
Class android.databinding.tool.store.GenClassInfoLog$GenClassImpl                     : loaded 4 times (x 68B)
Class com.android.tools.build.jetifier.core.config.ConfigParser                       : loaded 4 times (x 67B)
Class com.google.gson.internal.ConstructorConstructor$9                               : loaded 4 times (x 72B)
Class android.databinding.tool.util.Preconditions                                     : loaded 4 times (x 67B)
Class javax.xml.bind.annotation.XmlAttribute                                          : loaded 4 times (x 66B)
Class javax.xml.bind.annotation.XmlInlineBinaryData                                   : loaded 4 times (x 66B)
Class com.sun.xml.bind.v2.runtime.reflect.Lister$IDREFS                               : loaded 4 times (x 73B)
Class com.sun.xml.bind.v2.runtime.reflect.PrimitiveArrayListerCharacter               : loaded 4 times (x 72B)
Class com.google.gson.internal.LinkedTreeMap$EntrySet$1                               : loaded 4 times (x 77B)
Class com.squareup.javapoet.LineWrapper                                               : loaded 4 times (x 68B)
Class com.sun.xml.bind.v2.model.runtime.RuntimeNonElementRef                          : loaded 4 times (x 66B)
Class com.google.gson.JsonObject                                                      : loaded 4 times (x 89B)
Class com.sun.xml.bind.v2.runtime.reflect.Accessor$1                                  : loaded 4 times (x 81B)
Class com.google.gson.internal.ConstructorConstructor$13                              : loaded 4 times (x 71B)
Class com.sun.xml.bind.v2.runtime.property.SingleReferenceNodeProperty                : loaded 4 times (x 98B)
Class com.sun.xml.bind.v2.runtime.reflect.ListIterator                                : loaded 4 times (x 66B)
Class javax.xml.bind.annotation.XmlElementRefs                                        : loaded 4 times (x 66B)
Class android.databinding.tool.util.StringUtils                                       : loaded 4 times (x 67B)
Class com.sun.xml.bind.v2.runtime.reflect.Lister$CollectionLister                     : loaded 4 times (x 73B)
Class javax.xml.bind.annotation.XmlAccessOrder                                        : loaded 4 times (x 75B)
Class com.sun.xml.bind.v2.model.impl.RuntimeAnyTypeImpl                               : loaded 4 times (x 90B)
Class com.sun.xml.bind.v2.model.nav.Navigator                                         : loaded 4 times (x 66B)
Class com.sun.xml.bind.v2.runtime.unmarshaller.StructureLoader$1                      : loaded 4 times (x 67B)
Class com.google.gson.internal.bind.ArrayTypeAdapter$1                                : loaded 4 times (x 71B)
Class com.google.gson.internal.bind.JsonTreeWriter                                    : loaded 4 times (x 94B)
Class android.databinding.tool.LibTypes$listClassNames$2                              : loaded 4 times (x 75B)
Class android.databinding.tool.LibTypes$Companion                                     : loaded 4 times (x 67B)
Class com.sun.xml.bind.v2.model.runtime.RuntimeElement                                : loaded 4 times (x 66B)
Class kotlin.text.StringsKt__StringsKt$splitToSequence$2                              : loaded 4 times (x 75B)
Class com.sun.xml.bind.v2.runtime.output.XmlOutputAbstractImpl                        : loaded 4 times (x 92B)
Class android.databinding.tool.LibTypes$bindable$2                                    : loaded 4 times (x 75B)
Class com.google.gson.FieldNamingPolicy$4                                             : loaded 4 times (x 79B)
Class com.google.gson.internal.bind.TypeAdapters$24                                   : loaded 4 times (x 71B)
Class com.google.gson.internal.bind.TypeAdapters$34$1                                 : loaded 4 times (x 70B)
Class com.google.common.collect.ForwardingSet                                         : loaded 4 times (x 147B)
Class com.google.gson.internal.bind.TypeAdapters$34                                   : loaded 4 times (x 72B)
Class com.sun.xml.bind.v2.runtime.unmarshaller.Base64Data                             : loaded 4 times (x 85B)
Class kotlin.jvm.internal.PropertyReference1Impl                                      : loaded 4 times (x 123B)
Class org.apache.commons.io.file.Counters$NoopPathCounters                            : loaded 4 times (x 78B)
Class android.databinding.tool.util.FileUtil$listAndSortFiles$$inlined$sortedBy$1     : loaded 4 times (x 85B)
Class com.sun.xml.bind.v2.runtime.JAXBContextImpl$3                                   : loaded 4 times (x 70B)
Class com.google.gson.internal.reflect.ReflectionHelper$RecordNotSupportedHelper      : loaded 4 times (x 74B)
Class com.sun.istack.Pool$Impl                                                        : loaded 4 times (x 73B)
Class com.sun.xml.bind.v2.model.impl.RuntimeClassInfoImpl                             : loaded 4 times (x 158B)
Class javax.xml.bind.annotation.XmlElementWrapper                                     : loaded 4 times (x 66B)
Class javax.xml.bind.annotation.adapters.XmlJavaTypeAdapter                           : loaded 4 times (x 66B)
Class com.sun.xml.bind.v2.model.annotation.AnnotationSource                           : loaded 4 times (x 66B)
Class com.google.gson.internal.bind.TypeAdapters$4                                    : loaded 4 times (x 71B)
Class com.android.tools.build.jetifier.core.PackageMap                                : loaded 4 times (x 68B)
Class com.sun.xml.bind.v2.model.annotation.AnnotationReader                           : loaded 4 times (x 66B)
Class com.sun.xml.bind.v2.model.nav.ReflectionNavigator                               : loaded 4 times (x 119B)
Class javax.xml.bind.annotation.XmlMixed                                              : loaded 4 times (x 66B)
Class com.sun.xml.bind.v2.runtime.reflect.Accessor$GetterOnlyReflection               : loaded 4 times (x 81B)
Class com.sun.xml.bind.v2.model.impl.ClassInfoImpl$1                                  : loaded 4 times (x 67B)
Class com.sun.xml.bind.v2.runtime.property.Property                                   : loaded 4 times (x 66B)
Class com.squareup.javapoet.ParameterSpec$Builder                                     : loaded 4 times (x 68B)
Class com.google.gson.internal.bind.TypeAdapters$17                                   : loaded 4 times (x 71B)
Class com.android.tools.build.jetifier.core.PackageMap$PackageRule$JsonData           : loaded 4 times (x 68B)
Class com.google.gson.internal.UnsafeAllocator$3                                      : loaded 4 times (x 69B)
Class org.apache.commons.io.file.AccumulatorPathVisitor                               : loaded 4 times (x 91B)
Class android.databinding.tool.processing.scopes.FileScopeProvider                    : loaded 4 times (x 66B)
Class javax.xml.bind.annotation.XmlAccessorOrder                                      : loaded 4 times (x 66B)
Class [Lkotlin.reflect.KDeclarationContainer;                                         : loaded 4 times (x 65B)
Class javax.xml.bind.JAXBElement                                                      : loaded 4 times (x 77B)
Class com.sun.xml.bind.v2.runtime.unmarshaller.SAXConnector$TagNameImpl               : loaded 4 times (x 71B)
Class com.google.gson.internal.bind.CollectionTypeAdapterFactory                      : loaded 4 times (x 71B)
Class com.sun.xml.bind.annotation.OverrideAnnotationOf                                : loaded 4 times (x 66B)
Class com.sun.xml.bind.v2.model.impl.RuntimeValuePropertyInfoImpl                     : loaded 4 times (x 131B)
Class com.google.gson.internal.$Gson$Types$GenericArrayTypeImpl                       : loaded 4 times (x 75B)
Class com.google.gson.internal.JsonReaderInternalAccess                               : loaded 4 times (x 68B)
Class android.databinding.tool.LibTypes$nonNull$2                                     : loaded 4 times (x 75B)
Class com.google.gson.Gson$4                                                          : loaded 4 times (x 72B)
Class com.google.gson.internal.ConstructorConstructor                                 : loaded 4 times (x 68B)
Class com.sun.xml.bind.v2.runtime.reflect.PrimitiveArrayListerBoolean                 : loaded 4 times (x 72B)
Class android.databinding.tool.LibTypes$mutableLiveData$2                             : loaded 4 times (x 75B)
Class com.sun.xml.bind.v2.runtime.unmarshaller.Scope                                  : loaded 4 times (x 68B)
Class javax.xml.bind.helpers.DefaultValidationEventHandler                            : loaded 4 times (x 71B)
Class android.databinding.tool.store.ResourceBundle$VariableDeclaration               : loaded 4 times (x 68B)
Class javax.xml.bind.annotation.XmlElement$DEFAULT                                    : loaded 4 times (x 67B)
Class com.sun.xml.bind.v2.runtime.InternalBridge                                      : loaded 4 times (x 83B)
Class com.google.gson.internal.$Gson$Types                                            : loaded 4 times (x 67B)
Class com.google.gson.FieldNamingPolicy$3                                             : loaded 4 times (x 79B)
Class com.google.gson.JsonIOException                                                 : loaded 4 times (x 78B)
Class com.google.gson.internal.ConstructorConstructor$16                              : loaded 4 times (x 71B)
Class org.apache.commons.io.file.PathVisitor                                          : loaded 4 times (x 66B)
Class com.sun.xml.bind.v2.runtime.property.SingleElementLeafProperty                  : loaded 4 times (x 98B)
Class com.sun.xml.bind.api.impl.NameConverter$Standard                                : loaded 4 times (x 89B)
Class com.sun.xml.bind.v2.model.annotation.Init                                       : loaded 4 times (x 67B)
Class androidx.databinding.InverseBindingAdapter                                      : loaded 4 times (x 66B)
Class android.databinding.tool.store.ResourceBundle$ValidateAndFilterCallback         : loaded 4 times (x 66B)
Class com.sun.xml.bind.v2.runtime.Transducer                                          : loaded 4 times (x 66B)
Class com.google.gson.internal.bind.ReflectiveTypeAdapterFactory                      : loaded 4 times (x 71B)
Class com.google.gson.internal.sql.SqlTimestampTypeAdapter                            : loaded 4 times (x 72B)
Class android.databinding.tool.LibTypes$observableList$2                              : loaded 4 times (x 75B)
Class com.google.gson.internal.bind.TypeAdapters$23                                   : loaded 4 times (x 71B)
Class com.sun.xml.bind.v2.runtime.unmarshaller.LeafPropertyLoader                     : loaded 4 times (x 74B)
Class com.sun.xml.bind.v2.model.impl.RuntimeBuiltinLeafInfoImpl$StringImplImpl        : loaded 4 times (x 132B)
Class android.databinding.tool.LibTypes$stateFlow$2                                   : loaded 4 times (x 74B)
Class javax.xml.bind.JAXBContext                                                      : loaded 4 times (x 74B)
Class javax.xml.bind.Binder                                                           : loaded 4 times (x 81B)
Class com.sun.xml.bind.v2.model.impl.RuntimeReferencePropertyInfoImpl                 : loaded 4 times (x 137B)
Class android.databinding.internal.org.antlr.v4.runtime.ParserRuleContext             : loaded 4 times (x 127B)
Class com.google.gson.internal.sql.SqlTypesSupport$2                                  : loaded 4 times (x 70B)
Class com.google.gson.internal.bind.TypeAdapters$3                                    : loaded 4 times (x 71B)
Class com.google.gson.internal.bind.TypeAdapters$16                                   : loaded 4 times (x 71B)
Class com.sun.xml.bind.v2.runtime.property.ArrayReferenceNodeProperty$MixedTextLoader : loaded 4 times (x 74B)
Class com.sun.xml.bind.v2.runtime.unmarshaller.XsiNilLoader$Array                     : loaded 4 times (x 76B)
Class com.sun.xml.bind.AccessorFactory                                                : loaded 4 times (x 66B)
Class android.databinding.tool.store.ResourceBundle$IncludedLayout                    : loaded 4 times (x 68B)
Class com.sun.xml.bind.v2.runtime.reflect.ListTransducedAccessorImpl                  : loaded 4 times (x 76B)
Class [Lcom.sun.xml.bind.v2.model.annotation.Quick;                                   : loaded 4 times (x 65B)
Class com.google.gson.internal.sql.SqlDateTypeAdapter$1                               : loaded 4 times (x 71B)
Class com.sun.xml.bind.v2.model.impl.ArrayInfoImpl                                    : loaded 4 times (x 94B)
Class com.sun.xml.bind.v2.model.impl.ModelBuilder$1                                   : loaded 4 times (x 72B)
Class com.sun.xml.bind.v2.model.core.AttributePropertyInfo                            : loaded 4 times (x 66B)
Class com.sun.xml.bind.v2.runtime.reflect.Accessor$ReadOnlyFieldReflection            : loaded 4 times (x 81B)
Class javax.xml.bind.helpers.AbstractMarshallerImpl                                   : loaded 4 times (x 121B)
Class com.sun.xml.bind.v2.runtime.unmarshaller.Receiver                               : loaded 4 times (x 66B)
Class [Lcom.sun.xml.bind.v2.model.impl.ClassInfoImpl$PropertyGroup;                   : loaded 4 times (x 65B)
Class com.sun.xml.bind.v2.model.core.PropertyKind                                     : loaded 4 times (x 75B)
Class javax.xml.bind.PropertyException                                                : loaded 4 times (x 81B)
Class javax.xml.bind.annotation.XmlSeeAlso                                            : loaded 4 times (x 66B)
Class android.databinding.tool.store.ResourceBundle$BindingTargetBundle$BindingBundle : loaded 4 times (x 78B)
Class com.sun.xml.bind.v2.runtime.unmarshaller.IntData                                : loaded 4 times (x 85B)
Class kotlin.reflect.KProperty$Getter                                                 : loaded 4 times (x 66B)
Class com.squareup.javapoet.LineWrapper$FlushType                                     : loaded 4 times (x 75B)
Class com.sun.xml.bind.v2.model.nav.ReflectionNavigator$BinderArg                     : loaded 4 times (x 69B)
Class com.sun.xml.bind.v2.model.annotation.SecureLoader                               : loaded 4 times (x 67B)
Class com.sun.xml.bind.v2.model.impl.PropertyInfoImpl                                 : loaded 4 times (x 104B)
Class com.sun.xml.bind.v2.runtime.output.Pcdata                                       : loaded 4 times (x 84B)
Class com.sun.xml.bind.v2.util.QNameMap                                               : loaded 4 times (x 68B)
Class com.sun.xml.bind.v2.runtime.JAXBContextImpl                                     : loaded 4 times (x 86B)
Class com.google.gson.internal.ConstructorConstructor$18                              : loaded 4 times (x 71B)
Class com.sun.xml.bind.v2.runtime.unmarshaller.TagName                                : loaded 4 times (x 71B)
Class com.squareup.javapoet.FieldSpec                                                 : loaded 4 times (x 68B)
Class com.sun.xml.bind.v2.model.impl.TypeInfoSetImpl                                  : loaded 4 times (x 107B)
Class android.databinding.tool.LibTypes$mutableStateFlow$2                            : loaded 4 times (x 74B)
Class android.databinding.tool.LibTypes$dataBindingUtil$2                             : loaded 4 times (x 75B)
Class com.google.gson.internal.Excluder$1                                             : loaded 4 times (x 70B)
Class com.google.gson.FieldNamingPolicy$2                                             : loaded 4 times (x 79B)
Class com.google.gson.TypeAdapter$1                                                   : loaded 4 times (x 70B)
Class com.google.gson.internal.bind.TypeAdapters$22                                   : loaded 4 times (x 71B)
Class com.sun.xml.bind.v2.runtime.unmarshaller.LocatorEx                              : loaded 4 times (x 66B)
Class com.sun.xml.bind.v2.runtime.property.Utils                                      : loaded 4 times (x 67B)
Class android.databinding.tool.processing.Scope                                       : loaded 4 times (x 67B)
Class com.google.gson.internal.LinkedTreeMap$LinkedTreeMapIterator                    : loaded 4 times (x 76B)
Class com.google.gson.internal.sql.SqlTypesSupport$1                                  : loaded 4 times (x 70B)
Class javax.xml.bind.annotation.XmlAnyAttribute                                       : loaded 4 times (x 66B)
Class com.sun.xml.bind.v2.model.impl.ValuePropertyInfoImpl                            : loaded 4 times (x 116B)
Class com.android.tools.build.jetifier.core.rule.RewriteRule$JsonData                 : loaded 4 times (x 68B)
Class com.sun.xml.bind.v2.model.impl.RuntimeTypeRefImpl                               : loaded 4 times (x 92B)
Class com.google.gson.internal.ConstructorConstructor$19                              : loaded 4 times (x 72B)
Class com.google.gson.internal.bind.ReflectiveTypeAdapterFactory$Adapter              : loaded 4 times (x 73B)
Class com.google.gson.internal.bind.TypeAdapters$10                                   : loaded 4 times (x 71B)
Class com.sun.xml.bind.v2.model.core.ReferencePropertyInfo                            : loaded 4 times (x 66B)
Class com.sun.xml.bind.v2.model.annotation.XmlTypeQuick                               : loaded 4 times (x 91B)
Class com.google.gson.internal.bind.TypeAdapters$15                                   : loaded 4 times (x 71B)
Class com.google.gson.internal.UnsafeAllocator$4                                      : loaded 4 times (x 68B)
Class com.google.gson.ReflectionAccessFilter$FilterResult                             : loaded 4 times (x 75B)
Class android.databinding.tool.store.GenClassInfoLog$GenClass                         : loaded 4 times (x 68B)
Class javax.xml.bind.JAXBIntrospector                                                 : loaded 4 times (x 69B)
Class com.sun.xml.bind.v2.model.impl.RuntimeEnumLeafInfoImpl                          : loaded 4 times (x 145B)
Class [Lcom.sun.xml.bind.v2.runtime.property.PropertyImpl;                            : loaded 4 times (x 65B)
Class com.google.gson.internal.bind.TypeAdapters$2                                    : loaded 4 times (x 71B)
Class com.android.tools.build.jetifier.core.PackageMap$PackageRule                    : loaded 4 times (x 68B)
Class com.android.tools.build.jetifier.core.utils.Log                                 : loaded 4 times (x 67B)
Class com.android.tools.build.jetifier.core.type.TypesMap                             : loaded 4 times (x 68B)
Class com.google.gson.Gson$5                                                          : loaded 4 times (x 72B)
Class com.sun.xml.bind.v2.runtime.output.UTF8XmlOutput                                : loaded 4 times (x 96B)
Class [Lcom.sun.xml.bind.v2.model.impl.ClassInfoImpl$SecondaryAnnotation;             : loaded 4 times (x 65B)
Class com.sun.xml.bind.api.BridgeContext                                              : loaded 4 times (x 72B)
Class com.sun.xml.bind.v2.model.core.TypeInfoSet                                      : loaded 4 times (x 66B)
Class android.databinding.tool.LibTypes$observableMap$2                               : loaded 4 times (x 75B)
Class org.apache.commons.io.output.NullWriter                                         : loaded 4 times (x 95B)
Class com.google.gson.internal.bind.TypeAdapters$11                                   : loaded 4 times (x 71B)
Class [Lcom.google.gson.FieldNamingPolicy;                                            : loaded 4 times (x 65B)
Class android.databinding.tool.processing.ScopedException                             : loaded 4 times (x 82B)
Class com.sun.xml.bind.v2.runtime.NameBuilder                                         : loaded 4 times (x 68B)
Class com.sun.xml.bind.v2.model.annotation.XmlRootElementQuick                        : loaded 4 times (x 88B)
Class javax.xml.bind.ValidationEventHandler                                           : loaded 4 times (x 66B)
Class com.google.gson.internal.bind.ObjectTypeAdapter$1                               : loaded 4 times (x 72B)
Class com.google.gson.FieldNamingPolicy$1                                             : loaded 4 times (x 79B)
Class com.google.gson.internal.bind.TypeAdapters$21                                   : loaded 4 times (x 71B)
Class kotlin.LazyThreadSafetyMode                                                     : loaded 4 times (x 75B)
Class com.google.gson.stream.JsonToken                                                : loaded 4 times (x 75B)
Class javax.xml.bind.annotation.adapters.XmlJavaTypeAdapters                          : loaded 4 times (x 66B)
Class [Ljavax.xml.bind.annotation.XmlAccessOrder;                                     : loaded 4 times (x 65B)
Class android.databinding.internal.org.antlr.v4.runtime.tree.Tree                     : loaded 4 times (x 66B)
Class com.squareup.javapoet.JavaFile$1                                                : loaded 4 times (x 75B)
Class com.sun.xml.bind.v2.runtime.Coordinator                                         : loaded 4 times (x 79B)
Class com.android.tools.build.jetifier.core.TypeRewriter                              : loaded 4 times (x 68B)
Class com.sun.xml.bind.v2.runtime.output.XmlOutput                                    : loaded 4 times (x 66B)
Class com.sun.xml.bind.v2.model.runtime.RuntimeReferencePropertyInfo                  : loaded 4 times (x 66B)
Class javax.xml.bind.annotation.XmlRootElement                                        : loaded 4 times (x 66B)
Class com.sun.xml.bind.v2.model.core.Ref                                              : loaded 4 times (x 68B)
Class com.sun.xml.bind.v2.model.runtime.RuntimeElementInfo                            : loaded 4 times (x 66B)
Class com.sun.xml.bind.v2.model.impl.RuntimeModelBuilder                              : loaded 4 times (x 96B)
Class javax.xml.bind.JAXBException                                                    : loaded 4 times (x 81B)
Class com.google.gson.internal.bind.TypeAdapters$12                                   : loaded 4 times (x 71B)
Class [Lcom.google.gson.ToNumberStrategy;                                             : loaded 4 times (x 65B)
Class com.sun.xml.bind.v2.runtime.unmarshaller.Intercepter                            : loaded 4 times (x 66B)
Class com.squareup.javapoet.FieldSpec$Builder                                         : loaded 4 times (x 68B)
Class com.squareup.javapoet.ParameterSpec                                             : loaded 4 times (x 68B)
Class com.android.tools.build.jetifier.core.pom.PomRewriteRule                        : loaded 4 times (x 68B)
Class com.sun.xml.bind.v2.model.core.ElementPropertyInfo                              : loaded 4 times (x 66B)
Class com.sun.xml.bind.v2.model.impl.RuntimeElementInfoImpl                           : loaded 4 times (x 115B)
Class com.google.gson.internal.bind.TreeTypeAdapter                                   : loaded 4 times (x 71B)
Class com.google.gson.Gson$FutureTypeAdapter                                          : loaded 4 times (x 72B)
Class kotlin.jvm.internal.ReflectionFactory                                           : loaded 4 times (x 87B)
Class com.google.gson.internal.bind.TypeAdapters$20                                   : loaded 4 times (x 71B)
Class com.google.gson.internal.sql.SqlTimeTypeAdapter                                 : loaded 4 times (x 70B)
Class [Lcom.squareup.javapoet.LineWrapper$FlushType;                                  : loaded 4 times (x 65B)
Class com.sun.xml.bind.v2.model.runtime.RuntimeArrayInfo                              : loaded 4 times (x 66B)
Class com.sun.xml.bind.api.RawAccessor                                                : loaded 4 times (x 69B)
Class com.android.tools.build.jetifier.core.pom.PomDependency                         : loaded 4 times (x 68B)
Class com.sun.xml.bind.v2.runtime.unmarshaller.UnmarshallingContext                   : loaded 4 times (x 99B)
Class com.sun.xml.bind.v2.runtime.LifecycleMethods                                    : loaded 4 times (x 68B)
Class com.sun.xml.bind.v2.model.annotation.MethodLocatable                            : loaded 4 times (x 74B)
Class com.sun.xml.bind.v2.model.runtime.RuntimeMapPropertyInfo                        : loaded 4 times (x 66B)
Class com.sun.xml.bind.v2.model.nav.TypeVisitor                                       : loaded 4 times (x 72B)
Class com.sun.xml.bind.v2.model.impl.ClassInfoImpl                                    : loaded 4 times (x 133B)
Class com.sun.xml.bind.v2.model.impl.RuntimeBuiltinLeafInfoImpl$StringImpl            : loaded 4 times (x 130B)
Class com.google.gson.internal.bind.DateTypeAdapter$1                                 : loaded 4 times (x 71B)
Class com.google.gson.internal.bind.TypeAdapters$13                                   : loaded 4 times (x 71B)
Class com.sun.xml.bind.v2.model.impl.PropertySeed                                     : loaded 4 times (x 66B)
Class com.sun.xml.bind.v2.model.impl.TypeInfoSetImpl$1                                : loaded 4 times (x 76B)
Class com.sun.xml.bind.v2.model.impl.ElementPropertyInfoImpl                          : loaded 4 times (x 119B)
Class com.sun.xml.bind.v2.runtime.reflect.Accessor$SetterOnlyReflection               : loaded 4 times (x 81B)
Class com.sun.xml.bind.v2.runtime.unmarshaller.StructureLoader                        : loaded 4 times (x 74B)
Class [Landroid.databinding.tool.processing.scopes.ScopeProvider;                     : loaded 4 times (x 65B)
Class javax.activation.DataSource                                                     : loaded 4 times (x 66B)
Class com.google.gson.internal.LinkedTreeMap$EntrySet                                 : loaded 4 times (x 132B)
Class [Lcom.sun.xml.bind.v2.runtime.property.StructureLoaderBuilder;                  : loaded 4 times (x 65B)
Class [Lcom.sun.xml.bind.v2.model.core.ID;                                            : loaded 4 times (x 65B)
Class com.google.gson.internal.bind.TypeAdapters$14                                   : loaded 4 times (x 71B)
Class com.google.gson.internal.bind.TypeAdapters$1                                    : loaded 4 times (x 71B)
Class com.google.gson.internal.bind.NumberTypeAdapter$1                               : loaded 4 times (x 72B)
Class kotlin.collections.IndexedValue                                                 : loaded 4 times (x 68B)
Class com.squareup.javapoet.TypeName                                                  : loaded 4 times (x 77B)
Class com.android.tools.build.jetifier.core.proguard.ProGuardType$Companion           : loaded 4 times (x 67B)
Class com.squareup.javapoet.JavaFile                                                  : loaded 4 times (x 68B)
Class javax.xml.bind.Unmarshaller                                                     : loaded 4 times (x 66B)
Class com.google.gson.internal.reflect.ReflectionHelper                               : loaded 4 times (x 67B)
Class android.databinding.parser.BindingExpressionParser$GlobalMethodInvocationContext: loaded 3 times (x 130B)
Class android.databinding.parser.BindingExpressionParser$SingleLambdaParameterContext : loaded 3 times (x 129B)
Class android.databinding.tool.writer.LayoutBinderWriter$declareDirtyFlags$1          : loaded 3 times (x 75B)
Class android.databinding.tool.writer.MergedBindingMapperWriter$Companion             : loaded 3 times (x 67B)
Class android.databinding.tool.writer.LayoutBinderWriterKt$onChangeName$2             : loaded 3 times (x 74B)
Class android.databinding.parser.BindingExpressionParser$QuestionQuestionOpContext    : loaded 3 times (x 130B)
Class android.databinding.tool.expr.TwoWayListenerExpr                                : loaded 3 times (x 144B)
Class android.databinding.tool.expr.CastExpr                                          : loaded 3 times (x 146B)
Class com.google.common.base.CharMatcher$FastMatcher                                  : loaded 3 times (x 107B)
Class com.google.common.base.CharMatcher$AnyOf                                        : loaded 3 times (x 108B)
Class kotlin.collections.SlidingWindowKt                                              : loaded 3 times (x 67B)
Class android.databinding.tool.reflection.ModelAnalyzer$observableMapType$2           : loaded 3 times (x 75B)
Class android.databinding.tool.writer.BindingMapperWriterV2                           : loaded 3 times (x 68B)
Class kotlin.collections.ArraysKt___ArraysKt$withIndex$5                              : loaded 3 times (x 75B)
Class com.google.common.base.CharMatcher$ForPredicate                                 : loaded 3 times (x 108B)
Class android.databinding.tool.expr.InstanceOfExpr                                    : loaded 3 times (x 146B)
Class android.databinding.tool.reflection.ModelClass$Companion                        : loaded 3 times (x 67B)
Class android.databinding.tool.writer.LayoutBinderWriterKt$dirtyFlagSet$2             : loaded 3 times (x 74B)
Class android.databinding.tool.writer.LayoutBinderWriter$onFieldChange$1$1$1          : loaded 3 times (x 75B)
Class com.google.common.base.CharMatcher$NegatedFastMatcher                           : loaded 3 times (x 109B)
Class com.google.common.collect.AbstractRangeSet                                      : loaded 3 times (x 110B)
Class android.databinding.tool.writer.LayoutBinderWriter$onFieldChange$1$1            : loaded 3 times (x 75B)
Class [Landroid.databinding.tool.writer.Scope;                                        : loaded 3 times (x 65B)
Class com.squareup.javapoet.TypeName$1                                                : loaded 3 times (x 105B)
Class android.databinding.tool.writer.LayoutBinderWriterKt$androidId$2                : loaded 3 times (x 74B)
Class com.google.common.collect.SortedIterable                                        : loaded 3 times (x 66B)
Class android.databinding.tool.reflection.InjectedClass$typeName$2                    : loaded 3 times (x 75B)
Class android.databinding.tool.writer.LayoutBinderWriter$declareCallbackInstances$1   : loaded 3 times (x 75B)
Class android.databinding.tool.reflection.ModelAnalyzer$observableType$2              : loaded 3 times (x 75B)
Class org.gradle.api.GradleException                                                  : loaded 3 times (x 78B)
Class android.databinding.tool.reflection.annotation.AnnotationTypeUtil$1             : loaded 3 times (x 67B)
Class android.databinding.tool.util.GenerationalClassUtil$load$2                      : loaded 3 times (x 75B)
Class android.databinding.parser.BindingExpressionParser$MethodInvocationContext      : loaded 3 times (x 131B)
Class org.gradle.internal.Cast                                                        : loaded 3 times (x 67B)
Class org.gradle.api.Action                                                           : loaded 3 times (x 66B)
Class android.databinding.tool.writer.LayoutBinderWriterKt$invalidateFlagSet$2        : loaded 3 times (x 74B)
Class android.databinding.parser.BindingExpressionParser$UnaryOpContext               : loaded 3 times (x 129B)
Class android.databinding.tool.writer.LayoutBinderWriterKt$readableName$5             : loaded 3 times (x 74B)
Class android.databinding.tool.writer.LayoutBinderWriter$declareCallbackImplementations$1: loaded 3 times (x 75B)
Class android.databinding.tool.writer.LayoutBinderWriter$flagMapping$1                : loaded 3 times (x 75B)
Class android.databinding.tool.reflection.ImmutableImportBag                          : loaded 3 times (x 68B)
Class com.google.common.collect.SingletonImmutableSet                                 : loaded 3 times (x 142B)
Class android.databinding.tool.reflection.ModelClass$isViewDataBinding$2              : loaded 3 times (x 75B)
Class android.databinding.tool.reflection.ModelAnalyzer$Companion                     : loaded 3 times (x 67B)
Class android.databinding.tool.util.GenerationalClassUtil$load$1                      : loaded 3 times (x 75B)
Class android.databinding.tool.reflection.ModelAnalyzer$mutableLiveDataType$2         : loaded 3 times (x 75B)
Class android.databinding.tool.expr.MethodBaseExpr                                    : loaded 3 times (x 147B)
Class kotlin.jvm.internal.ArrayIteratorsKt                                            : loaded 3 times (x 67B)
Class android.databinding.annotationprocessor.BindableBag$ModuleBR                    : loaded 3 times (x 68B)
Class android.databinding.tool.store.GenClassInfoLog$createPackageInfoLog$1           : loaded 3 times (x 75B)
Class com.google.common.collect.ImmutableList$SerializedForm                          : loaded 3 times (x 69B)
Class android.databinding.tool.reflection.TypeUtil                                    : loaded 3 times (x 70B)
Class android.databinding.tool.reflection.ClassFinderCache                            : loaded 3 times (x 68B)
Class android.databinding.tool.store.BindingAdapterStore$merge$$inlined$merge$5$1     : loaded 3 times (x 73B)
Class android.databinding.tool.reflection.annotation.AnnotationClass$typeArguments$2  : loaded 3 times (x 75B)
Class android.databinding.annotationprocessor.ProcessBindable$IntermediateV1          : loaded 3 times (x 78B)
Class android.databinding.tool.reflection.annotation.AnnotationClass$computedJniDescription$2: loaded 3 times (x 75B)
Class com.google.auto.common.MoreTypes$CastingTypeVisitor                             : loaded 3 times (x 98B)
Class android.databinding.parser.BindingExpressionParser$FunctionRefContext           : loaded 3 times (x 130B)
Class android.databinding.parser.BindingExpressionParser$AndOrOpContext               : loaded 3 times (x 130B)
Class android.databinding.parser.BindingExpressionParser$InstanceOfOpContext          : loaded 3 times (x 130B)
Class android.databinding.parser.BindingExpressionParser$ResourcesContext             : loaded 3 times (x 129B)
Class android.databinding.tool.writer.Scope                                           : loaded 3 times (x 75B)
Class android.databinding.tool.expr.MathExpr                                          : loaded 3 times (x 146B)
Class android.databinding.tool.reflection.RecursionTracker                            : loaded 3 times (x 68B)
Class android.databinding.parser.BindingExpressionParser$IdentifierContext            : loaded 3 times (x 128B)
Class android.databinding.tool.ExpressionVisitor                                      : loaded 3 times (x 191B)
Class android.databinding.parser.BindingExpressionParser$ExpressionContext            : loaded 3 times (x 128B)
Class android.databinding.tool.writer.LayoutBinderWriterKt$readableName$2             : loaded 3 times (x 74B)
Class com.google.auto.common.MoreTypes$TypeEquivalence                                : loaded 3 times (x 78B)
Class android.databinding.tool.reflection.annotation.AnnotationClass$isInterface$2    : loaded 3 times (x 75B)
Class android.databinding.tool.writer.KCodeKt                                         : loaded 3 times (x 67B)
Class android.databinding.tool.writer.BindingMapperWriterV2$special$$inlined$sortedBy$2: loaded 3 times (x 85B)
Class android.databinding.tool.CompilerChef                                           : loaded 3 times (x 81B)
Class android.databinding.tool.util.GenerationalClassUtil$IgnoreSerialIdObjectInputStream: loaded 3 times (x 141B)
Class android.databinding.tool.writer.BindingMapperWriterV2$special$$inlined$sortedBy$1: loaded 3 times (x 85B)
Class android.databinding.tool.reflection.ModelAnalyzer$observableListType$2          : loaded 3 times (x 75B)
Class android.databinding.tool.reflection.annotation.AnnotationAnalyzer               : loaded 3 times (x 77B)
Class android.databinding.tool.reflection.SdkUtil$ApiChecker                          : loaded 3 times (x 70B)
Class org.gradle.api.UncheckedIOException                                             : loaded 3 times (x 78B)
Class android.databinding.tool.CompilerArguments$Companion$stringToFileList$1         : loaded 3 times (x 74B)
Class android.databinding.tool.reflection.InjectedClass$jniDescription$2              : loaded 3 times (x 75B)
Class android.databinding.tool.reflection.ImportBag$Companion                         : loaded 3 times (x 67B)
Class android.databinding.tool.reflection.InjectedClass$isObservable$2                : loaded 3 times (x 75B)
Class android.databinding.tool.writer.LayoutBinderWriterKt$callbackLocalName$2        : loaded 3 times (x 74B)
Class android.databinding.tool.reflection.annotation.AnnotationClass$componentType$2  : loaded 3 times (x 75B)
Class android.databinding.tool.writer.LayoutBinderWriter$write$1                      : loaded 3 times (x 75B)
Class android.databinding.tool.reflection.annotation.AnnotationClass$allMethods$2     : loaded 3 times (x 75B)
Class android.databinding.tool.writer.LayoutBinderWriter$declareConstructor$1$2$1     : loaded 3 times (x 75B)
Class android.databinding.tool.expr.ListenerExpr                                      : loaded 3 times (x 147B)
Class android.databinding.tool.reflection.InjectedClass$superclass$2                  : loaded 3 times (x 75B)
Class android.databinding.tool.writer.LayoutBinderWriter$write$1$1                    : loaded 3 times (x 75B)
Class android.databinding.tool.store.BindingAdapterStore$merge$$inlined$merge$4$1     : loaded 3 times (x 73B)
Class android.databinding.tool.reflection.ModelClass                                  : loaded 3 times (x 100B)
Class android.databinding.annotationprocessor.ProcessDataBinding$1                    : loaded 3 times (x 74B)
Class android.databinding.tool.writer.LayoutBinderWriter$declareSetVariable$1         : loaded 3 times (x 75B)
Class [Landroid.databinding.annotationprocessor.ProcessDataBinding$ProcessingStep;    : loaded 3 times (x 65B)
Class android.databinding.tool.expr.SymbolExpr                                        : loaded 3 times (x 145B)
Class android.databinding.parser.BindingExpressionVisitor                             : loaded 3 times (x 66B)
Class android.databinding.tool.writer.LayoutBinderWriterKt$interfaceClass$2           : loaded 3 times (x 74B)
Class com.google.common.base.CharMatcher$Or                                           : loaded 3 times (x 108B)
Class android.databinding.annotationprocessor.ProcessDataBinding                      : loaded 3 times (x 83B)
Class com.google.common.collect.Lists$RandomAccessReverseList                         : loaded 3 times (x 196B)
Class android.databinding.tool.reflection.annotation.AnnotationClass$superclass$2     : loaded 3 times (x 75B)
Class com.google.common.collect.Lists$ReverseList                                     : loaded 3 times (x 196B)
Class android.databinding.tool.writer.LayoutBinderWriterKt$requiredComponent$2        : loaded 3 times (x 74B)
Class com.google.common.collect.ImmutableSortedSet                                    : loaded 3 times (x 296B)
Class android.databinding.tool.ExpressionParser                                       : loaded 3 times (x 70B)
Class android.databinding.tool.store.SetterStore$AccessorKey                          : loaded 3 times (x 73B)
Class android.databinding.tool.writer.LayoutBinderWriter$includedBinders$2            : loaded 3 times (x 75B)
Class android.databinding.tool.writer.KCode$block$1                                   : loaded 3 times (x 75B)
Class android.databinding.tool.expr.BuiltInVariableExpr                               : loaded 3 times (x 149B)
Class android.databinding.tool.writer.LayoutBinderWriter$declareConstructor$1$2       : loaded 3 times (x 75B)
Class org.gradle.internal.IoActions                                                   : loaded 3 times (x 67B)
Class android.databinding.tool.writer.LayoutBinderWriter$executePendingBindings$1$1   : loaded 3 times (x 75B)
Class [Landroid.databinding.tool.expr.Expr;                                           : loaded 3 times (x 65B)
Class android.databinding.tool.writer.LayoutBinderWriter$declareConstructor$1$1       : loaded 3 times (x 74B)
Class [Landroid.databinding.tool.expr.VersionProvider;                                : loaded 3 times (x 65B)
Class android.databinding.tool.expr.BracketExpr                                       : loaded 3 times (x 148B)
Class android.databinding.tool.reflection.ModelField                                  : loaded 3 times (x 73B)
Class android.databinding.tool.reflection.RecursiveResolutionStack$items$1$1          : loaded 3 times (x 74B)
Class android.databinding.tool.writer.LayoutBinderWriter$declareHasPendingBindings$1$1$1$1: loaded 3 times (x 74B)
Class android.databinding.tool.store.BindingAdapterStore$Companion                    : loaded 3 times (x 67B)
Class android.databinding.tool.expr.MethodCallExpr                                    : loaded 3 times (x 149B)
Class android.databinding.tool.store.SetterStore$1                                    : loaded 3 times (x 88B)
Class android.databinding.tool.writer.LayoutBinderWriter$mDirtyFlags$2                : loaded 3 times (x 75B)
Class com.google.common.collect.ImmutableSet$RegularSetBuilderImpl                    : loaded 3 times (x 73B)
Class com.google.common.collect.ImmutableRangeSet$ComplementRanges                    : loaded 3 times (x 203B)
Class com.google.common.collect.ImmutableMap$SerializedForm                           : loaded 3 times (x 69B)
Class com.google.common.base.CharMatcher$IsNot                                        : loaded 3 times (x 107B)
Class android.databinding.tool.writer.BindingMapperWriterV2$LocalizedMapping          : loaded 3 times (x 68B)
Class android.databinding.tool.util.Resources                                         : loaded 3 times (x 68B)
Class android.databinding.tool.expr.StaticIdentifierExpr                              : loaded 3 times (x 149B)
Class android.databinding.tool.expr.LambdaExpr                                        : loaded 3 times (x 151B)
Class android.databinding.annotationprocessor.BindableBag                             : loaded 3 times (x 68B)
Class android.databinding.tool.writer.LayoutBinderWriterKt$oldValueName$2             : loaded 3 times (x 74B)
Class android.databinding.tool.writer.LayoutBinderWriterKt$getterName$2               : loaded 3 times (x 74B)
Class android.databinding.tool.writer.ExprModelExt                                    : loaded 3 times (x 68B)
Class android.databinding.tool.reflection.ImportBag                                   : loaded 3 times (x 68B)
Class android.databinding.tool.reflection.annotation.AnnotationClass$minApi$2         : loaded 3 times (x 75B)
Class android.databinding.tool.expr.VersionProvider                                   : loaded 3 times (x 66B)
Class android.databinding.tool.reflection.annotation.AnnotationClass$computedBox$2    : loaded 3 times (x 75B)
Class android.databinding.tool.writer.KCode$Companion                                 : loaded 3 times (x 67B)
Class android.databinding.tool.writer.LayoutBinderWriter$declareHasPendingBindings$1$1: loaded 3 times (x 75B)
Class android.databinding.tool.reflection.ClassFinderCache$CacheKey                   : loaded 3 times (x 68B)
Class android.databinding.parser.BindingExpressionParser$DotOpContext                 : loaded 3 times (x 130B)
Class android.databinding.tool.reflection.ModelAnalyzer                               : loaded 3 times (x 73B)
Class com.google.common.collect.RegularImmutableSortedSet                             : loaded 3 times (x 296B)
Class android.databinding.tool.reflection.ModelClass$isLiveData$2                     : loaded 3 times (x 75B)
Class android.databinding.tool.ext.LazyExt                                            : loaded 3 times (x 71B)
Class android.databinding.tool.writer.LayoutBinderWriterKt$conditionalFlags$2         : loaded 3 times (x 74B)
Class android.databinding.tool.store.SetterStore$Intermediate                         : loaded 3 times (x 66B)
Class android.databinding.tool.reflection.ModelClass$isList$2                         : loaded 3 times (x 75B)
Class android.databinding.tool.reflection.ModelClass$extendsViewStub$2                : loaded 3 times (x 75B)
Class android.databinding.tool.writer.KCode$Appendix                                  : loaded 3 times (x 68B)
Class android.databinding.tool.store.SetterStore$MultiValueAdapterKey                 : loaded 3 times (x 73B)
Class android.databinding.tool.reflection.ModelClass$canonicalName$2                  : loaded 3 times (x 75B)
Class android.databinding.tool.expr.IdentifierExpr                                    : loaded 3 times (x 149B)
Class android.databinding.tool.writer.LayoutBinderWriter                              : loaded 3 times (x 68B)
Class android.databinding.tool.writer.BRWriter                                        : loaded 3 times (x 67B)
Class android.databinding.tool.store.SetterStore$InverseDescription                   : loaded 3 times (x 73B)
Class android.databinding.tool.store.SetterStore$ViewBindingRootViewSetterCall        : loaded 3 times (x 86B)
Class com.google.common.base.CharMatcher$And                                          : loaded 3 times (x 108B)
Class com.google.common.collect.ImmutableBiMap$Builder                                : loaded 3 times (x 78B)
Class android.databinding.tool.writer.Scope$Companion                                 : loaded 3 times (x 67B)
Class android.databinding.parser.BindingExpressionParser$RootLambdaContext            : loaded 3 times (x 129B)
Class com.google.common.base.CharMatcher$BitSetMatcher                                : loaded 3 times (x 108B)
Class android.databinding.tool.writer.KCode                                           : loaded 3 times (x 68B)
Class android.databinding.annotationprocessor.ProcessMethodAdapters                   : loaded 3 times (x 71B)
Class android.databinding.tool.reflection.annotation.AnnotationTypeUtil               : loaded 3 times (x 73B)
Class android.databinding.tool.reflection.ModelAnalyzer$mutableStateFlowDataType$2    : loaded 3 times (x 75B)
Class [Lcom.squareup.javapoet.TypeName;                                               : loaded 3 times (x 65B)
Class android.databinding.tool.writer.LayoutBinderWriter$declareDirtyFlags$1$1$1      : loaded 3 times (x 75B)
Class android.databinding.tool.reflection.annotation.AnnotationClass$computedUnbox$2  : loaded 3 times (x 75B)
Class android.databinding.tool.DataBinder                                             : loaded 3 times (x 76B)
Class android.databinding.tool.reflection.MutableImportBag                            : loaded 3 times (x 68B)
Class android.databinding.tool.reflection.ModelAnalyzer$observableFieldTypes$2        : loaded 3 times (x 75B)
Class com.google.common.collect.Maps$FilteredEntryMap$KeySet                          : loaded 3 times (x 133B)
Class android.databinding.tool.expr.FieldAccessExpr                                   : loaded 3 times (x 155B)
Class android.databinding.tool.writer.BindingMapperWriterV2$generateInnerLayoutIdLookup$1$1: loaded 3 times (x 75B)
Class android.databinding.tool.reflection.ModelAnalyzer$viewBindingType$2             : loaded 3 times (x 75B)
Class android.databinding.tool.reflection.ModelAnalyzer$mapType$2                     : loaded 3 times (x 75B)
Class com.google.common.base.CharMatcher$Negated                                      : loaded 3 times (x 109B)
Class com.google.common.base.CharMatcher$Is                                           : loaded 3 times (x 107B)
Class android.databinding.tool.store.SetterStore$MultiAttributeSetter                 : loaded 3 times (x 81B)
Class android.databinding.tool.writer.LayoutBinderWriterKt$constructorParamName$2     : loaded 3 times (x 74B)
Class android.databinding.tool.expr.FieldAssignmentExpr                               : loaded 3 times (x 146B)
Class android.databinding.parser.BindingExpressionParser$GroupingContext              : loaded 3 times (x 129B)
Class com.google.common.collect.Range                                                 : loaded 3 times (x 83B)
Class android.databinding.tool.reflection.ModelClass$isKotlinUnit$2                   : loaded 3 times (x 75B)
Class android.databinding.tool.reflection.RecursiveResolutionStack                    : loaded 3 times (x 68B)
Class android.databinding.tool.reflection.ModelAnalyzer$classFinderCache$1            : loaded 3 times (x 75B)
Class android.databinding.tool.reflection.RecursiveResolutionStack$items$1            : loaded 3 times (x 70B)
Class android.databinding.tool.store.BindingAdapterStore$merge$$inlined$merge$5       : loaded 3 times (x 73B)
Class android.databinding.tool.reflection.ModelAnalyzer$viewDataBindingType$2         : loaded 3 times (x 75B)
Class android.databinding.tool.ext.VersionedLazyExt                                   : loaded 3 times (x 71B)
Class android.databinding.tool.expr.ComparisonExpr                                    : loaded 3 times (x 149B)
Class android.databinding.tool.util.SymbolTable                                       : loaded 3 times (x 68B)
Class android.databinding.tool.BindingTarget                                          : loaded 3 times (x 95B)
Class android.databinding.annotationprocessor.ProcessExpressions                      : loaded 3 times (x 71B)
Class com.google.common.collect.ImmutableRangeSet$1                                   : loaded 3 times (x 206B)
Class android.databinding.tool.reflection.ModelClass$isMutableLiveData$2              : loaded 3 times (x 75B)
Class android.databinding.tool.store.BindingAdapterStore$merge$$inlined$merge$4       : loaded 3 times (x 73B)
Class com.google.common.collect.Maps$1                                                : loaded 3 times (x 78B)
Class android.databinding.tool.reflection.ModelClass$isObservableField$2              : loaded 3 times (x 75B)
Class android.databinding.tool.writer.LayoutBinderWriterKt$needsLocalField$2          : loaded 3 times (x 74B)
Class android.databinding.tool.util.GenerationalClassUtil                             : loaded 3 times (x 68B)
Class android.databinding.annotationprocessor.BindableBag$IdBag                       : loaded 3 times (x 68B)
Class android.databinding.tool.reflection.ModelAnalyzer$hasGeneratedAnnotation$2      : loaded 3 times (x 75B)
Class android.databinding.tool.util.GenerationalClassUtil$ExtensionFilter             : loaded 3 times (x 76B)
Class com.google.common.collect.ImmutableSetMultimap                                  : loaded 3 times (x 176B)
Class android.databinding.tool.store.BindingAdapterStore$merge$$inlined$merge$3       : loaded 3 times (x 73B)
Class org.apache.commons.io.function.IOSupplier                                       : loaded 3 times (x 66B)
Class kotlin.collections.LongIterator                                                 : loaded 3 times (x 78B)
Class com.google.common.base.CharMatcher                                              : loaded 3 times (x 107B)
Class android.databinding.tool.writer.LayoutBinderWriter$executePendingBindings$1     : loaded 3 times (x 75B)
Class android.databinding.parser.BindingExpressionParser$BinaryOpContext              : loaded 3 times (x 130B)
Class android.databinding.tool.writer.LayoutBinderWriter$declareInvalidateAll$1       : loaded 3 times (x 75B)
Class android.databinding.tool.reflection.ModelMethod                                 : loaded 3 times (x 85B)
Class android.databinding.tool.store.SetterStore$AdapterSetter                        : loaded 3 times (x 86B)
Class android.databinding.tool.reflection.ModelAnalyzer$objectType$2                  : loaded 3 times (x 75B)
Class android.databinding.tool.store.BindingAdapterStore$merge$$inlined$merge$2$1     : loaded 3 times (x 73B)
Class android.databinding.tool.store.BindingAdapterStore$merge$$inlined$merge$2       : loaded 3 times (x 73B)
Class android.databinding.tool.reflection.annotation.AnnotationClass$computedErasure$2: loaded 3 times (x 75B)
Class android.databinding.tool.writer.LayoutBinderWriter$declareViews$1               : loaded 3 times (x 75B)
Class com.google.common.base.CharMatcher$1                                            : loaded 3 times (x 109B)
Class com.google.common.base.CharMatcher$NamedFastMatcher                             : loaded 3 times (x 108B)
Class com.google.common.collect.RangeGwtSerializationDependencies                     : loaded 3 times (x 67B)
Class android.databinding.tool.writer.LayoutBinderWriter$declareListenerImpls$1       : loaded 3 times (x 75B)
Class android.databinding.tool.reflection.ModelAnalyzer$liveDataType$2                : loaded 3 times (x 75B)
Class android.databinding.tool.store.BindingAdapterStore$merge$$inlined$merge$1       : loaded 3 times (x 73B)
Class android.databinding.tool.expr.MethodReferenceExpr                               : loaded 3 times (x 147B)
Class android.databinding.annotationprocessor.BindableBag$IdBag$buildMapping$$inlined$sortedBy$1: loaded 3 times (x 85B)
Class android.databinding.tool.writer.LayoutBinderWriter$declareInvalidateAll$1$1$1   : loaded 3 times (x 75B)
Class android.databinding.tool.writer.LayoutBinderWriterKt$setterName$2               : loaded 3 times (x 74B)
Class android.databinding.parser.BindingExpressionParser$LambdaParametersContext      : loaded 3 times (x 128B)
Class android.databinding.tool.writer.LayoutBinderWriter$declareIncludeViews$1$1      : loaded 3 times (x 75B)
Class android.databinding.tool.reflection.annotation.AnnotationClass$isGeneric$2      : loaded 3 times (x 75B)
Class android.databinding.tool.store.BindingAdapterStore$merge$$inlined$merge$3$1     : loaded 3 times (x 73B)
Class android.databinding.tool.reflection.annotation.AnnotationClass$javaCodeRepresentation$2: loaded 3 times (x 75B)
Class com.google.common.collect.ImmutableRangeSet$AsSet                               : loaded 3 times (x 296B)
Class android.databinding.annotationprocessor.ProcessExpressionsFromV1Compat$Companion: loaded 3 times (x 67B)
Class android.databinding.tool.store.SetterStore$SetterCall                           : loaded 3 times (x 86B)
Class android.databinding.parser.BindingExpressionParser$ComparisonOpContext          : loaded 3 times (x 130B)
Class android.databinding.tool.writer.LayoutBinderWriterKt$fieldName$8                : loaded 3 times (x 74B)
Class android.databinding.tool.writer.LayoutBinderWriter$declareVariables$1           : loaded 3 times (x 75B)
Class android.databinding.tool.reflection.SdkUtil                                     : loaded 3 times (x 73B)
Class android.databinding.tool.reflection.annotation.AnnotationClass                  : loaded 3 times (x 101B)
Class android.databinding.tool.writer.BindingMapperWriterV2$createLocalizedLayoutIds$1$2: loaded 3 times (x 75B)
Class com.google.common.collect.RangeSet                                              : loaded 3 times (x 66B)
Class android.databinding.tool.reflection.annotation.AnnotationClass$computedCanonicalName$2: loaded 3 times (x 75B)
Class android.databinding.tool.reflection.ModelAnalyzer$viewStubProxyType$2           : loaded 3 times (x 75B)
Class android.databinding.parser.BindingExpressionParser$BracketOpContext             : loaded 3 times (x 130B)
Class android.databinding.tool.writer.BindingMapperWriterV2$generateInnerBrLookup$1$1 : loaded 3 times (x 75B)
Class android.databinding.tool.reflection.ModelClass$isObject$2                       : loaded 3 times (x 75B)
Class android.databinding.tool.store.SetterStore                                      : loaded 3 times (x 85B)
Class android.databinding.tool.store.SetterStore$ModelMethodSetter                    : loaded 3 times (x 86B)
Class android.databinding.tool.writer.LayoutBinderWriter$onFieldChange$1              : loaded 3 times (x 75B)
Class [Landroid.databinding.tool.processing.scopes.LocationScopeProvider;             : loaded 3 times (x 65B)
Class android.databinding.annotationprocessor.BindableBag$BRMapping                   : loaded 3 times (x 68B)
Class android.databinding.tool.writer.LayoutBinderWriter$declareHasPendingBindings$1$1$1: loaded 3 times (x 75B)
Class android.databinding.tool.reflection.ModelClass$isViewBinding$2                  : loaded 3 times (x 75B)
Class android.databinding.tool.store.BindingAdapterStore                              : loaded 3 times (x 71B)
Class android.databinding.tool.reflection.ModelAnalyzer$appCompatResourcesType$2      : loaded 3 times (x 75B)
Class android.databinding.tool.LayoutBinder$1                                         : loaded 3 times (x 87B)
Class android.databinding.tool.writer.LayoutBinderWriterKt$fieldName$5                : loaded 3 times (x 74B)
Class android.databinding.tool.store.SetterStore$InverseMethodDescription             : loaded 3 times (x 73B)
Class android.databinding.tool.writer.LayoutBinderWriter$declareBoundValues$1         : loaded 3 times (x 75B)
Class com.google.common.collect.ImmutableSet$Builder                                  : loaded 3 times (x 81B)
Class com.google.common.collect.SetMultimap                                           : loaded 3 times (x 66B)
Class com.google.common.base.CharMatcher$InRange                                      : loaded 3 times (x 107B)
Class android.databinding.annotationprocessor.ProcessDataBinding$Callback             : loaded 3 times (x 66B)
Class android.databinding.annotationprocessor.BindableBag$Companion                   : loaded 3 times (x 67B)
Class android.databinding.tool.reflection.annotation.AnnotationLogger                 : loaded 3 times (x 73B)
Class android.databinding.tool.reflection.annotation.AnnotationClass$allFields$2      : loaded 3 times (x 75B)
Class android.databinding.tool.writer.LayoutBinderWriter$declareInvalidateAll$1$1     : loaded 3 times (x 75B)
Class android.databinding.tool.reflection.ModelAnalyzer$stateFlowType$2               : loaded 3 times (x 75B)
Class android.databinding.tool.reflection.InjectedField                               : loaded 3 times (x 74B)
Class android.databinding.tool.writer.LayoutBinderWriter$declareIncludeViews$1        : loaded 3 times (x 75B)
Class android.databinding.tool.expr.BitShiftExpr                                      : loaded 3 times (x 147B)
Class android.databinding.tool.writer.LayoutBinderWriterKt$shouldReadWithConditionalsFlagSet$2: loaded 3 times (x 74B)
Class android.databinding.tool.writer.LayoutBinderWriterKt                            : loaded 3 times (x 67B)
Class android.databinding.tool.writer.LayoutBinderWriter$declareListeners$1           : loaded 3 times (x 75B)
Class android.databinding.annotationprocessor.ProcessExpressionsFromV1Compat          : loaded 3 times (x 68B)
Class android.databinding.annotationprocessor.ProcessDataBinding$ProcessingStep       : loaded 3 times (x 71B)
Class android.databinding.tool.store.SetterStore$IntermediateV1                       : loaded 3 times (x 72B)
Class android.databinding.tool.reflection.ModelAnalyzer$viewStubType$2                : loaded 3 times (x 75B)
Class android.databinding.tool.reflection.ModelAnalyzer$dataBindingKtxClass$2         : loaded 3 times (x 75B)
Class android.databinding.annotationprocessor.AnnotationUtil                          : loaded 3 times (x 67B)
Class android.databinding.tool.writer.LayoutBinderWriterKt$fieldName$2                : loaded 3 times (x 74B)
Class android.databinding.annotationprocessor.ProcessExpressions$IntermediateV2       : loaded 3 times (x 78B)
Class android.databinding.tool.writer.LayoutBinderWriterKt$shouldReadFlagSet$2        : loaded 3 times (x 74B)
Class android.databinding.parser.BindingExpressionParser$MathOpContext                : loaded 3 times (x 130B)
Class android.databinding.tool.expr.ViewFieldExpr                                     : loaded 3 times (x 150B)
Class android.databinding.tool.reflection.ModelClass$simpleName$2                     : loaded 3 times (x 75B)
Class android.databinding.tool.reflection.ModelAnalyzer$stringType$2                  : loaded 3 times (x 75B)
Class com.google.auto.common.MoreTypes                                                : loaded 3 times (x 67B)
Class android.databinding.parser.BindingExpressionParser$BindingSyntaxContext         : loaded 3 times (x 128B)
Class android.databinding.tool.expr.ArgListExpr                                       : loaded 3 times (x 145B)
Class android.databinding.tool.LayoutBinder                                           : loaded 3 times (x 93B)
Class android.databinding.tool.reflection.InjectedClass                               : loaded 3 times (x 101B)
Class android.databinding.tool.writer.LayoutBinderWriterKt$executePendingLocalName$2  : loaded 3 times (x 74B)
Class android.databinding.tool.writer.MergedBindingMapperWriter                       : loaded 3 times (x 68B)
Class com.google.common.collect.ImmutableRangeSet                                     : loaded 3 times (x 111B)
Class android.databinding.tool.writer.BindingMapperWriterV2$Companion                 : loaded 3 times (x 67B)
Class android.databinding.tool.reflection.ModelClass$minApi$2                         : loaded 3 times (x 75B)
Class android.databinding.annotationprocessor.ProcessExpressions$Intermediate         : loaded 3 times (x 66B)
Class android.databinding.tool.store.SetterStore$MethodDescription                    : loaded 3 times (x 73B)
Class android.databinding.tool.store.SetterStore$IntermediateV2                       : loaded 3 times (x 72B)
Class android.databinding.tool.writer.LayoutBinderWriter$declareHasPendingBindings$1  : loaded 3 times (x 75B)
Class android.databinding.annotationprocessor.ProcessBindable$Intermediate            : loaded 3 times (x 66B)
Class android.databinding.tool.writer.LayoutBinderWriter$declareSetVariable$1$1       : loaded 3 times (x 75B)
Class android.databinding.parser.BindingExpressionParser$LambdaParameterListContext   : loaded 3 times (x 129B)
Class android.databinding.parser.BindingExpressionParser$TernaryOpContext             : loaded 3 times (x 130B)
Class kotlin.jvm.internal.ArrayLongIterator                                           : loaded 3 times (x 79B)
Class android.databinding.tool.reflection.ModelClass$isMap$2                          : loaded 3 times (x 75B)
Class com.google.common.collect.ImmutableRangeSet$Builder                             : loaded 3 times (x 73B)
Class android.databinding.tool.writer.LayoutBinderWriter$executePendingBindings$1$1$1 : loaded 3 times (x 75B)
Class android.databinding.tool.expr.Expr                                              : loaded 3 times (x 144B)
Class android.databinding.tool.Context                                                : loaded 3 times (x 67B)
Class android.databinding.tool.reflection.ModelClass$isString$2                       : loaded 3 times (x 75B)
Class android.databinding.tool.expr.TernaryExpr                                       : loaded 3 times (x 147B)
Class android.databinding.tool.writer.FlagSet                                         : loaded 3 times (x 78B)
Class com.google.common.collect.ImmutableSet$SetBuilderImpl                           : loaded 3 times (x 72B)
Class android.databinding.tool.reflection.ModelClass$isMutableStateFlow$2             : loaded 3 times (x 75B)
Class [Landroid.databinding.tool.util.GenerationalClassUtil$ExtensionFilter;          : loaded 3 times (x 65B)
Class [Landroid.databinding.tool.store.SetterStore$MethodDescription;                 : loaded 3 times (x 65B)
Class android.databinding.annotationprocessor.BindableBag$PackageProps                : loaded 3 times (x 68B)
Class android.databinding.tool.store.BindingAdapterStore$merge$$inlined$merge$1$1     : loaded 3 times (x 73B)
Class android.databinding.tool.store.SetterStore$IntermediateV3                       : loaded 3 times (x 72B)
Class android.databinding.tool.writer.LayoutBinderWriter$declareSetLifecycleOwnerOverride$1: loaded 3 times (x 75B)
Class [Landroid.databinding.tool.reflection.ModelClass;                               : loaded 3 times (x 65B)
Class android.databinding.tool.writer.ComponentWriter                                 : loaded 3 times (x 69B)
Class android.databinding.tool.expr.ResourceExpr                                      : loaded 3 times (x 145B)
Class com.google.common.collect.Lists$ReverseList$1                                   : loaded 3 times (x 95B)
Class android.databinding.tool.writer.AnnotationJavaFileWriter                        : loaded 3 times (x 71B)
Class android.databinding.tool.util.SymbolTableUtil                                   : loaded 3 times (x 67B)
Class android.databinding.tool.writer.LayoutBinderWriterKt$listenerClassName$2        : loaded 3 times (x 74B)
Class android.databinding.tool.reflection.ModelAnalyzer$listTypes$2                   : loaded 3 times (x 75B)
Class android.databinding.tool.store.SetterStore$BindingGetterCall                    : loaded 3 times (x 66B)
Class android.databinding.tool.store.SetterStore$BindingSetterCall                    : loaded 3 times (x 66B)
Class android.databinding.annotationprocessor.ProcessExpressions$IntermediateV1       : loaded 3 times (x 77B)
Class android.databinding.tool.expr.UnaryExpr                                         : loaded 3 times (x 146B)
Class android.databinding.annotationprocessor.ProcessBindable                         : loaded 3 times (x 75B)
Class com.google.common.collect.RegularImmutableSet                                   : loaded 3 times (x 145B)
Class android.databinding.tool.expr.CallbackExprModel                                 : loaded 3 times (x 128B)
Class android.databinding.parser.BindingExpressionParser$CastOpContext                : loaded 3 times (x 130B)
Class com.google.common.collect.ImmutableBiMap$SerializedForm                         : loaded 3 times (x 71B)
Class android.databinding.tool.CompilerChef$BindableHolder                            : loaded 3 times (x 66B)
Class android.databinding.parser.BindingExpressionParser$StringLiteralContext         : loaded 3 times (x 129B)
Class com.google.auto.common.MoreTypes$DeclaredTypeVisitor                            : loaded 3 times (x 98B)
Class android.databinding.tool.writer.LayoutBinderWriter$callbacks$2                  : loaded 3 times (x 75B)
Class com.google.common.collect.Iterables                                             : loaded 3 times (x 67B)
Class android.databinding.tool.writer.LayoutBinderWriter$declareConstructor$1         : loaded 3 times (x 75B)
Class com.google.common.base.CharMatcher$IsEither                                     : loaded 3 times (x 107B)
Class android.databinding.parser.BindingExpressionParser$RootExprContext              : loaded 3 times (x 130B)
Class android.databinding.tool.reflection.ModelClass$isStateFlow$2                    : loaded 3 times (x 75B)
Class android.databinding.parser.BindingExpressionBaseVisitor                         : loaded 3 times (x 164B)
Class android.databinding.tool.util.GenerationalClassUtil$Companion                   : loaded 3 times (x 67B)
Class kotlin.io.FilePathComponents                                                    : loaded 3 times (x 68B)
Class android.databinding.tool.reflection.ModelClass$abstractMethods$2                : loaded 3 times (x 75B)
Class android.databinding.tool.expr.ExprModel                                         : loaded 3 times (x 125B)
Class android.databinding.parser.BindingExpressionParser$BitShiftOpContext            : loaded 3 times (x 130B)
Class android.databinding.tool.reflection.annotation.AnnotationClass$computedTypeName$2: loaded 3 times (x 75B)
Class android.databinding.tool.writer.LayoutBinderWriter$variables$2                  : loaded 3 times (x 75B)
Class android.databinding.tool.writer.LayoutBinderWriter$declareInverseBindingImpls$1 : loaded 3 times (x 75B)
Class android.databinding.tool.writer.LayoutBinderWriter$variableSettersAndGetters$1  : loaded 3 times (x 75B)
Class org.gradle.tooling.internal.adapter.TypeInspector                               : loaded 2 times (x 69B)
Class org.gradle.tooling.internal.adapter.ProtocolToModelAdapter$NoOpDecoration       : loaded 2 times (x 75B)
Class org.gradle.tooling.model.Element                                                : loaded 2 times (x 66B)
Class com.google.common.collect.AbstractMapBasedMultimap$WrappedList                  : loaded 2 times (x 201B)
Class [Lorg.objectweb.asm.AnnotationWriter;                                           : loaded 2 times (x 65B)
Class kotlin.coroutines.jvm.internal.RestrictedSuspendLambda                          : loaded 2 times (x 87B)
Class com.google.common.collect.CompoundOrdering                                      : loaded 2 times (x 111B)
Class com.android.builder.model.v2.dsl.ProductFlavor                                  : loaded 2 times (x 66B)
Class [Lcom.android.builder.model.v2.ide.TestInfo$Execution;                          : loaded 2 times (x 65B)
Class org.jetbrains.plugins.gradle.model.GradleSourceSetDependencyModel               : loaded 2 times (x 66B)
Class org.jetbrains.plugins.gradle.model.jar.JarTaskManifestConfiguration             : loaded 2 times (x 66B)
Class com.amazon.ion.IonString                                                        : loaded 2 times (x 66B)
Class settings_86a18iqo7bwxa6m486lwzx3zp                                              : loaded 2 times (x 175B)
Class com.google.common.collect.AbstractMapBasedMultimap$AsMap                        : loaded 2 times (x 124B)
Class com.google.common.collect.CollectSpliterators                                   : loaded 2 times (x 67B)
Class com.google.common.io.LineReader$1                                               : loaded 2 times (x 71B)
Class com.google.common.reflect.Invokable$MethodInvokable                             : loaded 2 times (x 103B)
Class com.google.common.collect.MapMakerInternalMap$StrongKeyDummyValueEntry          : loaded 2 times (x 78B)
Class org.gradle.internal.time.Clock                                                  : loaded 2 times (x 66B)
Class com.intellij.gradle.toolingExtension.impl.model.utilDummyModel.DummyModel       : loaded 2 times (x 66B)
Class org.gradle.internal.impldep.gnu.trove.TObjectHashingStrategy                    : loaded 2 times (x 66B)
Class org.jetbrains.plugins.gradle.model.FileCollectionDependency                     : loaded 2 times (x 66B)
Class com.amazon.ion.impl.lite.IonTimestampLite                                       : loaded 2 times (x 188B)
Class com.amazon.ion.BufferConfiguration                                              : loaded 2 times (x 69B)
Class com.amazon.ion.system.SimpleCatalog                                             : loaded 2 times (x 87B)
Class com.intellij.gradle.toolingExtension.impl.model.taskModel.GradleTaskSerialisationService: loaded 2 times (x 72B)
Class com.android.ide.gradle.model.LegacyV1AgpVersionModel                            : loaded 2 times (x 66B)
Class com.amazon.ion.impl.LocalSymbolTableAsStruct                                    : loaded 2 times (x 122B)
Class com.google.common.cache.LocalCache$LoadingValueReference                        : loaded 2 times (x 92B)
Class kotlin.sequences.SequencesKt__SequenceBuilderKt$sequence$$inlined$Sequence$1    : loaded 2 times (x 71B)
Class org.jetbrains.kotlin.tooling.core.Extras                                        : loaded 2 times (x 66B)
Class com.google.common.base.Predicates$CompositionPredicate                          : loaded 2 times (x 84B)
Class [Lcom.google.common.collect.Iterators$EmptyModifiableIterator;                  : loaded 2 times (x 65B)
Class com.google.common.cache.LocalCache$StrongValueReference                         : loaded 2 times (x 86B)
Class com.google.common.util.concurrent.AbstractFuture$SynchronizedHelper             : loaded 2 times (x 74B)
Class com.google.common.base.CharMatcher$Invisible                                    : loaded 2 times (x 108B)
Class kotlin.jvm.internal.ArrayIterator                                               : loaded 2 times (x 75B)
Class com.intellij.gradle.toolingExtension.impl.model.buildScriptClasspathModel.GradleBuildScriptClasspathSerializationService: loaded 2 times (x 73B)
Class com.amazon.ion.impl.bin.IonManagedBinaryWriter$ImportedSymbolResolverMode       : loaded 2 times (x 76B)
Class com.amazon.ion.impl.LocalSymbolTable$Factory                                    : loaded 2 times (x 73B)
Class com.google.common.reflect.Types$JavaVersion                                     : loaded 2 times (x 79B)
Class com.google.common.collect.MapMaker                                              : loaded 2 times (x 68B)
Class com.amazon.ion.IonFloat                                                         : loaded 2 times (x 66B)
Class com.amazon.ion.impl.lite.IonListLite                                            : loaded 2 times (x 486B)
Class com.amazon.ion.impl.lite.IonSexpLite                                            : loaded 2 times (x 486B)
Class org.gradle.api.specs.Spec                                                       : loaded 2 times (x 66B)
Class settings_86a18iqo7bwxa6m486lwzx3zp$_run_closure1                                : loaded 2 times (x 135B)
Class com.google.common.base.CharMatcher$JavaUpperCase                                : loaded 2 times (x 107B)
Class org.jetbrains.plugins.gradle.tooling.util.IntObjectMap$1                        : loaded 2 times (x 73B)
Class org.gradle.internal.impldep.com.google.common.base.Preconditions                : loaded 2 times (x 67B)
Class org.gradle.tooling.model.internal.ImmutableDomainObjectSet                      : loaded 2 times (x 151B)
Class com.google.common.graph.SuccessorsFunction                                      : loaded 2 times (x 66B)
Class org.objectweb.asm.Type                                                          : loaded 2 times (x 68B)
Class org.gradle.internal.classloader.VisitableURLClassLoader$InstrumentingVisitableURLClassLoader: loaded 2 times (x 119B)
Class com.google.common.io.CharSource                                                 : loaded 2 times (x 81B)
Class org.gradle.internal.time.TimeSource$1                                           : loaded 2 times (x 73B)
Class com.android.builder.model.v2.dsl.BaseConfig                                     : loaded 2 times (x 66B)
Class kotlin.sequences.DistinctSequence                                               : loaded 2 times (x 71B)
Class [Lcom.amazon.ion.impl.bin.IonRawBinaryWriter$PreallocationMode;                 : loaded 2 times (x 65B)
Class com.amazon.ion.util._Private_FastAppendable                                     : loaded 2 times (x 66B)
Class com.amazon.ion.impl.lite.IonIntLite                                             : loaded 2 times (x 185B)
Class com.google.common.util.concurrent.Uninterruptibles                              : loaded 2 times (x 67B)
Class com.google.common.base.Charsets                                                 : loaded 2 times (x 67B)
Class net.rubygrapefruit.platform.internal.Platform$Unix                              : loaded 2 times (x 78B)
Class org.jetbrains.kotlin.tooling.core.HasExtras                                     : loaded 2 times (x 66B)
Class com.google.common.collect.ComparisonChain                                       : loaded 2 times (x 76B)
Class com.android.builder.model.v2.ide.ProjectType                                    : loaded 2 times (x 75B)
Class com.android.builder.model.v2.ide.ComponentInfo                                  : loaded 2 times (x 66B)
Class com.intellij.gradle.toolingExtension.impl.model.sourceSetModel.GradleSourceSetSerialisationService: loaded 2 times (x 73B)
Class org.gradle.internal.classloader.ClasspathUtil                                   : loaded 2 times (x 67B)
Class com.google.common.reflect.Types$ClassOwnership$1LocalClass                      : loaded 2 times (x 67B)
Class net.rubygrapefruit.platform.internal.Platform$FreeBSD32Bit                      : loaded 2 times (x 78B)
Class net.rubygrapefruit.platform.internal.Platform$Unsupported                       : loaded 2 times (x 75B)
Class com.google.common.collect.Maps$EntryFunction                                    : loaded 2 times (x 87B)
Class org.gradle.tooling.model.ProjectIdentifier                                      : loaded 2 times (x 66B)
Class org.gradle.tooling.model.idea.IdeaCompilerOutput                                : loaded 2 times (x 66B)
Class [Lcom.amazon.ion.impl.bin.IonRawBinaryWriter$StreamFlushMode;                   : loaded 2 times (x 65B)
Class com.amazon.ion.UnsupportedIonVersionException                                   : loaded 2 times (x 81B)
Class [Lcom.android.builder.model.v2.ide.AndroidGradlePluginProjectFlags$BooleanFlag; : loaded 2 times (x 65B)
Class com.android.builder.model.v2.ide.AndroidGradlePluginProjectFlags                : loaded 2 times (x 66B)
Class com.android.builder.model.v2.ide.BasicVariant                                   : loaded 2 times (x 66B)
Class kotlin.coroutines.Continuation                                                  : loaded 2 times (x 66B)
Class com.google.common.collect.MapMakerInternalMap$StrongKeyDummyValueEntry$Helper   : loaded 2 times (x 75B)
Class com.google.common.io.Files$FileByteSink                                         : loaded 2 times (x 73B)
Class org.objectweb.asm.ByteVector                                                    : loaded 2 times (x 75B)
Class [Lcom.google.common.cache.CacheBuilder$NullListener;                            : loaded 2 times (x 65B)
Class com.google.common.math.IntMath$1                                                : loaded 2 times (x 67B)
Class org.gradle.internal.classloader.VisitableURLClassLoader$Spec                    : loaded 2 times (x 70B)
Class org.gradle.internal.classpath.DefaultClassPath                                  : loaded 2 times (x 86B)
Class com.amazon.ion.impl.bin.IonManagedBinaryWriter$ImportedSymbolContext            : loaded 2 times (x 68B)
Class com.amazon.ion.IonSystem                                                        : loaded 2 times (x 66B)
Class com.google.common.cache.CacheBuilder$OneWeigher                                 : loaded 2 times (x 78B)
Class com.google.common.collect.IndexedImmutableSet$1                                 : loaded 2 times (x 208B)
Class org.gradle.internal.exceptions.ResolutionProvider                               : loaded 2 times (x 66B)
Class org.gradle.tooling.internal.adapter.ProtocolToModelAdapter$MixInMappingAction   : loaded 2 times (x 76B)
Class com.android.builder.model.v2.ide.JavaCompileOptions                             : loaded 2 times (x 66B)
Class org.jetbrains.plugins.gradle.tooling.serialization.internal.adapter.Supplier    : loaded 2 times (x 66B)
Class com.amazon.ion.IonList                                                          : loaded 2 times (x 66B)
Class com.google.common.base.Predicates                                               : loaded 2 times (x 67B)
Class org.gradle.tooling.internal.gradle.GradleBuildIdentity                          : loaded 2 times (x 66B)
Class com.android.builder.model.v2.ide.TestInfo                                       : loaded 2 times (x 66B)
Class com.amazon.ion.impl.bin.IonManagedBinaryWriter$SymbolState                      : loaded 2 times (x 76B)
Class com.amazon.ion.IonStruct                                                        : loaded 2 times (x 66B)
Class org.jetbrains.plugins.gradle.model.GradleBuildScriptClasspathModel              : loaded 2 times (x 66B)
Class com.android.builder.model.v2.ide.BundleInfo                                     : loaded 2 times (x 66B)
Class com.android.builder.model.v2.ide.SourceProvider                                 : loaded 2 times (x 66B)
Class kotlin.coroutines.jvm.internal.BaseContinuationImpl                             : loaded 2 times (x 83B)
Class kotlin.Result$Companion                                                         : loaded 2 times (x 67B)
Class org.gradle.util.internal.DefaultGradleVersion                                   : loaded 2 times (x 80B)
Class com.google.common.reflect.Types$ClassOwnership                                  : loaded 2 times (x 76B)
Class org.objectweb.asm.Symbol                                                        : loaded 2 times (x 69B)
Class com.google.common.base.AbstractIterator                                         : loaded 2 times (x 76B)
Class org.jetbrains.plugins.gradle.tooling.serialization.SerializationService         : loaded 2 times (x 66B)
Class com.amazon.ion.impl.LocalSymbolTable                                            : loaded 2 times (x 117B)
Class com.amazon.ion.impl.lite.IonBlobLite                                            : loaded 2 times (x 215B)
Class com.google.common.base.CharMatcher$JavaDigit                                    : loaded 2 times (x 107B)
Class org.objectweb.asm.commons.InstructionAdapter                                    : loaded 2 times (x 184B)
Class com.google.common.reflect.Types$TypeVariableInvocationHandler                   : loaded 2 times (x 71B)
Class com.google.common.collect.MapMakerInternalMap$InternalEntry                     : loaded 2 times (x 66B)
Class [Lcom.google.common.collect.HashBiMap$BiEntry;                                  : loaded 2 times (x 65B)
Class org.gradle.tooling.model.kotlin.dsl.KotlinDslScriptsModel                       : loaded 2 times (x 66B)
Class org.gradle.internal.time.TimeSource                                             : loaded 2 times (x 66B)
Class org.gradle.tooling.model.idea.IdeaDependencyScope                               : loaded 2 times (x 66B)
Class [Lorg.gradle.api.JavaVersion;                                                   : loaded 2 times (x 65B)
Class org.jetbrains.plugins.gradle.tooling.serialization.internal.IdeaProjectSerializationService$WriteContext$8: loaded 2 times (x 79B)
Class com.amazon.ion.impl.bin.IonManagedBinaryWriter                                  : loaded 2 times (x 162B)
Class com.google.common.io.Closer                                                     : loaded 2 times (x 74B)
Class com.google.common.io.Java8Compatibility                                         : loaded 2 times (x 67B)
Class com.google.common.base.CharMatcher$Ascii                                        : loaded 2 times (x 108B)
Class build_8h13iasa0gvnh1izib3gk8bla                                                 : loaded 2 times (x 176B)
Class org.gradle.internal.classloader.ClassLoaderSpec                                 : loaded 2 times (x 67B)
Class com.amazon.ion.impl.bin.WriteBuffer                                             : loaded 2 times (x 74B)
Class com.google.common.math.IntMath                                                  : loaded 2 times (x 67B)
Class com.google.common.collect.AbstractMapBasedMultimap$KeySet                       : loaded 2 times (x 133B)
Class com.google.common.collect.Streams                                               : loaded 2 times (x 67B)
Class org.jetbrains.plugins.gradle.model.RepositoryModels                             : loaded 2 times (x 66B)
Class org.jetbrains.plugins.gradle.tooling.serialization.internal.IdeaProjectSerializationService$WriteContext$7: loaded 2 times (x 79B)
Class com.amazon.ion.impl.lite.ValueFactoryLite                                       : loaded 2 times (x 214B)
Class org.gradle.internal.service.CachingServiceLocator                               : loaded 2 times (x 78B)
Class com.google.common.cache.LocalCache$LocalManualCache                             : loaded 2 times (x 95B)
Class net.rubygrapefruit.platform.internal.Platform$Linux                             : loaded 2 times (x 79B)
Class com.amazon.ion.impl.IonWriterSystemTextMarkup                                   : loaded 2 times (x 188B)
Class com.amazon.ion.impl.bin.BlockAllocator                                          : loaded 2 times (x 76B)
Class kotlin.jvm.internal.FunctionReferenceImpl                                       : loaded 2 times (x 118B)
Class com.google.common.io.ByteSource$EmptyByteSource                                 : loaded 2 times (x 81B)
Class net.rubygrapefruit.platform.internal.Platform$MacOs32Bit                        : loaded 2 times (x 78B)
Class net.rubygrapefruit.platform.internal.Platform$Linux64Bit                        : loaded 2 times (x 79B)
Class org.objectweb.asm.AnnotationWriter                                              : loaded 2 times (x 75B)
Class com.google.common.cache.CacheStats                                              : loaded 2 times (x 67B)
Class com.android.builder.model.v2.ide.LibraryInfo                                    : loaded 2 times (x 66B)
Class org.jetbrains.plugins.gradle.tooling.util.IntObjectMap                          : loaded 2 times (x 69B)
Class org.jetbrains.plugins.gradle.tooling.serialization.internal.IdeaProjectSerializationService$WriteContext$6: loaded 2 times (x 79B)
Class com.amazon.ion.IonType                                                          : loaded 2 times (x 75B)
Class com.amazon.ion.impl.lite._Private_LiteDomTrampoline                             : loaded 2 times (x 67B)
Class com.amazon.ion.impl.bin.IntList                                                 : loaded 2 times (x 73B)
Class org.gradle.internal.classloader.ClassLoaderFactory                              : loaded 2 times (x 66B)
Class com.google.common.base.CharMatcher$JavaLetter                                   : loaded 2 times (x 107B)
Class [Lcom.google.common.cache.LocalCache$EntryFactory;                              : loaded 2 times (x 65B)
Class com.google.common.primitives.Booleans                                           : loaded 2 times (x 67B)
Class kotlin.sequences.SequencesKt___SequencesKt$sortedWith$1                         : loaded 2 times (x 71B)
Class com.intellij.gradle.toolingExtension.impl.model.sourceSetDependencyModel.GradleSourceSetDependencySerialisationService$SourceSetDependencyModelWriteContext: loaded 2 times (x 68B)
Class com.amazon.ion.system.IonWriterBuilderBase                                      : loaded 2 times (x 79B)
Class org.jetbrains.plugins.gradle.tooling.serialization.internal.IdeaProjectSerializationService$WriteContext$5: loaded 2 times (x 79B)
Class [Lcom.android.builder.model.v2.ide.ProjectType;                                 : loaded 2 times (x 65B)
Class kotlin.jvm.internal.markers.KMutableIterable                                    : loaded 2 times (x 66B)
Class org.gradle.tooling.internal.adapter.ProtocolToModelAdapter$DefaultViewBuilder   : loaded 2 times (x 76B)
Class com.google.common.collect.Interners                                             : loaded 2 times (x 67B)
Class com.google.common.io.Closer$Suppressor                                          : loaded 2 times (x 66B)
Class com.google.common.io.LineProcessor                                              : loaded 2 times (x 66B)
Class org.objectweb.asm.RecordComponentWriter                                         : loaded 2 times (x 74B)
Class com.google.common.util.concurrent.AbstractFuture$Listener                       : loaded 2 times (x 68B)
Class com.amazon.ion.BufferConfiguration$Builder                                      : loaded 2 times (x 74B)
Class org.gradle.internal.service.ServiceLookupException                              : loaded 2 times (x 78B)
Class com.google.common.reflect.TypeResolver$TypeTable$1                              : loaded 2 times (x 69B)
Class org.gradle.internal.time.MonotonicClock                                         : loaded 2 times (x 73B)
Class kotlin.jvm.internal.markers.KMutableList                                        : loaded 2 times (x 66B)
Class kotlin.text.MatchNamedGroupCollection                                           : loaded 2 times (x 66B)
Class com.google.common.collect.UsingToStringOrdering                                 : loaded 2 times (x 110B)
Class com.intellij.gradle.toolingExtension.impl.model.sourceSetDependencyModel.GradleSourceSetDependencySerialisationService$Companion: loaded 2 times (x 67B)
Class org.jetbrains.plugins.gradle.tooling.serialization.internal.IdeaProjectSerializationService$WriteContext$4: loaded 2 times (x 79B)
Class org.jetbrains.kotlin.idea.gradleTooling.AndroidAwareGradleModelProvider         : loaded 2 times (x 79B)
Class com.google.common.cache.CacheLoader$SupplierToCacheLoader                       : loaded 2 times (x 71B)
Class org.objectweb.asm.RecordComponentVisitor                                        : loaded 2 times (x 73B)
Class [Lcom.android.builder.model.v2.ide.AaptOptions$Namespacing;                     : loaded 2 times (x 65B)
Class org.gradle.tooling.internal.adapter.ProtocolToModelAdapter$ViewGraphDetails$1   : loaded 2 times (x 73B)
Class org.objectweb.asm.Attribute                                                     : loaded 2 times (x 73B)
Class com.google.common.base.Supplier                                                 : loaded 2 times (x 66B)
Class org.gradle.internal.classloader.VisitableURLClassLoader                         : loaded 2 times (x 113B)
Class org.apache.http.client.methods.AbortableHttpRequest                             : loaded 2 times (x 66B)
Class com.google.common.io.CharStreams                                                : loaded 2 times (x 67B)
Class com.google.common.reflect.TypeResolver$TypeTable                                : loaded 2 times (x 69B)
Class kotlin.coroutines.jvm.internal.RestrictedContinuationImpl                       : loaded 2 times (x 83B)
Class org.gradle.util.internal.DefaultGradleVersion$Stage                             : loaded 2 times (x 71B)
Class org.jetbrains.plugins.gradle.tooling.serialization.internal.IdeaProjectSerializationService$WriteContext$3: loaded 2 times (x 79B)
Class org.jetbrains.plugins.gradle.tooling.serialization.AnnotationProcessingModelSerializationService$ReadContext: loaded 2 times (x 68B)
Class com.amazon.ion.impl.bin.PooledBlockAllocatorProvider                            : loaded 2 times (x 69B)
Class com.amazon.ion.IonContainer                                                     : loaded 2 times (x 66B)
Class com.amazon.ion.impl.lite.IonValueLite                                           : loaded 2 times (x 143B)
Class com.amazon.ion.impl._Private_IonSymbol                                          : loaded 2 times (x 66B)
Class com.amazon.ion.impl.bin.IonRawBinaryWriter$1                                    : loaded 2 times (x 73B)
Class [Lcom.amazon.ion.SymbolTable;                                                   : loaded 2 times (x 65B)
Class com.amazon.ion.impl.bin.IonBinaryWriterAdapter$Factory                          : loaded 2 times (x 66B)
Class com.amazon.ion.impl.BlockedBuffer$BufferedOutputStream                          : loaded 2 times (x 86B)
Class org.jetbrains.plugins.gradle.tooling.serialization.ExternalTestsSerializationService$ReadContext: loaded 2 times (x 68B)
Class kotlin.io.FileTreeWalk$FileTreeWalkIterator$SingleFileState                     : loaded 2 times (x 70B)
Class kotlin.sequences.FlatteningSequence$iterator$1                                  : loaded 2 times (x 75B)
Class com.google.common.collect.AbstractMapBasedMultimap                              : loaded 2 times (x 135B)
Class com.google.common.base.FunctionalEquivalence                                    : loaded 2 times (x 79B)
Class org.gradle.tooling.model.idea.IdeaDependency                                    : loaded 2 times (x 66B)
Class net.rubygrapefruit.platform.internal.FunctionResult$Failure                     : loaded 2 times (x 75B)
Class net.rubygrapefruit.platform.internal.NativeLibraryLoader                        : loaded 2 times (x 69B)
Class com.google.common.util.concurrent.AbstractFuture$Waiter                         : loaded 2 times (x 68B)
Class com.google.common.util.concurrent.AbstractFuture                                : loaded 2 times (x 102B)
Class [Lcom.android.builder.model.v2.ide.CodeShrinker;                                : loaded 2 times (x 65B)
Class org.jetbrains.plugins.gradle.tooling.serialization.internal.IdeaProjectSerializationService$WriteContext$2: loaded 2 times (x 79B)
Class com.amazon.ion.impl._Private_SymtabExtendsCache                                 : loaded 2 times (x 68B)
Class com.amazon.ion.impl.bin.utf8.Pool                                               : loaded 2 times (x 70B)
Class com.google.common.base.CharMatcher$Any                                          : loaded 2 times (x 108B)
Class com.google.common.cache.ReferenceEntry                                          : loaded 2 times (x 66B)
Class com.google.common.util.concurrent.ListenableFuture                              : loaded 2 times (x 66B)
Class org.apache.http.message.AbstractHttpMessage                                     : loaded 2 times (x 104B)
Class org.apache.http.client.CredentialsProvider                                      : loaded 2 times (x 66B)
Class org.jetbrains.plugins.gradle.model.ExternalProject                              : loaded 2 times (x 66B)
Class com.amazon.ion.impl.bin.AbstractIonWriter$WriteValueOptimization                : loaded 2 times (x 75B)
Class org.jetbrains.plugins.gradle.tooling.serialization.internal.IdeaProjectSerializationService$WriteContext$1: loaded 2 times (x 79B)
Class [Lcom.android.builder.model.v2.ide.BytecodeTransformation;                      : loaded 2 times (x 65B)
Class com.android.builder.model.v2.ide.AaptOptions                                    : loaded 2 times (x 66B)
Class kotlin.collections.AbstractMutableList                                          : loaded 2 times (x 202B)
Class com.google.common.collect.HashBiMap                                             : loaded 2 times (x 139B)
Class com.google.common.collect.MapMakerInternalMap                                   : loaded 2 times (x 157B)
Class org.objectweb.asm.Handler                                                       : loaded 2 times (x 68B)
Class com.google.common.base.Ticker                                                   : loaded 2 times (x 68B)
Class org.gradle.internal.agents.InstrumentingClassLoader                             : loaded 2 times (x 66B)
Class com.amazon.ion.impl.bin.IonManagedBinaryWriter$SymbolState$4                    : loaded 2 times (x 76B)
Class org.gradle.api.internal.classpath.DefaultModuleRegistry                         : loaded 2 times (x 82B)
Class net.rubygrapefruit.platform.internal.Platform$Window32Bit                       : loaded 2 times (x 75B)
Class com.google.common.collect.Lists$TransformingRandomAccessList                    : loaded 2 times (x 195B)
Class com.android.builder.model.v2.models.ModelBuilderParameter                       : loaded 2 times (x 66B)
Class com.intellij.gradle.toolingExtension.impl.model.sourceSetArtifactIndex.GradleSourceSetArtifactBuildRequest: loaded 2 times (x 66B)
Class com.amazon.ion.IonBinaryWriter                                                  : loaded 2 times (x 66B)
Class com.amazon.ion.impl.bin.IonRawBinaryWriter$StreamFlushMode                      : loaded 2 times (x 75B)
Class com.amazon.ion.impl.bin.IonManagedBinaryWriter$SymbolState$3                    : loaded 2 times (x 76B)
Class com.amazon.ion.impl.bin.IonRawBinaryWriter$ContainerInfo                        : loaded 2 times (x 72B)
Class com.google.common.cache.LocalCache$LocalManualCache$1                           : loaded 2 times (x 71B)
Class com.google.common.util.concurrent.AbstractFuture$UnsafeAtomicHelper             : loaded 2 times (x 74B)
Class com.google.common.io.Closer$SuppressingSuppressor                               : loaded 2 times (x 71B)
Class com.google.common.collect.Iterators$6                                           : loaded 2 times (x 77B)
Class com.google.common.collect.HashBiMap$Inverse                                     : loaded 2 times (x 138B)
Class kotlin.coroutines.intrinsics.IntrinsicsKt__IntrinsicsKt                         : loaded 2 times (x 67B)
Class com.amazon.ion.impl.bin.BlockAllocatorProvider                                  : loaded 2 times (x 68B)
Class org.jetbrains.plugins.gradle.tooling.serialization.internal.IdeaProjectSerializationService$WriteContext: loaded 2 times (x 68B)
Class com.intellij.gradle.toolingExtension.impl.model.sourceSetDependencyModel.GradleSourceSetDependencySerialisationService: loaded 2 times (x 73B)
Class org.jetbrains.plugins.gradle.model.GradleSourceSetModel                         : loaded 2 times (x 66B)
Class com.android.builder.model.v2.models.ndk.NativeModelBuilderParameter             : loaded 2 times (x 66B)
Class kotlin.KotlinNothingValueException                                              : loaded 2 times (x 78B)
Class com.google.common.cache.RemovalCause$1                                          : loaded 2 times (x 76B)
Class [Lcom.google.common.cache.LocalCache$Segment;                                   : loaded 2 times (x 65B)
Class [Lcom.google.common.cache.LocalCache$Strength;                                  : loaded 2 times (x 65B)
Class com.google.common.cache.CacheBuilder$1                                          : loaded 2 times (x 81B)
Class org.gradle.internal.classpath.DefaultClassPath$ImmutableUniqueList$Builder      : loaded 2 times (x 71B)
Class kotlin.text.RegexKt                                                             : loaded 2 times (x 67B)
Class com.google.common.collect.ImmutableSortedAsList                                 : loaded 2 times (x 217B)
Class com.android.ide.gradle.model.LegacyAndroidGradlePluginPropertiesModelParameters : loaded 2 times (x 66B)
Class org.jetbrains.plugins.gradle.model.ProjectImportModelProvider                   : loaded 2 times (x 66B)
Class com.amazon.ion.IonNull                                                          : loaded 2 times (x 66B)
Class com.amazon.ion.impl.bin.IonManagedBinaryWriter$SymbolState$2                    : loaded 2 times (x 76B)
Class com.google.common.base.Splitter$SplittingIterator                               : loaded 2 times (x 80B)
Class com.google.common.collect.ImmutableSet$JdkBackedSetBuilderImpl                  : loaded 2 times (x 72B)
Class com.google.common.util.concurrent.internal.InternalFutureFailureAccess          : loaded 2 times (x 68B)
Class org.gradle.tooling.internal.adapter.ObjectGraphAdapter                          : loaded 2 times (x 66B)
Class com.android.builder.model.v2.ide.PrivacySandboxSdkInfo                          : loaded 2 times (x 66B)
Class com.intellij.gradle.toolingExtension.impl.model.taskIndex.GradleTaskRequest     : loaded 2 times (x 66B)
Class org.jetbrains.plugins.gradle.model.VersionCatalogsModel                         : loaded 2 times (x 66B)
Class com.intellij.gradle.toolingExtension.impl.model.dependencyModel.DependencyReadContext: loaded 2 times (x 68B)
Class com.amazon.ion.impl.lite.IonSequenceLite                                        : loaded 2 times (x 428B)
Class com.amazon.ion.impl._Private_Utils$1                                            : loaded 2 times (x 85B)
Class com.amazon.ion.impl.SymbolTableAsStruct                                         : loaded 2 times (x 66B)
Class com.intellij.gradle.toolingExtension.impl.model.sourceSetDependencyModel.GradleSourceSetDependencySerialisationService$SourceSetDependencyModelReadContext: loaded 2 times (x 68B)
Class [Lcom.amazon.ion.IonType;                                                       : loaded 2 times (x 65B)
Class org.gradle.tooling.internal.adapter.WeakIdentityHashMap$AbsentValueProvider     : loaded 2 times (x 66B)
Class com.google.common.cache.RemovalCause$2                                          : loaded 2 times (x 76B)
Class com.google.common.collect.MapMakerInternalMap$WeakValueReference                : loaded 2 times (x 66B)
Class com.google.common.cache.LocalCache                                              : loaded 2 times (x 183B)
Class com.google.common.cache.CacheBuilder$2                                          : loaded 2 times (x 68B)
Class com.amazon.ion.impl.LocalSymbolTableAsStruct$Factory                            : loaded 2 times (x 75B)
Class com.amazon.ion.impl.bin.IonManagedBinaryWriter$SymbolState$1                    : loaded 2 times (x 76B)
Class org.gradle.api.internal.classpath.ModuleRegistry                                : loaded 2 times (x 66B)
Class org.gradle.internal.installation.GradleInstallation$1                           : loaded 2 times (x 71B)
Class com.google.common.collect.AbstractListMultimap                                  : loaded 2 times (x 168B)
Class com.google.common.cache.CacheLoader                                             : loaded 2 times (x 70B)
Class [Lorg.objectweb.asm.SymbolTable$Entry;                                          : loaded 2 times (x 65B)
Class org.apache.http.client.HttpClient                                               : loaded 2 times (x 66B)
Class net.rubygrapefruit.platform.internal.LibraryDef                                 : loaded 2 times (x 68B)
Class [Lcom.google.common.base.Supplier;                                              : loaded 2 times (x 65B)
Class com.android.builder.model.v2.models.ndk.NativeModule                            : loaded 2 times (x 66B)
Class com.intellij.util.containers.IntObjectHashMap                                   : loaded 2 times (x 68B)
Class org.jetbrains.plugins.gradle.model.ExternalDependency                           : loaded 2 times (x 66B)
Class com.google.common.cache.LocalCache$Segment                                      : loaded 2 times (x 150B)
Class com.google.common.collect.AbstractMapBasedMultimap$AsMap$AsMapEntries           : loaded 2 times (x 134B)
Class com.google.common.reflect.TypeToken$2                                           : loaded 2 times (x 106B)
Class org.gradle.tooling.internal.adapter.ProtocolToModelAdapter$MethodInvocationCache: loaded 2 times (x 69B)
Class com.android.builder.model.v2.models.Versions                                    : loaded 2 times (x 66B)
Class com.android.builder.model.v2.ide.ArtifactDependenciesAdjacencyList              : loaded 2 times (x 66B)
Class com.android.builder.model.v2.ide.Library                                        : loaded 2 times (x 66B)
Class org.jetbrains.kotlin.idea.gradleTooling.model.annotation.AnnotationBasedPluginModel: loaded 2 times (x 66B)
Class com.amazon.ion.impl.bin.AbstractIonWriter                                       : loaded 2 times (x 157B)
Class org.jetbrains.plugins.gradle.tooling.util.ObjectCollector$Processor             : loaded 2 times (x 66B)
Class org.jetbrains.kotlin.idea.gradleTooling.model.samWithReceiver.SamWithReceiverModel: loaded 2 times (x 66B)
Class kotlin.jvm.functions.Function4                                                  : loaded 2 times (x 66B)
Class org.jetbrains.plugins.gradle.model.IntelliJProjectSettings                      : loaded 2 times (x 66B)
Class org.gradle.internal.exceptions.NonGradleCauseExceptionsHolder                   : loaded 2 times (x 66B)
Class org.gradle.tooling.model.idea.IdeaModuleDependency                              : loaded 2 times (x 66B)
Class org.gradle.tooling.internal.adapter.ViewBuilder                                 : loaded 2 times (x 66B)
Class com.google.common.cache.RemovalCause$3                                          : loaded 2 times (x 76B)
Class com.google.common.collect.ArrayListMultimap                                     : loaded 2 times (x 168B)
Class com.google.common.base.AbstractIterator$1                                       : loaded 2 times (x 67B)
Class com.google.common.base.CharMatcher$Digit                                        : loaded 2 times (x 108B)
Class com.google.common.cache.LocalCache$ComputingValueReference                      : loaded 2 times (x 92B)
Class com.google.common.reflect.TypeToken$1                                           : loaded 2 times (x 106B)
Class com.android.builder.model.v2.ide.SyncIssue                                      : loaded 2 times (x 66B)
Class com.android.ide.gradle.model.composites.BuildMap                                : loaded 2 times (x 66B)
Class com.amazon.ion.UnknownSymbolException                                           : loaded 2 times (x 82B)
Class com.amazon.ion.impl.bin.IonRawBinaryWriter$PatchList                            : loaded 2 times (x 81B)
Class com.google.common.base.Suppliers$SupplierOfInstance                             : loaded 2 times (x 75B)
Class org.objectweb.asm.Edge                                                          : loaded 2 times (x 68B)
Class org.gradle.tooling.model.Model                                                  : loaded 2 times (x 66B)
Class com.android.builder.model.v2.ide.Variant                                        : loaded 2 times (x 66B)
Class com.android.ide.gradle.model.ArtifactIdentifier                                 : loaded 2 times (x 66B)
Class com.amazon.ion.impl.bin.IonManagedBinaryWriter$LocalSymbolTableView             : loaded 2 times (x 103B)
Class build_1tgm06eutuwvundnxlcrvt6x9                                                 : loaded 2 times (x 176B)
Class com.google.common.util.concurrent.AbstractFuture$AtomicHelper                   : loaded 2 times (x 74B)
Class org.objectweb.asm.SymbolTable$Entry                                             : loaded 2 times (x 70B)
Class com.amazon.ion.system.IonReaderBuilder                                          : loaded 2 times (x 89B)
Class org.jetbrains.plugins.gradle.model.AnnotationProcessingConfig                   : loaded 2 times (x 66B)
Class com.amazon.ion.IonReader                                                        : loaded 2 times (x 66B)
Class com.android.builder.model.v2.ide.AndroidLibraryData                             : loaded 2 times (x 66B)
Class com.android.builder.model.v2.ide.ApiVersion                                     : loaded 2 times (x 66B)
Class com.google.common.cache.RemovalCause$4                                          : loaded 2 times (x 76B)
Class com.google.common.base.Suppliers$MemoizingSupplier                              : loaded 2 times (x 75B)
Class com.google.common.collect.ForwardingMap                                         : loaded 2 times (x 128B)
Class com.google.common.base.CharMatcher$JavaIsoControl                               : loaded 2 times (x 108B)
Class com.google.common.io.CharStreams$NullWriter                                     : loaded 2 times (x 95B)
Class net.rubygrapefruit.platform.internal.Platform$Windows                           : loaded 2 times (x 75B)
Class org.jetbrains.kotlin.idea.gradleTooling.KotlinGradleModel                       : loaded 2 times (x 66B)
Class org.jetbrains.plugins.gradle.tooling.serialization.ExternalTestsSerializationService$WriteContext: loaded 2 times (x 68B)
Class com.amazon.ion.impl.bin.IonManagedBinaryWriter$SymbolResolverBuilder            : loaded 2 times (x 66B)
Class com.amazon.ion.system.IonSystemBuilder$Mutable                                  : loaded 2 times (x 71B)
Class com.amazon.ion.impl.bin.IonRawBinaryWriter$PatchList$Node                       : loaded 2 times (x 68B)
Class com.google.common.io.Files$FileByteSource                                       : loaded 2 times (x 81B)
Class [Lcom.google.common.reflect.Types$JavaVersion;                                  : loaded 2 times (x 65B)
Class com.google.common.collect.Interners$InternerBuilder                             : loaded 2 times (x 72B)
Class kotlin.collections.ArrayDeque                                                   : loaded 2 times (x 203B)
Class org.jetbrains.plugins.gradle.tooling.serialization.KotlinDslScriptsModelSerializationService: loaded 2 times (x 77B)
Class org.jetbrains.plugins.gradle.model.ExternalProjectDependency                    : loaded 2 times (x 66B)
Class org.gradle.internal.classpath.ClassPath                                         : loaded 2 times (x 66B)
Class com.google.common.cache.CacheBuilder                                            : loaded 2 times (x 68B)
Class com.google.common.io.ByteSink                                                   : loaded 2 times (x 72B)
Class com.google.common.cache.RemovalCause                                            : loaded 2 times (x 76B)
Class net.rubygrapefruit.platform.internal.jni.NativeLibraryFunctions                 : loaded 2 times (x 67B)
Class com.android.builder.model.v2.AndroidModel                                       : loaded 2 times (x 66B)
Class com.android.builder.model.v2.models.AndroidProject                              : loaded 2 times (x 66B)
Class com.android.builder.model.v2.dsl.SigningConfig                                  : loaded 2 times (x 66B)
Class [Lcom.amazon.ion.SymbolToken;                                                   : loaded 2 times (x 65B)
Class com.google.common.base.ExtraObjectsMethodsForWeb                                : loaded 2 times (x 67B)
Class com.google.common.reflect.TypeToken                                             : loaded 2 times (x 69B)
Class com.google.common.collect.MapMakerInternalMap$Segment                           : loaded 2 times (x 138B)
Class com.amazon.ion.IonClob                                                          : loaded 2 times (x 66B)
Class org.jetbrains.plugins.gradle.tooling.ModelBuilderService$Parameter              : loaded 2 times (x 66B)
Class com.android.builder.model.v2.models.Versions$Version                            : loaded 2 times (x 66B)
Class com.google.common.cache.RemovalCause$5                                          : loaded 2 times (x 76B)
Class [Lcom.google.common.collect.MapMakerInternalMap$Strength;                       : loaded 2 times (x 65B)
Class [Lcom.google.common.io.FileWriteMode;                                           : loaded 2 times (x 65B)
Class org.apache.http.client.methods.HttpExecutionAware                               : loaded 2 times (x 66B)
Class com.google.common.base.CharMatcher$JavaLowerCase                                : loaded 2 times (x 107B)
Class com.intellij.gradle.toolingExtension.impl.model.projectModel.GradleExternalProjectSerializationService$WriteContext: loaded 2 times (x 69B)
Class org.jetbrains.plugins.gradle.tooling.serialization.internal.adapter.InternalBuildIdentifier: loaded 2 times (x 71B)
Class com.amazon.ion.impl.bin._Private_IonManagedBinaryWriterBuilder                  : loaded 2 times (x 68B)
Class com.amazon.ion.impl._Private_IonWriter                                          : loaded 2 times (x 66B)
Class com.amazon.ion.impl.bin.IonManagedBinaryWriter$UserState                        : loaded 2 times (x 81B)
Class org.gradle.internal.classpath.DefaultClassPath$ImmutableUniqueList              : loaded 2 times (x 195B)
Class org.gradle.api.internal.ClassPathRegistry                                       : loaded 2 times (x 66B)
Class com.google.common.reflect.Invokable$ConstructorInvokable                        : loaded 2 times (x 103B)
Class net.rubygrapefruit.platform.NativeIntegrationLinkageException                   : loaded 2 times (x 78B)
Class com.google.common.collect.Maps$EntryFunction$2                                  : loaded 2 times (x 87B)
Class com.android.builder.model.v2.ide.JavaArtifact                                   : loaded 2 times (x 66B)
Class org.jetbrains.plugins.gradle.tooling.serialization.RepositoriesModelSerializationService$ReadContext: loaded 2 times (x 68B)
Class com.amazon.ion.impl.lite.IonLobLite                                             : loaded 2 times (x 180B)
Class com.amazon.ion.impl.lite.IonTextLite                                            : loaded 2 times (x 177B)
Class com.amazon.ion.IonNumber                                                        : loaded 2 times (x 66B)
Class org.gradle.internal.impldep.gnu.trove.TObjectIntProcedure                       : loaded 2 times (x 66B)
Class org.gradle.tooling.internal.adapter.ProtocolToModelAdapter$ReflectionMethodInvoker: loaded 2 times (x 72B)
Class net.rubygrapefruit.platform.internal.NativeLibraryLocator                       : loaded 2 times (x 69B)
Class net.rubygrapefruit.platform.Process                                             : loaded 2 times (x 66B)
Class com.google.common.collect.Iterables$4                                           : loaded 2 times (x 77B)
Class com.google.common.collect.MapMakerInternalMap$StrongKeyDummyValueSegment        : loaded 2 times (x 138B)
Class com.google.common.cache.LocalCache$WriteThroughEntry                            : loaded 2 times (x 75B)
Class com.google.common.io.Files                                                      : loaded 2 times (x 67B)
Class com.google.common.cache.LocalCache$HashIterator                                 : loaded 2 times (x 82B)
Class com.google.common.cache.LocalCache$EntryFactory                                 : loaded 2 times (x 79B)
Class [Lcom.amazon.ion.impl.bin.AbstractIonWriter$WriteValueOptimization;             : loaded 2 times (x 65B)
Class org.gradle.api.internal.DefaultClassPathRegistry                                : loaded 2 times (x 72B)
Class com.google.common.cache.RemovalListener                                         : loaded 2 times (x 66B)
Class com.google.common.base.Present                                                  : loaded 2 times (x 77B)
Class com.google.common.collect.AbstractMapBasedMultimap$WrappedCollection$WrappedIterator: loaded 2 times (x 80B)
Class com.google.common.base.Throwables                                               : loaded 2 times (x 67B)
Class net.rubygrapefruit.platform.internal.FunctionResult                             : loaded 2 times (x 73B)
Class com.google.common.collect.Maps$EntryFunction$1                                  : loaded 2 times (x 87B)
Class org.gradle.tooling.internal.gradle.GradleProjectIdentity                        : loaded 2 times (x 66B)
Class com.android.ide.gradle.model.artifacts.AdditionalClassifierArtifactsModel       : loaded 2 times (x 66B)
Class org.jetbrains.plugins.gradle.tooling.serialization.RepositoriesModelSerializationService: loaded 2 times (x 78B)
Class com.amazon.ion.impl.bin.Symbols                                                 : loaded 2 times (x 67B)
Class com.amazon.ion.IonBufferConfiguration                                           : loaded 2 times (x 69B)
Class [Lcom.amazon.ion.impl.bin.IonManagedBinaryWriter$UserState;                     : loaded 2 times (x 65B)
Class com.amazon.ion.impl.bin.utf8.Utf8StringEncoder                                  : loaded 2 times (x 76B)
Class com.amazon.ion.IonBool                                                          : loaded 2 times (x 66B)
Class org.jetbrains.kotlin.idea.gradleTooling.model.assignment.AssignmentModel        : loaded 2 times (x 66B)
Class com.google.common.collect.NullsLastOrdering                                     : loaded 2 times (x 111B)
Class com.google.common.base.NullnessCasts                                            : loaded 2 times (x 67B)
Class org.jetbrains.kotlin.tooling.core.HasMutableExtras                              : loaded 2 times (x 66B)
Class com.google.common.collect.Iterables$5                                           : loaded 2 times (x 77B)
Class [Lcom.google.common.collect.MapMaker$Dummy;                                     : loaded 2 times (x 65B)
Class com.google.common.reflect.Types$NativeTypeVariableEquals                        : loaded 2 times (x 67B)
Class com.google.common.reflect.TypeParameter                                         : loaded 2 times (x 68B)
Class com.google.common.cache.LocalCache$AbstractReferenceEntry                       : loaded 2 times (x 103B)
Class com.google.common.base.Splitter$1$1                                             : loaded 2 times (x 82B)
Class com.google.common.base.CharMatcher$Whitespace                                   : loaded 2 times (x 108B)
Class com.google.common.util.concurrent.AbstractFuture$Cancellation                   : loaded 2 times (x 68B)
Class com.google.common.io.AppendableWriter                                           : loaded 2 times (x 96B)
Class com.google.common.io.Files$2                                                    : loaded 2 times (x 72B)
Class com.google.common.cache.Cache                                                   : loaded 2 times (x 66B)
Class com.google.common.cache.LocalCache$Strength                                     : loaded 2 times (x 77B)
Class com.google.common.base.Stopwatch                                                : loaded 2 times (x 68B)
Class kotlin.sequences.DistinctIterator                                               : loaded 2 times (x 79B)
Class com.intellij.openapi.externalSystem.model.project.dependencies.ProjectDependencies: loaded 2 times (x 66B)
Class org.gradle.internal.impldep.gnu.trove.TObjectIdentityHashingStrategy            : loaded 2 times (x 74B)
Class org.jetbrains.plugins.gradle.tooling.serialization.ProjectDependenciesSerializationService$ReadContext: loaded 2 times (x 68B)
Class org.gradle.cache.GlobalCache                                                    : loaded 2 times (x 66B)
Class org.gradle.api.internal.classpath.UnknownModuleException                        : loaded 2 times (x 78B)
Class com.google.common.cache.Weigher                                                 : loaded 2 times (x 66B)
Class com.intellij.openapi.externalSystem.model.project.IExternalSystemSourceType     : loaded 2 times (x 66B)
Class com.amazon.ion.impl._Private_IonReaderBuilder$Mutable                           : loaded 2 times (x 91B)
Class org.gradle.api.internal.classpath.Module                                        : loaded 2 times (x 66B)
Class org.gradle.tooling.internal.gradle.DefaultBuildIdentifier                       : loaded 2 times (x 75B)
Class org.gradle.tooling.internal.adapter.ProtocolToModelAdapter$AdaptingMethodInvoker: loaded 2 times (x 72B)
Class org.jetbrains.plugins.gradle.model.GradleTaskModel                              : loaded 2 times (x 66B)
Class org.jetbrains.plugins.gradle.tooling.util.ObjectCollector                       : loaded 2 times (x 68B)
Class com.amazon.ion.IonLoader                                                        : loaded 2 times (x 66B)
Class org.jetbrains.plugins.gradle.model.GradleProperty                               : loaded 2 times (x 66B)
Class com.amazon.ion.impl.bin._Private_IonManagedBinaryWriterBuilder$AllocatorMode    : loaded 2 times (x 76B)
Class com.amazon.ion.impl._Private_SymbolToken                                        : loaded 2 times (x 66B)
Class com.android.builder.model.v2.models.VariantDependencies                         : loaded 2 times (x 66B)
Class com.google.common.collect.ImmutableMapKeySet                                    : loaded 2 times (x 146B)
Class org.apache.http.client.methods.HttpPut                                          : loaded 2 times (x 149B)
Class org.apache.http.client.methods.Configurable                                     : loaded 2 times (x 66B)
Class org.objectweb.asm.SymbolTable                                                   : loaded 2 times (x 68B)
Class com.google.common.cache.CacheLoader$InvalidCacheLoadException                   : loaded 2 times (x 78B)
Class com.google.common.base.CharMatcher$SingleWidth                                  : loaded 2 times (x 108B)
Class org.gradle.internal.classloader.SystemClassLoaderSpec                           : loaded 2 times (x 67B)
Class com.amazon.ion.impl.bin.IonManagedBinaryWriter$SymbolResolver                   : loaded 2 times (x 66B)
Class com.amazon.ion.impl._Private_IonReaderBuilder$TwoElementSequenceInputStream     : loaded 2 times (x 88B)
Class com.google.common.collect.ArrayListMultimapGwtSerializationDependencies         : loaded 2 times (x 168B)
Class com.google.common.math.MathPreconditions                                        : loaded 2 times (x 67B)
Class com.google.common.collect.FluentIterable$3                                      : loaded 2 times (x 77B)
Class org.gradle.internal.time.DefaultCountdownTimer                                  : loaded 2 times (x 84B)
Class kotlin.Result$Failure                                                           : loaded 2 times (x 68B)
Class com.android.builder.model.v2.models.ProjectSyncIssues                           : loaded 2 times (x 66B)
Class org.jetbrains.plugins.gradle.model.ExternalTask                                 : loaded 2 times (x 66B)
Class com.amazon.ion.ValueFactory                                                     : loaded 2 times (x 66B)
Class [Lcom.amazon.ion.impl.bin.IonManagedBinaryWriter$ImportedSymbolResolverMode;    : loaded 2 times (x 65B)
Class com.amazon.ion.impl.IonWriterSystemText                                         : loaded 2 times (x 186B)
Class com.amazon.ion.impl.lite.IonContext                                             : loaded 2 times (x 66B)
Class com.amazon.ion.impl._Private_Utils                                              : loaded 2 times (x 67B)
Class com.android.builder.model.v2.ide.TestedTargetVariant                            : loaded 2 times (x 66B)
Class kotlin.text.MatcherMatchResult$groups$1                                         : loaded 2 times (x 147B)
Class kotlin.jvm.internal.markers.KMutableCollection                                  : loaded 2 times (x 66B)
Class kotlin.coroutines.intrinsics.IntrinsicsKt                                       : loaded 2 times (x 67B)
Class org.gradle.internal.exceptions.MultiCauseException                              : loaded 2 times (x 66B)
Class org.gradle.internal.time.CountdownTimer                                         : loaded 2 times (x 66B)
Class com.google.common.collect.FluentIterable                                        : loaded 2 times (x 77B)
Class com.google.common.cache.LocalCache$StrongEntry                                  : loaded 2 times (x 104B)
Class com.google.common.util.concurrent.AbstractFuture$TrustedFuture                  : loaded 2 times (x 110B)
Class com.google.common.cache.LoadingCache                                            : loaded 2 times (x 66B)
Class com.amazon.ion.impl.lite.IonLoaderLite                                          : loaded 2 times (x 78B)
Class com.amazon.ion.impl.bin.utf8.Utf8StringEncoderPool$1                            : loaded 2 times (x 72B)
Class com.google.common.reflect.Reflection                                            : loaded 2 times (x 67B)
Class com.google.common.collect.FluentIterable$2                                      : loaded 2 times (x 77B)
Class com.google.common.base.Absent                                                   : loaded 2 times (x 76B)
Class org.gradle.tooling.internal.adapter.ProtocolToModelAdapter$PropertyCachingMethodInvoker: loaded 2 times (x 72B)
Class kotlin.ResultKt                                                                 : loaded 2 times (x 67B)
Class com.google.common.collect.NullsFirstOrdering                                    : loaded 2 times (x 111B)
Class com.android.builder.model.v2.CustomSourceDirectory                              : loaded 2 times (x 66B)
Class org.jetbrains.kotlin.idea.gradleTooling.model.lombok.LombokModel                : loaded 2 times (x 66B)
Class com.amazon.ion.impl.bin.Block                                                   : loaded 2 times (x 75B)
Class org.gradle.api.internal.classpath.DefaultModuleRegistry$DefaultModule           : loaded 2 times (x 82B)
Class org.objectweb.asm.FieldVisitor                                                  : loaded 2 times (x 73B)
Class com.google.common.base.Objects                                                  : loaded 2 times (x 67B)
Class com.google.common.collect.FluentIterable$1                                      : loaded 2 times (x 77B)
Class org.gradle.tooling.internal.adapter.ProtocolToModelAdapter$ViewKey              : loaded 2 times (x 68B)
Class com.intellij.gradle.toolingExtension.impl.model.projectModel.GradleExternalProjectSerializationService$ReadContext: loaded 2 times (x 69B)
Class com.intellij.gradle.toolingExtension.impl.model.dependencyModel.DependencyWriteContext: loaded 2 times (x 68B)
Class org.jetbrains.kotlin.idea.gradleTooling.model.parcelize.ParcelizeGradleModel    : loaded 2 times (x 66B)
Class kotlin.sequences.SequencesKt__SequencesKt$flatten$1                             : loaded 2 times (x 74B)
Class kotlin.coroutines.intrinsics.CoroutineSingletons                                : loaded 2 times (x 75B)
Class org.gradle.tooling.model.ProjectModel                                           : loaded 2 times (x 66B)
Class com.google.common.io.ByteStreams$LimitedInputStream                             : loaded 2 times (x 88B)
Class net.rubygrapefruit.platform.ProcessLauncher                                     : loaded 2 times (x 66B)
Class com.google.common.base.Suppliers$NonSerializableMemoizingSupplier               : loaded 2 times (x 75B)
Class org.objectweb.asm.MethodWriter                                                  : loaded 2 times (x 102B)
Class [Lcom.google.common.cache.Weigher;                                              : loaded 2 times (x 65B)
Class com.amazon.ion.impl.lite.IonStringLite                                          : loaded 2 times (x 208B)
Class com.amazon.ion.impl.bin.PooledBlockAllocatorProvider$PooledBlockAllocator$1     : loaded 2 times (x 75B)
Class org.gradle.internal.classloader.ClasspathUtil$1                                 : loaded 2 times (x 72B)
Class com.google.common.cache.CacheLoader$UnsupportedLoadingOperationException        : loaded 2 times (x 78B)
Class org.objectweb.asm.ClassWriter                                                   : loaded 2 times (x 102B)
Class org.apache.http.client.methods.HttpRequestBase                                  : loaded 2 times (x 141B)
Class com.google.common.collect.AbstractMapBasedMultimap$KeySet$1                     : loaded 2 times (x 78B)
Class [Lnet.rubygrapefruit.platform.internal.FunctionResult$Failure;                  : loaded 2 times (x 65B)
Class org.gradle.internal.time.DefaultTimer                                           : loaded 2 times (x 76B)
Class com.android.builder.model.v2.ide.AndroidGradlePluginProjectFlags$BooleanFlag    : loaded 2 times (x 75B)
Class kotlin.collections.ArraysKt___ArraysKt$asSequence$$inlined$Sequence$1           : loaded 2 times (x 71B)
Class org.gradle.internal.impldep.gnu.trove.TObjectCanonicalHashingStrategy           : loaded 2 times (x 76B)
Class org.jetbrains.plugins.gradle.model.GradleConfiguration                          : loaded 2 times (x 66B)
Class com.amazon.ion.impl.bin.utf8.Utf8StringEncoderPool                              : loaded 2 times (x 70B)
Class com.amazon.ion.impl._Private_IonSystem                                          : loaded 2 times (x 66B)
Class com.amazon.ion.BufferConfiguration$OversizedValueHandler                        : loaded 2 times (x 66B)
Class kotlin.sequences.SequenceBuilderIterator                                        : loaded 2 times (x 81B)
Class com.google.common.collect.AbstractMapBasedMultimap$RandomAccessWrappedList      : loaded 2 times (x 201B)
Class org.gradle.internal.InternalTransformer                                         : loaded 2 times (x 66B)
Class com.google.common.base.CharMatcher$JavaLetterOrDigit                            : loaded 2 times (x 107B)
Class com.google.common.collect.ImmutableSortedSetFauxverideShim                      : loaded 2 times (x 143B)
Class net.rubygrapefruit.platform.NativeIntegration                                   : loaded 2 times (x 66B)
Class net.rubygrapefruit.platform.Native                                              : loaded 2 times (x 67B)
Class org.gradle.tooling.internal.adapter.ProtocolToModelAdapter                      : loaded 2 times (x 76B)
Class com.intellij.gradle.toolingExtension.impl.model.buildScriptClasspathModel.GradleBuildScriptClasspathSerializationService$WriteContext: loaded 2 times (x 68B)
Class com.amazon.ion.IonMutableCatalog                                                : loaded 2 times (x 66B)
Class com.amazon.ion.impl._Private_IonReaderBuilder                                   : loaded 2 times (x 91B)
Class com.amazon.ion.impl._Private_RecyclingStack                                     : loaded 2 times (x 68B)
Class org.jetbrains.plugins.gradle.ExternalDependencyId                               : loaded 2 times (x 66B)
Class com.google.common.util.concurrent.UncheckedExecutionException                   : loaded 2 times (x 78B)
Class com.google.common.io.ByteSink$AsCharSink                                        : loaded 2 times (x 76B)
Class net.rubygrapefruit.platform.internal.Platform$Linux32Bit                        : loaded 2 times (x 79B)
Class com.google.common.collect.ExplicitOrdering                                      : loaded 2 times (x 111B)
Class com.android.builder.model.v2.ide.LibraryType                                    : loaded 2 times (x 75B)
Class [Lcom.android.builder.model.v2.ide.LibraryType;                                 : loaded 2 times (x 65B)
Class com.amazon.ion.IonDecimal                                                       : loaded 2 times (x 66B)
Class org.jetbrains.plugins.gradle.model.tests.ExternalTestsModel                     : loaded 2 times (x 66B)
Class kotlin.sequences.SequencesKt__SequencesKt$flatten$3                             : loaded 2 times (x 74B)
Class org.gradle.internal.impldep.gnu.trove.Equality                                  : loaded 2 times (x 66B)
Class com.amazon.ion.impl.bin._Private_IonManagedBinaryWriterBuilder$AllocatorMode$2  : loaded 2 times (x 76B)
Class org.gradle.tooling.model.idea.IdeaLanguageLevel                                 : loaded 2 times (x 66B)
Class org.gradle.tooling.internal.adapter.ProtocolToModelAdapter$SafeMethodInvoker    : loaded 2 times (x 72B)
Class org.gradle.tooling.internal.adapter.WeakIdentityHashMap$WeakKey                 : loaded 2 times (x 75B)
Class org.gradle.internal.exceptions.DefaultMultiCauseException                       : loaded 2 times (x 91B)
Class com.google.common.reflect.Types$JavaVersion$1                                   : loaded 2 times (x 79B)
Class com.google.common.cache.LocalCache$ValueReference                               : loaded 2 times (x 66B)
Class com.amazon.ion.impl._Private_IonTextWriterBuilder                               : loaded 2 times (x 97B)
Class com.amazon.ion.impl.lite.IonFloatLite                                           : loaded 2 times (x 182B)
Class com.google.common.base.CharMatcher$RangesMatcher                                : loaded 2 times (x 108B)
Class com.google.common.util.concurrent.AbstractFuture$Trusted                        : loaded 2 times (x 66B)
Class org.apache.http.client.methods.HttpEntityEnclosingRequestBase                   : loaded 2 times (x 149B)
Class com.google.common.base.Optional                                                 : loaded 2 times (x 76B)
Class org.gradle.tooling.internal.adapter.CollectionMapper                            : loaded 2 times (x 69B)
Class org.jetbrains.plugins.gradle.tooling.serialization.ProjectDependenciesSerializationService: loaded 2 times (x 73B)
Class org.jetbrains.plugins.gradle.tooling.serialization.ProjectDependenciesSerializationService$WriteContext: loaded 2 times (x 68B)
Class com.amazon.ion.impl.bin._Private_IonManagedBinaryWriterBuilder$AllocatorMode$1  : loaded 2 times (x 76B)
Class com.amazon.ion.Decimal                                                          : loaded 2 times (x 129B)
Class com.amazon.ion.impl.bin.AbstractSymbolTable                                     : loaded 2 times (x 103B)
Class com.amazon.ion.impl._Private_ReaderWriter                                       : loaded 2 times (x 66B)
Class com.amazon.ion.impl.lite.IonStructLite                                          : loaded 2 times (x 294B)
Class com.google.common.util.concurrent.AbstractFuture$UnsafeAtomicHelper$1           : loaded 2 times (x 72B)
Class com.android.builder.model.v2.ide.CodeShrinker                                   : loaded 2 times (x 75B)
Class org.gradle.internal.impldep.gnu.trove.THash                                     : loaded 2 times (x 77B)
Class com.amazon.ion.impl.bin.IonRawBinaryWriter$StreamCloseMode                      : loaded 2 times (x 75B)
Class com.amazon.ion.impl._Private_IonBinaryWriterBuilder$Mutable                     : loaded 2 times (x 105B)
Class com.intellij.gradle.toolingExtension.impl.model.projectModel.GradleExternalProjectSerializationService: loaded 2 times (x 73B)
Class com.android.builder.model.v2.ide.ProjectInfo                                    : loaded 2 times (x 66B)
Class kotlin.collections.ArrayDeque$Companion                                         : loaded 2 times (x 67B)
Class org.gradle.tooling.model.HierarchicalElement                                    : loaded 2 times (x 66B)
Class com.google.common.hash.PrimitiveSink                                            : loaded 2 times (x 66B)
Class com.google.common.reflect.Types$JavaVersion$2                                   : loaded 2 times (x 79B)
Class com.google.common.reflect.Types                                                 : loaded 2 times (x 67B)
Class com.google.common.util.concurrent.AbstractFuture$Failure                        : loaded 2 times (x 68B)
Class com.google.common.base.Equivalence$Equals                                       : loaded 2 times (x 78B)
Class org.jetbrains.plugins.gradle.tooling.serialization.AnnotationProcessingModelSerializationService$WriteContext: loaded 2 times (x 68B)
Class com.amazon.ion.IonSymbol                                                        : loaded 2 times (x 66B)
Class com.amazon.ion.impl.bin.utf8.Poolable                                           : loaded 2 times (x 75B)
Class com.google.common.cache.LocalCache$2                                            : loaded 2 times (x 138B)
Class org.apache.http.client.methods.AbstractExecutionAwareRequest                    : loaded 2 times (x 124B)
Class com.google.common.reflect.TypeToken$SimpleTypeToken                             : loaded 2 times (x 69B)
Class com.google.common.collect.MapMakerInternalMap$AbstractStrongKeyEntry            : loaded 2 times (x 76B)
Class com.google.common.io.ByteSource$ByteArrayByteSource                             : loaded 2 times (x 81B)
Class com.android.builder.model.v2.ide.BytecodeTransformation                         : loaded 2 times (x 75B)
Class com.amazon.ion.facet.Faceted                                                    : loaded 2 times (x 66B)
Class org.jetbrains.plugins.gradle.tooling.serialization.ToolingStreamApiUtils        : loaded 2 times (x 67B)
Class com.amazon.ion.system.IonWriterBuilder                                          : loaded 2 times (x 70B)
Class com.amazon.ion.IonBufferConfiguration$OversizedSymbolTableHandler               : loaded 2 times (x 66B)
Class com.amazon.ion.impl.bin.IonRawBinaryWriter$PatchPoint                           : loaded 2 times (x 67B)
Class com.amazon.ion.IonBlob                                                          : loaded 2 times (x 66B)
Class com.amazon.ion.IonLob                                                           : loaded 2 times (x 66B)
Class com.amazon.ion.IonSequence                                                      : loaded 2 times (x 66B)
Class org.jetbrains.plugins.gradle.tooling.serialization.ExternalTestsSerializationService: loaded 2 times (x 73B)
Class com.amazon.ion.impl.lite.IonContainerLite                                       : loaded 2 times (x 244B)
Class com.google.common.cache.LocalCache$1                                            : loaded 2 times (x 85B)
Class com.android.builder.model.v2.dsl.DependenciesInfo                               : loaded 2 times (x 66B)
Class com.google.common.collect.ByFunctionOrdering                                    : loaded 2 times (x 111B)
Class kotlin.coroutines.EmptyCoroutineContext                                         : loaded 2 times (x 73B)
Class org.gradle.internal.time.Time                                                   : loaded 2 times (x 67B)
Class com.google.common.reflect.Types$JavaVersion$3                                   : loaded 2 times (x 79B)
Class com.google.common.io.CharSink                                                   : loaded 2 times (x 75B)
Class org.objectweb.asm.Label                                                         : loaded 2 times (x 69B)
Class org.objectweb.asm.CurrentFrame                                                  : loaded 2 times (x 69B)
Class org.objectweb.asm.ClassTooLargeException                                        : loaded 2 times (x 79B)
Class com.google.common.base.Ascii                                                    : loaded 2 times (x 67B)
Class com.google.common.collect.HashBiMap$BiEntry                                     : loaded 2 times (x 79B)
Class org.gradle.tooling.model.UnsupportedMethodException                             : loaded 2 times (x 78B)
Class org.gradle.tooling.internal.adapter.ProtocolToModelAdapter$SupportedPropertyInvoker: loaded 2 times (x 72B)
Class com.android.ide.gradle.model.GradlePropertiesModel                              : loaded 2 times (x 66B)
Class com.intellij.gradle.toolingExtension.util.GradleVersionUtil                     : loaded 2 times (x 67B)
Class org.jetbrains.kotlin.android.synthetic.idea.AndroidExtensionsGradleModel        : loaded 2 times (x 66B)
Class com.amazon.ion.impl.bin._Private_IonManagedWriter                               : loaded 2 times (x 66B)
Class com.amazon.ion.impl.bin.Symbols$2                                               : loaded 2 times (x 103B)
Class com.amazon.ion.impl.IonWriterSystem                                             : loaded 2 times (x 167B)
Class org.gradle.internal.service.ServiceLocator                                      : loaded 2 times (x 66B)
Class [Lorg.objectweb.asm.Type;                                                       : loaded 2 times (x 65B)
Class com.amazon.ion.system.IonTextWriterBuilder                                      : loaded 2 times (x 93B)
Class com.amazon.ion.impl.bin.IonManagedBinaryWriter$ImportedSymbolResolverMode$1$1$1 : loaded 2 times (x 72B)
Class com.amazon.ion.impl._Private_LocalSymbolTableFactory                            : loaded 2 times (x 66B)
Class org.jetbrains.plugins.gradle.tooling.serialization.AnnotationProcessingModelSerializationService: loaded 2 times (x 73B)
Class kotlin.Result                                                                   : loaded 2 times (x 68B)
Class com.android.builder.model.v2.ide.TestInfo$Execution                             : loaded 2 times (x 75B)
Class org.jetbrains.kotlin.idea.gradleTooling.KotlinSourceSetContainer                : loaded 2 times (x 66B)
Class com.google.common.io.ByteSource$AsCharSource                                    : loaded 2 times (x 82B)
Class com.google.common.collect.MapMakerInternalMap$InternalEntryHelper               : loaded 2 times (x 66B)
Class com.google.common.collect.Maps$IteratorBasedAbstractMap                         : loaded 2 times (x 121B)
Class com.google.common.reflect.Types$JavaVersion$4                                   : loaded 2 times (x 79B)
Class org.objectweb.asm.Frame                                                         : loaded 2 times (x 69B)
Class org.objectweb.asm.MethodVisitor                                                 : loaded 2 times (x 101B)
Class com.google.common.cache.LocalCache$EntryFactory$1                               : loaded 2 times (x 79B)
Class [Lcom.google.common.cache.RemovalListener;                                      : loaded 2 times (x 65B)
Class org.jetbrains.plugins.gradle.model.IntelliJSettings                             : loaded 2 times (x 66B)
Class com.google.common.base.MoreObjects                                              : loaded 2 times (x 67B)
Class com.google.common.reflect.TypeResolver$TypeVariableKey                          : loaded 2 times (x 68B)
Class com.amazon.ion.impl._Private_IonTextWriterBuilder$Mutable                       : loaded 2 times (x 97B)
Class com.amazon.ion.impl.bin.IonRawBinaryWriter$ContainerType                        : loaded 2 times (x 75B)
Class com.google.common.cache.CacheLoader$FunctionToCacheLoader                       : loaded 2 times (x 71B)
Class com.google.common.reflect.Types$ParameterizedTypeImpl                           : loaded 2 times (x 77B)
Class com.google.common.collect.Maps$IteratorBasedAbstractMap$1                       : loaded 2 times (x 134B)
Class [Lkotlin.coroutines.intrinsics.CoroutineSingletons;                             : loaded 2 times (x 65B)
Class kotlin.jvm.internal.FunctionReference                                           : loaded 2 times (x 118B)
Class com.amazon.ion.IonValue                                                         : loaded 2 times (x 66B)
Class org.gradle.internal.classpath.TransformedClassPath                              : loaded 2 times (x 92B)
Class com.google.common.cache.CacheBuilder$NullListener                               : loaded 2 times (x 78B)
Class org.objectweb.asm.FieldWriter                                                   : loaded 2 times (x 74B)
Class org.jetbrains.kotlin.idea.gradleTooling.model.kapt.KaptSourceSetModel           : loaded 2 times (x 66B)
Class com.amazon.ion.impl.lite.IonNullLite                                            : loaded 2 times (x 171B)
Class [Lcom.intellij.openapi.externalSystem.model.project.dependencies.ResolutionState;: loaded 2 times (x 65B)
Class org.gradle.internal.impldep.gnu.trove.TObjectHash                               : loaded 2 times (x 90B)
Class org.jetbrains.plugins.gradle.model.DependencyAccessorsModel                     : loaded 2 times (x 66B)
Class org.apache.http.HttpMessage                                                     : loaded 2 times (x 66B)
Class com.google.common.reflect.Types$JavaVersion$5                                   : loaded 2 times (x 67B)
Class [Lcom.google.common.reflect.Types$ClassOwnership;                               : loaded 2 times (x 65B)
Class com.google.common.cache.LocalCache$EntryFactory$2                               : loaded 2 times (x 79B)
Class com.google.common.reflect.Invokable                                             : loaded 2 times (x 99B)
Class com.google.common.collect.MapMaker$Dummy                                        : loaded 2 times (x 75B)
Class org.jetbrains.plugins.gradle.model.ExternalLibraryDependency                    : loaded 2 times (x 66B)
Class com.google.common.base.Splitter$1                                               : loaded 2 times (x 73B)
Class com.google.common.cache.LocalCache$Strength$3                                   : loaded 2 times (x 77B)
Class com.google.common.collect.Interner                                              : loaded 2 times (x 66B)
Class com.google.common.collect.Interners$InternerImpl                                : loaded 2 times (x 71B)
Class net.rubygrapefruit.platform.internal.Platform$Posix                             : loaded 2 times (x 77B)
Class com.google.common.io.ByteStreams                                                : loaded 2 times (x 67B)
Class [Lcom.google.common.collect.Maps$EntryFunction;                                 : loaded 2 times (x 65B)
Class com.google.common.collect.AllEqualOrdering                                      : loaded 2 times (x 110B)
Class com.google.common.collect.ComparisonChain$1                                     : loaded 2 times (x 77B)
Class com.android.builder.model.v2.ide.AbstractArtifact                               : loaded 2 times (x 66B)
Class com.intellij.openapi.externalSystem.model.project.dependencies.ResolutionState  : loaded 2 times (x 75B)
Class com.amazon.ion.impl._Private_ByteTransferSink                                   : loaded 2 times (x 66B)
Class com.amazon.ion.impl.bin.IonManagedBinaryWriter$ImportedSymbolResolverMode$1$1   : loaded 2 times (x 74B)
Class com.amazon.ion.impl._Private_RecyclingStack$ElementFactory                      : loaded 2 times (x 66B)
Class com.amazon.ion.IonDatagram                                                      : loaded 2 times (x 66B)
Class com.google.common.cache.LocalCache$Strength$2                                   : loaded 2 times (x 77B)
Class com.amazon.ion.impl.lite.IonClobLite                                            : loaded 2 times (x 216B)
Class com.amazon.ion.impl._Private_ValueFactory                                       : loaded 2 times (x 66B)
Class com.amazon.ion.impl.bin.IonRawBinaryWriter$PreallocationMode$1                  : loaded 2 times (x 78B)
Class [Lcom.amazon.ion.impl.bin._Private_IonManagedBinaryWriterBuilder$AllocatorMode; : loaded 2 times (x 65B)
Class org.jetbrains.kotlin.idea.gradleTooling.KotlinMPPGradleModel                    : loaded 2 times (x 66B)
Class com.intellij.gradle.toolingExtension.impl.model.dependencyDownloadPolicyModel.GradleDependencyDownloadPolicy: loaded 2 times (x 66B)
Class com.android.builder.model.v2.dsl.ClassField                                     : loaded 2 times (x 66B)
Class org.gradle.tooling.model.BuildIdentifier                                        : loaded 2 times (x 66B)
Class com.google.common.collect.CollectCollectors                                     : loaded 2 times (x 67B)
Class org.objectweb.asm.ModuleWriter                                                  : loaded 2 times (x 78B)
Class com.google.common.cache.LocalCache$EntryFactory$3                               : loaded 2 times (x 79B)
Class com.google.common.base.Ticker$1                                                 : loaded 2 times (x 68B)
Class com.google.common.util.concurrent.SettableFuture                                : loaded 2 times (x 110B)
Class com.google.common.reflect.Types$ClassOwnership$3                                : loaded 2 times (x 67B)
Class net.rubygrapefruit.platform.internal.Platform$MacOs64Bit                        : loaded 2 times (x 78B)
Class org.gradle.tooling.model.Dependency                                             : loaded 2 times (x 66B)
Class org.gradle.api.JavaVersion                                                      : loaded 2 times (x 75B)
Class com.android.ide.gradle.model.AdditionalClassifierArtifactsModelParameter        : loaded 2 times (x 66B)
Class org.jetbrains.plugins.gradle.tooling.serialization.GradleExtensionsSerializationService: loaded 2 times (x 73B)
Class com.amazon.ion.impl.bin.PooledBlockAllocatorProvider$PooledBlockAllocator       : loaded 2 times (x 77B)
Class com.amazon.ion.IonTimestamp                                                     : loaded 2 times (x 66B)
Class com.google.common.cache.LocalCache$Strength$1                                   : loaded 2 times (x 77B)
Class org.objectweb.asm.ModuleVisitor                                                 : loaded 2 times (x 77B)
Class com.google.common.reflect.TypeResolver                                          : loaded 2 times (x 68B)
Class com.amazon.ion.IonInt                                                           : loaded 2 times (x 66B)
Class com.amazon.ion.impl.bin.IonRawBinaryWriter$PreallocationMode$2                  : loaded 2 times (x 78B)
Class org.jetbrains.kotlin.idea.gradleTooling.PrepareKotlinIdeImportTaskModel         : loaded 2 times (x 66B)
Class com.google.common.reflect.Types$ClassOwnership$2                                : loaded 2 times (x 76B)
Class com.google.common.collect.MapMakerInternalMap$StrongValueEntry                  : loaded 2 times (x 66B)
Class com.google.common.io.ByteArrayDataInput                                         : loaded 2 times (x 66B)
Class com.android.builder.model.v2.ide.VectorDrawablesOptions                         : loaded 2 times (x 66B)
Class net.rubygrapefruit.platform.internal.Platform$MacOs                             : loaded 2 times (x 78B)
Class net.rubygrapefruit.platform.internal.Platform$Window64Bit                       : loaded 2 times (x 75B)
Class com.google.common.collect.CollectSpliterators$1                                 : loaded 2 times (x 86B)
Class org.apache.http.auth.Credentials                                                : loaded 2 times (x 66B)
Class com.google.common.cache.LocalCache$EntryFactory$4                               : loaded 2 times (x 79B)
Class org.jetbrains.plugins.gradle.model.ClasspathEntryModel                          : loaded 2 times (x 66B)
Class org.jetbrains.kotlin.idea.gradleTooling.KotlinDslScriptAdditionalTask           : loaded 2 times (x 66B)
Class org.jetbrains.kotlin.idea.gradleTooling.model.kapt.KaptGradleModel              : loaded 2 times (x 66B)
Class org.gradle.internal.impldep.gnu.trove.PrimeFinder                               : loaded 2 times (x 67B)
Class org.gradle.internal.service.UnknownServiceException                             : loaded 2 times (x 79B)
Class com.google.common.base.AbstractIterator$State                                   : loaded 2 times (x 75B)
Class com.google.common.cache.LocalCache$LocalLoadingCache                            : loaded 2 times (x 130B)
Class com.google.common.util.concurrent.AbstractFuture$SafeAtomicHelper               : loaded 2 times (x 75B)
Class [Lorg.objectweb.asm.AnnotationVisitor;                                          : loaded 2 times (x 65B)
Class com.google.common.reflect.Types$ClassOwnership$1                                : loaded 2 times (x 76B)
Class com.google.common.collect.MapMakerInternalMap$Strength$2                        : loaded 2 times (x 76B)
Class org.gradle.internal.impldep.gnu.trove.TObjectHash$NULL                          : loaded 2 times (x 67B)
Class com.amazon.ion.impl.bin.IonRawBinaryWriter$PreallocationMode$3                  : loaded 2 times (x 78B)
Class com.android.ide.gradle.model.GradlePluginModel                                  : loaded 2 times (x 66B)
Class com.android.builder.model.v2.ide.Edge                                           : loaded 2 times (x 66B)
Class com.google.common.collect.ReverseOrdering                                       : loaded 2 times (x 111B)
Class org.gradle.tooling.model.build.JavaEnvironment                                  : loaded 2 times (x 66B)
Class com.google.common.io.ByteStreams$1                                              : loaded 2 times (x 81B)
Class com.google.common.cache.LocalCache$EntryFactory$5                               : loaded 2 times (x 79B)
Class com.amazon.ion.impl.lite.IonBoolLite                                            : loaded 2 times (x 174B)
Class org.gradle.api.internal.ClassPathProvider                                       : loaded 2 times (x 66B)
Class [Lorg.gradle.api.internal.ClassPathProvider;                                    : loaded 2 times (x 65B)
Class org.apache.http.HttpEntityEnclosingRequest                                      : loaded 2 times (x 66B)
Class com.google.common.collect.MapMakerInternalMap$Strength$1                        : loaded 2 times (x 76B)
Class [Lcom.google.common.base.Function;                                              : loaded 2 times (x 65B)
Class kotlin.sequences.SequenceScope                                                  : loaded 2 times (x 69B)
Class com.android.builder.model.v2.models.BasicAndroidProject                         : loaded 2 times (x 66B)
Class kotlin.text.MatchResult                                                         : loaded 2 times (x 66B)
Class com.google.common.collect.NaturalOrdering                                       : loaded 2 times (x 111B)
Class com.amazon.ion.SymbolToken                                                      : loaded 2 times (x 66B)
Class com.amazon.ion.impl.bin.IonRawBinaryWriter                                      : loaded 2 times (x 165B)
Class com.amazon.ion.impl.SharedSymbolTable                                           : loaded 2 times (x 89B)
Class org.jetbrains.plugins.gradle.model.GradleExtension                              : loaded 2 times (x 66B)
Class com.amazon.ion.impl.lite.IonDecimalLite                                         : loaded 2 times (x 184B)
Class com.amazon.ion.IonBufferConfiguration$Builder                                   : loaded 2 times (x 74B)
Class com.android.builder.model.v2.ide.SourceSetContainer                             : loaded 2 times (x 66B)
Class org.gradle.internal.time.Timer                                                  : loaded 2 times (x 66B)
Class com.google.common.cache.LocalCache$EntryFactory$6                               : loaded 2 times (x 79B)
Class org.gradle.internal.installation.CurrentGradleInstallationLocator               : loaded 2 times (x 67B)
Class org.gradle.api.internal.DefaultClassPathProvider                                : loaded 2 times (x 72B)
Class com.google.common.base.Splitter                                                 : loaded 2 times (x 68B)
Class org.objectweb.asm.AnnotationVisitor                                             : loaded 2 times (x 74B)
Class com.google.common.collect.Iterators$EmptyModifiableIterator                     : loaded 2 times (x 82B)
Class com.google.common.collect.ComparatorOrdering                                    : loaded 2 times (x 111B)
Class kotlin.jvm.internal.ArrayIteratorKt                                             : loaded 2 times (x 67B)
Class com.google.common.collect.ImmutableSet$SerializedForm                           : loaded 2 times (x 69B)
Class org.jetbrains.kotlin.idea.gradleTooling.model.allopen.AllOpenModel              : loaded 2 times (x 66B)
Class org.gradle.internal.impldep.gnu.trove.TObjectIntHashMap                         : loaded 2 times (x 105B)
Class com.intellij.gradle.toolingExtension.impl.model.buildScriptClasspathModel.GradleBuildScriptClasspathSerializationService$ReadContext: loaded 2 times (x 68B)
Class com.amazon.ion.impl._Private_IonContainer                                       : loaded 2 times (x 66B)
Class settings_86a18iqo7bwxa6m486lwzx3zp$_run_closure1$_closure2                      : loaded 2 times (x 135B)
Class build_8h13iasa0gvnh1izib3gk8bla$_run_closure1                                   : loaded 2 times (x 135B)
Class org.gradle.tooling.internal.gradle.DefaultProjectIdentifier                     : loaded 2 times (x 82B)
Class com.amazon.ion.impl.bin.IonRawBinaryWriter$PatchList$1                          : loaded 2 times (x 79B)
Class [Lcom.amazon.ion.impl.bin.IonRawBinaryWriter$ContainerType;                     : loaded 2 times (x 65B)
Class com.android.builder.model.v2.ide.LintOptions                                    : loaded 2 times (x 66B)
Class org.gradle.tooling.internal.adapter.ProtocolToModelAdapter$ViewGraphDetails     : loaded 2 times (x 68B)
Class org.gradle.tooling.model.idea.IdeaProject                                       : loaded 2 times (x 66B)
Class org.gradle.tooling.model.DomainObjectSet                                        : loaded 2 times (x 66B)
Class com.google.common.io.ByteSource$SlicedByteSource                                : loaded 2 times (x 81B)
Class com.google.common.cache.LocalCache$EntryFactory$7                               : loaded 2 times (x 79B)
Class com.google.common.collect.ImmutableSet$EmptySetBuilderImpl                      : loaded 2 times (x 72B)
Class org.gradle.internal.service.DefaultServiceLocator                               : loaded 2 times (x 79B)
Class com.android.builder.model.v2.models.AndroidDsl                                  : loaded 2 times (x 66B)
Class com.amazon.ion.IonWriter                                                        : loaded 2 times (x 66B)
Class com.amazon.ion.impl.bin._Private_IonRawWriter                                   : loaded 2 times (x 66B)
Class com.amazon.ion.impl.bin.IonRawBinaryWriter$PreallocationMode                    : loaded 2 times (x 78B)
Class com.amazon.ion.impl.lite.IonSystemLite                                          : loaded 2 times (x 271B)
Class org.gradle.api.internal.classpath.EffectiveClassPath                            : loaded 2 times (x 86B)
Class net.rubygrapefruit.platform.internal.Platform                                   : loaded 2 times (x 75B)
Class net.rubygrapefruit.platform.NativeIntegrationUnavailableException               : loaded 2 times (x 78B)
Class kotlin.sequences.SequencesKt___SequencesKt$flatMap$2                            : loaded 2 times (x 121B)
Class com.google.common.collect.Ordering                                              : loaded 2 times (x 110B)
Class org.jetbrains.plugins.gradle.tooling.serialization.internal.IdeaProjectSerializationService: loaded 2 times (x 73B)
Class org.jetbrains.kotlin.idea.projectModel.KotlinTaskProperties                     : loaded 2 times (x 66B)
Class org.gradle.internal.classloader.ClassLoaderVisitor                              : loaded 2 times (x 72B)
Class com.amazon.ion.impl.bin.utf8.Utf8StringEncoder$Result                           : loaded 2 times (x 70B)
Class com.amazon.ion.impl.bin.utf8.Pool$Allocator                                     : loaded 2 times (x 66B)
Class com.amazon.ion.IonText                                                          : loaded 2 times (x 66B)
Class com.amazon.ion.impl.SymbolTokenImpl                                             : loaded 2 times (x 77B)
Class com.amazon.ion.SubstituteSymbolTableException                                   : loaded 2 times (x 80B)
Class com.android.builder.model.v2.ide.BasicArtifact                                  : loaded 2 times (x 66B)
Class com.google.common.collect.ComparisonChain$InactiveComparisonChain               : loaded 2 times (x 76B)
Class com.google.common.base.CharMatcher$None                                         : loaded 2 times (x 108B)
Class kotlin.coroutines.jvm.internal.SuspendFunction                                  : loaded 2 times (x 66B)
Class org.gradle.util.GradleVersion                                                   : loaded 2 times (x 79B)
Class com.google.common.cache.LocalCache$SoftValueReference                           : loaded 2 times (x 93B)
Class com.google.common.collect.Maps$EntrySet                                         : loaded 2 times (x 132B)
Class com.google.common.cache.LocalCache$EntryFactory$8                               : loaded 2 times (x 79B)
Class org.gradle.internal.installation.CurrentGradleInstallation                      : loaded 2 times (x 69B)
Class org.apache.http.client.methods.HttpUriRequest                                   : loaded 2 times (x 66B)
Class com.google.common.io.ByteSource$ConcatenatedByteSource                          : loaded 2 times (x 81B)
Class com.google.common.collect.ReverseNaturalOrdering                                : loaded 2 times (x 110B)
Class com.amazon.ion.impl.bin.IonManagedBinaryWriter$ImportedSymbolResolverMode$2     : loaded 2 times (x 76B)
Class org.gradle.internal.classloader.DefaultClassLoaderFactory                       : loaded 2 times (x 78B)
Class com.google.common.base.Suppliers                                                : loaded 2 times (x 67B)
Class [Lcom.google.common.cache.CacheBuilder$OneWeigher;                              : loaded 2 times (x 65B)
Class org.objectweb.asm.MethodTooLargeException                                       : loaded 2 times (x 79B)
Class com.google.common.collect.MapMakerInternalMap$Strength                          : loaded 2 times (x 76B)
Class com.google.common.collect.MapMakerInternalMap$StrongKeyDummyValueEntry$LinkedStrongKeyDummyValueEntry: loaded 2 times (x 78B)
Class org.jetbrains.kotlin.idea.gradleTooling.model.noarg.NoArgModel                  : loaded 2 times (x 66B)
Class com.amazon.ion.impl.bin.IonManagedBinaryWriter$ImportDescriptor                 : loaded 2 times (x 72B)
Class com.amazon.ion.SymbolTable                                                      : loaded 2 times (x 66B)
Class org.jetbrains.plugins.gradle.tooling.serialization.GradleExtensionsSerializationService$WriteContext: loaded 2 times (x 68B)
Class com.intellij.gradle.toolingExtension.impl.model.taskModel.GradleTaskSerialisationService$Companion: loaded 2 times (x 67B)
Class kotlin.jvm.internal.Ref$BooleanRef                                              : loaded 2 times (x 67B)
Class kotlin.jvm.internal.StringCompanionObject                                       : loaded 2 times (x 67B)
Class kotlin.coroutines.intrinsics.IntrinsicsKt__IntrinsicsJvmKt                      : loaded 2 times (x 67B)
Class kotlin.coroutines.jvm.internal.CoroutineStackFrame                              : loaded 2 times (x 66B)
Class org.gradle.tooling.internal.adapter.ProtocolToModelAdapter$MethodInvocationCache$MethodInvocationKey: loaded 2 times (x 69B)
Class org.apache.http.HttpEntity                                                      : loaded 2 times (x 66B)
Class org.apache.http.HttpRequest                                                     : loaded 2 times (x 66B)
Class com.google.common.cache.CacheLoader$1                                           : loaded 2 times (x 71B)
Class org.gradle.util.internal.GUtil                                                  : loaded 2 times (x 67B)
Class com.intellij.util.containers.IntObjectHashMap$ArrayProducer                     : loaded 2 times (x 66B)
Class com.amazon.ion.impl.bin.IonManagedBinaryWriter$ImportedSymbolResolverMode$1     : loaded 2 times (x 76B)
Class org.jetbrains.kotlin.idea.gradleTooling.AndroidAwareGradleModelProvider$Companion: loaded 2 times (x 67B)
Class com.amazon.ion.impl.lite.IonSymbolLite                                          : loaded 2 times (x 242B)
Class [Lcom.amazon.ion.impl.bin.IonRawBinaryWriter$StreamCloseMode;                   : loaded 2 times (x 65B)
Class settings_86a18iqo7bwxa6m486lwzx3zp$_run_closure1$_closure2$_closure4            : loaded 2 times (x 135B)
Class org.objectweb.asm.ClassVisitor                                                  : loaded 2 times (x 84B)
Class [Lorg.objectweb.asm.Symbol;                                                     : loaded 2 times (x 65B)
Class com.google.common.reflect.TypeCapture                                           : loaded 2 times (x 67B)
Class com.google.common.collect.TransformedListIterator                               : loaded 2 times (x 89B)
Class com.google.common.cache.LocalCache$Values                                       : loaded 2 times (x 114B)
Class org.gradle.internal.operations.MultipleBuildOperationFailures                   : loaded 2 times (x 91B)
Class org.gradle.tooling.internal.adapter.MethodInvocation                            : loaded 2 times (x 81B)
Class build_1tgm06eutuwvundnxlcrvt6x9$_run_closure1                                   : loaded 2 times (x 135B)
Class [Lcom.amazon.ion.impl.bin.IonManagedBinaryWriter$SymbolState;                   : loaded 2 times (x 65B)
Class com.amazon.ion.impl._Private_IonWriterBase                                      : loaded 2 times (x 158B)
Class com.amazon.ion.system.IonSystemBuilder                                          : loaded 2 times (x 71B)
Class com.amazon.ion.IonCatalog                                                       : loaded 2 times (x 66B)
Class com.intellij.gradle.toolingExtension.impl.model.sourceSetModel.GradleSourceSetSerialisationService$SourceSetModelReadContext: loaded 2 times (x 68B)
Class com.intellij.gradle.toolingExtension.impl.model.utilTurnOffDefaultTasksModel.TurnOffDefaultTasks: loaded 2 times (x 66B)
Class com.android.utils.StringHelper                                                  : loaded 2 times (x 67B)
Class com.google.common.io.ByteSource                                                 : loaded 2 times (x 80B)
Class com.google.common.util.concurrent.AbstractFuture$SetFuture                      : loaded 2 times (x 71B)
Class com.google.common.cache.AbstractCache$StatsCounter                              : loaded 2 times (x 66B)
Class com.android.utils.FileUtils                                                     : loaded 2 times (x 67B)
Class com.android.builder.model.v2.ide.AaptOptions$Namespacing                        : loaded 2 times (x 75B)
Class com.intellij.util.ThrowableConsumer                                             : loaded 2 times (x 66B)
Class settings_86a18iqo7bwxa6m486lwzx3zp$_run_closure1$_closure2$_closure3            : loaded 2 times (x 135B)
Class net.rubygrapefruit.platform.NativeException                                     : loaded 2 times (x 78B)
Class com.google.common.io.ByteArrayDataOutput                                        : loaded 2 times (x 66B)
Class org.gradle.tooling.internal.adapter.TargetTypeProvider                          : loaded 2 times (x 66B)
Class com.android.builder.model.v2.ide.AndroidArtifact                                : loaded 2 times (x 66B)
Class org.jetbrains.plugins.gradle.model.AnnotationProcessingModel                    : loaded 2 times (x 66B)
Class org.jetbrains.plugins.gradle.model.GradleExtensions                             : loaded 2 times (x 66B)
Class com.amazon.ion.system.IonBinaryWriterBuilder                                    : loaded 2 times (x 93B)
Class com.amazon.ion.impl.bin.IonManagedBinaryWriter$UserState$4                      : loaded 2 times (x 81B)
Class org.jetbrains.plugins.gradle.model.UnresolvedExternalDependency                 : loaded 2 times (x 66B)
Class org.gradle.api.internal.classpath.ManifestUtil                                  : loaded 2 times (x 67B)
Class com.intellij.gradle.toolingExtension.impl.model.sourceSetModel.GradleSourceSetSerialisationService$SourceSetModelWriteContext: loaded 2 times (x 68B)
Class com.android.builder.model.v2.dsl.BuildType                                      : loaded 2 times (x 66B)
Class com.google.common.util.concurrent.ExecutionError                                : loaded 2 times (x 78B)
Class kotlin.coroutines.CoroutineContext                                              : loaded 2 times (x 66B)
Class kotlin.coroutines.jvm.internal.DebugProbesKt                                    : loaded 2 times (x 67B)
Class org.gradle.tooling.internal.adapter.WeakIdentityHashMap                         : loaded 2 times (x 72B)
Class org.gradle.tooling.GradleConnectionException                                    : loaded 2 times (x 78B)
Class org.gradle.tooling.internal.adapter.ProtocolToModelAdapter$1                    : loaded 2 times (x 71B)
Class org.gradle.tooling.internal.adapter.ProtocolToModelAdapter$ViewDecoration       : loaded 2 times (x 66B)
Class com.google.common.collect.MapMakerInternalMap$1                                 : loaded 2 times (x 79B)
Class com.google.common.reflect.Types$TypeVariableImpl                                : loaded 2 times (x 68B)
Class com.google.common.io.LineBuffer                                                 : loaded 2 times (x 71B)
Class org.gradle.internal.installation.GradleInstallation                             : loaded 2 times (x 71B)
Class com.google.common.collect.AbstractMapBasedMultimap$WrappedCollection            : loaded 2 times (x 120B)
Class [Lcom.google.common.cache.RemovalCause;                                         : loaded 2 times (x 65B)
Class net.rubygrapefruit.platform.internal.Platform$FreeBSD                           : loaded 2 times (x 78B)
Class org.gradle.tooling.internal.adapter.ProtocolToModelAdapter$InvocationHandlerImpl: loaded 2 times (x 73B)
Class org.gradle.tooling.model.build.GradleEnvironment                                : loaded 2 times (x 66B)
Class com.android.builder.model.v2.models.VariantDependenciesAdjacencyList            : loaded 2 times (x 66B)
Class org.jetbrains.plugins.gradle.tooling.util.IntObjectMap$ObjectFactory            : loaded 2 times (x 66B)
Class com.amazon.ion.IonException                                                     : loaded 2 times (x 80B)
Class com.amazon.ion.impl.bin.IonManagedBinaryWriter$UserState$3                      : loaded 2 times (x 81B)
Class org.gradle.internal.classloader.ClassLoaderHierarchy                            : loaded 2 times (x 66B)
Class [Lcom.google.common.base.AbstractIterator$State;                                : loaded 2 times (x 65B)
Class com.google.common.io.FileWriteMode                                              : loaded 2 times (x 75B)
Class [Lcom.google.common.collect.MapMakerInternalMap$Segment;                        : loaded 2 times (x 65B)
Class com.amazon.ion.impl.lite.ContainerlessContext                                   : loaded 2 times (x 76B)
Class org.jetbrains.plugins.gradle.tooling.serialization.GradleExtensionsSerializationService$ReadContext: loaded 2 times (x 68B)
Class com.google.common.cache.LocalCache$ValueIterator                                : loaded 2 times (x 82B)
Class com.google.common.collect.LexicographicalOrdering                               : loaded 2 times (x 111B)
Class org.gradle.tooling.internal.adapter.MethodInvoker                               : loaded 2 times (x 66B)
Class com.google.common.base.Splitter$Strategy                                        : loaded 2 times (x 66B)
Class net.rubygrapefruit.platform.internal.Platform$FreeBSD64Bit                      : loaded 2 times (x 78B)
Class com.intellij.gradle.toolingExtension.impl.model.sourceSetModel.GradleSourceSetSerialisationService$Companion: loaded 2 times (x 67B)
Class com.amazon.ion.impl._Private_IonValue                                           : loaded 2 times (x 66B)
Class com.amazon.ion.impl.bin.IonManagedBinaryWriter$UserState$2                      : loaded 2 times (x 81B)
Class org.gradle.internal.classloader.FilteringClassLoader                            : loaded 2 times (x 101B)
Class com.google.common.base.Equivalence$Identity                                     : loaded 2 times (x 78B)
Class com.google.common.base.PairwiseEquivalence                                      : loaded 2 times (x 79B)
Class com.google.common.io.LineReader                                                 : loaded 2 times (x 68B)
Class kotlin.sequences.FlatteningSequence                                             : loaded 2 times (x 71B)
Class kotlin.text.MatcherMatchResult                                                  : loaded 2 times (x 76B)
Class kotlin.text.MatchGroupCollection                                                : loaded 2 times (x 66B)
Class com.android.builder.model.v2.ide.ViewBindingOptions                             : loaded 2 times (x 66B)
Class org.jetbrains.plugins.gradle.tooling.serialization.internal.IdeaProjectSerializationService$ReadContext: loaded 2 times (x 68B)
Class com.amazon.ion.impl.bin.IonManagedBinaryWriter$UserState$1                      : loaded 2 times (x 81B)
Class com.amazon.ion.UnexpectedEofException                                           : loaded 2 times (x 80B)
Class com.amazon.ion.IonSexp                                                          : loaded 2 times (x 66B)
Class com.amazon.ion.impl._Private_LocalSymbolTable                                   : loaded 2 times (x 66B)
Class com.amazon.ion.BufferConfiguration$DataHandler                                  : loaded 2 times (x 66B)
Class com.amazon.ion.ReadOnlyValueException                                           : loaded 2 times (x 80B)
Class com.amazon.ion.impl._Private_IonBinaryWriterBuilder                             : loaded 2 times (x 105B)
Class org.jetbrains.plugins.gradle.tooling.serialization.RepositoriesModelSerializationService$WriteContext: loaded 2 times (x 68B)
Class com.android.ide.gradle.model.LegacyAndroidGradlePluginProperties                : loaded 2 times (x 66B)
Class [Lkotlin.sequences.Sequence;                                                    : loaded 2 times (x 65B)
Class org.gradle.tooling.model.gradle.GradleScript                                    : loaded 2 times (x 66B)

---------------  S Y S T E M  ---------------

OS:
 Windows 11 , 64 bit Build 22621 (10.0.22621.5160)
OS uptime: 2 days 3:51 hours
Hyper-V role detected

CPU: total 4 (initial active 4) (2 cores per cpu, 2 threads per core) family 6 model 140 stepping 1 microcode 0x9a, cx8, cmov, fxsr, ht, mmx, 3dnowpref, sse, sse2, sse3, ssse3, sse4.1, sse4.2, popcnt, lzcnt, tsc, tscinvbit, avx, avx2, aes, erms, clmul, bmi1, bmi2, adx, avx512f, avx512dq, avx512cd, avx512bw, avx512vl, sha, fma, vzeroupper, avx512_vpopcntdq, avx512_vpclmulqdq, avx512_vaes, avx512_vnni, clflush, clflushopt, clwb, avx512_vbmi2, avx512_vbmi, hv, rdtscp, rdpid, fsrm, gfni, avx512_bitalg, f16c, cet_ibt, cet_ss, avx512_ifma
Processor Information for all 4 processors :
  Max Mhz: 2995, Current Mhz: 2995, Mhz Limit: 2995

Memory: 4k page, system-wide physical 7991M (364M free)
TotalPageFile size 24616M (AvailPageFile size 98M)
current process WorkingSet (physical memory assigned to process): 626M, peak: 1140M
current process commit charge ("private bytes"): 1996M, peak: 2123M

vm_info: OpenJDK 64-Bit Server VM (21.0.5+-13047016-b750.29) for windows-amd64 JRE (21.0.5+-13047016-b750.29), built on 2025-02-11T21:12:39Z by "builder" with MS VC++ 16.10 / 16.11 (VS2019)

END.
