#
# There is insufficient memory for the Java Runtime Environment to continue.
# Native memory allocation (mmap) failed to map 415236096 bytes. Error detail: G1 virtual space
# Possible reasons:
#   The system is out of physical RAM or swap space
#   This process is running with CompressedOops enabled, and the Java Heap may be blocking the growth of the native heap
# Possible solutions:
#   Reduce memory load on the system
#   Increase physical memory or swap space
#   Check if swap backing store is full
#   Decrease Java heap size (-Xmx/-Xms)
#   Decrease number of Java threads
#   Decrease Java thread stack sizes (-Xss)
#   Set larger code cache with -XX:ReservedCodeCacheSize=
#   JVM is running with Unscaled Compressed Oops mode in which the Java heap is
#     placed in the first 4GB address space. The Java Heap base address is the
#     maximum limit for the native heap growth. Please use -XX:HeapBaseMinAddress
#     to set the Java Heap base and to place the Java Heap above 4GB virtual address.
# This output file may be truncated or incomplete.
#
#  Out of Memory Error (os_windows.cpp:3828), pid=19624, tid=19476
#
# JRE version: OpenJDK Runtime Environment (21.0.5) (build 21.0.5+-13047016-b750.29)
# Java VM: OpenJDK 64-Bit Server VM (21.0.5+-13047016-b750.29, mixed mode, tiered, compressed oops, compressed class ptrs, g1 gc, windows-amd64)
# No core dump will be written. Minidumps are not enabled by default on client versions of Windows
#

---------------  S U M M A R Y ------------

Command Line: --add-opens=java.base/java.util=ALL-UNNAMED --add-opens=java.base/java.lang=ALL-UNNAMED --add-opens=java.base/java.lang.invoke=ALL-UNNAMED --add-opens=java.prefs/java.util.prefs=ALL-UNNAMED --add-opens=java.base/java.nio.charset=ALL-UNNAMED --add-opens=java.base/java.net=ALL-UNNAMED --add-opens=java.base/java.util.concurrent.atomic=ALL-UNNAMED -Xmx2048m -Dfile.encoding=UTF-8 -Duser.country=US -Duser.language=en -Duser.variant -javaagent:C:\Users\yashw\.gradle\wrapper\dists\gradle-8.4-bin\1w5dpkrfk8irigvoxmyhowfim\gradle-8.4\lib\agents\gradle-instrumentation-agent-8.4.jar org.gradle.launcher.daemon.bootstrap.GradleDaemon 8.4

Host: 11th Gen Intel(R) Core(TM) i3-1115G4 @ 3.00GHz, 4 cores, 7G,  Windows 11 , 64 bit Build 22621 (10.0.22621.5160)
Time: Thu Apr  3 17:47:27 2025 India Standard Time elapsed time: 3736.237790 seconds (0d 1h 2m 16s)

---------------  T H R E A D  ---------------

Current thread (0x000001c076425780):  VMThread "VM Thread"          [id=19476, stack(0x00000048a8600000,0x00000048a8700000) (1024K)]

Stack: [0x00000048a8600000,0x00000048a8700000]
Native frames: (J=compiled Java code, j=interpreted, Vv=VM code, C=native code)
V  [jvm.dll+0x6cfb29]
V  [jvm.dll+0x85df93]
V  [jvm.dll+0x8604ee]
V  [jvm.dll+0x860bd3]
V  [jvm.dll+0x27e6b6]
V  [jvm.dll+0x6cc385]
V  [jvm.dll+0x6c078a]
V  [jvm.dll+0x35525b]
V  [jvm.dll+0x35ceb6]
V  [jvm.dll+0x3aedd6]
V  [jvm.dll+0x3af0a8]
V  [jvm.dll+0x32792c]
V  [jvm.dll+0x3279b7]
V  [jvm.dll+0x36d80c]
V  [jvm.dll+0x36bfbe]
V  [jvm.dll+0x327081]
V  [jvm.dll+0x36b6d0]
V  [jvm.dll+0x866958]
V  [jvm.dll+0x867cd4]
V  [jvm.dll+0x868210]
V  [jvm.dll+0x8684a3]
V  [jvm.dll+0x806368]
V  [jvm.dll+0x6ce3fd]
C  [ucrtbase.dll+0x29333]
C  [KERNEL32.DLL+0x1259d]
C  [ntdll.dll+0x5af58]

VM_Operation (0x00000048ab5fb920): G1CollectForAllocation, mode: safepoint, requested by thread 0x000001c006af77a0


---------------  P R O C E S S  ---------------

Threads class SMR info:
_java_thread_list=0x000001c00c356290, length=70, elements={
0x000001c05f5db9e0, 0x000001c0765f4140, 0x000001c0765f4f50, 0x000001c076600420,
0x000001c0765f70c0, 0x000001c0765f7720, 0x000001c0765d3a70, 0x000001c076609310,
0x000001c0765d79c0, 0x000001c076746930, 0x000001c0768fe200, 0x000001c07c9b01f0,
0x000001c07c9bfb50, 0x000001c07ce5ad70, 0x000001c07c746370, 0x000001c07c7442a0,
0x000001c07c745ce0, 0x000001c07c744930, 0x000001c07c744fc0, 0x000001c000643af0,
0x000001c0006420b0, 0x000001c00063ffe0, 0x000001c000643460, 0x000001c000640d00,
0x000001c07e153350, 0x000001c07e1567d0, 0x000001c00a3e1060, 0x000001c00ba7e700,
0x000001c07dadb350, 0x000001c006059b70, 0x000001c008ae37d0, 0x000001c006afb940,
0x000001c00c12b9f0, 0x000001c07d80dbe0, 0x000001c07d80cec0, 0x000001c00bccae60,
0x000001c00bcc9ab0, 0x000001c00bcc8070, 0x000001c00bccb4f0, 0x000001c00bcc9420,
0x000001c00bcca140, 0x000001c00bcccf30, 0x000001c006af9870, 0x000001c00bccf000,
0x000001c00bccd5c0, 0x000001c00bcce2e0, 0x000001c006af7110, 0x000001c00bccf690,
0x000001c006af91e0, 0x000001c07d808d20, 0x000001c006afa590, 0x000001c006af77a0,
0x000001c006af7e30, 0x000001c00bcc8d90, 0x000001c00bccdc50, 0x000001c00c12e150,
0x000001c00c130f40, 0x000001c00bcca7d0, 0x000001c00bccbb80, 0x000001c00bccc210,
0x000001c07f526fd0, 0x000001c00bccc8a0, 0x000001c006af8b50, 0x000001c07d80e270,
0x000001c006af63f0, 0x000001c006af9f00, 0x000001c006afac20, 0x000001c00c129fb0,
0x000001c00c1315d0, 0x000001c006afb2b0
}

Java Threads: ( => current thread )
  0x000001c05f5db9e0 JavaThread "main"                              [_thread_blocked, id=22068, stack(0x00000048a7f00000,0x00000048a8000000) (1024K)]
  0x000001c0765f4140 JavaThread "Reference Handler"          daemon [_thread_blocked, id=14604, stack(0x00000048a8700000,0x00000048a8800000) (1024K)]
  0x000001c0765f4f50 JavaThread "Finalizer"                  daemon [_thread_blocked, id=9260, stack(0x00000048a8800000,0x00000048a8900000) (1024K)]
  0x000001c076600420 JavaThread "Signal Dispatcher"          daemon [_thread_blocked, id=5844, stack(0x00000048a8900000,0x00000048a8a00000) (1024K)]
  0x000001c0765f70c0 JavaThread "Attach Listener"            daemon [_thread_blocked, id=19052, stack(0x00000048a8a00000,0x00000048a8b00000) (1024K)]
  0x000001c0765f7720 JavaThread "Service Thread"             daemon [_thread_blocked, id=20024, stack(0x00000048a8b00000,0x00000048a8c00000) (1024K)]
  0x000001c0765d3a70 JavaThread "Monitor Deflation Thread"   daemon [_thread_blocked, id=10248, stack(0x00000048a8c00000,0x00000048a8d00000) (1024K)]
  0x000001c076609310 JavaThread "C2 CompilerThread0"         daemon [_thread_blocked, id=22008, stack(0x00000048a8d00000,0x00000048a8e00000) (1024K)]
  0x000001c0765d79c0 JavaThread "C1 CompilerThread0"         daemon [_thread_blocked, id=2528, stack(0x00000048a8e00000,0x00000048a8f00000) (1024K)]
  0x000001c076746930 JavaThread "Common-Cleaner"             daemon [_thread_blocked, id=8536, stack(0x00000048a8f00000,0x00000048a9000000) (1024K)]
  0x000001c0768fe200 JavaThread "Notification Thread"        daemon [_thread_blocked, id=24176, stack(0x00000048a9000000,0x00000048a9100000) (1024K)]
  0x000001c07c9b01f0 JavaThread "Daemon health stats"               [_thread_blocked, id=6096, stack(0x00000048a9500000,0x00000048a9600000) (1024K)]
  0x000001c07c9bfb50 JavaThread "Incoming local TCP Connector on port 58535"        [_thread_in_native, id=25556, stack(0x00000048a9600000,0x00000048a9700000) (1024K)]
  0x000001c07ce5ad70 JavaThread "Daemon periodic checks"            [_thread_blocked, id=10384, stack(0x00000048a9700000,0x00000048a9800000) (1024K)]
  0x000001c07c746370 JavaThread "Cache worker for journal cache (C:\Users\yashw\.gradle\caches\journal-1)"        [_thread_blocked, id=17080, stack(0x00000048a9f00000,0x00000048aa000000) (1024K)]
  0x000001c07c7442a0 JavaThread "File lock request listener"        [_thread_in_native, id=25604, stack(0x00000048aa000000,0x00000048aa100000) (1024K)]
  0x000001c07c745ce0 JavaThread "Cache worker for file hash cache (C:\Users\yashw\.gradle\caches\8.4\fileHashes)"        [_thread_blocked, id=8852, stack(0x00000048aa100000,0x00000048aa200000) (1024K)]
  0x000001c07c744930 JavaThread "File watcher server"        daemon [_thread_blocked, id=21656, stack(0x00000048aa200000,0x00000048aa300000) (1024K)]
  0x000001c07c744fc0 JavaThread "File watcher consumer"      daemon [_thread_blocked, id=21264, stack(0x00000048aa300000,0x00000048aa400000) (1024K)]
  0x000001c000643af0 JavaThread "Cache worker for file content cache (C:\Users\yashw\.gradle\caches\8.4\fileContent)"        [_thread_blocked, id=24896, stack(0x00000048aa700000,0x00000048aa800000) (1024K)]
  0x000001c0006420b0 JavaThread "Cache worker for execution history cache (C:\Users\yashw\.gradle\caches\8.4\executionHistory)"        [_thread_blocked, id=22796, stack(0x00000048aa900000,0x00000048aaa00000) (1024K)]
  0x000001c00063ffe0 JavaThread "jar transforms"                    [_thread_blocked, id=21860, stack(0x00000048aaa00000,0x00000048aab00000) (1024K)]
  0x000001c000643460 JavaThread "jar transforms Thread 2"           [_thread_blocked, id=20204, stack(0x00000048aab00000,0x00000048aac00000) (1024K)]
  0x000001c000640d00 JavaThread "jar transforms Thread 3"           [_thread_blocked, id=7832, stack(0x00000048aad00000,0x00000048aae00000) (1024K)]
  0x000001c07e153350 JavaThread "jar transforms Thread 4"           [_thread_blocked, id=20652, stack(0x00000048ab200000,0x00000048ab300000) (1024K)]
  0x000001c07e1567d0 JavaThread "Memory manager"                    [_thread_blocked, id=17476, stack(0x00000048ab400000,0x00000048ab500000) (1024K)]
  0x000001c00a3e1060 JavaThread "RMI Scheduler(0)"           daemon [_thread_blocked, id=25800, stack(0x00000048aeb00000,0x00000048aec00000) (1024K)]
  0x000001c00ba7e700 JavaThread "RMI GC Daemon"              daemon [_thread_blocked, id=12932, stack(0x00000048aed00000,0x00000048aee00000) (1024K)]
  0x000001c07dadb350 JavaThread "RMI TCP Accept-0"           daemon [_thread_in_native, id=2832, stack(0x00000048aee00000,0x00000048aef00000) (1024K)]
  0x000001c006059b70 JavaThread "RMI Reaper"                        [_thread_blocked, id=21116, stack(0x00000048aef00000,0x00000048af000000) (1024K)]
  0x000001c008ae37d0 JavaThread "Cache worker for Java compile cache (C:\Users\yashw\.gradle\caches\8.4\javaCompile)"        [_thread_blocked, id=1344, stack(0x00000048a9100000,0x00000048a9200000) (1024K)]
  0x000001c006afb940 JavaThread "Daemon Thread 4"                   [_thread_blocked, id=3848, stack(0x00000048a7c00000,0x00000048a7d00000) (1024K)]
  0x000001c00c12b9f0 JavaThread "Handler for socket connection from /127.0.0.1:58535 to /127.0.0.1:61262"        [_thread_in_native, id=11424, stack(0x00000048a7d00000,0x00000048a7e00000) (1024K)]
  0x000001c07d80dbe0 JavaThread "Cancel handler"                    [_thread_blocked, id=15344, stack(0x00000048a7e00000,0x00000048a7f00000) (1024K)]
  0x000001c07d80cec0 JavaThread "Daemon worker Thread 4"            [_thread_blocked, id=18132, stack(0x00000048a9800000,0x00000048a9900000) (1024K)]
  0x000001c00bccae60 JavaThread "Asynchronous log dispatcher for DefaultDaemonConnection: socket connection from /127.0.0.1:58535 to /127.0.0.1:61262"        [_thread_blocked, id=21540, stack(0x00000048a9900000,0x00000048a9a00000) (1024K)]
  0x000001c00bcc9ab0 JavaThread "Stdin handler"                     [_thread_blocked, id=23448, stack(0x00000048a9a00000,0x00000048a9b00000) (1024K)]
  0x000001c00bcc8070 JavaThread "Daemon client event forwarder"        [_thread_blocked, id=24672, stack(0x00000048a9b00000,0x00000048a9c00000) (1024K)]
  0x000001c00bccb4f0 JavaThread "Cache worker for checksums cache (D:\School-MobileApp\.gradle\8.4\checksums)"        [_thread_blocked, id=26156, stack(0x00000048a9c00000,0x00000048a9d00000) (1024K)]
  0x000001c00bcc9420 JavaThread "Cache worker for file hash cache (D:\School-MobileApp\.gradle\8.4\fileHashes)"        [_thread_blocked, id=19304, stack(0x00000048a9d00000,0x00000048a9e00000) (1024K)]
  0x000001c00bcca140 JavaThread "Cache worker for cache directory md-supplier (C:\Users\yashw\.gradle\caches\8.4\md-supplier)"        [_thread_blocked, id=24196, stack(0x00000048a9e00000,0x00000048a9f00000) (1024K)]
  0x000001c00bcccf30 JavaThread "Cache worker for cache directory md-rule (C:\Users\yashw\.gradle\caches\8.4\md-rule)"        [_thread_blocked, id=3812, stack(0x00000048aa400000,0x00000048aa500000) (1024K)]
  0x000001c006af9870 JavaThread "Cache worker for dependencies-accessors (D:\School-MobileApp\.gradle\8.4\dependencies-accessors)"        [_thread_blocked, id=16128, stack(0x00000048aa500000,0x00000048aa600000) (1024K)]
  0x000001c00bccf000 JavaThread "Cache worker for Build Output Cleanup Cache (D:\School-MobileApp\.gradle\buildOutputCleanup)"        [_thread_blocked, id=25616, stack(0x00000048aa600000,0x00000048aa700000) (1024K)]
  0x000001c00bccd5c0 JavaThread "Unconstrained build operations"        [_thread_blocked, id=6604, stack(0x00000048aa800000,0x00000048aa900000) (1024K)]
  0x000001c00bcce2e0 JavaThread "Unconstrained build operations Thread 2"        [_thread_blocked, id=25880, stack(0x00000048aac00000,0x00000048aad00000) (1024K)]
  0x000001c006af7110 JavaThread "Unconstrained build operations Thread 3"        [_thread_blocked, id=11980, stack(0x00000048aae00000,0x00000048aaf00000) (1024K)]
  0x000001c00bccf690 JavaThread "build event listener"              [_thread_blocked, id=1688, stack(0x00000048aaf00000,0x00000048ab000000) (1024K)]
  0x000001c006af91e0 JavaThread "build event listener"              [_thread_blocked, id=14224, stack(0x00000048ab000000,0x00000048ab100000) (1024K)]
  0x000001c07d808d20 JavaThread "included builds"                   [_thread_blocked, id=9364, stack(0x00000048ab100000,0x00000048ab200000) (1024K)]
  0x000001c006afa590 JavaThread "Execution worker"                  [_thread_blocked, id=3668, stack(0x00000048ab300000,0x00000048ab400000) (1024K)]
  0x000001c006af77a0 JavaThread "Execution worker Thread 2"         [_thread_blocked, id=2248, stack(0x00000048ab500000,0x00000048ab600000) (1024K)]
  0x000001c006af7e30 JavaThread "Execution worker Thread 3"         [_thread_blocked, id=17332, stack(0x00000048ab600000,0x00000048ab700000) (1024K)]
  0x000001c00bcc8d90 JavaThread "Cache worker for execution history cache (D:\School-MobileApp\.gradle\8.4\executionHistory)"        [_thread_blocked, id=25592, stack(0x00000048ab700000,0x00000048ab800000) (1024K)]
  0x000001c00bccdc50 JavaThread "Unconstrained build operations Thread 4"        [_thread_blocked, id=2168, stack(0x00000048ab800000,0x00000048ab900000) (1024K)]
  0x000001c00c12e150 JavaThread "Unconstrained build operations Thread 5"        [_thread_blocked, id=25168, stack(0x00000048ab900000,0x00000048aba00000) (1024K)]
  0x000001c00c130f40 JavaThread "Unconstrained build operations Thread 6"        [_thread_blocked, id=25748, stack(0x00000048aba00000,0x00000048abb00000) (1024K)]
  0x000001c00bcca7d0 JavaThread "Unconstrained build operations Thread 7"        [_thread_blocked, id=25492, stack(0x00000048abb00000,0x00000048abc00000) (1024K)]
  0x000001c00bccbb80 JavaThread "Unconstrained build operations Thread 8"        [_thread_blocked, id=20252, stack(0x00000048abc00000,0x00000048abd00000) (1024K)]
  0x000001c00bccc210 JavaThread "Unconstrained build operations Thread 9"        [_thread_blocked, id=18532, stack(0x00000048abd00000,0x00000048abe00000) (1024K)]
  0x000001c07f526fd0 JavaThread "C2 CompilerThread1"         daemon [_thread_blocked, id=11732, stack(0x00000048abe00000,0x00000048abf00000) (1024K)]
  0x000001c00bccc8a0 JavaThread "WorkerExecutor Queue"              [_thread_blocked, id=18500, stack(0x00000048abf00000,0x00000048ac000000) (1024K)]
  0x000001c006af8b50 JavaThread "WorkerExecutor Queue Thread 2"        [_thread_blocked, id=11836, stack(0x00000048ac000000,0x00000048ac100000) (1024K)]
  0x000001c07d80e270 JavaThread "WorkerExecutor Queue Thread 3"        [_thread_blocked, id=13164, stack(0x00000048ac100000,0x00000048ac200000) (1024K)]
  0x000001c006af63f0 JavaThread "Unconstrained build operations Thread 10"        [_thread_blocked, id=12372, stack(0x00000048ac200000,0x00000048ac300000) (1024K)]
  0x000001c006af9f00 JavaThread "Unconstrained build operations Thread 11"        [_thread_blocked, id=19944, stack(0x00000048ac300000,0x00000048ac400000) (1024K)]
  0x000001c006afac20 JavaThread "Unconstrained build operations Thread 12"        [_thread_blocked, id=17504, stack(0x00000048ac400000,0x00000048ac500000) (1024K)]
  0x000001c00c129fb0 JavaThread "Unconstrained build operations Thread 13"        [_thread_blocked, id=5136, stack(0x00000048ac500000,0x00000048ac600000) (1024K)]
  0x000001c00c1315d0 JavaThread "Unconstrained build operations Thread 14"        [_thread_blocked, id=23308, stack(0x00000048ac600000,0x00000048ac700000) (1024K)]
  0x000001c006afb2b0 JavaThread "Unconstrained build operations Thread 15"        [_thread_blocked, id=24728, stack(0x00000048ac700000,0x00000048ac800000) (1024K)]
Total: 70

Other Threads:
=>0x000001c076425780 VMThread "VM Thread"                           [id=19476, stack(0x00000048a8600000,0x00000048a8700000) (1024K)]
  0x000001c0763c5000 WatcherThread "VM Periodic Task Thread"        [id=24012, stack(0x00000048a8500000,0x00000048a8600000) (1024K)]
  0x000001c05f632780 WorkerThread "GC Thread#0"                     [id=11780, stack(0x00000048a8000000,0x00000048a8100000) (1024K)]
  0x000001c07b123dd0 WorkerThread "GC Thread#1"                     [id=9472, stack(0x00000048a9200000,0x00000048a9300000) (1024K)]
  0x000001c07b4eb580 WorkerThread "GC Thread#2"                     [id=25796, stack(0x00000048a9300000,0x00000048a9400000) (1024K)]
  0x000001c07bb257b0 WorkerThread "GC Thread#3"                     [id=16444, stack(0x00000048a9400000,0x00000048a9500000) (1024K)]
  0x000001c05f6438d0 ConcurrentGCThread "G1 Main Marker"            [id=25512, stack(0x00000048a8100000,0x00000048a8200000) (1024K)]
  0x000001c05f6443d0 WorkerThread "G1 Conc#0"                       [id=22684, stack(0x00000048a8200000,0x00000048a8300000) (1024K)]
  0x000001c05f69e040 ConcurrentGCThread "G1 Refine#0"               [id=16692, stack(0x00000048a8300000,0x00000048a8400000) (1024K)]
  0x000001c05f69ebb0 ConcurrentGCThread "G1 Service"                [id=13548, stack(0x00000048a8400000,0x00000048a8500000) (1024K)]
Total: 10

Threads with active compile tasks:
Total: 0

VM state: at safepoint (normal execution)

VM Mutex/Monitor currently owned by a thread:  ([mutex/lock_event])
[0x00007ffb9100d360] Threads_lock - owner thread: 0x000001c076425780
[0x00007ffb9100d460] Heap_lock - owner thread: 0x000001c006af77a0

Heap address: 0x0000000080000000, size: 2048 MB, Compressed Oops mode: 32-bit

CDS archive(s) not mapped
Compressed class space mapped at: 0x0000000100000000-0x0000000140000000, reserved size: 1073741824
Narrow klass base: 0x0000000000000000, Narrow klass shift: 3, Narrow klass range: 0x140000000

GC Precious Log:
 CardTable entry size: 512
 Card Set container configuration: InlinePtr #cards 5 size 8 Array Of Cards #cards 12 size 40 Howl #buckets 4 coarsen threshold 1843 Howl Bitmap #cards 512 size 80 coarsen threshold 460 Card regions per heap region 1 cards per card region 2048
 CPUs: 4 total, 4 available
 Memory: 7991M
 Large Page Support: Disabled
 NUMA Support: Disabled
 Compressed Oops: Enabled (32-bit)
 Heap Region Size: 1M
 Heap Min Capacity: 8M
 Heap Initial Capacity: 126M
 Heap Max Capacity: 2G
 Pre-touch: Disabled
 Parallel Workers: 4
 Concurrent Workers: 1
 Concurrent Refinement Workers: 4
 Periodic GC: Disabled

Heap:
 garbage-first heap   total 1084416K, used 461824K [0x0000000080000000, 0x0000000100000000)
  region size 1024K, 4 young (4096K), 4 survivors (4096K)
 Metaspace       used 187358K, committed 189632K, reserved 1245184K
  class space    used 23022K, committed 24512K, reserved 1048576K

Heap Regions: E=young(eden), S=young(survivor), O=old, HS=humongous(starts), HC=humongous(continues), CS=collection set, F=free, TAMS=top-at-mark-start, PB=parsable bottom
|   0|0x0000000080000000, 0x0000000080100000, 0x0000000080100000|100%| O|  |TAMS 0x0000000080000000| PB 0x0000000080000000| Untracked 
|   1|0x0000000080100000, 0x0000000080200000, 0x0000000080200000|100%| O|  |TAMS 0x0000000080100000| PB 0x0000000080100000| Untracked 
|   2|0x0000000080200000, 0x0000000080300000, 0x0000000080300000|100%|HS|  |TAMS 0x0000000080200000| PB 0x0000000080200000| Complete 
|   3|0x0000000080300000, 0x0000000080400000, 0x0000000080400000|100%|HC|  |TAMS 0x0000000080300000| PB 0x0000000080300000| Complete 
|   4|0x0000000080400000, 0x0000000080500000, 0x0000000080500000|100%|HC|  |TAMS 0x0000000080400000| PB 0x0000000080400000| Complete 
|   5|0x0000000080500000, 0x0000000080600000, 0x0000000080600000|100%|HC|  |TAMS 0x0000000080500000| PB 0x0000000080500000| Complete 
|   6|0x0000000080600000, 0x0000000080700000, 0x0000000080700000|100%| O|  |TAMS 0x0000000080600000| PB 0x0000000080600000| Untracked 
|   7|0x0000000080700000, 0x0000000080800000, 0x0000000080800000|100%| O|  |TAMS 0x0000000080700000| PB 0x0000000080700000| Untracked 
|   8|0x0000000080800000, 0x0000000080900000, 0x0000000080900000|100%| O|  |TAMS 0x0000000080800000| PB 0x0000000080800000| Untracked 
|   9|0x0000000080900000, 0x0000000080a00000, 0x0000000080a00000|100%| O|  |TAMS 0x0000000080900000| PB 0x0000000080900000| Untracked 
|  10|0x0000000080a00000, 0x0000000080b00000, 0x0000000080b00000|100%| O|  |TAMS 0x0000000080a00000| PB 0x0000000080a00000| Untracked 
|  11|0x0000000080b00000, 0x0000000080c00000, 0x0000000080c00000|100%| O|  |TAMS 0x0000000080b00000| PB 0x0000000080b00000| Untracked 
|  12|0x0000000080c00000, 0x0000000080d00000, 0x0000000080d00000|100%| O|  |TAMS 0x0000000080c00000| PB 0x0000000080c00000| Untracked 
|  13|0x0000000080d00000, 0x0000000080e00000, 0x0000000080e00000|100%| O|  |TAMS 0x0000000080d00000| PB 0x0000000080d00000| Untracked 
|  14|0x0000000080e00000, 0x0000000080f00000, 0x0000000080f00000|100%| O|  |TAMS 0x0000000080e00000| PB 0x0000000080e00000| Untracked 
|  15|0x0000000080f00000, 0x0000000081000000, 0x0000000081000000|100%| O|  |TAMS 0x0000000080f00000| PB 0x0000000080f00000| Untracked 
|  16|0x0000000081000000, 0x0000000081100000, 0x0000000081100000|100%| O|  |TAMS 0x0000000081000000| PB 0x0000000081000000| Untracked 
|  17|0x0000000081100000, 0x0000000081200000, 0x0000000081200000|100%| O|  |TAMS 0x0000000081100000| PB 0x0000000081100000| Untracked 
|  18|0x0000000081200000, 0x0000000081300000, 0x0000000081300000|100%| O|  |TAMS 0x0000000081200000| PB 0x0000000081200000| Untracked 
|  19|0x0000000081300000, 0x0000000081400000, 0x0000000081400000|100%| O|  |TAMS 0x0000000081300000| PB 0x0000000081300000| Untracked 
|  20|0x0000000081400000, 0x0000000081500000, 0x0000000081500000|100%| O|  |TAMS 0x0000000081400000| PB 0x0000000081400000| Untracked 
|  21|0x0000000081500000, 0x0000000081600000, 0x0000000081600000|100%| O|  |TAMS 0x0000000081500000| PB 0x0000000081500000| Untracked 
|  22|0x0000000081600000, 0x0000000081700000, 0x0000000081700000|100%| O|  |TAMS 0x0000000081600000| PB 0x0000000081600000| Untracked 
|  23|0x0000000081700000, 0x0000000081800000, 0x0000000081800000|100%| O|  |TAMS 0x0000000081700000| PB 0x0000000081700000| Untracked 
|  24|0x0000000081800000, 0x0000000081900000, 0x0000000081900000|100%| O|  |TAMS 0x0000000081800000| PB 0x0000000081800000| Untracked 
|  25|0x0000000081900000, 0x0000000081a00000, 0x0000000081a00000|100%| O|  |TAMS 0x0000000081900000| PB 0x0000000081900000| Untracked 
|  26|0x0000000081a00000, 0x0000000081b00000, 0x0000000081b00000|100%| O|  |TAMS 0x0000000081a00000| PB 0x0000000081a00000| Untracked 
|  27|0x0000000081b00000, 0x0000000081c00000, 0x0000000081c00000|100%| O|  |TAMS 0x0000000081b00000| PB 0x0000000081b00000| Untracked 
|  28|0x0000000081c00000, 0x0000000081d00000, 0x0000000081d00000|100%| O|  |TAMS 0x0000000081c00000| PB 0x0000000081c00000| Untracked 
|  29|0x0000000081d00000, 0x0000000081e00000, 0x0000000081e00000|100%| O|  |TAMS 0x0000000081d00000| PB 0x0000000081d00000| Untracked 
|  30|0x0000000081e00000, 0x0000000081f00000, 0x0000000081f00000|100%| O|  |TAMS 0x0000000081e00000| PB 0x0000000081e00000| Untracked 
|  31|0x0000000081f00000, 0x0000000082000000, 0x0000000082000000|100%| O|  |TAMS 0x0000000081f00000| PB 0x0000000081f00000| Untracked 
|  32|0x0000000082000000, 0x0000000082100000, 0x0000000082100000|100%|HS|  |TAMS 0x0000000082000000| PB 0x0000000082000000| Complete 
|  33|0x0000000082100000, 0x0000000082200000, 0x0000000082200000|100%|HS|  |TAMS 0x0000000082100000| PB 0x0000000082100000| Complete 
|  34|0x0000000082200000, 0x0000000082300000, 0x0000000082300000|100%| O|  |TAMS 0x0000000082200000| PB 0x0000000082200000| Untracked 
|  35|0x0000000082300000, 0x0000000082400000, 0x0000000082400000|100%| O|  |TAMS 0x0000000082300000| PB 0x0000000082300000| Untracked 
|  36|0x0000000082400000, 0x0000000082500000, 0x0000000082500000|100%| O|  |TAMS 0x0000000082400000| PB 0x0000000082400000| Untracked 
|  37|0x0000000082500000, 0x0000000082600000, 0x0000000082600000|100%| O|  |TAMS 0x0000000082500000| PB 0x0000000082500000| Untracked 
|  38|0x0000000082600000, 0x0000000082700000, 0x0000000082700000|100%|HS|  |TAMS 0x0000000082600000| PB 0x0000000082600000| Complete 
|  39|0x0000000082700000, 0x0000000082800000, 0x0000000082800000|100%|HC|  |TAMS 0x0000000082700000| PB 0x0000000082700000| Complete 
|  40|0x0000000082800000, 0x0000000082900000, 0x0000000082900000|100%|HS|  |TAMS 0x0000000082800000| PB 0x0000000082800000| Complete 
|  41|0x0000000082900000, 0x0000000082a00000, 0x0000000082a00000|100%| O|  |TAMS 0x0000000082900000| PB 0x0000000082900000| Untracked 
|  42|0x0000000082a00000, 0x0000000082b00000, 0x0000000082b00000|100%| O|  |TAMS 0x0000000082a00000| PB 0x0000000082a00000| Untracked 
|  43|0x0000000082b00000, 0x0000000082c00000, 0x0000000082c00000|100%| O|  |TAMS 0x0000000082b00000| PB 0x0000000082b00000| Untracked 
|  44|0x0000000082c00000, 0x0000000082d00000, 0x0000000082d00000|100%|HS|  |TAMS 0x0000000082c00000| PB 0x0000000082c00000| Complete 
|  45|0x0000000082d00000, 0x0000000082e00000, 0x0000000082e00000|100%|HC|  |TAMS 0x0000000082d00000| PB 0x0000000082d00000| Complete 
|  46|0x0000000082e00000, 0x0000000082f00000, 0x0000000082f00000|100%|HC|  |TAMS 0x0000000082e00000| PB 0x0000000082e00000| Complete 
|  47|0x0000000082f00000, 0x0000000083000000, 0x0000000083000000|100%|HC|  |TAMS 0x0000000082f00000| PB 0x0000000082f00000| Complete 
|  48|0x0000000083000000, 0x0000000083100000, 0x0000000083100000|100%|HS|  |TAMS 0x0000000083000000| PB 0x0000000083000000| Complete 
|  49|0x0000000083100000, 0x0000000083200000, 0x0000000083200000|100%|HS|  |TAMS 0x0000000083100000| PB 0x0000000083100000| Complete 
|  50|0x0000000083200000, 0x0000000083300000, 0x0000000083300000|100%|HC|  |TAMS 0x0000000083200000| PB 0x0000000083200000| Complete 
|  51|0x0000000083300000, 0x0000000083400000, 0x0000000083400000|100%|HS|  |TAMS 0x0000000083300000| PB 0x0000000083300000| Complete 
|  52|0x0000000083400000, 0x0000000083500000, 0x0000000083500000|100%| O|  |TAMS 0x0000000083400000| PB 0x0000000083400000| Untracked 
|  53|0x0000000083500000, 0x0000000083600000, 0x0000000083600000|100%| O|  |TAMS 0x0000000083500000| PB 0x0000000083500000| Untracked 
|  54|0x0000000083600000, 0x0000000083700000, 0x0000000083700000|100%| O|  |TAMS 0x0000000083600000| PB 0x0000000083600000| Untracked 
|  55|0x0000000083700000, 0x0000000083800000, 0x0000000083800000|100%| O|  |TAMS 0x0000000083700000| PB 0x0000000083700000| Untracked 
|  56|0x0000000083800000, 0x0000000083900000, 0x0000000083900000|100%| O|  |TAMS 0x0000000083800000| PB 0x0000000083800000| Untracked 
|  57|0x0000000083900000, 0x0000000083a00000, 0x0000000083a00000|100%| O|  |TAMS 0x0000000083900000| PB 0x0000000083900000| Untracked 
|  58|0x0000000083a00000, 0x0000000083b00000, 0x0000000083b00000|100%| O|  |TAMS 0x0000000083a00000| PB 0x0000000083a00000| Untracked 
|  59|0x0000000083b00000, 0x0000000083c00000, 0x0000000083c00000|100%| O|  |TAMS 0x0000000083b00000| PB 0x0000000083b00000| Untracked 
|  60|0x0000000083c00000, 0x0000000083d00000, 0x0000000083d00000|100%| O|  |TAMS 0x0000000083c00000| PB 0x0000000083c00000| Untracked 
|  61|0x0000000083d00000, 0x0000000083e00000, 0x0000000083e00000|100%| O|  |TAMS 0x0000000083d00000| PB 0x0000000083d00000| Untracked 
|  62|0x0000000083e00000, 0x0000000083f00000, 0x0000000083f00000|100%| O|  |TAMS 0x0000000083e00000| PB 0x0000000083e00000| Untracked 
|  63|0x0000000083f00000, 0x0000000083f00000, 0x0000000084000000|  0%| F|  |TAMS 0x0000000083f00000| PB 0x0000000083f00000| Untracked 
|  64|0x0000000084000000, 0x0000000084100000, 0x0000000084100000|100%| O|  |TAMS 0x0000000084000000| PB 0x0000000084000000| Untracked 
|  65|0x0000000084100000, 0x0000000084200000, 0x0000000084200000|100%| O|  |TAMS 0x0000000084100000| PB 0x0000000084100000| Untracked 
|  66|0x0000000084200000, 0x0000000084300000, 0x0000000084300000|100%| O|  |TAMS 0x0000000084200000| PB 0x0000000084200000| Untracked 
|  67|0x0000000084300000, 0x0000000084400000, 0x0000000084400000|100%| O|  |TAMS 0x0000000084300000| PB 0x0000000084300000| Untracked 
|  68|0x0000000084400000, 0x0000000084500000, 0x0000000084500000|100%| O|  |TAMS 0x0000000084400000| PB 0x0000000084400000| Untracked 
|  69|0x0000000084500000, 0x0000000084600000, 0x0000000084600000|100%| O|  |TAMS 0x0000000084500000| PB 0x0000000084500000| Untracked 
|  70|0x0000000084600000, 0x0000000084700000, 0x0000000084700000|100%|HS|  |TAMS 0x0000000084600000| PB 0x0000000084600000| Complete 
|  71|0x0000000084700000, 0x0000000084800000, 0x0000000084800000|100%|HC|  |TAMS 0x0000000084700000| PB 0x0000000084700000| Complete 
|  72|0x0000000084800000, 0x0000000084900000, 0x0000000084900000|100%|HC|  |TAMS 0x0000000084800000| PB 0x0000000084800000| Complete 
|  73|0x0000000084900000, 0x0000000084a00000, 0x0000000084a00000|100%|HC|  |TAMS 0x0000000084900000| PB 0x0000000084900000| Complete 
|  74|0x0000000084a00000, 0x0000000084b00000, 0x0000000084b00000|100%| O|  |TAMS 0x0000000084a00000| PB 0x0000000084a00000| Untracked 
|  75|0x0000000084b00000, 0x0000000084c00000, 0x0000000084c00000|100%| O|  |TAMS 0x0000000084b00000| PB 0x0000000084b00000| Untracked 
|  76|0x0000000084c00000, 0x0000000084d00000, 0x0000000084d00000|100%| O|  |TAMS 0x0000000084c00000| PB 0x0000000084c00000| Untracked 
|  77|0x0000000084d00000, 0x0000000084e00000, 0x0000000084e00000|100%| O|  |TAMS 0x0000000084d00000| PB 0x0000000084d00000| Untracked 
|  78|0x0000000084e00000, 0x0000000084f00000, 0x0000000084f00000|100%| O|  |TAMS 0x0000000084e00000| PB 0x0000000084e00000| Untracked 
|  79|0x0000000084f00000, 0x0000000085000000, 0x0000000085000000|100%| O|  |TAMS 0x0000000084f00000| PB 0x0000000084f00000| Untracked 
|  80|0x0000000085000000, 0x0000000085100000, 0x0000000085100000|100%| O|  |TAMS 0x0000000085000000| PB 0x0000000085000000| Untracked 
|  81|0x0000000085100000, 0x0000000085200000, 0x0000000085200000|100%| O|  |TAMS 0x0000000085100000| PB 0x0000000085100000| Untracked 
|  82|0x0000000085200000, 0x0000000085300000, 0x0000000085300000|100%| O|  |TAMS 0x0000000085200000| PB 0x0000000085200000| Untracked 
|  83|0x0000000085300000, 0x0000000085400000, 0x0000000085400000|100%| O|  |TAMS 0x0000000085300000| PB 0x0000000085300000| Untracked 
|  84|0x0000000085400000, 0x0000000085500000, 0x0000000085500000|100%| O|  |TAMS 0x0000000085400000| PB 0x0000000085400000| Untracked 
|  85|0x0000000085500000, 0x0000000085600000, 0x0000000085600000|100%| O|  |TAMS 0x0000000085500000| PB 0x0000000085500000| Untracked 
|  86|0x0000000085600000, 0x0000000085700000, 0x0000000085700000|100%| O|  |TAMS 0x0000000085600000| PB 0x0000000085600000| Untracked 
|  87|0x0000000085700000, 0x0000000085800000, 0x0000000085800000|100%| O|  |TAMS 0x0000000085700000| PB 0x0000000085700000| Untracked 
|  88|0x0000000085800000, 0x0000000085900000, 0x0000000085900000|100%| O|  |TAMS 0x0000000085800000| PB 0x0000000085800000| Untracked 
|  89|0x0000000085900000, 0x0000000085a00000, 0x0000000085a00000|100%| O|  |TAMS 0x0000000085900000| PB 0x0000000085900000| Untracked 
|  90|0x0000000085a00000, 0x0000000085b00000, 0x0000000085b00000|100%| O|  |TAMS 0x0000000085a00000| PB 0x0000000085a00000| Untracked 
|  91|0x0000000085b00000, 0x0000000085c00000, 0x0000000085c00000|100%| O|  |TAMS 0x0000000085b00000| PB 0x0000000085b00000| Untracked 
|  92|0x0000000085c00000, 0x0000000085d00000, 0x0000000085d00000|100%| O|  |TAMS 0x0000000085c00000| PB 0x0000000085c00000| Untracked 
|  93|0x0000000085d00000, 0x0000000085e00000, 0x0000000085e00000|100%| O|  |TAMS 0x0000000085d00000| PB 0x0000000085d00000| Untracked 
|  94|0x0000000085e00000, 0x0000000085f00000, 0x0000000085f00000|100%| O|  |TAMS 0x0000000085e00000| PB 0x0000000085e00000| Untracked 
|  95|0x0000000085f00000, 0x0000000086000000, 0x0000000086000000|100%| O|  |TAMS 0x0000000085f00000| PB 0x0000000085f00000| Untracked 
|  96|0x0000000086000000, 0x0000000086100000, 0x0000000086100000|100%| O|  |TAMS 0x0000000086000000| PB 0x0000000086000000| Untracked 
|  97|0x0000000086100000, 0x0000000086200000, 0x0000000086200000|100%| O|  |TAMS 0x0000000086100000| PB 0x0000000086100000| Untracked 
|  98|0x0000000086200000, 0x0000000086200000, 0x0000000086300000|  0%| F|  |TAMS 0x0000000086200000| PB 0x0000000086200000| Untracked 
|  99|0x0000000086300000, 0x0000000086300000, 0x0000000086400000|  0%| F|  |TAMS 0x0000000086300000| PB 0x0000000086300000| Untracked 
| 100|0x0000000086400000, 0x0000000086500000, 0x0000000086500000|100%| O|  |TAMS 0x0000000086400000| PB 0x0000000086400000| Untracked 
| 101|0x0000000086500000, 0x0000000086600000, 0x0000000086600000|100%| O|  |TAMS 0x0000000086500000| PB 0x0000000086500000| Untracked 
| 102|0x0000000086600000, 0x0000000086700000, 0x0000000086700000|100%| O|  |TAMS 0x0000000086600000| PB 0x0000000086600000| Untracked 
| 103|0x0000000086700000, 0x0000000086800000, 0x0000000086800000|100%| O|  |TAMS 0x0000000086700000| PB 0x0000000086700000| Untracked 
| 104|0x0000000086800000, 0x0000000086900000, 0x0000000086900000|100%| O|  |TAMS 0x0000000086800000| PB 0x0000000086800000| Untracked 
| 105|0x0000000086900000, 0x0000000086a00000, 0x0000000086a00000|100%| O|  |TAMS 0x0000000086900000| PB 0x0000000086900000| Untracked 
| 106|0x0000000086a00000, 0x0000000086a00000, 0x0000000086b00000|  0%| F|  |TAMS 0x0000000086a00000| PB 0x0000000086a00000| Untracked 
| 107|0x0000000086b00000, 0x0000000086c00000, 0x0000000086c00000|100%| O|  |TAMS 0x0000000086b00000| PB 0x0000000086b00000| Untracked 
| 108|0x0000000086c00000, 0x0000000086d00000, 0x0000000086d00000|100%| O|  |TAMS 0x0000000086c00000| PB 0x0000000086c00000| Untracked 
| 109|0x0000000086d00000, 0x0000000086e00000, 0x0000000086e00000|100%| O|  |TAMS 0x0000000086d00000| PB 0x0000000086d00000| Untracked 
| 110|0x0000000086e00000, 0x0000000086f00000, 0x0000000086f00000|100%| O|  |TAMS 0x0000000086e00000| PB 0x0000000086e00000| Untracked 
| 111|0x0000000086f00000, 0x0000000087000000, 0x0000000087000000|100%| O|  |TAMS 0x0000000086f00000| PB 0x0000000086f00000| Untracked 
| 112|0x0000000087000000, 0x0000000087100000, 0x0000000087100000|100%| O|  |TAMS 0x0000000087000000| PB 0x0000000087000000| Untracked 
| 113|0x0000000087100000, 0x0000000087200000, 0x0000000087200000|100%| O|Cm|TAMS 0x0000000087100000| PB 0x0000000087100000| Complete 
| 114|0x0000000087200000, 0x0000000087200000, 0x0000000087300000|  0%| F|  |TAMS 0x0000000087200000| PB 0x0000000087200000| Untracked 
| 115|0x0000000087300000, 0x0000000087400000, 0x0000000087400000|100%| O|  |TAMS 0x0000000087300000| PB 0x0000000087300000| Untracked 
| 116|0x0000000087400000, 0x0000000087500000, 0x0000000087500000|100%| O|  |TAMS 0x0000000087400000| PB 0x0000000087400000| Untracked 
| 117|0x0000000087500000, 0x0000000087600000, 0x0000000087600000|100%| O|  |TAMS 0x0000000087500000| PB 0x0000000087500000| Untracked 
| 118|0x0000000087600000, 0x0000000087700000, 0x0000000087700000|100%| O|  |TAMS 0x0000000087600000| PB 0x0000000087600000| Untracked 
| 119|0x0000000087700000, 0x0000000087800000, 0x0000000087800000|100%| O|  |TAMS 0x0000000087700000| PB 0x0000000087700000| Untracked 
| 120|0x0000000087800000, 0x0000000087900000, 0x0000000087900000|100%| O|  |TAMS 0x0000000087800000| PB 0x0000000087800000| Untracked 
| 121|0x0000000087900000, 0x0000000087a00000, 0x0000000087a00000|100%| O|  |TAMS 0x0000000087900000| PB 0x0000000087900000| Untracked 
| 122|0x0000000087a00000, 0x0000000087b00000, 0x0000000087b00000|100%| O|  |TAMS 0x0000000087a00000| PB 0x0000000087a00000| Untracked 
| 123|0x0000000087b00000, 0x0000000087c00000, 0x0000000087c00000|100%| O|  |TAMS 0x0000000087b00000| PB 0x0000000087b00000| Untracked 
| 124|0x0000000087c00000, 0x0000000087d00000, 0x0000000087d00000|100%| O|  |TAMS 0x0000000087c00000| PB 0x0000000087c00000| Untracked 
| 125|0x0000000087d00000, 0x0000000087e00000, 0x0000000087e00000|100%| O|  |TAMS 0x0000000087d00000| PB 0x0000000087d00000| Untracked 
| 126|0x0000000087e00000, 0x0000000087f00000, 0x0000000087f00000|100%| O|  |TAMS 0x0000000087e00000| PB 0x0000000087e00000| Untracked 
| 127|0x0000000087f00000, 0x0000000088000000, 0x0000000088000000|100%| O|  |TAMS 0x0000000087f00000| PB 0x0000000087f00000| Untracked 
| 128|0x0000000088000000, 0x0000000088100000, 0x0000000088100000|100%| O|  |TAMS 0x0000000088000000| PB 0x0000000088000000| Untracked 
| 129|0x0000000088100000, 0x0000000088200000, 0x0000000088200000|100%| O|  |TAMS 0x0000000088100000| PB 0x0000000088100000| Untracked 
| 130|0x0000000088200000, 0x0000000088300000, 0x0000000088300000|100%| O|  |TAMS 0x0000000088200000| PB 0x0000000088200000| Untracked 
| 131|0x0000000088300000, 0x0000000088400000, 0x0000000088400000|100%| O|Cm|TAMS 0x0000000088300000| PB 0x0000000088300000| Complete 
| 132|0x0000000088400000, 0x0000000088400000, 0x0000000088500000|  0%| F|  |TAMS 0x0000000088400000| PB 0x0000000088400000| Untracked 
| 133|0x0000000088500000, 0x0000000088600000, 0x0000000088600000|100%| O|  |TAMS 0x0000000088500000| PB 0x0000000088500000| Untracked 
| 134|0x0000000088600000, 0x0000000088700000, 0x0000000088700000|100%| O|  |TAMS 0x0000000088600000| PB 0x0000000088600000| Untracked 
| 135|0x0000000088700000, 0x0000000088800000, 0x0000000088800000|100%| O|  |TAMS 0x0000000088700000| PB 0x0000000088700000| Untracked 
| 136|0x0000000088800000, 0x0000000088900000, 0x0000000088900000|100%| O|  |TAMS 0x0000000088800000| PB 0x0000000088800000| Untracked 
| 137|0x0000000088900000, 0x0000000088a00000, 0x0000000088a00000|100%| O|  |TAMS 0x0000000088900000| PB 0x0000000088900000| Untracked 
| 138|0x0000000088a00000, 0x0000000088b00000, 0x0000000088b00000|100%| O|  |TAMS 0x0000000088a00000| PB 0x0000000088a00000| Untracked 
| 139|0x0000000088b00000, 0x0000000088c00000, 0x0000000088c00000|100%| O|  |TAMS 0x0000000088b00000| PB 0x0000000088b00000| Untracked 
| 140|0x0000000088c00000, 0x0000000088d00000, 0x0000000088d00000|100%| O|  |TAMS 0x0000000088c00000| PB 0x0000000088c00000| Untracked 
| 141|0x0000000088d00000, 0x0000000088e00000, 0x0000000088e00000|100%| O|  |TAMS 0x0000000088d00000| PB 0x0000000088d00000| Untracked 
| 142|0x0000000088e00000, 0x0000000088f00000, 0x0000000088f00000|100%| O|  |TAMS 0x0000000088e00000| PB 0x0000000088e00000| Untracked 
| 143|0x0000000088f00000, 0x0000000089000000, 0x0000000089000000|100%| O|  |TAMS 0x0000000088f00000| PB 0x0000000088f00000| Untracked 
| 144|0x0000000089000000, 0x0000000089100000, 0x0000000089100000|100%| O|  |TAMS 0x0000000089000000| PB 0x0000000089000000| Untracked 
| 145|0x0000000089100000, 0x0000000089200000, 0x0000000089200000|100%| O|  |TAMS 0x0000000089100000| PB 0x0000000089100000| Untracked 
| 146|0x0000000089200000, 0x0000000089300000, 0x0000000089300000|100%| O|  |TAMS 0x0000000089200000| PB 0x0000000089200000| Untracked 
| 147|0x0000000089300000, 0x0000000089400000, 0x0000000089400000|100%| O|  |TAMS 0x0000000089300000| PB 0x0000000089300000| Untracked 
| 148|0x0000000089400000, 0x0000000089500000, 0x0000000089500000|100%| O|  |TAMS 0x0000000089400000| PB 0x0000000089400000| Untracked 
| 149|0x0000000089500000, 0x0000000089600000, 0x0000000089600000|100%| O|  |TAMS 0x0000000089500000| PB 0x0000000089500000| Untracked 
| 150|0x0000000089600000, 0x0000000089700000, 0x0000000089700000|100%| O|  |TAMS 0x0000000089600000| PB 0x0000000089600000| Untracked 
| 151|0x0000000089700000, 0x0000000089800000, 0x0000000089800000|100%| O|  |TAMS 0x0000000089700000| PB 0x0000000089700000| Untracked 
| 152|0x0000000089800000, 0x0000000089900000, 0x0000000089900000|100%| O|Cm|TAMS 0x0000000089800000| PB 0x0000000089800000| Complete 
| 153|0x0000000089900000, 0x0000000089a00000, 0x0000000089a00000|100%| O|  |TAMS 0x0000000089900000| PB 0x0000000089900000| Untracked 
| 154|0x0000000089a00000, 0x0000000089b00000, 0x0000000089b00000|100%| O|  |TAMS 0x0000000089a00000| PB 0x0000000089a00000| Untracked 
| 155|0x0000000089b00000, 0x0000000089c00000, 0x0000000089c00000|100%| O|  |TAMS 0x0000000089b00000| PB 0x0000000089b00000| Untracked 
| 156|0x0000000089c00000, 0x0000000089d00000, 0x0000000089d00000|100%| O|  |TAMS 0x0000000089c00000| PB 0x0000000089c00000| Untracked 
| 157|0x0000000089d00000, 0x0000000089e00000, 0x0000000089e00000|100%| O|  |TAMS 0x0000000089d00000| PB 0x0000000089d00000| Untracked 
| 158|0x0000000089e00000, 0x0000000089f00000, 0x0000000089f00000|100%| O|  |TAMS 0x0000000089e00000| PB 0x0000000089e00000| Untracked 
| 159|0x0000000089f00000, 0x000000008a000000, 0x000000008a000000|100%| O|  |TAMS 0x0000000089f00000| PB 0x0000000089f00000| Untracked 
| 160|0x000000008a000000, 0x000000008a100000, 0x000000008a100000|100%| O|  |TAMS 0x000000008a000000| PB 0x000000008a000000| Untracked 
| 161|0x000000008a100000, 0x000000008a200000, 0x000000008a200000|100%| O|  |TAMS 0x000000008a100000| PB 0x000000008a100000| Untracked 
| 162|0x000000008a200000, 0x000000008a300000, 0x000000008a300000|100%| O|  |TAMS 0x000000008a200000| PB 0x000000008a200000| Untracked 
| 163|0x000000008a300000, 0x000000008a400000, 0x000000008a400000|100%| O|  |TAMS 0x000000008a300000| PB 0x000000008a300000| Untracked 
| 164|0x000000008a400000, 0x000000008a500000, 0x000000008a500000|100%| O|  |TAMS 0x000000008a400000| PB 0x000000008a400000| Untracked 
| 165|0x000000008a500000, 0x000000008a600000, 0x000000008a600000|100%| O|  |TAMS 0x000000008a500000| PB 0x000000008a500000| Untracked 
| 166|0x000000008a600000, 0x000000008a700000, 0x000000008a700000|100%| O|  |TAMS 0x000000008a600000| PB 0x000000008a600000| Untracked 
| 167|0x000000008a700000, 0x000000008a800000, 0x000000008a800000|100%| O|  |TAMS 0x000000008a700000| PB 0x000000008a700000| Untracked 
| 168|0x000000008a800000, 0x000000008a900000, 0x000000008a900000|100%| O|  |TAMS 0x000000008a800000| PB 0x000000008a800000| Untracked 
| 169|0x000000008a900000, 0x000000008aa00000, 0x000000008aa00000|100%| O|  |TAMS 0x000000008a900000| PB 0x000000008a900000| Untracked 
| 170|0x000000008aa00000, 0x000000008ab00000, 0x000000008ab00000|100%| O|  |TAMS 0x000000008aa00000| PB 0x000000008aa00000| Untracked 
| 171|0x000000008ab00000, 0x000000008ac00000, 0x000000008ac00000|100%| O|  |TAMS 0x000000008ab00000| PB 0x000000008ab00000| Untracked 
| 172|0x000000008ac00000, 0x000000008ad00000, 0x000000008ad00000|100%| O|  |TAMS 0x000000008ac00000| PB 0x000000008ac00000| Untracked 
| 173|0x000000008ad00000, 0x000000008ae00000, 0x000000008ae00000|100%| O|  |TAMS 0x000000008ad00000| PB 0x000000008ad00000| Untracked 
| 174|0x000000008ae00000, 0x000000008af00000, 0x000000008af00000|100%| O|  |TAMS 0x000000008ae00000| PB 0x000000008ae00000| Untracked 
| 175|0x000000008af00000, 0x000000008b000000, 0x000000008b000000|100%| O|  |TAMS 0x000000008af00000| PB 0x000000008af00000| Untracked 
| 176|0x000000008b000000, 0x000000008b100000, 0x000000008b100000|100%| O|  |TAMS 0x000000008b000000| PB 0x000000008b000000| Untracked 
| 177|0x000000008b100000, 0x000000008b200000, 0x000000008b200000|100%| O|  |TAMS 0x000000008b100000| PB 0x000000008b100000| Untracked 
| 178|0x000000008b200000, 0x000000008b300000, 0x000000008b300000|100%| O|  |TAMS 0x000000008b200000| PB 0x000000008b200000| Untracked 
| 179|0x000000008b300000, 0x000000008b400000, 0x000000008b400000|100%| O|  |TAMS 0x000000008b300000| PB 0x000000008b300000| Untracked 
| 180|0x000000008b400000, 0x000000008b500000, 0x000000008b500000|100%| O|  |TAMS 0x000000008b400000| PB 0x000000008b400000| Untracked 
| 181|0x000000008b500000, 0x000000008b600000, 0x000000008b600000|100%| O|  |TAMS 0x000000008b500000| PB 0x000000008b500000| Untracked 
| 182|0x000000008b600000, 0x000000008b700000, 0x000000008b700000|100%| O|  |TAMS 0x000000008b600000| PB 0x000000008b600000| Untracked 
| 183|0x000000008b700000, 0x000000008b800000, 0x000000008b800000|100%| O|  |TAMS 0x000000008b700000| PB 0x000000008b700000| Untracked 
| 184|0x000000008b800000, 0x000000008b900000, 0x000000008b900000|100%| O|  |TAMS 0x000000008b800000| PB 0x000000008b800000| Untracked 
| 185|0x000000008b900000, 0x000000008ba00000, 0x000000008ba00000|100%| O|  |TAMS 0x000000008b900000| PB 0x000000008b900000| Untracked 
| 186|0x000000008ba00000, 0x000000008bb00000, 0x000000008bb00000|100%| O|  |TAMS 0x000000008ba00000| PB 0x000000008ba00000| Untracked 
| 187|0x000000008bb00000, 0x000000008bb00000, 0x000000008bc00000|  0%| F|  |TAMS 0x000000008bb00000| PB 0x000000008bb00000| Untracked 
| 188|0x000000008bc00000, 0x000000008bd00000, 0x000000008bd00000|100%| O|  |TAMS 0x000000008bc00000| PB 0x000000008bc00000| Untracked 
| 189|0x000000008bd00000, 0x000000008be00000, 0x000000008be00000|100%| O|  |TAMS 0x000000008bd00000| PB 0x000000008bd00000| Untracked 
| 190|0x000000008be00000, 0x000000008bf00000, 0x000000008bf00000|100%| O|  |TAMS 0x000000008be00000| PB 0x000000008be00000| Untracked 
| 191|0x000000008bf00000, 0x000000008c000000, 0x000000008c000000|100%| O|  |TAMS 0x000000008bf00000| PB 0x000000008bf00000| Untracked 
| 192|0x000000008c000000, 0x000000008c100000, 0x000000008c100000|100%| O|  |TAMS 0x000000008c000000| PB 0x000000008c000000| Untracked 
| 193|0x000000008c100000, 0x000000008c200000, 0x000000008c200000|100%| O|  |TAMS 0x000000008c100000| PB 0x000000008c100000| Untracked 
| 194|0x000000008c200000, 0x000000008c300000, 0x000000008c300000|100%| O|  |TAMS 0x000000008c200000| PB 0x000000008c200000| Untracked 
| 195|0x000000008c300000, 0x000000008c400000, 0x000000008c400000|100%| O|  |TAMS 0x000000008c300000| PB 0x000000008c300000| Untracked 
| 196|0x000000008c400000, 0x000000008c500000, 0x000000008c500000|100%| O|  |TAMS 0x000000008c400000| PB 0x000000008c400000| Untracked 
| 197|0x000000008c500000, 0x000000008c600000, 0x000000008c600000|100%| O|  |TAMS 0x000000008c500000| PB 0x000000008c500000| Untracked 
| 198|0x000000008c600000, 0x000000008c700000, 0x000000008c700000|100%| O|  |TAMS 0x000000008c600000| PB 0x000000008c600000| Untracked 
| 199|0x000000008c700000, 0x000000008c800000, 0x000000008c800000|100%| O|  |TAMS 0x000000008c700000| PB 0x000000008c700000| Untracked 
| 200|0x000000008c800000, 0x000000008c800000, 0x000000008c900000|  0%| F|  |TAMS 0x000000008c800000| PB 0x000000008c800000| Untracked 
| 201|0x000000008c900000, 0x000000008ca00000, 0x000000008ca00000|100%| O|  |TAMS 0x000000008c900000| PB 0x000000008c900000| Untracked 
| 202|0x000000008ca00000, 0x000000008cb00000, 0x000000008cb00000|100%| O|  |TAMS 0x000000008ca00000| PB 0x000000008ca00000| Untracked 
| 203|0x000000008cb00000, 0x000000008cc00000, 0x000000008cc00000|100%| O|  |TAMS 0x000000008cb00000| PB 0x000000008cb00000| Untracked 
| 204|0x000000008cc00000, 0x000000008cd00000, 0x000000008cd00000|100%| O|  |TAMS 0x000000008cc00000| PB 0x000000008cc00000| Untracked 
| 205|0x000000008cd00000, 0x000000008ce00000, 0x000000008ce00000|100%| O|  |TAMS 0x000000008cd00000| PB 0x000000008cd00000| Untracked 
| 206|0x000000008ce00000, 0x000000008cf00000, 0x000000008cf00000|100%| O|  |TAMS 0x000000008ce00000| PB 0x000000008ce00000| Untracked 
| 207|0x000000008cf00000, 0x000000008d000000, 0x000000008d000000|100%| O|  |TAMS 0x000000008cf00000| PB 0x000000008cf00000| Untracked 
| 208|0x000000008d000000, 0x000000008d100000, 0x000000008d100000|100%| O|  |TAMS 0x000000008d000000| PB 0x000000008d000000| Untracked 
| 209|0x000000008d100000, 0x000000008d200000, 0x000000008d200000|100%| O|Cm|TAMS 0x000000008d100000| PB 0x000000008d100000| Complete 
| 210|0x000000008d200000, 0x000000008d300000, 0x000000008d300000|100%| O|  |TAMS 0x000000008d200000| PB 0x000000008d200000| Untracked 
| 211|0x000000008d300000, 0x000000008d400000, 0x000000008d400000|100%| O|  |TAMS 0x000000008d300000| PB 0x000000008d300000| Untracked 
| 212|0x000000008d400000, 0x000000008d500000, 0x000000008d500000|100%| O|  |TAMS 0x000000008d400000| PB 0x000000008d400000| Untracked 
| 213|0x000000008d500000, 0x000000008d600000, 0x000000008d600000|100%| O|  |TAMS 0x000000008d500000| PB 0x000000008d500000| Untracked 
| 214|0x000000008d600000, 0x000000008d700000, 0x000000008d700000|100%| O|  |TAMS 0x000000008d600000| PB 0x000000008d600000| Untracked 
| 215|0x000000008d700000, 0x000000008d800000, 0x000000008d800000|100%| O|  |TAMS 0x000000008d700000| PB 0x000000008d700000| Untracked 
| 216|0x000000008d800000, 0x000000008d900000, 0x000000008d900000|100%| O|  |TAMS 0x000000008d800000| PB 0x000000008d800000| Untracked 
| 217|0x000000008d900000, 0x000000008da00000, 0x000000008da00000|100%| O|  |TAMS 0x000000008d900000| PB 0x000000008d900000| Untracked 
| 218|0x000000008da00000, 0x000000008db00000, 0x000000008db00000|100%| O|  |TAMS 0x000000008da00000| PB 0x000000008da00000| Untracked 
| 219|0x000000008db00000, 0x000000008dc00000, 0x000000008dc00000|100%| O|  |TAMS 0x000000008db00000| PB 0x000000008db00000| Untracked 
| 220|0x000000008dc00000, 0x000000008dd00000, 0x000000008dd00000|100%| O|  |TAMS 0x000000008dc00000| PB 0x000000008dc00000| Untracked 
| 221|0x000000008dd00000, 0x000000008de00000, 0x000000008de00000|100%| O|  |TAMS 0x000000008dd00000| PB 0x000000008dd00000| Untracked 
| 222|0x000000008de00000, 0x000000008df00000, 0x000000008df00000|100%| O|  |TAMS 0x000000008de00000| PB 0x000000008de00000| Untracked 
| 223|0x000000008df00000, 0x000000008e000000, 0x000000008e000000|100%| O|  |TAMS 0x000000008df00000| PB 0x000000008df00000| Untracked 
| 224|0x000000008e000000, 0x000000008e100000, 0x000000008e100000|100%| O|  |TAMS 0x000000008e000000| PB 0x000000008e000000| Untracked 
| 225|0x000000008e100000, 0x000000008e200000, 0x000000008e200000|100%| O|  |TAMS 0x000000008e100000| PB 0x000000008e100000| Untracked 
| 226|0x000000008e200000, 0x000000008e300000, 0x000000008e300000|100%| O|  |TAMS 0x000000008e200000| PB 0x000000008e200000| Untracked 
| 227|0x000000008e300000, 0x000000008e400000, 0x000000008e400000|100%| O|  |TAMS 0x000000008e300000| PB 0x000000008e300000| Untracked 
| 228|0x000000008e400000, 0x000000008e500000, 0x000000008e500000|100%| O|  |TAMS 0x000000008e400000| PB 0x000000008e400000| Untracked 
| 229|0x000000008e500000, 0x000000008e600000, 0x000000008e600000|100%| O|  |TAMS 0x000000008e500000| PB 0x000000008e500000| Untracked 
| 230|0x000000008e600000, 0x000000008e700000, 0x000000008e700000|100%| O|  |TAMS 0x000000008e600000| PB 0x000000008e600000| Untracked 
| 231|0x000000008e700000, 0x000000008e800000, 0x000000008e800000|100%| O|  |TAMS 0x000000008e700000| PB 0x000000008e700000| Untracked 
| 232|0x000000008e800000, 0x000000008e900000, 0x000000008e900000|100%| O|  |TAMS 0x000000008e800000| PB 0x000000008e800000| Untracked 
| 233|0x000000008e900000, 0x000000008ea00000, 0x000000008ea00000|100%| O|  |TAMS 0x000000008e900000| PB 0x000000008e900000| Untracked 
| 234|0x000000008ea00000, 0x000000008ea00000, 0x000000008eb00000|  0%| F|  |TAMS 0x000000008ea00000| PB 0x000000008ea00000| Untracked 
| 235|0x000000008eb00000, 0x000000008ec00000, 0x000000008ec00000|100%| O|  |TAMS 0x000000008eb00000| PB 0x000000008eb00000| Untracked 
| 236|0x000000008ec00000, 0x000000008ed00000, 0x000000008ed00000|100%| O|  |TAMS 0x000000008ec00000| PB 0x000000008ec00000| Untracked 
| 237|0x000000008ed00000, 0x000000008ee00000, 0x000000008ee00000|100%| O|  |TAMS 0x000000008ed00000| PB 0x000000008ed00000| Untracked 
| 238|0x000000008ee00000, 0x000000008ef00000, 0x000000008ef00000|100%| O|  |TAMS 0x000000008ee00000| PB 0x000000008ee00000| Untracked 
| 239|0x000000008ef00000, 0x000000008f000000, 0x000000008f000000|100%| O|  |TAMS 0x000000008ef00000| PB 0x000000008ef00000| Untracked 
| 240|0x000000008f000000, 0x000000008f100000, 0x000000008f100000|100%| O|  |TAMS 0x000000008f000000| PB 0x000000008f000000| Untracked 
| 241|0x000000008f100000, 0x000000008f200000, 0x000000008f200000|100%| O|  |TAMS 0x000000008f100000| PB 0x000000008f100000| Untracked 
| 242|0x000000008f200000, 0x000000008f300000, 0x000000008f300000|100%| O|  |TAMS 0x000000008f200000| PB 0x000000008f200000| Untracked 
| 243|0x000000008f300000, 0x000000008f400000, 0x000000008f400000|100%| O|  |TAMS 0x000000008f300000| PB 0x000000008f300000| Untracked 
| 244|0x000000008f400000, 0x000000008f500000, 0x000000008f500000|100%| O|  |TAMS 0x000000008f400000| PB 0x000000008f400000| Untracked 
| 245|0x000000008f500000, 0x000000008f600000, 0x000000008f600000|100%| O|  |TAMS 0x000000008f500000| PB 0x000000008f500000| Untracked 
| 246|0x000000008f600000, 0x000000008f700000, 0x000000008f700000|100%| O|  |TAMS 0x000000008f600000| PB 0x000000008f600000| Untracked 
| 247|0x000000008f700000, 0x000000008f800000, 0x000000008f800000|100%| O|  |TAMS 0x000000008f700000| PB 0x000000008f700000| Untracked 
| 248|0x000000008f800000, 0x000000008f900000, 0x000000008f900000|100%| O|  |TAMS 0x000000008f800000| PB 0x000000008f800000| Untracked 
| 249|0x000000008f900000, 0x000000008fa00000, 0x000000008fa00000|100%| O|  |TAMS 0x000000008f900000| PB 0x000000008f900000| Untracked 
| 250|0x000000008fa00000, 0x000000008fb00000, 0x000000008fb00000|100%| O|  |TAMS 0x000000008fa00000| PB 0x000000008fa00000| Untracked 
| 251|0x000000008fb00000, 0x000000008fb00000, 0x000000008fc00000|  0%| F|  |TAMS 0x000000008fb00000| PB 0x000000008fb00000| Untracked 
| 252|0x000000008fc00000, 0x000000008fd00000, 0x000000008fd00000|100%| O|  |TAMS 0x000000008fc00000| PB 0x000000008fc00000| Untracked 
| 253|0x000000008fd00000, 0x000000008fe00000, 0x000000008fe00000|100%| O|  |TAMS 0x000000008fd00000| PB 0x000000008fd00000| Untracked 
| 254|0x000000008fe00000, 0x000000008ff00000, 0x000000008ff00000|100%| O|  |TAMS 0x000000008fe00000| PB 0x000000008fe00000| Untracked 
| 255|0x000000008ff00000, 0x0000000090000000, 0x0000000090000000|100%| O|  |TAMS 0x000000008ff00000| PB 0x000000008ff00000| Untracked 
| 256|0x0000000090000000, 0x0000000090100000, 0x0000000090100000|100%| O|  |TAMS 0x0000000090000000| PB 0x0000000090000000| Untracked 
| 257|0x0000000090100000, 0x0000000090200000, 0x0000000090200000|100%| O|  |TAMS 0x0000000090100000| PB 0x0000000090100000| Untracked 
| 258|0x0000000090200000, 0x0000000090300000, 0x0000000090300000|100%| O|  |TAMS 0x0000000090200000| PB 0x0000000090200000| Untracked 
| 259|0x0000000090300000, 0x0000000090400000, 0x0000000090400000|100%| O|  |TAMS 0x0000000090300000| PB 0x0000000090300000| Untracked 
| 260|0x0000000090400000, 0x0000000090500000, 0x0000000090500000|100%| O|  |TAMS 0x0000000090400000| PB 0x0000000090400000| Untracked 
| 261|0x0000000090500000, 0x0000000090500000, 0x0000000090600000|  0%| F|  |TAMS 0x0000000090500000| PB 0x0000000090500000| Untracked 
| 262|0x0000000090600000, 0x0000000090700000, 0x0000000090700000|100%| O|  |TAMS 0x0000000090600000| PB 0x0000000090600000| Untracked 
| 263|0x0000000090700000, 0x0000000090800000, 0x0000000090800000|100%| O|  |TAMS 0x0000000090700000| PB 0x0000000090700000| Untracked 
| 264|0x0000000090800000, 0x0000000090900000, 0x0000000090900000|100%| O|  |TAMS 0x0000000090800000| PB 0x0000000090800000| Untracked 
| 265|0x0000000090900000, 0x0000000090a00000, 0x0000000090a00000|100%| O|  |TAMS 0x0000000090900000| PB 0x0000000090900000| Untracked 
| 266|0x0000000090a00000, 0x0000000090b00000, 0x0000000090b00000|100%| O|  |TAMS 0x0000000090a00000| PB 0x0000000090a00000| Untracked 
| 267|0x0000000090b00000, 0x0000000090c00000, 0x0000000090c00000|100%| O|  |TAMS 0x0000000090b00000| PB 0x0000000090b00000| Untracked 
| 268|0x0000000090c00000, 0x0000000090d00000, 0x0000000090d00000|100%| O|  |TAMS 0x0000000090c00000| PB 0x0000000090c00000| Untracked 
| 269|0x0000000090d00000, 0x0000000090e00000, 0x0000000090e00000|100%| O|  |TAMS 0x0000000090d00000| PB 0x0000000090d00000| Untracked 
| 270|0x0000000090e00000, 0x0000000090f00000, 0x0000000090f00000|100%| O|  |TAMS 0x0000000090e00000| PB 0x0000000090e00000| Untracked 
| 271|0x0000000090f00000, 0x0000000091000000, 0x0000000091000000|100%| O|  |TAMS 0x0000000090f00000| PB 0x0000000090f00000| Untracked 
| 272|0x0000000091000000, 0x0000000091100000, 0x0000000091100000|100%| O|  |TAMS 0x0000000091000000| PB 0x0000000091000000| Untracked 
| 273|0x0000000091100000, 0x0000000091200000, 0x0000000091200000|100%| O|  |TAMS 0x0000000091100000| PB 0x0000000091100000| Untracked 
| 274|0x0000000091200000, 0x0000000091300000, 0x0000000091300000|100%| O|  |TAMS 0x0000000091200000| PB 0x0000000091200000| Untracked 
| 275|0x0000000091300000, 0x0000000091400000, 0x0000000091400000|100%| O|  |TAMS 0x0000000091300000| PB 0x0000000091300000| Untracked 
| 276|0x0000000091400000, 0x0000000091500000, 0x0000000091500000|100%| O|  |TAMS 0x0000000091400000| PB 0x0000000091400000| Untracked 
| 277|0x0000000091500000, 0x0000000091600000, 0x0000000091600000|100%| O|  |TAMS 0x0000000091500000| PB 0x0000000091500000| Untracked 
| 278|0x0000000091600000, 0x0000000091700000, 0x0000000091700000|100%| O|  |TAMS 0x0000000091600000| PB 0x0000000091600000| Untracked 
| 279|0x0000000091700000, 0x0000000091800000, 0x0000000091800000|100%| O|  |TAMS 0x0000000091700000| PB 0x0000000091700000| Untracked 
| 280|0x0000000091800000, 0x0000000091900000, 0x0000000091900000|100%| O|  |TAMS 0x0000000091800000| PB 0x0000000091800000| Untracked 
| 281|0x0000000091900000, 0x0000000091900000, 0x0000000091a00000|  0%| F|  |TAMS 0x0000000091900000| PB 0x0000000091900000| Untracked 
| 282|0x0000000091a00000, 0x0000000091b00000, 0x0000000091b00000|100%| O|  |TAMS 0x0000000091a00000| PB 0x0000000091a00000| Untracked 
| 283|0x0000000091b00000, 0x0000000091c00000, 0x0000000091c00000|100%| O|  |TAMS 0x0000000091b00000| PB 0x0000000091b00000| Untracked 
| 284|0x0000000091c00000, 0x0000000091d00000, 0x0000000091d00000|100%| O|  |TAMS 0x0000000091c00000| PB 0x0000000091c00000| Untracked 
| 285|0x0000000091d00000, 0x0000000091d00000, 0x0000000091e00000|  0%| F|  |TAMS 0x0000000091d00000| PB 0x0000000091d00000| Untracked 
| 286|0x0000000091e00000, 0x0000000091f00000, 0x0000000091f00000|100%| O|  |TAMS 0x0000000091e00000| PB 0x0000000091e00000| Untracked 
| 287|0x0000000091f00000, 0x0000000092000000, 0x0000000092000000|100%| O|  |TAMS 0x0000000091f00000| PB 0x0000000091f00000| Untracked 
| 288|0x0000000092000000, 0x0000000092100000, 0x0000000092100000|100%| O|  |TAMS 0x0000000092000000| PB 0x0000000092000000| Untracked 
| 289|0x0000000092100000, 0x0000000092200000, 0x0000000092200000|100%| O|  |TAMS 0x0000000092100000| PB 0x0000000092100000| Untracked 
| 290|0x0000000092200000, 0x0000000092300000, 0x0000000092300000|100%|HS|  |TAMS 0x0000000092200000| PB 0x0000000092200000| Complete 
| 291|0x0000000092300000, 0x0000000092400000, 0x0000000092400000|100%|HC|  |TAMS 0x0000000092300000| PB 0x0000000092300000| Complete 
| 292|0x0000000092400000, 0x0000000092500000, 0x0000000092500000|100%| O|Cm|TAMS 0x0000000092400000| PB 0x0000000092400000| Complete 
| 293|0x0000000092500000, 0x0000000092600000, 0x0000000092600000|100%| O|  |TAMS 0x0000000092500000| PB 0x0000000092500000| Untracked 
| 294|0x0000000092600000, 0x0000000092700000, 0x0000000092700000|100%| O|  |TAMS 0x0000000092600000| PB 0x0000000092600000| Untracked 
| 295|0x0000000092700000, 0x0000000092800000, 0x0000000092800000|100%| O|  |TAMS 0x0000000092700000| PB 0x0000000092700000| Untracked 
| 296|0x0000000092800000, 0x0000000092900000, 0x0000000092900000|100%| O|  |TAMS 0x0000000092800000| PB 0x0000000092800000| Untracked 
| 297|0x0000000092900000, 0x0000000092a00000, 0x0000000092a00000|100%| O|  |TAMS 0x0000000092900000| PB 0x0000000092900000| Untracked 
| 298|0x0000000092a00000, 0x0000000092b00000, 0x0000000092b00000|100%| O|  |TAMS 0x0000000092a00000| PB 0x0000000092a00000| Untracked 
| 299|0x0000000092b00000, 0x0000000092c00000, 0x0000000092c00000|100%| O|  |TAMS 0x0000000092b00000| PB 0x0000000092b00000| Untracked 
| 300|0x0000000092c00000, 0x0000000092d00000, 0x0000000092d00000|100%| O|  |TAMS 0x0000000092c00000| PB 0x0000000092c00000| Untracked 
| 301|0x0000000092d00000, 0x0000000092e00000, 0x0000000092e00000|100%| O|  |TAMS 0x0000000092d00000| PB 0x0000000092d00000| Untracked 
| 302|0x0000000092e00000, 0x0000000092f00000, 0x0000000092f00000|100%| O|  |TAMS 0x0000000092e00000| PB 0x0000000092e00000| Untracked 
| 303|0x0000000092f00000, 0x0000000093000000, 0x0000000093000000|100%| O|  |TAMS 0x0000000092f00000| PB 0x0000000092f00000| Untracked 
| 304|0x0000000093000000, 0x0000000093100000, 0x0000000093100000|100%| O|  |TAMS 0x0000000093000000| PB 0x0000000093000000| Untracked 
| 305|0x0000000093100000, 0x0000000093200000, 0x0000000093200000|100%| O|  |TAMS 0x0000000093100000| PB 0x0000000093100000| Untracked 
| 306|0x0000000093200000, 0x0000000093300000, 0x0000000093300000|100%| O|  |TAMS 0x0000000093200000| PB 0x0000000093200000| Untracked 
| 307|0x0000000093300000, 0x0000000093400000, 0x0000000093400000|100%| O|  |TAMS 0x0000000093300000| PB 0x0000000093300000| Untracked 
| 308|0x0000000093400000, 0x0000000093500000, 0x0000000093500000|100%| O|  |TAMS 0x0000000093400000| PB 0x0000000093400000| Untracked 
| 309|0x0000000093500000, 0x0000000093600000, 0x0000000093600000|100%| O|  |TAMS 0x0000000093500000| PB 0x0000000093500000| Untracked 
| 310|0x0000000093600000, 0x0000000093700000, 0x0000000093700000|100%| O|  |TAMS 0x0000000093600000| PB 0x0000000093600000| Untracked 
| 311|0x0000000093700000, 0x0000000093800000, 0x0000000093800000|100%| O|  |TAMS 0x0000000093700000| PB 0x0000000093700000| Untracked 
| 312|0x0000000093800000, 0x0000000093900000, 0x0000000093900000|100%| O|  |TAMS 0x0000000093800000| PB 0x0000000093800000| Untracked 
| 313|0x0000000093900000, 0x0000000093a00000, 0x0000000093a00000|100%| O|  |TAMS 0x0000000093900000| PB 0x0000000093900000| Untracked 
| 314|0x0000000093a00000, 0x0000000093b00000, 0x0000000093b00000|100%| O|  |TAMS 0x0000000093a00000| PB 0x0000000093a00000| Untracked 
| 315|0x0000000093b00000, 0x0000000093c00000, 0x0000000093c00000|100%| O|  |TAMS 0x0000000093b00000| PB 0x0000000093b00000| Untracked 
| 316|0x0000000093c00000, 0x0000000093d00000, 0x0000000093d00000|100%| O|  |TAMS 0x0000000093c00000| PB 0x0000000093c00000| Untracked 
| 317|0x0000000093d00000, 0x0000000093e00000, 0x0000000093e00000|100%| O|  |TAMS 0x0000000093d00000| PB 0x0000000093d00000| Untracked 
| 318|0x0000000093e00000, 0x0000000093f00000, 0x0000000093f00000|100%| O|  |TAMS 0x0000000093e00000| PB 0x0000000093e00000| Untracked 
| 319|0x0000000093f00000, 0x0000000094000000, 0x0000000094000000|100%| O|  |TAMS 0x0000000093f00000| PB 0x0000000093f00000| Untracked 
| 320|0x0000000094000000, 0x0000000094100000, 0x0000000094100000|100%| O|  |TAMS 0x0000000094000000| PB 0x0000000094000000| Untracked 
| 321|0x0000000094100000, 0x0000000094200000, 0x0000000094200000|100%| O|  |TAMS 0x0000000094100000| PB 0x0000000094100000| Untracked 
| 322|0x0000000094200000, 0x0000000094300000, 0x0000000094300000|100%| O|  |TAMS 0x0000000094200000| PB 0x0000000094200000| Untracked 
| 323|0x0000000094300000, 0x0000000094400000, 0x0000000094400000|100%| O|  |TAMS 0x0000000094300000| PB 0x0000000094300000| Untracked 
| 324|0x0000000094400000, 0x0000000094500000, 0x0000000094500000|100%| O|  |TAMS 0x0000000094400000| PB 0x0000000094400000| Untracked 
| 325|0x0000000094500000, 0x0000000094600000, 0x0000000094600000|100%| O|  |TAMS 0x0000000094500000| PB 0x0000000094500000| Untracked 
| 326|0x0000000094600000, 0x0000000094700000, 0x0000000094700000|100%| O|  |TAMS 0x0000000094600000| PB 0x0000000094600000| Untracked 
| 327|0x0000000094700000, 0x0000000094800000, 0x0000000094800000|100%| O|  |TAMS 0x0000000094700000| PB 0x0000000094700000| Untracked 
| 328|0x0000000094800000, 0x0000000094900000, 0x0000000094900000|100%| O|  |TAMS 0x0000000094800000| PB 0x0000000094800000| Untracked 
| 329|0x0000000094900000, 0x0000000094a00000, 0x0000000094a00000|100%| O|  |TAMS 0x0000000094900000| PB 0x0000000094900000| Untracked 
| 330|0x0000000094a00000, 0x0000000094b00000, 0x0000000094b00000|100%| O|  |TAMS 0x0000000094a00000| PB 0x0000000094a00000| Untracked 
| 331|0x0000000094b00000, 0x0000000094c00000, 0x0000000094c00000|100%| O|  |TAMS 0x0000000094b00000| PB 0x0000000094b00000| Untracked 
| 332|0x0000000094c00000, 0x0000000094d00000, 0x0000000094d00000|100%| O|  |TAMS 0x0000000094c00000| PB 0x0000000094c00000| Untracked 
| 333|0x0000000094d00000, 0x0000000094e00000, 0x0000000094e00000|100%| O|  |TAMS 0x0000000094d00000| PB 0x0000000094d00000| Untracked 
| 334|0x0000000094e00000, 0x0000000094f00000, 0x0000000094f00000|100%| O|  |TAMS 0x0000000094e00000| PB 0x0000000094e00000| Untracked 
| 335|0x0000000094f00000, 0x0000000095000000, 0x0000000095000000|100%| O|  |TAMS 0x0000000094f00000| PB 0x0000000094f00000| Untracked 
| 336|0x0000000095000000, 0x0000000095100000, 0x0000000095100000|100%| O|  |TAMS 0x0000000095000000| PB 0x0000000095000000| Untracked 
| 337|0x0000000095100000, 0x0000000095200000, 0x0000000095200000|100%| O|  |TAMS 0x0000000095100000| PB 0x0000000095100000| Untracked 
| 338|0x0000000095200000, 0x0000000095300000, 0x0000000095300000|100%| O|  |TAMS 0x0000000095200000| PB 0x0000000095200000| Untracked 
| 339|0x0000000095300000, 0x0000000095400000, 0x0000000095400000|100%| O|  |TAMS 0x0000000095300000| PB 0x0000000095300000| Untracked 
| 340|0x0000000095400000, 0x0000000095500000, 0x0000000095500000|100%| O|  |TAMS 0x0000000095400000| PB 0x0000000095400000| Untracked 
| 341|0x0000000095500000, 0x0000000095600000, 0x0000000095600000|100%| O|  |TAMS 0x0000000095500000| PB 0x0000000095500000| Untracked 
| 342|0x0000000095600000, 0x0000000095700000, 0x0000000095700000|100%| O|  |TAMS 0x0000000095600000| PB 0x0000000095600000| Untracked 
| 343|0x0000000095700000, 0x0000000095800000, 0x0000000095800000|100%| O|  |TAMS 0x0000000095700000| PB 0x0000000095700000| Untracked 
| 344|0x0000000095800000, 0x0000000095900000, 0x0000000095900000|100%| O|  |TAMS 0x0000000095800000| PB 0x0000000095800000| Untracked 
| 345|0x0000000095900000, 0x0000000095a00000, 0x0000000095a00000|100%| O|  |TAMS 0x0000000095900000| PB 0x0000000095900000| Untracked 
| 346|0x0000000095a00000, 0x0000000095b00000, 0x0000000095b00000|100%| O|  |TAMS 0x0000000095a00000| PB 0x0000000095a00000| Untracked 
| 347|0x0000000095b00000, 0x0000000095c00000, 0x0000000095c00000|100%| O|  |TAMS 0x0000000095b00000| PB 0x0000000095b00000| Untracked 
| 348|0x0000000095c00000, 0x0000000095d00000, 0x0000000095d00000|100%| O|  |TAMS 0x0000000095c00000| PB 0x0000000095c00000| Untracked 
| 349|0x0000000095d00000, 0x0000000095e00000, 0x0000000095e00000|100%| O|  |TAMS 0x0000000095d00000| PB 0x0000000095d00000| Untracked 
| 350|0x0000000095e00000, 0x0000000095f00000, 0x0000000095f00000|100%| O|  |TAMS 0x0000000095e00000| PB 0x0000000095e00000| Untracked 
| 351|0x0000000095f00000, 0x0000000096000000, 0x0000000096000000|100%| O|  |TAMS 0x0000000095f00000| PB 0x0000000095f00000| Untracked 
| 352|0x0000000096000000, 0x0000000096100000, 0x0000000096100000|100%| O|  |TAMS 0x0000000096000000| PB 0x0000000096000000| Untracked 
| 353|0x0000000096100000, 0x0000000096200000, 0x0000000096200000|100%| O|  |TAMS 0x0000000096100000| PB 0x0000000096100000| Untracked 
| 354|0x0000000096200000, 0x0000000096300000, 0x0000000096300000|100%| O|  |TAMS 0x0000000096200000| PB 0x0000000096200000| Untracked 
| 355|0x0000000096300000, 0x0000000096400000, 0x0000000096400000|100%| O|  |TAMS 0x0000000096300000| PB 0x0000000096300000| Untracked 
| 356|0x0000000096400000, 0x0000000096500000, 0x0000000096500000|100%| O|  |TAMS 0x0000000096400000| PB 0x0000000096400000| Untracked 
| 357|0x0000000096500000, 0x0000000096600000, 0x0000000096600000|100%| O|  |TAMS 0x0000000096500000| PB 0x0000000096500000| Untracked 
| 358|0x0000000096600000, 0x0000000096700000, 0x0000000096700000|100%| O|  |TAMS 0x0000000096600000| PB 0x0000000096600000| Untracked 
| 359|0x0000000096700000, 0x0000000096800000, 0x0000000096800000|100%| O|  |TAMS 0x0000000096700000| PB 0x0000000096700000| Untracked 
| 360|0x0000000096800000, 0x0000000096900000, 0x0000000096900000|100%| O|  |TAMS 0x0000000096800000| PB 0x0000000096800000| Untracked 
| 361|0x0000000096900000, 0x0000000096a00000, 0x0000000096a00000|100%| O|  |TAMS 0x0000000096900000| PB 0x0000000096900000| Untracked 
| 362|0x0000000096a00000, 0x0000000096b00000, 0x0000000096b00000|100%| O|  |TAMS 0x0000000096a00000| PB 0x0000000096a00000| Untracked 
| 363|0x0000000096b00000, 0x0000000096c00000, 0x0000000096c00000|100%| O|  |TAMS 0x0000000096b00000| PB 0x0000000096b00000| Untracked 
| 364|0x0000000096c00000, 0x0000000096d00000, 0x0000000096d00000|100%| O|  |TAMS 0x0000000096c00000| PB 0x0000000096c00000| Untracked 
| 365|0x0000000096d00000, 0x0000000096e00000, 0x0000000096e00000|100%| O|  |TAMS 0x0000000096d00000| PB 0x0000000096d00000| Untracked 
| 366|0x0000000096e00000, 0x0000000096f00000, 0x0000000096f00000|100%| O|  |TAMS 0x0000000096e00000| PB 0x0000000096e00000| Untracked 
| 367|0x0000000096f00000, 0x0000000097000000, 0x0000000097000000|100%| O|  |TAMS 0x0000000096f00000| PB 0x0000000096f00000| Untracked 
| 368|0x0000000097000000, 0x0000000097100000, 0x0000000097100000|100%| O|  |TAMS 0x0000000097000000| PB 0x0000000097000000| Untracked 
| 369|0x0000000097100000, 0x0000000097200000, 0x0000000097200000|100%| O|  |TAMS 0x0000000097100000| PB 0x0000000097100000| Untracked 
| 370|0x0000000097200000, 0x0000000097300000, 0x0000000097300000|100%| O|  |TAMS 0x0000000097200000| PB 0x0000000097200000| Untracked 
| 371|0x0000000097300000, 0x0000000097400000, 0x0000000097400000|100%| O|  |TAMS 0x0000000097300000| PB 0x0000000097300000| Untracked 
| 372|0x0000000097400000, 0x0000000097500000, 0x0000000097500000|100%| O|  |TAMS 0x0000000097400000| PB 0x0000000097400000| Untracked 
| 373|0x0000000097500000, 0x0000000097600000, 0x0000000097600000|100%| O|  |TAMS 0x0000000097500000| PB 0x0000000097500000| Untracked 
| 374|0x0000000097600000, 0x0000000097700000, 0x0000000097700000|100%| O|  |TAMS 0x0000000097600000| PB 0x0000000097600000| Untracked 
| 375|0x0000000097700000, 0x0000000097800000, 0x0000000097800000|100%| O|  |TAMS 0x0000000097700000| PB 0x0000000097700000| Untracked 
| 376|0x0000000097800000, 0x0000000097900000, 0x0000000097900000|100%| O|  |TAMS 0x0000000097800000| PB 0x0000000097800000| Untracked 
| 377|0x0000000097900000, 0x0000000097a00000, 0x0000000097a00000|100%| O|  |TAMS 0x0000000097900000| PB 0x0000000097900000| Untracked 
| 378|0x0000000097a00000, 0x0000000097b00000, 0x0000000097b00000|100%| O|  |TAMS 0x0000000097a00000| PB 0x0000000097a00000| Untracked 
| 379|0x0000000097b00000, 0x0000000097c00000, 0x0000000097c00000|100%| O|  |TAMS 0x0000000097b00000| PB 0x0000000097b00000| Untracked 
| 380|0x0000000097c00000, 0x0000000097d00000, 0x0000000097d00000|100%| O|  |TAMS 0x0000000097c00000| PB 0x0000000097c00000| Untracked 
| 381|0x0000000097d00000, 0x0000000097e00000, 0x0000000097e00000|100%| O|  |TAMS 0x0000000097d00000| PB 0x0000000097d00000| Untracked 
| 382|0x0000000097e00000, 0x0000000097f00000, 0x0000000097f00000|100%| O|  |TAMS 0x0000000097e00000| PB 0x0000000097e00000| Untracked 
| 383|0x0000000097f00000, 0x0000000098000000, 0x0000000098000000|100%| O|  |TAMS 0x0000000097f00000| PB 0x0000000097f00000| Untracked 
| 384|0x0000000098000000, 0x0000000098100000, 0x0000000098100000|100%| O|Cm|TAMS 0x0000000098000000| PB 0x0000000098000000| Complete 
| 385|0x0000000098100000, 0x0000000098200000, 0x0000000098200000|100%| O|  |TAMS 0x0000000098100000| PB 0x0000000098100000| Untracked 
| 386|0x0000000098200000, 0x0000000098300000, 0x0000000098300000|100%| O|  |TAMS 0x0000000098200000| PB 0x0000000098200000| Untracked 
| 387|0x0000000098300000, 0x0000000098400000, 0x0000000098400000|100%| O|  |TAMS 0x0000000098300000| PB 0x0000000098300000| Untracked 
| 388|0x0000000098400000, 0x0000000098500000, 0x0000000098500000|100%| O|  |TAMS 0x0000000098400000| PB 0x0000000098400000| Untracked 
| 389|0x0000000098500000, 0x0000000098600000, 0x0000000098600000|100%| O|  |TAMS 0x0000000098500000| PB 0x0000000098500000| Untracked 
| 390|0x0000000098600000, 0x0000000098700000, 0x0000000098700000|100%| O|  |TAMS 0x0000000098600000| PB 0x0000000098600000| Untracked 
| 391|0x0000000098700000, 0x0000000098800000, 0x0000000098800000|100%| O|  |TAMS 0x0000000098700000| PB 0x0000000098700000| Untracked 
| 392|0x0000000098800000, 0x0000000098900000, 0x0000000098900000|100%| O|  |TAMS 0x0000000098800000| PB 0x0000000098800000| Untracked 
| 393|0x0000000098900000, 0x0000000098a00000, 0x0000000098a00000|100%| O|  |TAMS 0x0000000098900000| PB 0x0000000098900000| Untracked 
| 394|0x0000000098a00000, 0x0000000098b00000, 0x0000000098b00000|100%| O|  |TAMS 0x0000000098a00000| PB 0x0000000098a00000| Untracked 
| 395|0x0000000098b00000, 0x0000000098c00000, 0x0000000098c00000|100%| O|  |TAMS 0x0000000098b00000| PB 0x0000000098b00000| Untracked 
| 396|0x0000000098c00000, 0x0000000098d00000, 0x0000000098d00000|100%| O|  |TAMS 0x0000000098c00000| PB 0x0000000098c00000| Untracked 
| 397|0x0000000098d00000, 0x0000000098e00000, 0x0000000098e00000|100%| O|  |TAMS 0x0000000098d00000| PB 0x0000000098d00000| Untracked 
| 398|0x0000000098e00000, 0x0000000098e00000, 0x0000000098f00000|  0%| F|  |TAMS 0x0000000098e00000| PB 0x0000000098e00000| Untracked 
| 399|0x0000000098f00000, 0x0000000099000000, 0x0000000099000000|100%| O|  |TAMS 0x0000000098f00000| PB 0x0000000098f00000| Untracked 
| 400|0x0000000099000000, 0x0000000099000000, 0x0000000099100000|  0%| F|  |TAMS 0x0000000099000000| PB 0x0000000099000000| Untracked 
| 401|0x0000000099100000, 0x0000000099100000, 0x0000000099200000|  0%| F|  |TAMS 0x0000000099100000| PB 0x0000000099100000| Untracked 
| 402|0x0000000099200000, 0x0000000099200000, 0x0000000099300000|  0%| F|  |TAMS 0x0000000099200000| PB 0x0000000099200000| Untracked 
| 403|0x0000000099300000, 0x0000000099300000, 0x0000000099400000|  0%| F|  |TAMS 0x0000000099300000| PB 0x0000000099300000| Untracked 
| 404|0x0000000099400000, 0x0000000099500000, 0x0000000099500000|100%| O|  |TAMS 0x0000000099400000| PB 0x0000000099400000| Untracked 
| 405|0x0000000099500000, 0x0000000099600000, 0x0000000099600000|100%| O|  |TAMS 0x0000000099500000| PB 0x0000000099500000| Untracked 
| 406|0x0000000099600000, 0x0000000099700000, 0x0000000099700000|100%| O|  |TAMS 0x0000000099600000| PB 0x0000000099600000| Untracked 
| 407|0x0000000099700000, 0x0000000099800000, 0x0000000099800000|100%| O|  |TAMS 0x0000000099700000| PB 0x0000000099700000| Untracked 
| 408|0x0000000099800000, 0x0000000099900000, 0x0000000099900000|100%|HS|  |TAMS 0x0000000099800000| PB 0x0000000099800000| Complete 
| 409|0x0000000099900000, 0x0000000099a00000, 0x0000000099a00000|100%|HC|  |TAMS 0x0000000099900000| PB 0x0000000099900000| Complete 
| 410|0x0000000099a00000, 0x0000000099b00000, 0x0000000099b00000|100%|HC|  |TAMS 0x0000000099a00000| PB 0x0000000099a00000| Complete 
| 411|0x0000000099b00000, 0x0000000099c00000, 0x0000000099c00000|100%|HC|  |TAMS 0x0000000099b00000| PB 0x0000000099b00000| Complete 
| 412|0x0000000099c00000, 0x0000000099d00000, 0x0000000099d00000|100%|HC|  |TAMS 0x0000000099c00000| PB 0x0000000099c00000| Complete 
| 413|0x0000000099d00000, 0x0000000099e00000, 0x0000000099e00000|100%|HC|  |TAMS 0x0000000099d00000| PB 0x0000000099d00000| Complete 
| 414|0x0000000099e00000, 0x0000000099f00000, 0x0000000099f00000|100%|HC|  |TAMS 0x0000000099e00000| PB 0x0000000099e00000| Complete 
| 415|0x0000000099f00000, 0x000000009a000000, 0x000000009a000000|100%|HC|  |TAMS 0x0000000099f00000| PB 0x0000000099f00000| Complete 
| 416|0x000000009a000000, 0x000000009a100000, 0x000000009a100000|100%| O|  |TAMS 0x000000009a000000| PB 0x000000009a000000| Untracked 
| 417|0x000000009a100000, 0x000000009a200000, 0x000000009a200000|100%| O|  |TAMS 0x000000009a100000| PB 0x000000009a100000| Untracked 
| 418|0x000000009a200000, 0x000000009a300000, 0x000000009a300000|100%| O|  |TAMS 0x000000009a200000| PB 0x000000009a200000| Untracked 
| 419|0x000000009a300000, 0x000000009a400000, 0x000000009a400000|100%| O|  |TAMS 0x000000009a300000| PB 0x000000009a300000| Untracked 
| 420|0x000000009a400000, 0x000000009a400000, 0x000000009a500000|  0%| F|  |TAMS 0x000000009a400000| PB 0x000000009a400000| Untracked 
| 421|0x000000009a500000, 0x000000009a600000, 0x000000009a600000|100%| O|  |TAMS 0x000000009a500000| PB 0x000000009a500000| Untracked 
| 422|0x000000009a600000, 0x000000009a700000, 0x000000009a700000|100%| O|  |TAMS 0x000000009a600000| PB 0x000000009a600000| Untracked 
| 423|0x000000009a700000, 0x000000009a800000, 0x000000009a800000|100%| O|Cm|TAMS 0x000000009a700000| PB 0x000000009a700000| Complete 
| 424|0x000000009a800000, 0x000000009a900000, 0x000000009a900000|100%| O|  |TAMS 0x000000009a800000| PB 0x000000009a800000| Untracked 
| 425|0x000000009a900000, 0x000000009aa00000, 0x000000009aa00000|100%| O|  |TAMS 0x000000009a900000| PB 0x000000009a900000| Untracked 
| 426|0x000000009aa00000, 0x000000009ab00000, 0x000000009ab00000|100%| O|  |TAMS 0x000000009aa00000| PB 0x000000009aa00000| Untracked 
| 427|0x000000009ab00000, 0x000000009ab00000, 0x000000009ac00000|  0%| F|  |TAMS 0x000000009ab00000| PB 0x000000009ab00000| Untracked 
| 428|0x000000009ac00000, 0x000000009ad00000, 0x000000009ad00000|100%| O|  |TAMS 0x000000009ac00000| PB 0x000000009ac00000| Untracked 
| 429|0x000000009ad00000, 0x000000009ae00000, 0x000000009ae00000|100%| O|  |TAMS 0x000000009ad00000| PB 0x000000009ad00000| Untracked 
| 430|0x000000009ae00000, 0x000000009ae00000, 0x000000009af00000|  0%| F|  |TAMS 0x000000009ae00000| PB 0x000000009ae00000| Untracked 
| 431|0x000000009af00000, 0x000000009af00000, 0x000000009b000000|  0%| F|  |TAMS 0x000000009af00000| PB 0x000000009af00000| Untracked 
| 432|0x000000009b000000, 0x000000009b000000, 0x000000009b100000|  0%| F|  |TAMS 0x000000009b000000| PB 0x000000009b000000| Untracked 
| 433|0x000000009b100000, 0x000000009b100000, 0x000000009b200000|  0%| F|  |TAMS 0x000000009b100000| PB 0x000000009b100000| Untracked 
| 434|0x000000009b200000, 0x000000009b200000, 0x000000009b300000|  0%| F|  |TAMS 0x000000009b200000| PB 0x000000009b200000| Untracked 
| 435|0x000000009b300000, 0x000000009b400000, 0x000000009b400000|100%| O|  |TAMS 0x000000009b300000| PB 0x000000009b300000| Untracked 
| 436|0x000000009b400000, 0x000000009b500000, 0x000000009b500000|100%| O|  |TAMS 0x000000009b400000| PB 0x000000009b400000| Untracked 
| 437|0x000000009b500000, 0x000000009b600000, 0x000000009b600000|100%| O|  |TAMS 0x000000009b500000| PB 0x000000009b500000| Untracked 
| 438|0x000000009b600000, 0x000000009b700000, 0x000000009b700000|100%| O|  |TAMS 0x000000009b600000| PB 0x000000009b600000| Untracked 
| 439|0x000000009b700000, 0x000000009b800000, 0x000000009b800000|100%| O|  |TAMS 0x000000009b700000| PB 0x000000009b700000| Untracked 
| 440|0x000000009b800000, 0x000000009b900000, 0x000000009b900000|100%| O|  |TAMS 0x000000009b800000| PB 0x000000009b800000| Untracked 
| 441|0x000000009b900000, 0x000000009ba00000, 0x000000009ba00000|100%| O|  |TAMS 0x000000009b900000| PB 0x000000009b900000| Untracked 
| 442|0x000000009ba00000, 0x000000009ba00000, 0x000000009bb00000|  0%| F|  |TAMS 0x000000009ba00000| PB 0x000000009ba00000| Untracked 
| 443|0x000000009bb00000, 0x000000009bb00000, 0x000000009bc00000|  0%| F|  |TAMS 0x000000009bb00000| PB 0x000000009bb00000| Untracked 
| 444|0x000000009bc00000, 0x000000009bc00000, 0x000000009bd00000|  0%| F|  |TAMS 0x000000009bc00000| PB 0x000000009bc00000| Untracked 
| 445|0x000000009bd00000, 0x000000009bd00000, 0x000000009be00000|  0%| F|  |TAMS 0x000000009bd00000| PB 0x000000009bd00000| Untracked 
| 446|0x000000009be00000, 0x000000009be00000, 0x000000009bf00000|  0%| F|  |TAMS 0x000000009be00000| PB 0x000000009be00000| Untracked 
| 447|0x000000009bf00000, 0x000000009bf00000, 0x000000009c000000|  0%| F|  |TAMS 0x000000009bf00000| PB 0x000000009bf00000| Untracked 
| 448|0x000000009c000000, 0x000000009c000000, 0x000000009c100000|  0%| F|  |TAMS 0x000000009c000000| PB 0x000000009c000000| Untracked 
| 449|0x000000009c100000, 0x000000009c100000, 0x000000009c200000|  0%| F|  |TAMS 0x000000009c100000| PB 0x000000009c100000| Untracked 
| 450|0x000000009c200000, 0x000000009c200000, 0x000000009c300000|  0%| F|  |TAMS 0x000000009c200000| PB 0x000000009c200000| Untracked 
| 451|0x000000009c300000, 0x000000009c300000, 0x000000009c400000|  0%| F|  |TAMS 0x000000009c300000| PB 0x000000009c300000| Untracked 
| 452|0x000000009c400000, 0x000000009c400000, 0x000000009c500000|  0%| F|  |TAMS 0x000000009c400000| PB 0x000000009c400000| Untracked 
| 453|0x000000009c500000, 0x000000009c500000, 0x000000009c600000|  0%| F|  |TAMS 0x000000009c500000| PB 0x000000009c500000| Untracked 
| 454|0x000000009c600000, 0x000000009c600000, 0x000000009c700000|  0%| F|  |TAMS 0x000000009c600000| PB 0x000000009c600000| Untracked 
| 455|0x000000009c700000, 0x000000009c700000, 0x000000009c800000|  0%| F|  |TAMS 0x000000009c700000| PB 0x000000009c700000| Untracked 
| 456|0x000000009c800000, 0x000000009c800000, 0x000000009c900000|  0%| F|  |TAMS 0x000000009c800000| PB 0x000000009c800000| Untracked 
| 457|0x000000009c900000, 0x000000009c900000, 0x000000009ca00000|  0%| F|  |TAMS 0x000000009c900000| PB 0x000000009c900000| Untracked 
| 458|0x000000009ca00000, 0x000000009ca00000, 0x000000009cb00000|  0%| F|  |TAMS 0x000000009ca00000| PB 0x000000009ca00000| Untracked 
| 459|0x000000009cb00000, 0x000000009cb00000, 0x000000009cc00000|  0%| F|  |TAMS 0x000000009cb00000| PB 0x000000009cb00000| Untracked 
| 460|0x000000009cc00000, 0x000000009cc00000, 0x000000009cd00000|  0%| F|  |TAMS 0x000000009cc00000| PB 0x000000009cc00000| Untracked 
| 461|0x000000009cd00000, 0x000000009cd00000, 0x000000009ce00000|  0%| F|  |TAMS 0x000000009cd00000| PB 0x000000009cd00000| Untracked 
| 462|0x000000009ce00000, 0x000000009ce00000, 0x000000009cf00000|  0%| F|  |TAMS 0x000000009ce00000| PB 0x000000009ce00000| Untracked 
| 463|0x000000009cf00000, 0x000000009cf00000, 0x000000009d000000|  0%| F|  |TAMS 0x000000009cf00000| PB 0x000000009cf00000| Untracked 
| 464|0x000000009d000000, 0x000000009d000000, 0x000000009d100000|  0%| F|  |TAMS 0x000000009d000000| PB 0x000000009d000000| Untracked 
| 465|0x000000009d100000, 0x000000009d100000, 0x000000009d200000|  0%| F|  |TAMS 0x000000009d100000| PB 0x000000009d100000| Untracked 
| 466|0x000000009d200000, 0x000000009d200000, 0x000000009d300000|  0%| F|  |TAMS 0x000000009d200000| PB 0x000000009d200000| Untracked 
| 467|0x000000009d300000, 0x000000009d300000, 0x000000009d400000|  0%| F|  |TAMS 0x000000009d300000| PB 0x000000009d300000| Untracked 
| 468|0x000000009d400000, 0x000000009d400000, 0x000000009d500000|  0%| F|  |TAMS 0x000000009d400000| PB 0x000000009d400000| Untracked 
| 469|0x000000009d500000, 0x000000009d500000, 0x000000009d600000|  0%| F|  |TAMS 0x000000009d500000| PB 0x000000009d500000| Untracked 
| 470|0x000000009d600000, 0x000000009d600000, 0x000000009d700000|  0%| F|  |TAMS 0x000000009d600000| PB 0x000000009d600000| Untracked 
| 471|0x000000009d700000, 0x000000009d700000, 0x000000009d800000|  0%| F|  |TAMS 0x000000009d700000| PB 0x000000009d700000| Untracked 
| 472|0x000000009d800000, 0x000000009d800000, 0x000000009d900000|  0%| F|  |TAMS 0x000000009d800000| PB 0x000000009d800000| Untracked 
| 473|0x000000009d900000, 0x000000009d900000, 0x000000009da00000|  0%| F|  |TAMS 0x000000009d900000| PB 0x000000009d900000| Untracked 
| 474|0x000000009da00000, 0x000000009da00000, 0x000000009db00000|  0%| F|  |TAMS 0x000000009da00000| PB 0x000000009da00000| Untracked 
| 475|0x000000009db00000, 0x000000009db00000, 0x000000009dc00000|  0%| F|  |TAMS 0x000000009db00000| PB 0x000000009db00000| Untracked 
| 476|0x000000009dc00000, 0x000000009dc00000, 0x000000009dd00000|  0%| F|  |TAMS 0x000000009dc00000| PB 0x000000009dc00000| Untracked 
| 477|0x000000009dd00000, 0x000000009dd00000, 0x000000009de00000|  0%| F|  |TAMS 0x000000009dd00000| PB 0x000000009dd00000| Untracked 
| 478|0x000000009de00000, 0x000000009de00000, 0x000000009df00000|  0%| F|  |TAMS 0x000000009de00000| PB 0x000000009de00000| Untracked 
| 479|0x000000009df00000, 0x000000009df00000, 0x000000009e000000|  0%| F|  |TAMS 0x000000009df00000| PB 0x000000009df00000| Untracked 
| 480|0x000000009e000000, 0x000000009e000000, 0x000000009e100000|  0%| F|  |TAMS 0x000000009e000000| PB 0x000000009e000000| Untracked 
| 481|0x000000009e100000, 0x000000009e100000, 0x000000009e200000|  0%| F|  |TAMS 0x000000009e100000| PB 0x000000009e100000| Untracked 
| 482|0x000000009e200000, 0x000000009e200000, 0x000000009e300000|  0%| F|  |TAMS 0x000000009e200000| PB 0x000000009e200000| Untracked 
| 483|0x000000009e300000, 0x000000009e300000, 0x000000009e400000|  0%| F|  |TAMS 0x000000009e300000| PB 0x000000009e300000| Untracked 
| 484|0x000000009e400000, 0x000000009e400000, 0x000000009e500000|  0%| F|  |TAMS 0x000000009e400000| PB 0x000000009e400000| Untracked 
| 485|0x000000009e500000, 0x000000009e500000, 0x000000009e600000|  0%| F|  |TAMS 0x000000009e500000| PB 0x000000009e500000| Untracked 
| 486|0x000000009e600000, 0x000000009e700000, 0x000000009e700000|100%| O|  |TAMS 0x000000009e600000| PB 0x000000009e600000| Untracked 
| 487|0x000000009e700000, 0x000000009e800000, 0x000000009e800000|100%| O|  |TAMS 0x000000009e700000| PB 0x000000009e700000| Untracked 
| 488|0x000000009e800000, 0x000000009e900000, 0x000000009e900000|100%| O|  |TAMS 0x000000009e800000| PB 0x000000009e800000| Untracked 
| 489|0x000000009e900000, 0x000000009e900000, 0x000000009ea00000|  0%| F|  |TAMS 0x000000009e900000| PB 0x000000009e900000| Untracked 
| 490|0x000000009ea00000, 0x000000009ea00000, 0x000000009eb00000|  0%| F|  |TAMS 0x000000009ea00000| PB 0x000000009ea00000| Untracked 
| 491|0x000000009eb00000, 0x000000009eb00000, 0x000000009ec00000|  0%| F|  |TAMS 0x000000009eb00000| PB 0x000000009eb00000| Untracked 
| 492|0x000000009ec00000, 0x000000009ec00000, 0x000000009ed00000|  0%| F|  |TAMS 0x000000009ec00000| PB 0x000000009ec00000| Untracked 
| 493|0x000000009ed00000, 0x000000009ed00000, 0x000000009ee00000|  0%| F|  |TAMS 0x000000009ed00000| PB 0x000000009ed00000| Untracked 
| 494|0x000000009ee00000, 0x000000009ee00000, 0x000000009ef00000|  0%| F|  |TAMS 0x000000009ee00000| PB 0x000000009ee00000| Untracked 
| 495|0x000000009ef00000, 0x000000009ef00000, 0x000000009f000000|  0%| F|  |TAMS 0x000000009ef00000| PB 0x000000009ef00000| Untracked 
| 496|0x000000009f000000, 0x000000009f000000, 0x000000009f100000|  0%| F|  |TAMS 0x000000009f000000| PB 0x000000009f000000| Untracked 
| 497|0x000000009f100000, 0x000000009f100000, 0x000000009f200000|  0%| F|  |TAMS 0x000000009f100000| PB 0x000000009f100000| Untracked 
| 498|0x000000009f200000, 0x000000009f200000, 0x000000009f300000|  0%| F|  |TAMS 0x000000009f200000| PB 0x000000009f200000| Untracked 
| 499|0x000000009f300000, 0x000000009f300000, 0x000000009f400000|  0%| F|  |TAMS 0x000000009f300000| PB 0x000000009f300000| Untracked 
| 500|0x000000009f400000, 0x000000009f400000, 0x000000009f500000|  0%| F|  |TAMS 0x000000009f400000| PB 0x000000009f400000| Untracked 
| 501|0x000000009f500000, 0x000000009f500000, 0x000000009f600000|  0%| F|  |TAMS 0x000000009f500000| PB 0x000000009f500000| Untracked 
| 502|0x000000009f600000, 0x000000009f600000, 0x000000009f700000|  0%| F|  |TAMS 0x000000009f600000| PB 0x000000009f600000| Untracked 
| 503|0x000000009f700000, 0x000000009f700000, 0x000000009f800000|  0%| F|  |TAMS 0x000000009f700000| PB 0x000000009f700000| Untracked 
| 504|0x000000009f800000, 0x000000009f800000, 0x000000009f900000|  0%| F|  |TAMS 0x000000009f800000| PB 0x000000009f800000| Untracked 
| 505|0x000000009f900000, 0x000000009f900000, 0x000000009fa00000|  0%| F|  |TAMS 0x000000009f900000| PB 0x000000009f900000| Untracked 
| 506|0x000000009fa00000, 0x000000009fa00000, 0x000000009fb00000|  0%| F|  |TAMS 0x000000009fa00000| PB 0x000000009fa00000| Untracked 
| 507|0x000000009fb00000, 0x000000009fb00000, 0x000000009fc00000|  0%| F|  |TAMS 0x000000009fb00000| PB 0x000000009fb00000| Untracked 
| 508|0x000000009fc00000, 0x000000009fc00000, 0x000000009fd00000|  0%| F|  |TAMS 0x000000009fc00000| PB 0x000000009fc00000| Untracked 
| 509|0x000000009fd00000, 0x000000009fd00000, 0x000000009fe00000|  0%| F|  |TAMS 0x000000009fd00000| PB 0x000000009fd00000| Untracked 
| 510|0x000000009fe00000, 0x000000009fe00000, 0x000000009ff00000|  0%| F|  |TAMS 0x000000009fe00000| PB 0x000000009fe00000| Untracked 
| 511|0x000000009ff00000, 0x000000009ff00000, 0x00000000a0000000|  0%| F|  |TAMS 0x000000009ff00000| PB 0x000000009ff00000| Untracked 
| 512|0x00000000a0000000, 0x00000000a0000000, 0x00000000a0100000|  0%| F|  |TAMS 0x00000000a0000000| PB 0x00000000a0000000| Untracked 
| 513|0x00000000a0100000, 0x00000000a0100000, 0x00000000a0200000|  0%| F|  |TAMS 0x00000000a0100000| PB 0x00000000a0100000| Untracked 
| 514|0x00000000a0200000, 0x00000000a0200000, 0x00000000a0300000|  0%| F|  |TAMS 0x00000000a0200000| PB 0x00000000a0200000| Untracked 
| 515|0x00000000a0300000, 0x00000000a0300000, 0x00000000a0400000|  0%| F|  |TAMS 0x00000000a0300000| PB 0x00000000a0300000| Untracked 
| 516|0x00000000a0400000, 0x00000000a0400000, 0x00000000a0500000|  0%| F|  |TAMS 0x00000000a0400000| PB 0x00000000a0400000| Untracked 
| 517|0x00000000a0500000, 0x00000000a0500000, 0x00000000a0600000|  0%| F|  |TAMS 0x00000000a0500000| PB 0x00000000a0500000| Untracked 
| 518|0x00000000a0600000, 0x00000000a0600000, 0x00000000a0700000|  0%| F|  |TAMS 0x00000000a0600000| PB 0x00000000a0600000| Untracked 
| 519|0x00000000a0700000, 0x00000000a0700000, 0x00000000a0800000|  0%| F|  |TAMS 0x00000000a0700000| PB 0x00000000a0700000| Untracked 
| 520|0x00000000a0800000, 0x00000000a0800000, 0x00000000a0900000|  0%| F|  |TAMS 0x00000000a0800000| PB 0x00000000a0800000| Untracked 
| 521|0x00000000a0900000, 0x00000000a0900000, 0x00000000a0a00000|  0%| F|  |TAMS 0x00000000a0900000| PB 0x00000000a0900000| Untracked 
| 522|0x00000000a0a00000, 0x00000000a0a00000, 0x00000000a0b00000|  0%| F|  |TAMS 0x00000000a0a00000| PB 0x00000000a0a00000| Untracked 
| 523|0x00000000a0b00000, 0x00000000a0b00000, 0x00000000a0c00000|  0%| F|  |TAMS 0x00000000a0b00000| PB 0x00000000a0b00000| Untracked 
| 524|0x00000000a0c00000, 0x00000000a0c00000, 0x00000000a0d00000|  0%| F|  |TAMS 0x00000000a0c00000| PB 0x00000000a0c00000| Untracked 
| 525|0x00000000a0d00000, 0x00000000a0d00000, 0x00000000a0e00000|  0%| F|  |TAMS 0x00000000a0d00000| PB 0x00000000a0d00000| Untracked 
| 526|0x00000000a0e00000, 0x00000000a0e00000, 0x00000000a0f00000|  0%| F|  |TAMS 0x00000000a0e00000| PB 0x00000000a0e00000| Untracked 
| 527|0x00000000a0f00000, 0x00000000a0f00000, 0x00000000a1000000|  0%| F|  |TAMS 0x00000000a0f00000| PB 0x00000000a0f00000| Untracked 
| 528|0x00000000a1000000, 0x00000000a1000000, 0x00000000a1100000|  0%| F|  |TAMS 0x00000000a1000000| PB 0x00000000a1000000| Untracked 
| 529|0x00000000a1100000, 0x00000000a1100000, 0x00000000a1200000|  0%| F|  |TAMS 0x00000000a1100000| PB 0x00000000a1100000| Untracked 
| 530|0x00000000a1200000, 0x00000000a1200000, 0x00000000a1300000|  0%| F|  |TAMS 0x00000000a1200000| PB 0x00000000a1200000| Untracked 
| 531|0x00000000a1300000, 0x00000000a1300000, 0x00000000a1400000|  0%| F|  |TAMS 0x00000000a1300000| PB 0x00000000a1300000| Untracked 
| 532|0x00000000a1400000, 0x00000000a1400000, 0x00000000a1500000|  0%| F|  |TAMS 0x00000000a1400000| PB 0x00000000a1400000| Untracked 
| 533|0x00000000a1500000, 0x00000000a1500000, 0x00000000a1600000|  0%| F|  |TAMS 0x00000000a1500000| PB 0x00000000a1500000| Untracked 
| 534|0x00000000a1600000, 0x00000000a1700000, 0x00000000a1700000|100%| O|  |TAMS 0x00000000a1600000| PB 0x00000000a1600000| Untracked 
| 535|0x00000000a1700000, 0x00000000a1800000, 0x00000000a1800000|100%| O|  |TAMS 0x00000000a1700000| PB 0x00000000a1700000| Untracked 
| 536|0x00000000a1800000, 0x00000000a1800000, 0x00000000a1900000|  0%| F|  |TAMS 0x00000000a1800000| PB 0x00000000a1800000| Untracked 
| 537|0x00000000a1900000, 0x00000000a1900000, 0x00000000a1a00000|  0%| F|  |TAMS 0x00000000a1900000| PB 0x00000000a1900000| Untracked 
| 538|0x00000000a1a00000, 0x00000000a1a00000, 0x00000000a1b00000|  0%| F|  |TAMS 0x00000000a1a00000| PB 0x00000000a1a00000| Untracked 
| 539|0x00000000a1b00000, 0x00000000a1b00000, 0x00000000a1c00000|  0%| F|  |TAMS 0x00000000a1b00000| PB 0x00000000a1b00000| Untracked 
| 540|0x00000000a1c00000, 0x00000000a1c00000, 0x00000000a1d00000|  0%| F|  |TAMS 0x00000000a1c00000| PB 0x00000000a1c00000| Untracked 
| 541|0x00000000a1d00000, 0x00000000a1d00000, 0x00000000a1e00000|  0%| F|  |TAMS 0x00000000a1d00000| PB 0x00000000a1d00000| Untracked 
| 542|0x00000000a1e00000, 0x00000000a1e00000, 0x00000000a1f00000|  0%| F|  |TAMS 0x00000000a1e00000| PB 0x00000000a1e00000| Untracked 
| 543|0x00000000a1f00000, 0x00000000a1f00000, 0x00000000a2000000|  0%| F|  |TAMS 0x00000000a1f00000| PB 0x00000000a1f00000| Untracked 
| 544|0x00000000a2000000, 0x00000000a2000000, 0x00000000a2100000|  0%| F|  |TAMS 0x00000000a2000000| PB 0x00000000a2000000| Untracked 
| 545|0x00000000a2100000, 0x00000000a2100000, 0x00000000a2200000|  0%| F|  |TAMS 0x00000000a2100000| PB 0x00000000a2100000| Untracked 
| 546|0x00000000a2200000, 0x00000000a2200000, 0x00000000a2300000|  0%| F|  |TAMS 0x00000000a2200000| PB 0x00000000a2200000| Untracked 
| 547|0x00000000a2300000, 0x00000000a2300000, 0x00000000a2400000|  0%| F|  |TAMS 0x00000000a2300000| PB 0x00000000a2300000| Untracked 
| 548|0x00000000a2400000, 0x00000000a2400000, 0x00000000a2500000|  0%| F|  |TAMS 0x00000000a2400000| PB 0x00000000a2400000| Untracked 
| 549|0x00000000a2500000, 0x00000000a2500000, 0x00000000a2600000|  0%| F|  |TAMS 0x00000000a2500000| PB 0x00000000a2500000| Untracked 
| 550|0x00000000a2600000, 0x00000000a2700000, 0x00000000a2700000|100%|HS|  |TAMS 0x00000000a2600000| PB 0x00000000a2600000| Complete 
| 551|0x00000000a2700000, 0x00000000a2700000, 0x00000000a2800000|  0%| F|  |TAMS 0x00000000a2700000| PB 0x00000000a2700000| Untracked 
| 552|0x00000000a2800000, 0x00000000a2900000, 0x00000000a2900000|100%| O|  |TAMS 0x00000000a2800000| PB 0x00000000a2800000| Untracked 
| 553|0x00000000a2900000, 0x00000000a2a00000, 0x00000000a2a00000|100%| O|  |TAMS 0x00000000a2900000| PB 0x00000000a2900000| Untracked 
| 554|0x00000000a2a00000, 0x00000000a2a00000, 0x00000000a2b00000|  0%| F|  |TAMS 0x00000000a2a00000| PB 0x00000000a2a00000| Untracked 
| 555|0x00000000a2b00000, 0x00000000a2b00000, 0x00000000a2c00000|  0%| F|  |TAMS 0x00000000a2b00000| PB 0x00000000a2b00000| Untracked 
| 556|0x00000000a2c00000, 0x00000000a2c00000, 0x00000000a2d00000|  0%| F|  |TAMS 0x00000000a2c00000| PB 0x00000000a2c00000| Untracked 
| 557|0x00000000a2d00000, 0x00000000a2d00000, 0x00000000a2e00000|  0%| F|  |TAMS 0x00000000a2d00000| PB 0x00000000a2d00000| Untracked 
| 558|0x00000000a2e00000, 0x00000000a2e00000, 0x00000000a2f00000|  0%| F|  |TAMS 0x00000000a2e00000| PB 0x00000000a2e00000| Untracked 
| 559|0x00000000a2f00000, 0x00000000a2f00000, 0x00000000a3000000|  0%| F|  |TAMS 0x00000000a2f00000| PB 0x00000000a2f00000| Untracked 
| 560|0x00000000a3000000, 0x00000000a3000000, 0x00000000a3100000|  0%| F|  |TAMS 0x00000000a3000000| PB 0x00000000a3000000| Untracked 
| 561|0x00000000a3100000, 0x00000000a3100000, 0x00000000a3200000|  0%| F|  |TAMS 0x00000000a3100000| PB 0x00000000a3100000| Untracked 
| 562|0x00000000a3200000, 0x00000000a3300000, 0x00000000a3300000|100%|HS|  |TAMS 0x00000000a3200000| PB 0x00000000a3200000| Complete 
| 563|0x00000000a3300000, 0x00000000a3400000, 0x00000000a3400000|100%|HC|  |TAMS 0x00000000a3300000| PB 0x00000000a3300000| Complete 
| 564|0x00000000a3400000, 0x00000000a3500000, 0x00000000a3500000|100%|HC|  |TAMS 0x00000000a3400000| PB 0x00000000a3400000| Complete 
| 565|0x00000000a3500000, 0x00000000a3500000, 0x00000000a3600000|  0%| F|  |TAMS 0x00000000a3500000| PB 0x00000000a3500000| Untracked 
| 566|0x00000000a3600000, 0x00000000a3600000, 0x00000000a3700000|  0%| F|  |TAMS 0x00000000a3600000| PB 0x00000000a3600000| Untracked 
| 567|0x00000000a3700000, 0x00000000a3700000, 0x00000000a3800000|  0%| F|  |TAMS 0x00000000a3700000| PB 0x00000000a3700000| Untracked 
| 568|0x00000000a3800000, 0x00000000a3900000, 0x00000000a3900000|100%| O|  |TAMS 0x00000000a3800000| PB 0x00000000a3800000| Untracked 
| 569|0x00000000a3900000, 0x00000000a3a00000, 0x00000000a3a00000|100%| O|Cm|TAMS 0x00000000a3900000| PB 0x00000000a3900000| Complete 
| 570|0x00000000a3a00000, 0x00000000a3a00000, 0x00000000a3b00000|  0%| F|  |TAMS 0x00000000a3a00000| PB 0x00000000a3a00000| Untracked 
| 571|0x00000000a3b00000, 0x00000000a3b00000, 0x00000000a3c00000|  0%| F|  |TAMS 0x00000000a3b00000| PB 0x00000000a3b00000| Untracked 
| 572|0x00000000a3c00000, 0x00000000a3c00000, 0x00000000a3d00000|  0%| F|  |TAMS 0x00000000a3c00000| PB 0x00000000a3c00000| Untracked 
| 573|0x00000000a3d00000, 0x00000000a3d00000, 0x00000000a3e00000|  0%| F|  |TAMS 0x00000000a3d00000| PB 0x00000000a3d00000| Untracked 
| 574|0x00000000a3e00000, 0x00000000a3e00000, 0x00000000a3f00000|  0%| F|  |TAMS 0x00000000a3e00000| PB 0x00000000a3e00000| Untracked 
| 575|0x00000000a3f00000, 0x00000000a3f00000, 0x00000000a4000000|  0%| F|  |TAMS 0x00000000a3f00000| PB 0x00000000a3f00000| Untracked 
| 576|0x00000000a4000000, 0x00000000a4000000, 0x00000000a4100000|  0%| F|  |TAMS 0x00000000a4000000| PB 0x00000000a4000000| Untracked 
| 577|0x00000000a4100000, 0x00000000a4100000, 0x00000000a4200000|  0%| F|  |TAMS 0x00000000a4100000| PB 0x00000000a4100000| Untracked 
| 578|0x00000000a4200000, 0x00000000a4200000, 0x00000000a4300000|  0%| F|  |TAMS 0x00000000a4200000| PB 0x00000000a4200000| Untracked 
| 579|0x00000000a4300000, 0x00000000a4300000, 0x00000000a4400000|  0%| F|  |TAMS 0x00000000a4300000| PB 0x00000000a4300000| Untracked 
| 580|0x00000000a4400000, 0x00000000a4400000, 0x00000000a4500000|  0%| F|  |TAMS 0x00000000a4400000| PB 0x00000000a4400000| Untracked 
| 581|0x00000000a4500000, 0x00000000a4500000, 0x00000000a4600000|  0%| F|  |TAMS 0x00000000a4500000| PB 0x00000000a4500000| Untracked 
| 582|0x00000000a4600000, 0x00000000a4600000, 0x00000000a4700000|  0%| F|  |TAMS 0x00000000a4600000| PB 0x00000000a4600000| Untracked 
| 583|0x00000000a4700000, 0x00000000a4700000, 0x00000000a4800000|  0%| F|  |TAMS 0x00000000a4700000| PB 0x00000000a4700000| Untracked 
| 584|0x00000000a4800000, 0x00000000a4800000, 0x00000000a4900000|  0%| F|  |TAMS 0x00000000a4800000| PB 0x00000000a4800000| Untracked 
| 585|0x00000000a4900000, 0x00000000a4900000, 0x00000000a4a00000|  0%| F|  |TAMS 0x00000000a4900000| PB 0x00000000a4900000| Untracked 
| 586|0x00000000a4a00000, 0x00000000a4a00000, 0x00000000a4b00000|  0%| F|  |TAMS 0x00000000a4a00000| PB 0x00000000a4a00000| Untracked 
| 587|0x00000000a4b00000, 0x00000000a4b00000, 0x00000000a4c00000|  0%| F|  |TAMS 0x00000000a4b00000| PB 0x00000000a4b00000| Untracked 
| 588|0x00000000a4c00000, 0x00000000a4c00000, 0x00000000a4d00000|  0%| F|  |TAMS 0x00000000a4c00000| PB 0x00000000a4c00000| Untracked 
| 589|0x00000000a4d00000, 0x00000000a4d00000, 0x00000000a4e00000|  0%| F|  |TAMS 0x00000000a4d00000| PB 0x00000000a4d00000| Untracked 
| 590|0x00000000a4e00000, 0x00000000a4e00000, 0x00000000a4f00000|  0%| F|  |TAMS 0x00000000a4e00000| PB 0x00000000a4e00000| Untracked 
| 591|0x00000000a4f00000, 0x00000000a4f00000, 0x00000000a5000000|  0%| F|  |TAMS 0x00000000a4f00000| PB 0x00000000a4f00000| Untracked 
| 592|0x00000000a5000000, 0x00000000a5000000, 0x00000000a5100000|  0%| F|  |TAMS 0x00000000a5000000| PB 0x00000000a5000000| Untracked 
| 593|0x00000000a5100000, 0x00000000a5100000, 0x00000000a5200000|  0%| F|  |TAMS 0x00000000a5100000| PB 0x00000000a5100000| Untracked 
| 594|0x00000000a5200000, 0x00000000a5200000, 0x00000000a5300000|  0%| F|  |TAMS 0x00000000a5200000| PB 0x00000000a5200000| Untracked 
| 595|0x00000000a5300000, 0x00000000a5300000, 0x00000000a5400000|  0%| F|  |TAMS 0x00000000a5300000| PB 0x00000000a5300000| Untracked 
| 596|0x00000000a5400000, 0x00000000a5400000, 0x00000000a5500000|  0%| F|  |TAMS 0x00000000a5400000| PB 0x00000000a5400000| Untracked 
| 597|0x00000000a5500000, 0x00000000a5500000, 0x00000000a5600000|  0%| F|  |TAMS 0x00000000a5500000| PB 0x00000000a5500000| Untracked 
| 598|0x00000000a5600000, 0x00000000a5600000, 0x00000000a5700000|  0%| F|  |TAMS 0x00000000a5600000| PB 0x00000000a5600000| Untracked 
| 599|0x00000000a5700000, 0x00000000a5700000, 0x00000000a5800000|  0%| F|  |TAMS 0x00000000a5700000| PB 0x00000000a5700000| Untracked 
| 600|0x00000000a5800000, 0x00000000a5800000, 0x00000000a5900000|  0%| F|  |TAMS 0x00000000a5800000| PB 0x00000000a5800000| Untracked 
| 601|0x00000000a5900000, 0x00000000a5900000, 0x00000000a5a00000|  0%| F|  |TAMS 0x00000000a5900000| PB 0x00000000a5900000| Untracked 
| 602|0x00000000a5a00000, 0x00000000a5a00000, 0x00000000a5b00000|  0%| F|  |TAMS 0x00000000a5a00000| PB 0x00000000a5a00000| Untracked 
| 603|0x00000000a5b00000, 0x00000000a5b00000, 0x00000000a5c00000|  0%| F|  |TAMS 0x00000000a5b00000| PB 0x00000000a5b00000| Untracked 
| 604|0x00000000a5c00000, 0x00000000a5c00000, 0x00000000a5d00000|  0%| F|  |TAMS 0x00000000a5c00000| PB 0x00000000a5c00000| Untracked 
| 605|0x00000000a5d00000, 0x00000000a5d00000, 0x00000000a5e00000|  0%| F|  |TAMS 0x00000000a5d00000| PB 0x00000000a5d00000| Untracked 
| 606|0x00000000a5e00000, 0x00000000a5e00000, 0x00000000a5f00000|  0%| F|  |TAMS 0x00000000a5e00000| PB 0x00000000a5e00000| Untracked 
| 607|0x00000000a5f00000, 0x00000000a5f00000, 0x00000000a6000000|  0%| F|  |TAMS 0x00000000a5f00000| PB 0x00000000a5f00000| Untracked 
| 608|0x00000000a6000000, 0x00000000a6000000, 0x00000000a6100000|  0%| F|  |TAMS 0x00000000a6000000| PB 0x00000000a6000000| Untracked 
| 609|0x00000000a6100000, 0x00000000a6100000, 0x00000000a6200000|  0%| F|  |TAMS 0x00000000a6100000| PB 0x00000000a6100000| Untracked 
| 610|0x00000000a6200000, 0x00000000a6200000, 0x00000000a6300000|  0%| F|  |TAMS 0x00000000a6200000| PB 0x00000000a6200000| Untracked 
| 611|0x00000000a6300000, 0x00000000a6300000, 0x00000000a6400000|  0%| F|  |TAMS 0x00000000a6300000| PB 0x00000000a6300000| Untracked 
| 612|0x00000000a6400000, 0x00000000a6400000, 0x00000000a6500000|  0%| F|  |TAMS 0x00000000a6400000| PB 0x00000000a6400000| Untracked 
| 613|0x00000000a6500000, 0x00000000a6500000, 0x00000000a6600000|  0%| F|  |TAMS 0x00000000a6500000| PB 0x00000000a6500000| Untracked 
| 614|0x00000000a6600000, 0x00000000a6600000, 0x00000000a6700000|  0%| F|  |TAMS 0x00000000a6600000| PB 0x00000000a6600000| Untracked 
| 615|0x00000000a6700000, 0x00000000a6700000, 0x00000000a6800000|  0%| F|  |TAMS 0x00000000a6700000| PB 0x00000000a6700000| Untracked 
| 616|0x00000000a6800000, 0x00000000a6800000, 0x00000000a6900000|  0%| F|  |TAMS 0x00000000a6800000| PB 0x00000000a6800000| Untracked 
| 617|0x00000000a6900000, 0x00000000a6900000, 0x00000000a6a00000|  0%| F|  |TAMS 0x00000000a6900000| PB 0x00000000a6900000| Untracked 
| 618|0x00000000a6a00000, 0x00000000a6a00000, 0x00000000a6b00000|  0%| F|  |TAMS 0x00000000a6a00000| PB 0x00000000a6a00000| Untracked 
| 619|0x00000000a6b00000, 0x00000000a6b00000, 0x00000000a6c00000|  0%| F|  |TAMS 0x00000000a6b00000| PB 0x00000000a6b00000| Untracked 
| 620|0x00000000a6c00000, 0x00000000a6c00000, 0x00000000a6d00000|  0%| F|  |TAMS 0x00000000a6c00000| PB 0x00000000a6c00000| Untracked 
| 621|0x00000000a6d00000, 0x00000000a6d00000, 0x00000000a6e00000|  0%| F|  |TAMS 0x00000000a6d00000| PB 0x00000000a6d00000| Untracked 
| 622|0x00000000a6e00000, 0x00000000a6e00000, 0x00000000a6f00000|  0%| F|  |TAMS 0x00000000a6e00000| PB 0x00000000a6e00000| Untracked 
| 623|0x00000000a6f00000, 0x00000000a6f00000, 0x00000000a7000000|  0%| F|  |TAMS 0x00000000a6f00000| PB 0x00000000a6f00000| Untracked 
| 624|0x00000000a7000000, 0x00000000a7000000, 0x00000000a7100000|  0%| F|  |TAMS 0x00000000a7000000| PB 0x00000000a7000000| Untracked 
| 625|0x00000000a7100000, 0x00000000a7100000, 0x00000000a7200000|  0%| F|  |TAMS 0x00000000a7100000| PB 0x00000000a7100000| Untracked 
| 626|0x00000000a7200000, 0x00000000a7200000, 0x00000000a7300000|  0%| F|  |TAMS 0x00000000a7200000| PB 0x00000000a7200000| Untracked 
| 627|0x00000000a7300000, 0x00000000a7300000, 0x00000000a7400000|  0%| F|  |TAMS 0x00000000a7300000| PB 0x00000000a7300000| Untracked 
| 628|0x00000000a7400000, 0x00000000a7400000, 0x00000000a7500000|  0%| F|  |TAMS 0x00000000a7400000| PB 0x00000000a7400000| Untracked 
| 629|0x00000000a7500000, 0x00000000a7500000, 0x00000000a7600000|  0%| F|  |TAMS 0x00000000a7500000| PB 0x00000000a7500000| Untracked 
| 630|0x00000000a7600000, 0x00000000a7600000, 0x00000000a7700000|  0%| F|  |TAMS 0x00000000a7600000| PB 0x00000000a7600000| Untracked 
| 631|0x00000000a7700000, 0x00000000a7700000, 0x00000000a7800000|  0%| F|  |TAMS 0x00000000a7700000| PB 0x00000000a7700000| Untracked 
| 632|0x00000000a7800000, 0x00000000a7800000, 0x00000000a7900000|  0%| F|  |TAMS 0x00000000a7800000| PB 0x00000000a7800000| Untracked 
| 633|0x00000000a7900000, 0x00000000a7900000, 0x00000000a7a00000|  0%| F|  |TAMS 0x00000000a7900000| PB 0x00000000a7900000| Untracked 
| 634|0x00000000a7a00000, 0x00000000a7a00000, 0x00000000a7b00000|  0%| F|  |TAMS 0x00000000a7a00000| PB 0x00000000a7a00000| Untracked 
| 635|0x00000000a7b00000, 0x00000000a7b00000, 0x00000000a7c00000|  0%| F|  |TAMS 0x00000000a7b00000| PB 0x00000000a7b00000| Untracked 
| 636|0x00000000a7c00000, 0x00000000a7c00000, 0x00000000a7d00000|  0%| F|  |TAMS 0x00000000a7c00000| PB 0x00000000a7c00000| Untracked 
| 637|0x00000000a7d00000, 0x00000000a7d00000, 0x00000000a7e00000|  0%| F|  |TAMS 0x00000000a7d00000| PB 0x00000000a7d00000| Untracked 
| 638|0x00000000a7e00000, 0x00000000a7e00000, 0x00000000a7f00000|  0%| F|  |TAMS 0x00000000a7e00000| PB 0x00000000a7e00000| Untracked 
| 639|0x00000000a7f00000, 0x00000000a7f00000, 0x00000000a8000000|  0%| F|  |TAMS 0x00000000a7f00000| PB 0x00000000a7f00000| Untracked 
| 640|0x00000000a8000000, 0x00000000a8000000, 0x00000000a8100000|  0%| F|  |TAMS 0x00000000a8000000| PB 0x00000000a8000000| Untracked 
| 641|0x00000000a8100000, 0x00000000a8100000, 0x00000000a8200000|  0%| F|  |TAMS 0x00000000a8100000| PB 0x00000000a8100000| Untracked 
| 642|0x00000000a8200000, 0x00000000a8200000, 0x00000000a8300000|  0%| F|  |TAMS 0x00000000a8200000| PB 0x00000000a8200000| Untracked 
| 643|0x00000000a8300000, 0x00000000a8300000, 0x00000000a8400000|  0%| F|  |TAMS 0x00000000a8300000| PB 0x00000000a8300000| Untracked 
| 644|0x00000000a8400000, 0x00000000a8400000, 0x00000000a8500000|  0%| F|  |TAMS 0x00000000a8400000| PB 0x00000000a8400000| Untracked 
| 645|0x00000000a8500000, 0x00000000a8500000, 0x00000000a8600000|  0%| F|  |TAMS 0x00000000a8500000| PB 0x00000000a8500000| Untracked 
| 646|0x00000000a8600000, 0x00000000a8600000, 0x00000000a8700000|  0%| F|  |TAMS 0x00000000a8600000| PB 0x00000000a8600000| Untracked 
| 647|0x00000000a8700000, 0x00000000a8700000, 0x00000000a8800000|  0%| F|  |TAMS 0x00000000a8700000| PB 0x00000000a8700000| Untracked 
| 648|0x00000000a8800000, 0x00000000a8800000, 0x00000000a8900000|  0%| F|  |TAMS 0x00000000a8800000| PB 0x00000000a8800000| Untracked 
| 649|0x00000000a8900000, 0x00000000a8900000, 0x00000000a8a00000|  0%| F|  |TAMS 0x00000000a8900000| PB 0x00000000a8900000| Untracked 
| 650|0x00000000a8a00000, 0x00000000a8a00000, 0x00000000a8b00000|  0%| F|  |TAMS 0x00000000a8a00000| PB 0x00000000a8a00000| Untracked 
| 651|0x00000000a8b00000, 0x00000000a8b00000, 0x00000000a8c00000|  0%| F|  |TAMS 0x00000000a8b00000| PB 0x00000000a8b00000| Untracked 
| 652|0x00000000a8c00000, 0x00000000a8c00000, 0x00000000a8d00000|  0%| F|  |TAMS 0x00000000a8c00000| PB 0x00000000a8c00000| Untracked 
| 653|0x00000000a8d00000, 0x00000000a8d00000, 0x00000000a8e00000|  0%| F|  |TAMS 0x00000000a8d00000| PB 0x00000000a8d00000| Untracked 
| 654|0x00000000a8e00000, 0x00000000a8e00000, 0x00000000a8f00000|  0%| F|  |TAMS 0x00000000a8e00000| PB 0x00000000a8e00000| Untracked 
| 655|0x00000000a8f00000, 0x00000000a8f00000, 0x00000000a9000000|  0%| F|  |TAMS 0x00000000a8f00000| PB 0x00000000a8f00000| Untracked 
| 656|0x00000000a9000000, 0x00000000a9000000, 0x00000000a9100000|  0%| F|  |TAMS 0x00000000a9000000| PB 0x00000000a9000000| Untracked 
| 657|0x00000000a9100000, 0x00000000a9100000, 0x00000000a9200000|  0%| F|  |TAMS 0x00000000a9100000| PB 0x00000000a9100000| Untracked 
| 658|0x00000000a9200000, 0x00000000a9200000, 0x00000000a9300000|  0%| F|  |TAMS 0x00000000a9200000| PB 0x00000000a9200000| Untracked 
| 659|0x00000000a9300000, 0x00000000a9300000, 0x00000000a9400000|  0%| F|  |TAMS 0x00000000a9300000| PB 0x00000000a9300000| Untracked 
| 660|0x00000000a9400000, 0x00000000a9400000, 0x00000000a9500000|  0%| F|  |TAMS 0x00000000a9400000| PB 0x00000000a9400000| Untracked 
| 661|0x00000000a9500000, 0x00000000a9500000, 0x00000000a9600000|  0%| F|  |TAMS 0x00000000a9500000| PB 0x00000000a9500000| Untracked 
| 662|0x00000000a9600000, 0x00000000a9600000, 0x00000000a9700000|  0%| F|  |TAMS 0x00000000a9600000| PB 0x00000000a9600000| Untracked 
| 663|0x00000000a9700000, 0x00000000a9700000, 0x00000000a9800000|  0%| F|  |TAMS 0x00000000a9700000| PB 0x00000000a9700000| Untracked 
| 664|0x00000000a9800000, 0x00000000a9800000, 0x00000000a9900000|  0%| F|  |TAMS 0x00000000a9800000| PB 0x00000000a9800000| Untracked 
| 665|0x00000000a9900000, 0x00000000a9900000, 0x00000000a9a00000|  0%| F|  |TAMS 0x00000000a9900000| PB 0x00000000a9900000| Untracked 
| 666|0x00000000a9a00000, 0x00000000a9a00000, 0x00000000a9b00000|  0%| F|  |TAMS 0x00000000a9a00000| PB 0x00000000a9a00000| Untracked 
| 667|0x00000000a9b00000, 0x00000000a9b00000, 0x00000000a9c00000|  0%| F|  |TAMS 0x00000000a9b00000| PB 0x00000000a9b00000| Untracked 
| 668|0x00000000a9c00000, 0x00000000a9c00000, 0x00000000a9d00000|  0%| F|  |TAMS 0x00000000a9c00000| PB 0x00000000a9c00000| Untracked 
| 669|0x00000000a9d00000, 0x00000000a9d00000, 0x00000000a9e00000|  0%| F|  |TAMS 0x00000000a9d00000| PB 0x00000000a9d00000| Untracked 
| 670|0x00000000a9e00000, 0x00000000a9e00000, 0x00000000a9f00000|  0%| F|  |TAMS 0x00000000a9e00000| PB 0x00000000a9e00000| Untracked 
| 671|0x00000000a9f00000, 0x00000000a9f00000, 0x00000000aa000000|  0%| F|  |TAMS 0x00000000a9f00000| PB 0x00000000a9f00000| Untracked 
| 672|0x00000000aa000000, 0x00000000aa000000, 0x00000000aa100000|  0%| F|  |TAMS 0x00000000aa000000| PB 0x00000000aa000000| Untracked 
| 673|0x00000000aa100000, 0x00000000aa100000, 0x00000000aa200000|  0%| F|  |TAMS 0x00000000aa100000| PB 0x00000000aa100000| Untracked 
| 674|0x00000000aa200000, 0x00000000aa200000, 0x00000000aa300000|  0%| F|  |TAMS 0x00000000aa200000| PB 0x00000000aa200000| Untracked 
| 675|0x00000000aa300000, 0x00000000aa300000, 0x00000000aa400000|  0%| F|  |TAMS 0x00000000aa300000| PB 0x00000000aa300000| Untracked 
| 676|0x00000000aa400000, 0x00000000aa400000, 0x00000000aa500000|  0%| F|  |TAMS 0x00000000aa400000| PB 0x00000000aa400000| Untracked 
| 677|0x00000000aa500000, 0x00000000aa500000, 0x00000000aa600000|  0%| F|  |TAMS 0x00000000aa500000| PB 0x00000000aa500000| Untracked 
| 678|0x00000000aa600000, 0x00000000aa600000, 0x00000000aa700000|  0%| F|  |TAMS 0x00000000aa600000| PB 0x00000000aa600000| Untracked 
| 679|0x00000000aa700000, 0x00000000aa700000, 0x00000000aa800000|  0%| F|  |TAMS 0x00000000aa700000| PB 0x00000000aa700000| Untracked 
| 680|0x00000000aa800000, 0x00000000aa800000, 0x00000000aa900000|  0%| F|  |TAMS 0x00000000aa800000| PB 0x00000000aa800000| Untracked 
| 681|0x00000000aa900000, 0x00000000aa900000, 0x00000000aaa00000|  0%| F|  |TAMS 0x00000000aa900000| PB 0x00000000aa900000| Untracked 
| 682|0x00000000aaa00000, 0x00000000aaa00000, 0x00000000aab00000|  0%| F|  |TAMS 0x00000000aaa00000| PB 0x00000000aaa00000| Untracked 
| 683|0x00000000aab00000, 0x00000000aab00000, 0x00000000aac00000|  0%| F|  |TAMS 0x00000000aab00000| PB 0x00000000aab00000| Untracked 
| 684|0x00000000aac00000, 0x00000000aac00000, 0x00000000aad00000|  0%| F|  |TAMS 0x00000000aac00000| PB 0x00000000aac00000| Untracked 
| 685|0x00000000aad00000, 0x00000000aad00000, 0x00000000aae00000|  0%| F|  |TAMS 0x00000000aad00000| PB 0x00000000aad00000| Untracked 
| 686|0x00000000aae00000, 0x00000000aae00000, 0x00000000aaf00000|  0%| F|  |TAMS 0x00000000aae00000| PB 0x00000000aae00000| Untracked 
| 687|0x00000000aaf00000, 0x00000000aaf00000, 0x00000000ab000000|  0%| F|  |TAMS 0x00000000aaf00000| PB 0x00000000aaf00000| Untracked 
| 688|0x00000000ab000000, 0x00000000ab000000, 0x00000000ab100000|  0%| F|  |TAMS 0x00000000ab000000| PB 0x00000000ab000000| Untracked 
| 689|0x00000000ab100000, 0x00000000ab100000, 0x00000000ab200000|  0%| F|  |TAMS 0x00000000ab100000| PB 0x00000000ab100000| Untracked 
| 690|0x00000000ab200000, 0x00000000ab200000, 0x00000000ab300000|  0%| F|  |TAMS 0x00000000ab200000| PB 0x00000000ab200000| Untracked 
| 691|0x00000000ab300000, 0x00000000ab300000, 0x00000000ab400000|  0%| F|  |TAMS 0x00000000ab300000| PB 0x00000000ab300000| Untracked 
| 692|0x00000000ab400000, 0x00000000ab400000, 0x00000000ab500000|  0%| F|  |TAMS 0x00000000ab400000| PB 0x00000000ab400000| Untracked 
| 693|0x00000000ab500000, 0x00000000ab500000, 0x00000000ab600000|  0%| F|  |TAMS 0x00000000ab500000| PB 0x00000000ab500000| Untracked 
| 694|0x00000000ab600000, 0x00000000ab600000, 0x00000000ab700000|  0%| F|  |TAMS 0x00000000ab600000| PB 0x00000000ab600000| Untracked 
| 695|0x00000000ab700000, 0x00000000ab700000, 0x00000000ab800000|  0%| F|  |TAMS 0x00000000ab700000| PB 0x00000000ab700000| Untracked 
| 696|0x00000000ab800000, 0x00000000ab800000, 0x00000000ab900000|  0%| F|  |TAMS 0x00000000ab800000| PB 0x00000000ab800000| Untracked 
| 697|0x00000000ab900000, 0x00000000ab900000, 0x00000000aba00000|  0%| F|  |TAMS 0x00000000ab900000| PB 0x00000000ab900000| Untracked 
| 698|0x00000000aba00000, 0x00000000aba00000, 0x00000000abb00000|  0%| F|  |TAMS 0x00000000aba00000| PB 0x00000000aba00000| Untracked 
| 699|0x00000000abb00000, 0x00000000abb00000, 0x00000000abc00000|  0%| F|  |TAMS 0x00000000abb00000| PB 0x00000000abb00000| Untracked 
| 700|0x00000000abc00000, 0x00000000abc00000, 0x00000000abd00000|  0%| F|  |TAMS 0x00000000abc00000| PB 0x00000000abc00000| Untracked 
| 701|0x00000000abd00000, 0x00000000abd00000, 0x00000000abe00000|  0%| F|  |TAMS 0x00000000abd00000| PB 0x00000000abd00000| Untracked 
| 702|0x00000000abe00000, 0x00000000abe00000, 0x00000000abf00000|  0%| F|  |TAMS 0x00000000abe00000| PB 0x00000000abe00000| Untracked 
| 703|0x00000000abf00000, 0x00000000abf00000, 0x00000000ac000000|  0%| F|  |TAMS 0x00000000abf00000| PB 0x00000000abf00000| Untracked 
| 704|0x00000000ac000000, 0x00000000ac000000, 0x00000000ac100000|  0%| F|  |TAMS 0x00000000ac000000| PB 0x00000000ac000000| Untracked 
| 705|0x00000000ac100000, 0x00000000ac100000, 0x00000000ac200000|  0%| F|  |TAMS 0x00000000ac100000| PB 0x00000000ac100000| Untracked 
| 706|0x00000000ac200000, 0x00000000ac200000, 0x00000000ac300000|  0%| F|  |TAMS 0x00000000ac200000| PB 0x00000000ac200000| Untracked 
| 707|0x00000000ac300000, 0x00000000ac300000, 0x00000000ac400000|  0%| F|  |TAMS 0x00000000ac300000| PB 0x00000000ac300000| Untracked 
| 708|0x00000000ac400000, 0x00000000ac400000, 0x00000000ac500000|  0%| F|  |TAMS 0x00000000ac400000| PB 0x00000000ac400000| Untracked 
| 709|0x00000000ac500000, 0x00000000ac500000, 0x00000000ac600000|  0%| F|  |TAMS 0x00000000ac500000| PB 0x00000000ac500000| Untracked 
| 710|0x00000000ac600000, 0x00000000ac600000, 0x00000000ac700000|  0%| F|  |TAMS 0x00000000ac600000| PB 0x00000000ac600000| Untracked 
| 711|0x00000000ac700000, 0x00000000ac700000, 0x00000000ac800000|  0%| F|  |TAMS 0x00000000ac700000| PB 0x00000000ac700000| Untracked 
| 712|0x00000000ac800000, 0x00000000ac800000, 0x00000000ac900000|  0%| F|  |TAMS 0x00000000ac800000| PB 0x00000000ac800000| Untracked 
| 713|0x00000000ac900000, 0x00000000ac900000, 0x00000000aca00000|  0%| F|  |TAMS 0x00000000ac900000| PB 0x00000000ac900000| Untracked 
| 714|0x00000000aca00000, 0x00000000aca00000, 0x00000000acb00000|  0%| F|  |TAMS 0x00000000aca00000| PB 0x00000000aca00000| Untracked 
| 715|0x00000000acb00000, 0x00000000acb00000, 0x00000000acc00000|  0%| F|  |TAMS 0x00000000acb00000| PB 0x00000000acb00000| Untracked 
| 716|0x00000000acc00000, 0x00000000acc00000, 0x00000000acd00000|  0%| F|  |TAMS 0x00000000acc00000| PB 0x00000000acc00000| Untracked 
| 717|0x00000000acd00000, 0x00000000acd00000, 0x00000000ace00000|  0%| F|  |TAMS 0x00000000acd00000| PB 0x00000000acd00000| Untracked 
| 718|0x00000000ace00000, 0x00000000ace00000, 0x00000000acf00000|  0%| F|  |TAMS 0x00000000ace00000| PB 0x00000000ace00000| Untracked 
| 719|0x00000000acf00000, 0x00000000acf00000, 0x00000000ad000000|  0%| F|  |TAMS 0x00000000acf00000| PB 0x00000000acf00000| Untracked 
| 720|0x00000000ad000000, 0x00000000ad000000, 0x00000000ad100000|  0%| F|  |TAMS 0x00000000ad000000| PB 0x00000000ad000000| Untracked 
| 721|0x00000000ad100000, 0x00000000ad100000, 0x00000000ad200000|  0%| F|  |TAMS 0x00000000ad100000| PB 0x00000000ad100000| Untracked 
| 722|0x00000000ad200000, 0x00000000ad200000, 0x00000000ad300000|  0%| F|  |TAMS 0x00000000ad200000| PB 0x00000000ad200000| Untracked 
| 723|0x00000000ad300000, 0x00000000ad300000, 0x00000000ad400000|  0%| F|  |TAMS 0x00000000ad300000| PB 0x00000000ad300000| Untracked 
| 724|0x00000000ad400000, 0x00000000ad400000, 0x00000000ad500000|  0%| F|  |TAMS 0x00000000ad400000| PB 0x00000000ad400000| Untracked 
| 725|0x00000000ad500000, 0x00000000ad500000, 0x00000000ad600000|  0%| F|  |TAMS 0x00000000ad500000| PB 0x00000000ad500000| Untracked 
| 726|0x00000000ad600000, 0x00000000ad600000, 0x00000000ad700000|  0%| F|  |TAMS 0x00000000ad600000| PB 0x00000000ad600000| Untracked 
| 727|0x00000000ad700000, 0x00000000ad700000, 0x00000000ad800000|  0%| F|  |TAMS 0x00000000ad700000| PB 0x00000000ad700000| Untracked 
| 728|0x00000000ad800000, 0x00000000ad800000, 0x00000000ad900000|  0%| F|  |TAMS 0x00000000ad800000| PB 0x00000000ad800000| Untracked 
| 729|0x00000000ad900000, 0x00000000ad900000, 0x00000000ada00000|  0%| F|  |TAMS 0x00000000ad900000| PB 0x00000000ad900000| Untracked 
| 730|0x00000000ada00000, 0x00000000ada00000, 0x00000000adb00000|  0%| F|  |TAMS 0x00000000ada00000| PB 0x00000000ada00000| Untracked 
| 731|0x00000000adb00000, 0x00000000adb00000, 0x00000000adc00000|  0%| F|  |TAMS 0x00000000adb00000| PB 0x00000000adb00000| Untracked 
| 732|0x00000000adc00000, 0x00000000adc00000, 0x00000000add00000|  0%| F|  |TAMS 0x00000000adc00000| PB 0x00000000adc00000| Untracked 
| 733|0x00000000add00000, 0x00000000add00000, 0x00000000ade00000|  0%| F|  |TAMS 0x00000000add00000| PB 0x00000000add00000| Untracked 
| 734|0x00000000ade00000, 0x00000000ade00000, 0x00000000adf00000|  0%| F|  |TAMS 0x00000000ade00000| PB 0x00000000ade00000| Untracked 
| 735|0x00000000adf00000, 0x00000000adf00000, 0x00000000ae000000|  0%| F|  |TAMS 0x00000000adf00000| PB 0x00000000adf00000| Untracked 
| 736|0x00000000ae000000, 0x00000000ae000000, 0x00000000ae100000|  0%| F|  |TAMS 0x00000000ae000000| PB 0x00000000ae000000| Untracked 
| 737|0x00000000ae100000, 0x00000000ae100000, 0x00000000ae200000|  0%| F|  |TAMS 0x00000000ae100000| PB 0x00000000ae100000| Untracked 
| 738|0x00000000ae200000, 0x00000000ae200000, 0x00000000ae300000|  0%| F|  |TAMS 0x00000000ae200000| PB 0x00000000ae200000| Untracked 
| 739|0x00000000ae300000, 0x00000000ae300000, 0x00000000ae400000|  0%| F|  |TAMS 0x00000000ae300000| PB 0x00000000ae300000| Untracked 
| 740|0x00000000ae400000, 0x00000000ae400000, 0x00000000ae500000|  0%| F|  |TAMS 0x00000000ae400000| PB 0x00000000ae400000| Untracked 
| 741|0x00000000ae500000, 0x00000000ae500000, 0x00000000ae600000|  0%| F|  |TAMS 0x00000000ae500000| PB 0x00000000ae500000| Untracked 
| 742|0x00000000ae600000, 0x00000000ae600000, 0x00000000ae700000|  0%| F|  |TAMS 0x00000000ae600000| PB 0x00000000ae600000| Untracked 
| 743|0x00000000ae700000, 0x00000000ae700000, 0x00000000ae800000|  0%| F|  |TAMS 0x00000000ae700000| PB 0x00000000ae700000| Untracked 
| 744|0x00000000ae800000, 0x00000000ae800000, 0x00000000ae900000|  0%| F|  |TAMS 0x00000000ae800000| PB 0x00000000ae800000| Untracked 
| 745|0x00000000ae900000, 0x00000000ae900000, 0x00000000aea00000|  0%| F|  |TAMS 0x00000000ae900000| PB 0x00000000ae900000| Untracked 
| 746|0x00000000aea00000, 0x00000000aea00000, 0x00000000aeb00000|  0%| F|  |TAMS 0x00000000aea00000| PB 0x00000000aea00000| Untracked 
| 747|0x00000000aeb00000, 0x00000000aeb00000, 0x00000000aec00000|  0%| F|  |TAMS 0x00000000aeb00000| PB 0x00000000aeb00000| Untracked 
| 748|0x00000000aec00000, 0x00000000aec00000, 0x00000000aed00000|  0%| F|  |TAMS 0x00000000aec00000| PB 0x00000000aec00000| Untracked 
| 749|0x00000000aed00000, 0x00000000aed00000, 0x00000000aee00000|  0%| F|  |TAMS 0x00000000aed00000| PB 0x00000000aed00000| Untracked 
| 750|0x00000000aee00000, 0x00000000aee00000, 0x00000000aef00000|  0%| F|  |TAMS 0x00000000aee00000| PB 0x00000000aee00000| Untracked 
| 751|0x00000000aef00000, 0x00000000aef00000, 0x00000000af000000|  0%| F|  |TAMS 0x00000000aef00000| PB 0x00000000aef00000| Untracked 
| 752|0x00000000af000000, 0x00000000af000000, 0x00000000af100000|  0%| F|  |TAMS 0x00000000af000000| PB 0x00000000af000000| Untracked 
| 753|0x00000000af100000, 0x00000000af100000, 0x00000000af200000|  0%| F|  |TAMS 0x00000000af100000| PB 0x00000000af100000| Untracked 
| 754|0x00000000af200000, 0x00000000af200000, 0x00000000af300000|  0%| F|  |TAMS 0x00000000af200000| PB 0x00000000af200000| Untracked 
| 755|0x00000000af300000, 0x00000000af300000, 0x00000000af400000|  0%| F|  |TAMS 0x00000000af300000| PB 0x00000000af300000| Untracked 
| 756|0x00000000af400000, 0x00000000af400000, 0x00000000af500000|  0%| F|  |TAMS 0x00000000af400000| PB 0x00000000af400000| Untracked 
| 757|0x00000000af500000, 0x00000000af500000, 0x00000000af600000|  0%| F|  |TAMS 0x00000000af500000| PB 0x00000000af500000| Untracked 
| 758|0x00000000af600000, 0x00000000af600000, 0x00000000af700000|  0%| F|  |TAMS 0x00000000af600000| PB 0x00000000af600000| Untracked 
| 759|0x00000000af700000, 0x00000000af700000, 0x00000000af800000|  0%| F|  |TAMS 0x00000000af700000| PB 0x00000000af700000| Untracked 
| 760|0x00000000af800000, 0x00000000af800000, 0x00000000af900000|  0%| F|  |TAMS 0x00000000af800000| PB 0x00000000af800000| Untracked 
| 761|0x00000000af900000, 0x00000000af900000, 0x00000000afa00000|  0%| F|  |TAMS 0x00000000af900000| PB 0x00000000af900000| Untracked 
| 762|0x00000000afa00000, 0x00000000afa00000, 0x00000000afb00000|  0%| F|  |TAMS 0x00000000afa00000| PB 0x00000000afa00000| Untracked 
| 763|0x00000000afb00000, 0x00000000afb00000, 0x00000000afc00000|  0%| F|  |TAMS 0x00000000afb00000| PB 0x00000000afb00000| Untracked 
| 764|0x00000000afc00000, 0x00000000afc00000, 0x00000000afd00000|  0%| F|  |TAMS 0x00000000afc00000| PB 0x00000000afc00000| Untracked 
| 765|0x00000000afd00000, 0x00000000afd00000, 0x00000000afe00000|  0%| F|  |TAMS 0x00000000afd00000| PB 0x00000000afd00000| Untracked 
| 766|0x00000000afe00000, 0x00000000afe00000, 0x00000000aff00000|  0%| F|  |TAMS 0x00000000afe00000| PB 0x00000000afe00000| Untracked 
| 767|0x00000000aff00000, 0x00000000aff00000, 0x00000000b0000000|  0%| F|  |TAMS 0x00000000aff00000| PB 0x00000000aff00000| Untracked 
| 768|0x00000000b0000000, 0x00000000b0000000, 0x00000000b0100000|  0%| F|  |TAMS 0x00000000b0000000| PB 0x00000000b0000000| Untracked 
| 769|0x00000000b0100000, 0x00000000b0100000, 0x00000000b0200000|  0%| F|  |TAMS 0x00000000b0100000| PB 0x00000000b0100000| Untracked 
| 770|0x00000000b0200000, 0x00000000b0200000, 0x00000000b0300000|  0%| F|  |TAMS 0x00000000b0200000| PB 0x00000000b0200000| Untracked 
| 771|0x00000000b0300000, 0x00000000b0300000, 0x00000000b0400000|  0%| F|  |TAMS 0x00000000b0300000| PB 0x00000000b0300000| Untracked 
| 772|0x00000000b0400000, 0x00000000b0400000, 0x00000000b0500000|  0%| F|  |TAMS 0x00000000b0400000| PB 0x00000000b0400000| Untracked 
| 773|0x00000000b0500000, 0x00000000b0500000, 0x00000000b0600000|  0%| F|  |TAMS 0x00000000b0500000| PB 0x00000000b0500000| Untracked 
| 774|0x00000000b0600000, 0x00000000b0600000, 0x00000000b0700000|  0%| F|  |TAMS 0x00000000b0600000| PB 0x00000000b0600000| Untracked 
| 775|0x00000000b0700000, 0x00000000b0700000, 0x00000000b0800000|  0%| F|  |TAMS 0x00000000b0700000| PB 0x00000000b0700000| Untracked 
| 776|0x00000000b0800000, 0x00000000b0800000, 0x00000000b0900000|  0%| F|  |TAMS 0x00000000b0800000| PB 0x00000000b0800000| Untracked 
| 777|0x00000000b0900000, 0x00000000b0900000, 0x00000000b0a00000|  0%| F|  |TAMS 0x00000000b0900000| PB 0x00000000b0900000| Untracked 
| 778|0x00000000b0a00000, 0x00000000b0a00000, 0x00000000b0b00000|  0%| F|  |TAMS 0x00000000b0a00000| PB 0x00000000b0a00000| Untracked 
| 779|0x00000000b0b00000, 0x00000000b0b00000, 0x00000000b0c00000|  0%| F|  |TAMS 0x00000000b0b00000| PB 0x00000000b0b00000| Untracked 
| 780|0x00000000b0c00000, 0x00000000b0c00000, 0x00000000b0d00000|  0%| F|  |TAMS 0x00000000b0c00000| PB 0x00000000b0c00000| Untracked 
| 781|0x00000000b0d00000, 0x00000000b0d00000, 0x00000000b0e00000|  0%| F|  |TAMS 0x00000000b0d00000| PB 0x00000000b0d00000| Untracked 
| 782|0x00000000b0e00000, 0x00000000b0e00000, 0x00000000b0f00000|  0%| F|  |TAMS 0x00000000b0e00000| PB 0x00000000b0e00000| Untracked 
| 783|0x00000000b0f00000, 0x00000000b0f00000, 0x00000000b1000000|  0%| F|  |TAMS 0x00000000b0f00000| PB 0x00000000b0f00000| Untracked 
| 784|0x00000000b1000000, 0x00000000b1000000, 0x00000000b1100000|  0%| F|  |TAMS 0x00000000b1000000| PB 0x00000000b1000000| Untracked 
| 785|0x00000000b1100000, 0x00000000b1100000, 0x00000000b1200000|  0%| F|  |TAMS 0x00000000b1100000| PB 0x00000000b1100000| Untracked 
| 786|0x00000000b1200000, 0x00000000b1200000, 0x00000000b1300000|  0%| F|  |TAMS 0x00000000b1200000| PB 0x00000000b1200000| Untracked 
| 787|0x00000000b1300000, 0x00000000b1300000, 0x00000000b1400000|  0%| F|  |TAMS 0x00000000b1300000| PB 0x00000000b1300000| Untracked 
| 788|0x00000000b1400000, 0x00000000b1400000, 0x00000000b1500000|  0%| F|  |TAMS 0x00000000b1400000| PB 0x00000000b1400000| Untracked 
| 789|0x00000000b1500000, 0x00000000b1500000, 0x00000000b1600000|  0%| F|  |TAMS 0x00000000b1500000| PB 0x00000000b1500000| Untracked 
| 790|0x00000000b1600000, 0x00000000b1600000, 0x00000000b1700000|  0%| F|  |TAMS 0x00000000b1600000| PB 0x00000000b1600000| Untracked 
| 791|0x00000000b1700000, 0x00000000b1700000, 0x00000000b1800000|  0%| F|  |TAMS 0x00000000b1700000| PB 0x00000000b1700000| Untracked 
| 792|0x00000000b1800000, 0x00000000b1800000, 0x00000000b1900000|  0%| F|  |TAMS 0x00000000b1800000| PB 0x00000000b1800000| Untracked 
| 793|0x00000000b1900000, 0x00000000b1900000, 0x00000000b1a00000|  0%| F|  |TAMS 0x00000000b1900000| PB 0x00000000b1900000| Untracked 
| 794|0x00000000b1a00000, 0x00000000b1a00000, 0x00000000b1b00000|  0%| F|  |TAMS 0x00000000b1a00000| PB 0x00000000b1a00000| Untracked 
| 795|0x00000000b1b00000, 0x00000000b1b00000, 0x00000000b1c00000|  0%| F|  |TAMS 0x00000000b1b00000| PB 0x00000000b1b00000| Untracked 
| 796|0x00000000b1c00000, 0x00000000b1c00000, 0x00000000b1d00000|  0%| F|  |TAMS 0x00000000b1c00000| PB 0x00000000b1c00000| Untracked 
| 797|0x00000000b1d00000, 0x00000000b1d00000, 0x00000000b1e00000|  0%| F|  |TAMS 0x00000000b1d00000| PB 0x00000000b1d00000| Untracked 
| 798|0x00000000b1e00000, 0x00000000b1e00000, 0x00000000b1f00000|  0%| F|  |TAMS 0x00000000b1e00000| PB 0x00000000b1e00000| Untracked 
| 799|0x00000000b1f00000, 0x00000000b1f00000, 0x00000000b2000000|  0%| F|  |TAMS 0x00000000b1f00000| PB 0x00000000b1f00000| Untracked 
| 800|0x00000000b2000000, 0x00000000b2000000, 0x00000000b2100000|  0%| F|  |TAMS 0x00000000b2000000| PB 0x00000000b2000000| Untracked 
| 801|0x00000000b2100000, 0x00000000b2100000, 0x00000000b2200000|  0%| F|  |TAMS 0x00000000b2100000| PB 0x00000000b2100000| Untracked 
| 802|0x00000000b2200000, 0x00000000b2200000, 0x00000000b2300000|  0%| F|  |TAMS 0x00000000b2200000| PB 0x00000000b2200000| Untracked 
| 803|0x00000000b2300000, 0x00000000b2300000, 0x00000000b2400000|  0%| F|  |TAMS 0x00000000b2300000| PB 0x00000000b2300000| Untracked 
| 804|0x00000000b2400000, 0x00000000b2400000, 0x00000000b2500000|  0%| F|  |TAMS 0x00000000b2400000| PB 0x00000000b2400000| Untracked 
| 805|0x00000000b2500000, 0x00000000b2500000, 0x00000000b2600000|  0%| F|  |TAMS 0x00000000b2500000| PB 0x00000000b2500000| Untracked 
| 806|0x00000000b2600000, 0x00000000b2600000, 0x00000000b2700000|  0%| F|  |TAMS 0x00000000b2600000| PB 0x00000000b2600000| Untracked 
| 807|0x00000000b2700000, 0x00000000b2700000, 0x00000000b2800000|  0%| F|  |TAMS 0x00000000b2700000| PB 0x00000000b2700000| Untracked 
| 808|0x00000000b2800000, 0x00000000b2800000, 0x00000000b2900000|  0%| F|  |TAMS 0x00000000b2800000| PB 0x00000000b2800000| Untracked 
| 809|0x00000000b2900000, 0x00000000b2900000, 0x00000000b2a00000|  0%| F|  |TAMS 0x00000000b2900000| PB 0x00000000b2900000| Untracked 
| 810|0x00000000b2a00000, 0x00000000b2a00000, 0x00000000b2b00000|  0%| F|  |TAMS 0x00000000b2a00000| PB 0x00000000b2a00000| Untracked 
| 811|0x00000000b2b00000, 0x00000000b2b00000, 0x00000000b2c00000|  0%| F|  |TAMS 0x00000000b2b00000| PB 0x00000000b2b00000| Untracked 
| 812|0x00000000b2c00000, 0x00000000b2c00000, 0x00000000b2d00000|  0%| F|  |TAMS 0x00000000b2c00000| PB 0x00000000b2c00000| Untracked 
| 813|0x00000000b2d00000, 0x00000000b2d00000, 0x00000000b2e00000|  0%| F|  |TAMS 0x00000000b2d00000| PB 0x00000000b2d00000| Untracked 
| 814|0x00000000b2e00000, 0x00000000b2e00000, 0x00000000b2f00000|  0%| F|  |TAMS 0x00000000b2e00000| PB 0x00000000b2e00000| Untracked 
| 815|0x00000000b2f00000, 0x00000000b2f00000, 0x00000000b3000000|  0%| F|  |TAMS 0x00000000b2f00000| PB 0x00000000b2f00000| Untracked 
| 816|0x00000000b3000000, 0x00000000b3000000, 0x00000000b3100000|  0%| F|  |TAMS 0x00000000b3000000| PB 0x00000000b3000000| Untracked 
| 817|0x00000000b3100000, 0x00000000b3100000, 0x00000000b3200000|  0%| F|  |TAMS 0x00000000b3100000| PB 0x00000000b3100000| Untracked 
| 818|0x00000000b3200000, 0x00000000b3200000, 0x00000000b3300000|  0%| F|  |TAMS 0x00000000b3200000| PB 0x00000000b3200000| Untracked 
| 819|0x00000000b3300000, 0x00000000b3300000, 0x00000000b3400000|  0%| F|  |TAMS 0x00000000b3300000| PB 0x00000000b3300000| Untracked 
| 820|0x00000000b3400000, 0x00000000b3400000, 0x00000000b3500000|  0%| F|  |TAMS 0x00000000b3400000| PB 0x00000000b3400000| Untracked 
| 821|0x00000000b3500000, 0x00000000b3500000, 0x00000000b3600000|  0%| F|  |TAMS 0x00000000b3500000| PB 0x00000000b3500000| Untracked 
| 822|0x00000000b3600000, 0x00000000b3600000, 0x00000000b3700000|  0%| F|  |TAMS 0x00000000b3600000| PB 0x00000000b3600000| Untracked 
| 823|0x00000000b3700000, 0x00000000b3700000, 0x00000000b3800000|  0%| F|  |TAMS 0x00000000b3700000| PB 0x00000000b3700000| Untracked 
| 824|0x00000000b3800000, 0x00000000b3800000, 0x00000000b3900000|  0%| F|  |TAMS 0x00000000b3800000| PB 0x00000000b3800000| Untracked 
| 825|0x00000000b3900000, 0x00000000b3900000, 0x00000000b3a00000|  0%| F|  |TAMS 0x00000000b3900000| PB 0x00000000b3900000| Untracked 
| 826|0x00000000b3a00000, 0x00000000b3a00000, 0x00000000b3b00000|  0%| F|  |TAMS 0x00000000b3a00000| PB 0x00000000b3a00000| Untracked 
| 827|0x00000000b3b00000, 0x00000000b3b00000, 0x00000000b3c00000|  0%| F|  |TAMS 0x00000000b3b00000| PB 0x00000000b3b00000| Untracked 
| 828|0x00000000b3c00000, 0x00000000b3c00000, 0x00000000b3d00000|  0%| F|  |TAMS 0x00000000b3c00000| PB 0x00000000b3c00000| Untracked 
| 829|0x00000000b3d00000, 0x00000000b3d00000, 0x00000000b3e00000|  0%| F|  |TAMS 0x00000000b3d00000| PB 0x00000000b3d00000| Untracked 
| 830|0x00000000b3e00000, 0x00000000b3e00000, 0x00000000b3f00000|  0%| F|  |TAMS 0x00000000b3e00000| PB 0x00000000b3e00000| Untracked 
| 831|0x00000000b3f00000, 0x00000000b3f00000, 0x00000000b4000000|  0%| F|  |TAMS 0x00000000b3f00000| PB 0x00000000b3f00000| Untracked 
| 832|0x00000000b4000000, 0x00000000b4000000, 0x00000000b4100000|  0%| F|  |TAMS 0x00000000b4000000| PB 0x00000000b4000000| Untracked 
| 833|0x00000000b4100000, 0x00000000b4100000, 0x00000000b4200000|  0%| F|  |TAMS 0x00000000b4100000| PB 0x00000000b4100000| Untracked 
| 834|0x00000000b4200000, 0x00000000b4200000, 0x00000000b4300000|  0%| F|  |TAMS 0x00000000b4200000| PB 0x00000000b4200000| Untracked 
| 835|0x00000000b4300000, 0x00000000b4300000, 0x00000000b4400000|  0%| F|  |TAMS 0x00000000b4300000| PB 0x00000000b4300000| Untracked 
| 836|0x00000000b4400000, 0x00000000b4400000, 0x00000000b4500000|  0%| F|  |TAMS 0x00000000b4400000| PB 0x00000000b4400000| Untracked 
| 837|0x00000000b4500000, 0x00000000b4500000, 0x00000000b4600000|  0%| F|  |TAMS 0x00000000b4500000| PB 0x00000000b4500000| Untracked 
| 838|0x00000000b4600000, 0x00000000b4600000, 0x00000000b4700000|  0%| F|  |TAMS 0x00000000b4600000| PB 0x00000000b4600000| Untracked 
| 839|0x00000000b4700000, 0x00000000b4700000, 0x00000000b4800000|  0%| F|  |TAMS 0x00000000b4700000| PB 0x00000000b4700000| Untracked 
| 840|0x00000000b4800000, 0x00000000b4800000, 0x00000000b4900000|  0%| F|  |TAMS 0x00000000b4800000| PB 0x00000000b4800000| Untracked 
| 841|0x00000000b4900000, 0x00000000b4900000, 0x00000000b4a00000|  0%| F|  |TAMS 0x00000000b4900000| PB 0x00000000b4900000| Untracked 
| 842|0x00000000b4a00000, 0x00000000b4a00000, 0x00000000b4b00000|  0%| F|  |TAMS 0x00000000b4a00000| PB 0x00000000b4a00000| Untracked 
| 843|0x00000000b4b00000, 0x00000000b4b00000, 0x00000000b4c00000|  0%| F|  |TAMS 0x00000000b4b00000| PB 0x00000000b4b00000| Untracked 
| 844|0x00000000b4c00000, 0x00000000b4c00000, 0x00000000b4d00000|  0%| F|  |TAMS 0x00000000b4c00000| PB 0x00000000b4c00000| Untracked 
| 845|0x00000000b4d00000, 0x00000000b4d00000, 0x00000000b4e00000|  0%| F|  |TAMS 0x00000000b4d00000| PB 0x00000000b4d00000| Untracked 
| 846|0x00000000b4e00000, 0x00000000b4e00000, 0x00000000b4f00000|  0%| F|  |TAMS 0x00000000b4e00000| PB 0x00000000b4e00000| Untracked 
| 847|0x00000000b4f00000, 0x00000000b4f00000, 0x00000000b5000000|  0%| F|  |TAMS 0x00000000b4f00000| PB 0x00000000b4f00000| Untracked 
| 848|0x00000000b5000000, 0x00000000b5000000, 0x00000000b5100000|  0%| F|  |TAMS 0x00000000b5000000| PB 0x00000000b5000000| Untracked 
| 849|0x00000000b5100000, 0x00000000b5100000, 0x00000000b5200000|  0%| F|  |TAMS 0x00000000b5100000| PB 0x00000000b5100000| Untracked 
| 850|0x00000000b5200000, 0x00000000b5200000, 0x00000000b5300000|  0%| F|  |TAMS 0x00000000b5200000| PB 0x00000000b5200000| Untracked 
| 851|0x00000000b5300000, 0x00000000b5300000, 0x00000000b5400000|  0%| F|  |TAMS 0x00000000b5300000| PB 0x00000000b5300000| Untracked 
| 852|0x00000000b5400000, 0x00000000b5400000, 0x00000000b5500000|  0%| F|  |TAMS 0x00000000b5400000| PB 0x00000000b5400000| Untracked 
| 853|0x00000000b5500000, 0x00000000b5500000, 0x00000000b5600000|  0%| F|  |TAMS 0x00000000b5500000| PB 0x00000000b5500000| Untracked 
| 854|0x00000000b5600000, 0x00000000b5600000, 0x00000000b5700000|  0%| F|  |TAMS 0x00000000b5600000| PB 0x00000000b5600000| Untracked 
| 855|0x00000000b5700000, 0x00000000b5700000, 0x00000000b5800000|  0%| F|  |TAMS 0x00000000b5700000| PB 0x00000000b5700000| Untracked 
| 856|0x00000000b5800000, 0x00000000b5800000, 0x00000000b5900000|  0%| F|  |TAMS 0x00000000b5800000| PB 0x00000000b5800000| Untracked 
| 857|0x00000000b5900000, 0x00000000b5900000, 0x00000000b5a00000|  0%| F|  |TAMS 0x00000000b5900000| PB 0x00000000b5900000| Untracked 
| 858|0x00000000b5a00000, 0x00000000b5a00000, 0x00000000b5b00000|  0%| F|  |TAMS 0x00000000b5a00000| PB 0x00000000b5a00000| Untracked 
| 859|0x00000000b5b00000, 0x00000000b5b00000, 0x00000000b5c00000|  0%| F|  |TAMS 0x00000000b5b00000| PB 0x00000000b5b00000| Untracked 
| 860|0x00000000b5c00000, 0x00000000b5c00000, 0x00000000b5d00000|  0%| F|  |TAMS 0x00000000b5c00000| PB 0x00000000b5c00000| Untracked 
| 861|0x00000000b5d00000, 0x00000000b5d00000, 0x00000000b5e00000|  0%| F|  |TAMS 0x00000000b5d00000| PB 0x00000000b5d00000| Untracked 
| 862|0x00000000b5e00000, 0x00000000b5e00000, 0x00000000b5f00000|  0%| F|  |TAMS 0x00000000b5e00000| PB 0x00000000b5e00000| Untracked 
| 863|0x00000000b5f00000, 0x00000000b5f00000, 0x00000000b6000000|  0%| F|  |TAMS 0x00000000b5f00000| PB 0x00000000b5f00000| Untracked 
| 864|0x00000000b6000000, 0x00000000b6000000, 0x00000000b6100000|  0%| F|  |TAMS 0x00000000b6000000| PB 0x00000000b6000000| Untracked 
| 865|0x00000000b6100000, 0x00000000b6100000, 0x00000000b6200000|  0%| F|  |TAMS 0x00000000b6100000| PB 0x00000000b6100000| Untracked 
| 866|0x00000000b6200000, 0x00000000b6200000, 0x00000000b6300000|  0%| F|  |TAMS 0x00000000b6200000| PB 0x00000000b6200000| Untracked 
| 867|0x00000000b6300000, 0x00000000b6300000, 0x00000000b6400000|  0%| F|  |TAMS 0x00000000b6300000| PB 0x00000000b6300000| Untracked 
| 868|0x00000000b6400000, 0x00000000b6400000, 0x00000000b6500000|  0%| F|  |TAMS 0x00000000b6400000| PB 0x00000000b6400000| Untracked 
| 869|0x00000000b6500000, 0x00000000b6500000, 0x00000000b6600000|  0%| F|  |TAMS 0x00000000b6500000| PB 0x00000000b6500000| Untracked 
| 870|0x00000000b6600000, 0x00000000b6600000, 0x00000000b6700000|  0%| F|  |TAMS 0x00000000b6600000| PB 0x00000000b6600000| Untracked 
| 871|0x00000000b6700000, 0x00000000b6700000, 0x00000000b6800000|  0%| F|  |TAMS 0x00000000b6700000| PB 0x00000000b6700000| Untracked 
| 872|0x00000000b6800000, 0x00000000b6800000, 0x00000000b6900000|  0%| F|  |TAMS 0x00000000b6800000| PB 0x00000000b6800000| Untracked 
| 873|0x00000000b6900000, 0x00000000b6900000, 0x00000000b6a00000|  0%| F|  |TAMS 0x00000000b6900000| PB 0x00000000b6900000| Untracked 
| 874|0x00000000b6a00000, 0x00000000b6a00000, 0x00000000b6b00000|  0%| F|  |TAMS 0x00000000b6a00000| PB 0x00000000b6a00000| Untracked 
| 875|0x00000000b6b00000, 0x00000000b6b00000, 0x00000000b6c00000|  0%| F|  |TAMS 0x00000000b6b00000| PB 0x00000000b6b00000| Untracked 
| 876|0x00000000b6c00000, 0x00000000b6c00000, 0x00000000b6d00000|  0%| F|  |TAMS 0x00000000b6c00000| PB 0x00000000b6c00000| Untracked 
| 877|0x00000000b6d00000, 0x00000000b6d00000, 0x00000000b6e00000|  0%| F|  |TAMS 0x00000000b6d00000| PB 0x00000000b6d00000| Untracked 
| 878|0x00000000b6e00000, 0x00000000b6e00000, 0x00000000b6f00000|  0%| F|  |TAMS 0x00000000b6e00000| PB 0x00000000b6e00000| Untracked 
| 879|0x00000000b6f00000, 0x00000000b6f00000, 0x00000000b7000000|  0%| F|  |TAMS 0x00000000b6f00000| PB 0x00000000b6f00000| Untracked 
| 880|0x00000000b7000000, 0x00000000b7000000, 0x00000000b7100000|  0%| F|  |TAMS 0x00000000b7000000| PB 0x00000000b7000000| Untracked 
| 881|0x00000000b7100000, 0x00000000b7100000, 0x00000000b7200000|  0%| F|  |TAMS 0x00000000b7100000| PB 0x00000000b7100000| Untracked 
| 882|0x00000000b7200000, 0x00000000b7200000, 0x00000000b7300000|  0%| F|  |TAMS 0x00000000b7200000| PB 0x00000000b7200000| Untracked 
| 883|0x00000000b7300000, 0x00000000b7300000, 0x00000000b7400000|  0%| F|  |TAMS 0x00000000b7300000| PB 0x00000000b7300000| Untracked 
| 884|0x00000000b7400000, 0x00000000b7400000, 0x00000000b7500000|  0%| F|  |TAMS 0x00000000b7400000| PB 0x00000000b7400000| Untracked 
| 885|0x00000000b7500000, 0x00000000b7500000, 0x00000000b7600000|  0%| F|  |TAMS 0x00000000b7500000| PB 0x00000000b7500000| Untracked 
| 886|0x00000000b7600000, 0x00000000b7600000, 0x00000000b7700000|  0%| F|  |TAMS 0x00000000b7600000| PB 0x00000000b7600000| Untracked 
| 887|0x00000000b7700000, 0x00000000b7700000, 0x00000000b7800000|  0%| F|  |TAMS 0x00000000b7700000| PB 0x00000000b7700000| Untracked 
| 888|0x00000000b7800000, 0x00000000b7800000, 0x00000000b7900000|  0%| F|  |TAMS 0x00000000b7800000| PB 0x00000000b7800000| Untracked 
| 889|0x00000000b7900000, 0x00000000b7900000, 0x00000000b7a00000|  0%| F|  |TAMS 0x00000000b7900000| PB 0x00000000b7900000| Untracked 
| 890|0x00000000b7a00000, 0x00000000b7a00000, 0x00000000b7b00000|  0%| F|  |TAMS 0x00000000b7a00000| PB 0x00000000b7a00000| Untracked 
| 891|0x00000000b7b00000, 0x00000000b7b00000, 0x00000000b7c00000|  0%| F|  |TAMS 0x00000000b7b00000| PB 0x00000000b7b00000| Untracked 
| 892|0x00000000b7c00000, 0x00000000b7c00000, 0x00000000b7d00000|  0%| F|  |TAMS 0x00000000b7c00000| PB 0x00000000b7c00000| Untracked 
| 893|0x00000000b7d00000, 0x00000000b7d00000, 0x00000000b7e00000|  0%| F|  |TAMS 0x00000000b7d00000| PB 0x00000000b7d00000| Untracked 
| 894|0x00000000b7e00000, 0x00000000b7e00000, 0x00000000b7f00000|  0%| F|  |TAMS 0x00000000b7e00000| PB 0x00000000b7e00000| Untracked 
| 895|0x00000000b7f00000, 0x00000000b7f00000, 0x00000000b8000000|  0%| F|  |TAMS 0x00000000b7f00000| PB 0x00000000b7f00000| Untracked 
| 896|0x00000000b8000000, 0x00000000b8000000, 0x00000000b8100000|  0%| F|  |TAMS 0x00000000b8000000| PB 0x00000000b8000000| Untracked 
| 897|0x00000000b8100000, 0x00000000b8100000, 0x00000000b8200000|  0%| F|  |TAMS 0x00000000b8100000| PB 0x00000000b8100000| Untracked 
| 898|0x00000000b8200000, 0x00000000b8200000, 0x00000000b8300000|  0%| F|  |TAMS 0x00000000b8200000| PB 0x00000000b8200000| Untracked 
| 899|0x00000000b8300000, 0x00000000b8300000, 0x00000000b8400000|  0%| F|  |TAMS 0x00000000b8300000| PB 0x00000000b8300000| Untracked 
| 900|0x00000000b8400000, 0x00000000b8400000, 0x00000000b8500000|  0%| F|  |TAMS 0x00000000b8400000| PB 0x00000000b8400000| Untracked 
| 901|0x00000000b8500000, 0x00000000b8500000, 0x00000000b8600000|  0%| F|  |TAMS 0x00000000b8500000| PB 0x00000000b8500000| Untracked 
| 902|0x00000000b8600000, 0x00000000b8600000, 0x00000000b8700000|  0%| F|  |TAMS 0x00000000b8600000| PB 0x00000000b8600000| Untracked 
| 903|0x00000000b8700000, 0x00000000b8700000, 0x00000000b8800000|  0%| F|  |TAMS 0x00000000b8700000| PB 0x00000000b8700000| Untracked 
| 904|0x00000000b8800000, 0x00000000b8800000, 0x00000000b8900000|  0%| F|  |TAMS 0x00000000b8800000| PB 0x00000000b8800000| Untracked 
| 905|0x00000000b8900000, 0x00000000b8900000, 0x00000000b8a00000|  0%| F|  |TAMS 0x00000000b8900000| PB 0x00000000b8900000| Untracked 
| 906|0x00000000b8a00000, 0x00000000b8a00000, 0x00000000b8b00000|  0%| F|  |TAMS 0x00000000b8a00000| PB 0x00000000b8a00000| Untracked 
| 907|0x00000000b8b00000, 0x00000000b8b00000, 0x00000000b8c00000|  0%| F|  |TAMS 0x00000000b8b00000| PB 0x00000000b8b00000| Untracked 
| 908|0x00000000b8c00000, 0x00000000b8c00000, 0x00000000b8d00000|  0%| F|  |TAMS 0x00000000b8c00000| PB 0x00000000b8c00000| Untracked 
| 909|0x00000000b8d00000, 0x00000000b8d00000, 0x00000000b8e00000|  0%| F|  |TAMS 0x00000000b8d00000| PB 0x00000000b8d00000| Untracked 
| 910|0x00000000b8e00000, 0x00000000b8e00000, 0x00000000b8f00000|  0%| F|  |TAMS 0x00000000b8e00000| PB 0x00000000b8e00000| Untracked 
| 911|0x00000000b8f00000, 0x00000000b8f00000, 0x00000000b9000000|  0%| F|  |TAMS 0x00000000b8f00000| PB 0x00000000b8f00000| Untracked 
| 912|0x00000000b9000000, 0x00000000b9000000, 0x00000000b9100000|  0%| F|  |TAMS 0x00000000b9000000| PB 0x00000000b9000000| Untracked 
| 913|0x00000000b9100000, 0x00000000b9100000, 0x00000000b9200000|  0%| F|  |TAMS 0x00000000b9100000| PB 0x00000000b9100000| Untracked 
| 914|0x00000000b9200000, 0x00000000b9200000, 0x00000000b9300000|  0%| F|  |TAMS 0x00000000b9200000| PB 0x00000000b9200000| Untracked 
| 915|0x00000000b9300000, 0x00000000b9300000, 0x00000000b9400000|  0%| F|  |TAMS 0x00000000b9300000| PB 0x00000000b9300000| Untracked 
| 916|0x00000000b9400000, 0x00000000b9400000, 0x00000000b9500000|  0%| F|  |TAMS 0x00000000b9400000| PB 0x00000000b9400000| Untracked 
| 917|0x00000000b9500000, 0x00000000b9500000, 0x00000000b9600000|  0%| F|  |TAMS 0x00000000b9500000| PB 0x00000000b9500000| Untracked 
| 918|0x00000000b9600000, 0x00000000b9600000, 0x00000000b9700000|  0%| F|  |TAMS 0x00000000b9600000| PB 0x00000000b9600000| Untracked 
| 919|0x00000000b9700000, 0x00000000b9700000, 0x00000000b9800000|  0%| F|  |TAMS 0x00000000b9700000| PB 0x00000000b9700000| Untracked 
| 920|0x00000000b9800000, 0x00000000b9800000, 0x00000000b9900000|  0%| F|  |TAMS 0x00000000b9800000| PB 0x00000000b9800000| Untracked 
| 921|0x00000000b9900000, 0x00000000b9900000, 0x00000000b9a00000|  0%| F|  |TAMS 0x00000000b9900000| PB 0x00000000b9900000| Untracked 
| 922|0x00000000b9a00000, 0x00000000b9a00000, 0x00000000b9b00000|  0%| F|  |TAMS 0x00000000b9a00000| PB 0x00000000b9a00000| Untracked 
| 923|0x00000000b9b00000, 0x00000000b9b00000, 0x00000000b9c00000|  0%| F|  |TAMS 0x00000000b9b00000| PB 0x00000000b9b00000| Untracked 
| 924|0x00000000b9c00000, 0x00000000b9c00000, 0x00000000b9d00000|  0%| F|  |TAMS 0x00000000b9c00000| PB 0x00000000b9c00000| Untracked 
| 925|0x00000000b9d00000, 0x00000000b9d00000, 0x00000000b9e00000|  0%| F|  |TAMS 0x00000000b9d00000| PB 0x00000000b9d00000| Untracked 
| 926|0x00000000b9e00000, 0x00000000b9e00000, 0x00000000b9f00000|  0%| F|  |TAMS 0x00000000b9e00000| PB 0x00000000b9e00000| Untracked 
| 927|0x00000000b9f00000, 0x00000000b9f00000, 0x00000000ba000000|  0%| F|  |TAMS 0x00000000b9f00000| PB 0x00000000b9f00000| Untracked 
| 928|0x00000000ba000000, 0x00000000ba000000, 0x00000000ba100000|  0%| F|  |TAMS 0x00000000ba000000| PB 0x00000000ba000000| Untracked 
| 929|0x00000000ba100000, 0x00000000ba100000, 0x00000000ba200000|  0%| F|  |TAMS 0x00000000ba100000| PB 0x00000000ba100000| Untracked 
| 930|0x00000000ba200000, 0x00000000ba200000, 0x00000000ba300000|  0%| F|  |TAMS 0x00000000ba200000| PB 0x00000000ba200000| Untracked 
| 931|0x00000000ba300000, 0x00000000ba300000, 0x00000000ba400000|  0%| F|  |TAMS 0x00000000ba300000| PB 0x00000000ba300000| Untracked 
| 932|0x00000000ba400000, 0x00000000ba400000, 0x00000000ba500000|  0%| F|  |TAMS 0x00000000ba400000| PB 0x00000000ba400000| Untracked 
| 933|0x00000000ba500000, 0x00000000ba500000, 0x00000000ba600000|  0%| F|  |TAMS 0x00000000ba500000| PB 0x00000000ba500000| Untracked 
| 934|0x00000000ba600000, 0x00000000ba600000, 0x00000000ba700000|  0%| F|  |TAMS 0x00000000ba600000| PB 0x00000000ba600000| Untracked 
| 935|0x00000000ba700000, 0x00000000ba700000, 0x00000000ba800000|  0%| F|  |TAMS 0x00000000ba700000| PB 0x00000000ba700000| Untracked 
| 936|0x00000000ba800000, 0x00000000ba800000, 0x00000000ba900000|  0%| F|  |TAMS 0x00000000ba800000| PB 0x00000000ba800000| Untracked 
| 937|0x00000000ba900000, 0x00000000ba900000, 0x00000000baa00000|  0%| F|  |TAMS 0x00000000ba900000| PB 0x00000000ba900000| Untracked 
| 938|0x00000000baa00000, 0x00000000baa00000, 0x00000000bab00000|  0%| F|  |TAMS 0x00000000baa00000| PB 0x00000000baa00000| Untracked 
| 939|0x00000000bab00000, 0x00000000bab00000, 0x00000000bac00000|  0%| F|  |TAMS 0x00000000bab00000| PB 0x00000000bab00000| Untracked 
| 940|0x00000000bac00000, 0x00000000bac00000, 0x00000000bad00000|  0%| F|  |TAMS 0x00000000bac00000| PB 0x00000000bac00000| Untracked 
| 941|0x00000000bad00000, 0x00000000bad00000, 0x00000000bae00000|  0%| F|  |TAMS 0x00000000bad00000| PB 0x00000000bad00000| Untracked 
| 942|0x00000000bae00000, 0x00000000bae00000, 0x00000000baf00000|  0%| F|  |TAMS 0x00000000bae00000| PB 0x00000000bae00000| Untracked 
| 943|0x00000000baf00000, 0x00000000baf00000, 0x00000000bb000000|  0%| F|  |TAMS 0x00000000baf00000| PB 0x00000000baf00000| Untracked 
| 944|0x00000000bb000000, 0x00000000bb000000, 0x00000000bb100000|  0%| F|  |TAMS 0x00000000bb000000| PB 0x00000000bb000000| Untracked 
| 945|0x00000000bb100000, 0x00000000bb100000, 0x00000000bb200000|  0%| F|  |TAMS 0x00000000bb100000| PB 0x00000000bb100000| Untracked 
| 946|0x00000000bb200000, 0x00000000bb200000, 0x00000000bb300000|  0%| F|  |TAMS 0x00000000bb200000| PB 0x00000000bb200000| Untracked 
| 947|0x00000000bb300000, 0x00000000bb300000, 0x00000000bb400000|  0%| F|  |TAMS 0x00000000bb300000| PB 0x00000000bb300000| Untracked 
| 948|0x00000000bb400000, 0x00000000bb400000, 0x00000000bb500000|  0%| F|  |TAMS 0x00000000bb400000| PB 0x00000000bb400000| Untracked 
| 949|0x00000000bb500000, 0x00000000bb500000, 0x00000000bb600000|  0%| F|  |TAMS 0x00000000bb500000| PB 0x00000000bb500000| Untracked 
| 950|0x00000000bb600000, 0x00000000bb600000, 0x00000000bb700000|  0%| F|  |TAMS 0x00000000bb600000| PB 0x00000000bb600000| Untracked 
| 951|0x00000000bb700000, 0x00000000bb700000, 0x00000000bb800000|  0%| F|  |TAMS 0x00000000bb700000| PB 0x00000000bb700000| Untracked 
| 952|0x00000000bb800000, 0x00000000bb800000, 0x00000000bb900000|  0%| F|  |TAMS 0x00000000bb800000| PB 0x00000000bb800000| Untracked 
| 953|0x00000000bb900000, 0x00000000bb900000, 0x00000000bba00000|  0%| F|  |TAMS 0x00000000bb900000| PB 0x00000000bb900000| Untracked 
| 954|0x00000000bba00000, 0x00000000bba00000, 0x00000000bbb00000|  0%| F|  |TAMS 0x00000000bba00000| PB 0x00000000bba00000| Untracked 
| 955|0x00000000bbb00000, 0x00000000bbb00000, 0x00000000bbc00000|  0%| F|  |TAMS 0x00000000bbb00000| PB 0x00000000bbb00000| Untracked 
| 956|0x00000000bbc00000, 0x00000000bbc00000, 0x00000000bbd00000|  0%| F|  |TAMS 0x00000000bbc00000| PB 0x00000000bbc00000| Untracked 
| 957|0x00000000bbd00000, 0x00000000bbd00000, 0x00000000bbe00000|  0%| F|  |TAMS 0x00000000bbd00000| PB 0x00000000bbd00000| Untracked 
| 958|0x00000000bbe00000, 0x00000000bbe00000, 0x00000000bbf00000|  0%| F|  |TAMS 0x00000000bbe00000| PB 0x00000000bbe00000| Untracked 
| 959|0x00000000bbf00000, 0x00000000bbf00000, 0x00000000bc000000|  0%| F|  |TAMS 0x00000000bbf00000| PB 0x00000000bbf00000| Untracked 
| 960|0x00000000bc000000, 0x00000000bc000000, 0x00000000bc100000|  0%| F|  |TAMS 0x00000000bc000000| PB 0x00000000bc000000| Untracked 
| 961|0x00000000bc100000, 0x00000000bc100000, 0x00000000bc200000|  0%| F|  |TAMS 0x00000000bc100000| PB 0x00000000bc100000| Untracked 
| 962|0x00000000bc200000, 0x00000000bc200000, 0x00000000bc300000|  0%| F|  |TAMS 0x00000000bc200000| PB 0x00000000bc200000| Untracked 
| 963|0x00000000bc300000, 0x00000000bc300000, 0x00000000bc400000|  0%| F|  |TAMS 0x00000000bc300000| PB 0x00000000bc300000| Untracked 
| 964|0x00000000bc400000, 0x00000000bc400000, 0x00000000bc500000|  0%| F|  |TAMS 0x00000000bc400000| PB 0x00000000bc400000| Untracked 
| 965|0x00000000bc500000, 0x00000000bc500000, 0x00000000bc600000|  0%| F|  |TAMS 0x00000000bc500000| PB 0x00000000bc500000| Untracked 
| 966|0x00000000bc600000, 0x00000000bc600000, 0x00000000bc700000|  0%| F|  |TAMS 0x00000000bc600000| PB 0x00000000bc600000| Untracked 
| 967|0x00000000bc700000, 0x00000000bc700000, 0x00000000bc800000|  0%| F|  |TAMS 0x00000000bc700000| PB 0x00000000bc700000| Untracked 
| 968|0x00000000bc800000, 0x00000000bc800000, 0x00000000bc900000|  0%| F|  |TAMS 0x00000000bc800000| PB 0x00000000bc800000| Untracked 
| 969|0x00000000bc900000, 0x00000000bc900000, 0x00000000bca00000|  0%| F|  |TAMS 0x00000000bc900000| PB 0x00000000bc900000| Untracked 
| 970|0x00000000bca00000, 0x00000000bca00000, 0x00000000bcb00000|  0%| F|  |TAMS 0x00000000bca00000| PB 0x00000000bca00000| Untracked 
| 971|0x00000000bcb00000, 0x00000000bcb00000, 0x00000000bcc00000|  0%| F|  |TAMS 0x00000000bcb00000| PB 0x00000000bcb00000| Untracked 
| 972|0x00000000bcc00000, 0x00000000bcc00000, 0x00000000bcd00000|  0%| F|  |TAMS 0x00000000bcc00000| PB 0x00000000bcc00000| Untracked 
| 973|0x00000000bcd00000, 0x00000000bcd00000, 0x00000000bce00000|  0%| F|  |TAMS 0x00000000bcd00000| PB 0x00000000bcd00000| Untracked 
| 974|0x00000000bce00000, 0x00000000bce00000, 0x00000000bcf00000|  0%| F|  |TAMS 0x00000000bce00000| PB 0x00000000bce00000| Untracked 
| 975|0x00000000bcf00000, 0x00000000bcf00000, 0x00000000bd000000|  0%| F|  |TAMS 0x00000000bcf00000| PB 0x00000000bcf00000| Untracked 
| 976|0x00000000bd000000, 0x00000000bd000000, 0x00000000bd100000|  0%| F|  |TAMS 0x00000000bd000000| PB 0x00000000bd000000| Untracked 
| 977|0x00000000bd100000, 0x00000000bd100000, 0x00000000bd200000|  0%| F|  |TAMS 0x00000000bd100000| PB 0x00000000bd100000| Untracked 
| 978|0x00000000bd200000, 0x00000000bd200000, 0x00000000bd300000|  0%| F|  |TAMS 0x00000000bd200000| PB 0x00000000bd200000| Untracked 
| 979|0x00000000bd300000, 0x00000000bd300000, 0x00000000bd400000|  0%| F|  |TAMS 0x00000000bd300000| PB 0x00000000bd300000| Untracked 
| 980|0x00000000bd400000, 0x00000000bd400000, 0x00000000bd500000|  0%| F|  |TAMS 0x00000000bd400000| PB 0x00000000bd400000| Untracked 
| 981|0x00000000bd500000, 0x00000000bd500000, 0x00000000bd600000|  0%| F|  |TAMS 0x00000000bd500000| PB 0x00000000bd500000| Untracked 
| 982|0x00000000bd600000, 0x00000000bd600000, 0x00000000bd700000|  0%| F|  |TAMS 0x00000000bd600000| PB 0x00000000bd600000| Untracked 
| 983|0x00000000bd700000, 0x00000000bd700000, 0x00000000bd800000|  0%| F|  |TAMS 0x00000000bd700000| PB 0x00000000bd700000| Untracked 
| 984|0x00000000bd800000, 0x00000000bd800000, 0x00000000bd900000|  0%| F|  |TAMS 0x00000000bd800000| PB 0x00000000bd800000| Untracked 
| 985|0x00000000bd900000, 0x00000000bd900000, 0x00000000bda00000|  0%| F|  |TAMS 0x00000000bd900000| PB 0x00000000bd900000| Untracked 
| 986|0x00000000bda00000, 0x00000000bdb00000, 0x00000000bdb00000|100%| S|CS|TAMS 0x00000000bda00000| PB 0x00000000bda00000| Complete 
| 987|0x00000000bdb00000, 0x00000000bdc00000, 0x00000000bdc00000|100%| S|CS|TAMS 0x00000000bdb00000| PB 0x00000000bdb00000| Complete 
| 988|0x00000000bdc00000, 0x00000000bdc00000, 0x00000000bdd00000|  0%| F|  |TAMS 0x00000000bdc00000| PB 0x00000000bdc00000| Untracked 
| 989|0x00000000bdd00000, 0x00000000bdd00000, 0x00000000bde00000|  0%| F|  |TAMS 0x00000000bdd00000| PB 0x00000000bdd00000| Untracked 
| 990|0x00000000bde00000, 0x00000000bde00000, 0x00000000bdf00000|  0%| F|  |TAMS 0x00000000bde00000| PB 0x00000000bde00000| Untracked 
| 991|0x00000000bdf00000, 0x00000000bdf00000, 0x00000000be000000|  0%| F|  |TAMS 0x00000000bdf00000| PB 0x00000000bdf00000| Untracked 
| 992|0x00000000be000000, 0x00000000be000000, 0x00000000be100000|  0%| F|  |TAMS 0x00000000be000000| PB 0x00000000be000000| Untracked 
| 993|0x00000000be100000, 0x00000000be100000, 0x00000000be200000|  0%| F|  |TAMS 0x00000000be100000| PB 0x00000000be100000| Untracked 
| 994|0x00000000be200000, 0x00000000be200000, 0x00000000be300000|  0%| F|  |TAMS 0x00000000be200000| PB 0x00000000be200000| Untracked 
| 995|0x00000000be300000, 0x00000000be400000, 0x00000000be400000|100%| S|CS|TAMS 0x00000000be300000| PB 0x00000000be300000| Complete 
| 996|0x00000000be400000, 0x00000000be500000, 0x00000000be500000|100%| S|CS|TAMS 0x00000000be400000| PB 0x00000000be400000| Complete 
| 997|0x00000000be500000, 0x00000000be500000, 0x00000000be600000|  0%| F|  |TAMS 0x00000000be500000| PB 0x00000000be500000| Untracked 
| 998|0x00000000be600000, 0x00000000be600000, 0x00000000be700000|  0%| F|  |TAMS 0x00000000be600000| PB 0x00000000be600000| Untracked 
| 999|0x00000000be700000, 0x00000000be700000, 0x00000000be800000|  0%| F|  |TAMS 0x00000000be700000| PB 0x00000000be700000| Untracked 
|1000|0x00000000be800000, 0x00000000be800000, 0x00000000be900000|  0%| F|  |TAMS 0x00000000be800000| PB 0x00000000be800000| Untracked 
|1001|0x00000000be900000, 0x00000000be900000, 0x00000000bea00000|  0%| F|  |TAMS 0x00000000be900000| PB 0x00000000be900000| Untracked 
|1002|0x00000000bea00000, 0x00000000bea00000, 0x00000000beb00000|  0%| F|  |TAMS 0x00000000bea00000| PB 0x00000000bea00000| Untracked 
|1003|0x00000000beb00000, 0x00000000beb00000, 0x00000000bec00000|  0%| F|  |TAMS 0x00000000beb00000| PB 0x00000000beb00000| Untracked 
|1004|0x00000000bec00000, 0x00000000bec00000, 0x00000000bed00000|  0%| F|  |TAMS 0x00000000bec00000| PB 0x00000000bec00000| Untracked 
|1005|0x00000000bed00000, 0x00000000bed00000, 0x00000000bee00000|  0%| F|  |TAMS 0x00000000bed00000| PB 0x00000000bed00000| Untracked 
|1006|0x00000000bee00000, 0x00000000bee00000, 0x00000000bef00000|  0%| F|  |TAMS 0x00000000bee00000| PB 0x00000000bee00000| Untracked 
|1007|0x00000000bef00000, 0x00000000bef00000, 0x00000000bf000000|  0%| F|  |TAMS 0x00000000bef00000| PB 0x00000000bef00000| Untracked 
|1008|0x00000000bf000000, 0x00000000bf000000, 0x00000000bf100000|  0%| F|  |TAMS 0x00000000bf000000| PB 0x00000000bf000000| Untracked 
|1009|0x00000000bf100000, 0x00000000bf100000, 0x00000000bf200000|  0%| F|  |TAMS 0x00000000bf100000| PB 0x00000000bf100000| Untracked 
|1010|0x00000000bf200000, 0x00000000bf200000, 0x00000000bf300000|  0%| F|  |TAMS 0x00000000bf200000| PB 0x00000000bf200000| Untracked 
|1011|0x00000000bf300000, 0x00000000bf300000, 0x00000000bf400000|  0%| F|  |TAMS 0x00000000bf300000| PB 0x00000000bf300000| Untracked 
|1012|0x00000000bf400000, 0x00000000bf400000, 0x00000000bf500000|  0%| F|  |TAMS 0x00000000bf400000| PB 0x00000000bf400000| Untracked 
|1013|0x00000000bf500000, 0x00000000bf500000, 0x00000000bf600000|  0%| F|  |TAMS 0x00000000bf500000| PB 0x00000000bf500000| Untracked 
|1014|0x00000000bf600000, 0x00000000bf600000, 0x00000000bf700000|  0%| F|  |TAMS 0x00000000bf600000| PB 0x00000000bf600000| Untracked 
|1015|0x00000000bf700000, 0x00000000bf700000, 0x00000000bf800000|  0%| F|  |TAMS 0x00000000bf700000| PB 0x00000000bf700000| Untracked 
|1016|0x00000000bf800000, 0x00000000bf800000, 0x00000000bf900000|  0%| F|  |TAMS 0x00000000bf800000| PB 0x00000000bf800000| Untracked 
|1017|0x00000000bf900000, 0x00000000bf900000, 0x00000000bfa00000|  0%| F|  |TAMS 0x00000000bf900000| PB 0x00000000bf900000| Untracked 
|1018|0x00000000bfa00000, 0x00000000bfa00000, 0x00000000bfb00000|  0%| F|  |TAMS 0x00000000bfa00000| PB 0x00000000bfa00000| Untracked 
|1019|0x00000000bfb00000, 0x00000000bfb00000, 0x00000000bfc00000|  0%| F|  |TAMS 0x00000000bfb00000| PB 0x00000000bfb00000| Untracked 
|1020|0x00000000bfc00000, 0x00000000bfc00000, 0x00000000bfd00000|  0%| F|  |TAMS 0x00000000bfc00000| PB 0x00000000bfc00000| Untracked 
|1021|0x00000000bfd00000, 0x00000000bfd00000, 0x00000000bfe00000|  0%| F|  |TAMS 0x00000000bfd00000| PB 0x00000000bfd00000| Untracked 
|1022|0x00000000bfe00000, 0x00000000bfe00000, 0x00000000bff00000|  0%| F|  |TAMS 0x00000000bfe00000| PB 0x00000000bfe00000| Untracked 
|1988|0x00000000fc400000, 0x00000000fc400000, 0x00000000fc500000|  0%| F|  |TAMS 0x00000000fc400000| PB 0x00000000fc400000| Untracked 
|2013|0x00000000fdd00000, 0x00000000fdd00000, 0x00000000fde00000|  0%| F|  |TAMS 0x00000000fdd00000| PB 0x00000000fdd00000| Untracked 
|2014|0x00000000fde00000, 0x00000000fde00000, 0x00000000fdf00000|  0%| F|  |TAMS 0x00000000fde00000| PB 0x00000000fde00000| Untracked 
|2015|0x00000000fdf00000, 0x00000000fdf00000, 0x00000000fe000000|  0%| F|  |TAMS 0x00000000fdf00000| PB 0x00000000fdf00000| Untracked 
|2016|0x00000000fe000000, 0x00000000fe000000, 0x00000000fe100000|  0%| F|  |TAMS 0x00000000fe000000| PB 0x00000000fe000000| Untracked 
|2017|0x00000000fe100000, 0x00000000fe100000, 0x00000000fe200000|  0%| F|  |TAMS 0x00000000fe100000| PB 0x00000000fe100000| Untracked 
|2018|0x00000000fe200000, 0x00000000fe200000, 0x00000000fe300000|  0%| F|  |TAMS 0x00000000fe200000| PB 0x00000000fe200000| Untracked 
|2019|0x00000000fe300000, 0x00000000fe300000, 0x00000000fe400000|  0%| F|  |TAMS 0x00000000fe300000| PB 0x00000000fe300000| Untracked 
|2020|0x00000000fe400000, 0x00000000fe500000, 0x00000000fe500000|100%| O|  |TAMS 0x00000000fe400000| PB 0x00000000fe400000| Untracked 
|2021|0x00000000fe500000, 0x00000000fe600000, 0x00000000fe600000|100%| O|  |TAMS 0x00000000fe500000| PB 0x00000000fe500000| Untracked 
|2022|0x00000000fe600000, 0x00000000fe700000, 0x00000000fe700000|100%| O|  |TAMS 0x00000000fe600000| PB 0x00000000fe600000| Untracked 
|2023|0x00000000fe700000, 0x00000000fe800000, 0x00000000fe800000|100%| O|  |TAMS 0x00000000fe700000| PB 0x00000000fe700000| Untracked 
|2024|0x00000000fe800000, 0x00000000fe900000, 0x00000000fe900000|100%| O|  |TAMS 0x00000000fe800000| PB 0x00000000fe800000| Untracked 
|2025|0x00000000fe900000, 0x00000000fea00000, 0x00000000fea00000|100%| O|  |TAMS 0x00000000fe900000| PB 0x00000000fe900000| Untracked 
|2026|0x00000000fea00000, 0x00000000feb00000, 0x00000000feb00000|100%| O|  |TAMS 0x00000000fea00000| PB 0x00000000fea00000| Untracked 
|2027|0x00000000feb00000, 0x00000000feb00000, 0x00000000fec00000|  0%| F|  |TAMS 0x00000000feb00000| PB 0x00000000feb00000| Untracked 
|2028|0x00000000fec00000, 0x00000000fec00000, 0x00000000fed00000|  0%| F|  |TAMS 0x00000000fec00000| PB 0x00000000fec00000| Untracked 
|2029|0x00000000fed00000, 0x00000000fed00000, 0x00000000fee00000|  0%| F|  |TAMS 0x00000000fed00000| PB 0x00000000fed00000| Untracked 
|2030|0x00000000fee00000, 0x00000000fee00000, 0x00000000fef00000|  0%| F|  |TAMS 0x00000000fee00000| PB 0x00000000fee00000| Untracked 
|2031|0x00000000fef00000, 0x00000000ff000000, 0x00000000ff000000|100%| O|Cm|TAMS 0x00000000fef00000| PB 0x00000000fef00000| Complete 
|2032|0x00000000ff000000, 0x00000000ff100000, 0x00000000ff100000|100%| O|  |TAMS 0x00000000ff000000| PB 0x00000000ff000000| Untracked 
|2033|0x00000000ff100000, 0x00000000ff100000, 0x00000000ff200000|  0%| F|  |TAMS 0x00000000ff100000| PB 0x00000000ff100000| Untracked 
|2034|0x00000000ff200000, 0x00000000ff200000, 0x00000000ff300000|  0%| F|  |TAMS 0x00000000ff200000| PB 0x00000000ff200000| Untracked 
|2035|0x00000000ff300000, 0x00000000ff400000, 0x00000000ff400000|100%| O|  |TAMS 0x00000000ff300000| PB 0x00000000ff300000| Untracked 
|2036|0x00000000ff400000, 0x00000000ff400000, 0x00000000ff500000|  0%| F|  |TAMS 0x00000000ff400000| PB 0x00000000ff400000| Untracked 
|2037|0x00000000ff500000, 0x00000000ff500000, 0x00000000ff600000|  0%| F|  |TAMS 0x00000000ff500000| PB 0x00000000ff500000| Untracked 
|2038|0x00000000ff600000, 0x00000000ff700000, 0x00000000ff700000|100%| O|  |TAMS 0x00000000ff600000| PB 0x00000000ff600000| Untracked 
|2039|0x00000000ff700000, 0x00000000ff800000, 0x00000000ff800000|100%| O|  |TAMS 0x00000000ff700000| PB 0x00000000ff700000| Untracked 
|2040|0x00000000ff800000, 0x00000000ff900000, 0x00000000ff900000|100%| O|  |TAMS 0x00000000ff800000| PB 0x00000000ff800000| Untracked 
|2041|0x00000000ff900000, 0x00000000ffa00000, 0x00000000ffa00000|100%| O|  |TAMS 0x00000000ff900000| PB 0x00000000ff900000| Untracked 
|2042|0x00000000ffa00000, 0x00000000ffb00000, 0x00000000ffb00000|100%| O|  |TAMS 0x00000000ffa00000| PB 0x00000000ffa00000| Untracked 
|2043|0x00000000ffb00000, 0x00000000ffb00000, 0x00000000ffc00000|  0%| F|  |TAMS 0x00000000ffb00000| PB 0x00000000ffb00000| Untracked 
|2044|0x00000000ffc00000, 0x00000000ffc00000, 0x00000000ffd00000|  0%| F|  |TAMS 0x00000000ffc00000| PB 0x00000000ffc00000| Untracked 
|2045|0x00000000ffd00000, 0x00000000ffd00000, 0x00000000ffe00000|  0%| F|  |TAMS 0x00000000ffd00000| PB 0x00000000ffd00000| Untracked 
|2046|0x00000000ffe00000, 0x00000000fff00000, 0x00000000fff00000|100%| O|  |TAMS 0x00000000ffe00000| PB 0x00000000ffe00000| Untracked 
|2047|0x00000000fff00000, 0x0000000100000000, 0x0000000100000000|100%| O|  |TAMS 0x00000000fff00000| PB 0x00000000fff00000| Untracked 

Card table byte_map: [0x000001c071b30000,0x000001c071f30000] _byte_map_base: 0x000001c071730000

Marking Bits: (CMBitMap*) 0x000001c05f632e80
 Bits: [0x000001c071f30000, 0x000001c073f30000)

Polling page: 0x000001c05d510000

Metaspace:

Usage:
  Non-class:    160.48 MB used.
      Class:     22.48 MB used.
       Both:    182.97 MB used.

Virtual space:
  Non-class space:      192.00 MB reserved,     161.25 MB ( 84%) committed,  3 nodes.
      Class space:        1.00 GB reserved,      23.94 MB (  2%) committed,  1 nodes.
             Both:        1.19 GB reserved,     185.19 MB ( 15%) committed. 

Chunk freelists:
   Non-Class:  14.57 MB
       Class:  8.71 MB
        Both:  23.28 MB

MaxMetaspaceSize: unlimited
CompressedClassSpaceSize: 1.00 GB
Initial GC threshold: 21.00 MB
Current GC threshold: 311.69 MB
CDS: off
 - commit_granule_bytes: 65536.
 - commit_granule_words: 8192.
 - virtual_space_node_default_size: 8388608.
 - enlarge_chunks_in_place: 1.
 - use_allocation_guard: 0.


Internal statistics:

num_allocs_failed_limit: 6.
num_arena_births: 5094.
num_arena_deaths: 2474.
num_vsnodes_births: 4.
num_vsnodes_deaths: 0.
num_space_committed: 3089.
num_space_uncommitted: 36.
num_chunks_returned_to_freelist: 3118.
num_chunks_taken_from_freelist: 14057.
num_chunk_merges: 1135.
num_chunk_splits: 8864.
num_chunks_enlarged: 5924.
num_inconsistent_stats: 0.

CodeHeap 'non-profiled nmethods': size=120000Kb used=30999Kb max_used=33284Kb free=89000Kb
 bounds [0x000001c06a200000, 0x000001c06c290000, 0x000001c071730000]
CodeHeap 'profiled nmethods': size=120000Kb used=49292Kb max_used=60129Kb free=70707Kb
 bounds [0x000001c062730000, 0x000001c0661f0000, 0x000001c069c60000]
CodeHeap 'non-nmethods': size=5760Kb used=3346Kb max_used=3427Kb free=2414Kb
 bounds [0x000001c069c60000, 0x000001c069fe0000, 0x000001c06a200000]
 total_blobs=25030 nmethods=23919 adapters=1011
 compilation: enabled
              stopped_count=0, restarted_count=0
 full_count=0

Compilation events (20 events):
Event: 3736.015 Thread 0x000001c076609310 nmethod 47088 0x000001c06b6c3090 code [0x000001c06b6c3340, 0x000001c06b6c3b38]
Event: 3736.018 Thread 0x000001c076609310 47089       4       org.gradle.internal.operations.CurrentBuildOperationRef::instance (4 bytes)
Event: 3736.019 Thread 0x000001c076609310 nmethod 47089 0x000001c06bb25510 code [0x000001c06bb256a0, 0x000001c06bb25710]
Event: 3736.035 Thread 0x000001c0765d79c0 47090       3       org.gradle.internal.properties.PropertyVisitor::visitLocalStateProperty (1 bytes)
Event: 3736.035 Thread 0x000001c0765d79c0 nmethod 47090 0x000001c062b5b110 code [0x000001c062b5b2a0, 0x000001c062b5b3a8]
Event: 3736.049 Thread 0x000001c07f526fd0 nmethod 47085 0x000001c06ae17e90 code [0x000001c06ae18360, 0x000001c06ae1a9b0]
Event: 3736.061 Thread 0x000001c07f526fd0 47091       4       com.sun.org.apache.xerces.internal.impl.XMLScanner::scanPseudoAttribute (369 bytes)
Event: 3736.063 Thread 0x000001c076609310 47092       4       com.sun.org.apache.xerces.internal.impl.XMLScanner::scanPseudoAttributeName (97 bytes)
Event: 3736.085 Thread 0x000001c076609310 nmethod 47092 0x000001c06bade310 code [0x000001c06bade5e0, 0x000001c06badf2b8]
Event: 3736.092 Thread 0x000001c0765d79c0 47093       3       org.gradle.api.internal.artifacts.transform.ConsumerProvidedVariantFinder::createVariantChain (63 bytes)
Event: 3736.096 Thread 0x000001c0765d79c0 nmethod 47093 0x000001c06325fd10 code [0x000001c06325ff00, 0x000001c063260310]
Event: 3736.111 Thread 0x000001c07f526fd0 nmethod 47091 0x000001c06ae74610 code [0x000001c06ae74a20, 0x000001c06ae77070]
Event: 3736.130 Thread 0x000001c07f526fd0 47094       4       org.gradle.api.internal.attributes.DefaultImmutableAttributesFactory$$Lambda/0x00000001007b5680::apply (8 bytes)
Event: 3736.131 Thread 0x000001c07f526fd0 nmethod 47094 0x000001c06bb11710 code [0x000001c06bb118a0, 0x000001c06bb119c8]
Event: 3736.132 Thread 0x000001c076609310 47095       4       org.gradle.internal.collections.ImmutableFilteredList::get (15 bytes)
Event: 3736.135 Thread 0x000001c076609310 nmethod 47095 0x000001c06b175090 code [0x000001c06b175240, 0x000001c06b1755d0]
Event: 3736.136 Thread 0x000001c0765d79c0 47096       3       org.gradle.api.internal.artifacts.transform.DefaultTransform::validateInputFileNormalizer (24 bytes)
Event: 3736.137 Thread 0x000001c0765d79c0 nmethod 47096 0x000001c063496210 code [0x000001c0634963e0, 0x000001c0634966a8]
Event: 3736.141 Thread 0x000001c07f526fd0 47097   !   4       sun.net.www.ParseUtil::decode (349 bytes)
Event: 3736.146 Thread 0x000001c07f526fd0 nmethod 47097 0x000001c06a318210 code [0x000001c06a3183a0, 0x000001c06a3185d8]

GC Heap History (20 events):
Event: 2233.122 GC heap after
{Heap after GC invocations=108 (full 0):
 garbage-first heap   total 1084416K, used 409600K [0x0000000080000000, 0x0000000100000000)
  region size 1024K, 13 young (13312K), 13 survivors (13312K)
 Metaspace       used 189839K, committed 192576K, reserved 1245184K
  class space    used 23657K, committed 25024K, reserved 1048576K
}
Event: 2235.118 GC heap before
{Heap before GC invocations=108 (full 0):
 garbage-first heap   total 1084416K, used 581632K [0x0000000080000000, 0x0000000100000000)
  region size 1024K, 174 young (178176K), 13 survivors (13312K)
 Metaspace       used 189917K, committed 192640K, reserved 1245184K
  class space    used 23660K, committed 25024K, reserved 1048576K
}
Event: 2235.162 GC heap after
{Heap after GC invocations=109 (full 0):
 garbage-first heap   total 1084416K, used 423936K [0x0000000080000000, 0x0000000100000000)
  region size 1024K, 22 young (22528K), 22 survivors (22528K)
 Metaspace       used 189917K, committed 192640K, reserved 1245184K
  class space    used 23660K, committed 25024K, reserved 1048576K
}
Event: 2235.969 GC heap before
{Heap before GC invocations=109 (full 0):
 garbage-first heap   total 1084416K, used 531456K [0x0000000080000000, 0x0000000100000000)
  region size 1024K, 129 young (132096K), 22 survivors (22528K)
 Metaspace       used 190619K, committed 193408K, reserved 1245184K
  class space    used 23703K, committed 25088K, reserved 1048576K
}
Event: 2236.002 GC heap after
{Heap after GC invocations=110 (full 0):
 garbage-first heap   total 1084416K, used 439296K [0x0000000080000000, 0x0000000100000000)
  region size 1024K, 30 young (30720K), 30 survivors (30720K)
 Metaspace       used 190619K, committed 193408K, reserved 1245184K
  class space    used 23703K, committed 25088K, reserved 1048576K
}
Event: 2239.649 GC heap before
{Heap before GC invocations=111 (full 0):
 garbage-first heap   total 1084416K, used 680960K [0x0000000080000000, 0x0000000100000000)
  region size 1024K, 336 young (344064K), 30 survivors (30720K)
 Metaspace       used 186974K, committed 189312K, reserved 1245184K
  class space    used 23017K, committed 24512K, reserved 1048576K
}
Event: 2239.996 GC heap after
{Heap after GC invocations=112 (full 0):
 garbage-first heap   total 1084416K, used 446976K [0x0000000080000000, 0x0000000100000000)
  region size 1024K, 42 young (43008K), 42 survivors (43008K)
 Metaspace       used 186974K, committed 189312K, reserved 1245184K
  class space    used 23017K, committed 24512K, reserved 1048576K
}
Event: 2240.018 GC heap before
{Heap before GC invocations=112 (full 0):
 garbage-first heap   total 1084416K, used 457216K [0x0000000080000000, 0x0000000100000000)
  region size 1024K, 52 young (53248K), 42 survivors (43008K)
 Metaspace       used 186974K, committed 189312K, reserved 1245184K
  class space    used 23017K, committed 24512K, reserved 1048576K
}
Event: 2240.181 GC heap after
{Heap after GC invocations=113 (full 0):
 garbage-first heap   total 1084416K, used 444416K [0x0000000080000000, 0x0000000100000000)
  region size 1024K, 7 young (7168K), 7 survivors (7168K)
 Metaspace       used 186974K, committed 189312K, reserved 1245184K
  class space    used 23017K, committed 24512K, reserved 1048576K
}
Event: 2241.174 GC heap before
{Heap before GC invocations=113 (full 0):
 garbage-first heap   total 1084416K, used 540672K [0x0000000080000000, 0x0000000100000000)
  region size 1024K, 101 young (103424K), 7 survivors (7168K)
 Metaspace       used 187002K, committed 189312K, reserved 1245184K
  class space    used 23017K, committed 24512K, reserved 1048576K
}
Event: 2241.232 GC heap after
{Heap after GC invocations=114 (full 0):
 garbage-first heap   total 1084416K, used 454656K [0x0000000080000000, 0x0000000100000000)
  region size 1024K, 13 young (13312K), 13 survivors (13312K)
 Metaspace       used 187002K, committed 189312K, reserved 1245184K
  class space    used 23017K, committed 24512K, reserved 1048576K
}
Event: 3731.166 GC heap before
{Heap before GC invocations=114 (full 0):
 garbage-first heap   total 1084416K, used 603136K [0x0000000080000000, 0x0000000100000000)
  region size 1024K, 108 young (110592K), 13 survivors (13312K)
 Metaspace       used 187100K, committed 189376K, reserved 1245184K
  class space    used 23017K, committed 24512K, reserved 1048576K
}
Event: 3731.519 GC heap after
{Heap after GC invocations=115 (full 0):
 garbage-first heap   total 1084416K, used 447488K [0x0000000080000000, 0x0000000100000000)
  region size 1024K, 5 young (5120K), 5 survivors (5120K)
 Metaspace       used 187100K, committed 189376K, reserved 1245184K
  class space    used 23017K, committed 24512K, reserved 1048576K
}
Event: 3734.008 GC heap before
{Heap before GC invocations=115 (full 0):
 garbage-first heap   total 1084416K, used 494592K [0x0000000080000000, 0x0000000100000000)
  region size 1024K, 52 young (53248K), 5 survivors (5120K)
 Metaspace       used 187286K, committed 189568K, reserved 1245184K
  class space    used 23022K, committed 24512K, reserved 1048576K
}
Event: 3734.109 GC heap after
{Heap after GC invocations=116 (full 0):
 garbage-first heap   total 1084416K, used 437760K [0x0000000080000000, 0x0000000100000000)
  region size 1024K, 7 young (7168K), 7 survivors (7168K)
 Metaspace       used 187286K, committed 189568K, reserved 1245184K
  class space    used 23022K, committed 24512K, reserved 1048576K
}
Event: 3734.573 GC heap before
{Heap before GC invocations=116 (full 0):
 garbage-first heap   total 1084416K, used 486912K [0x0000000080000000, 0x0000000100000000)
  region size 1024K, 52 young (53248K), 7 survivors (7168K)
 Metaspace       used 187314K, committed 189568K, reserved 1245184K
  class space    used 23022K, committed 24512K, reserved 1048576K
}
Event: 3734.770 GC heap after
{Heap after GC invocations=117 (full 0):
 garbage-first heap   total 1084416K, used 449536K [0x0000000080000000, 0x0000000100000000)
  region size 1024K, 7 young (7168K), 7 survivors (7168K)
 Metaspace       used 187314K, committed 189568K, reserved 1245184K
  class space    used 23022K, committed 24512K, reserved 1048576K
}
Event: 3735.499 GC heap before
{Heap before GC invocations=117 (full 0):
 garbage-first heap   total 1084416K, used 509952K [0x0000000080000000, 0x0000000100000000)
  region size 1024K, 52 young (53248K), 7 survivors (7168K)
 Metaspace       used 187342K, committed 189632K, reserved 1245184K
  class space    used 23022K, committed 24512K, reserved 1048576K
}
Event: 3735.653 GC heap after
{Heap after GC invocations=118 (full 0):
 garbage-first heap   total 1084416K, used 466432K [0x0000000080000000, 0x0000000100000000)
  region size 1024K, 7 young (7168K), 7 survivors (7168K)
 Metaspace       used 187342K, committed 189632K, reserved 1245184K
  class space    used 23022K, committed 24512K, reserved 1048576K
}
Event: 3736.154 GC heap before
{Heap before GC invocations=118 (full 0):
 garbage-first heap   total 1084416K, used 527872K [0x0000000080000000, 0x0000000100000000)
  region size 1024K, 52 young (53248K), 7 survivors (7168K)
 Metaspace       used 187358K, committed 189632K, reserved 1245184K
  class space    used 23022K, committed 24512K, reserved 1048576K
}

Dll operation events (3 events):
Event: 0.007 Loaded shared library C:\Program Files\Android\Android Studio\jbr\bin\java.dll
Event: 0.011 Loaded shared library C:\Program Files\Android\Android Studio\jbr\bin\zip.dll
Event: 0.317 Loaded shared library C:\Program Files\Android\Android Studio\jbr\bin\verify.dll

Deoptimization events (20 events):
Event: 3731.701 Thread 0x000001c00063ffe0 Uncommon trap: trap_request=0xffffff45 fr.pc=0x000001c06a8e5e84 relative=0x0000000000000ba4
Event: 3731.702 Thread 0x000001c00063ffe0 Uncommon trap: reason=unstable_if action=reinterpret pc=0x000001c06a8e5e84 method=java.util.concurrent.ConcurrentLinkedQueue.updateHead(Ljava/util/concurrent/ConcurrentLinkedQueue$Node;Ljava/util/concurrent/ConcurrentLinkedQueue$Node;)V @ 14 c2
Event: 3731.702 Thread 0x000001c00063ffe0 DEOPT PACKING pc=0x000001c06a8e5e84 sp=0x00000048aaafea30
Event: 3731.703 Thread 0x000001c00063ffe0 DEOPT UNPACKING pc=0x000001c069cb7da2 sp=0x00000048aaafe8f8 mode 2
Event: 3732.934 Thread 0x000001c07d80cec0 DEOPT PACKING pc=0x000001c063aa9681 sp=0x00000048a98f8f80
Event: 3732.935 Thread 0x000001c07d80cec0 DEOPT UNPACKING pc=0x000001c069cb88e2 sp=0x00000048a98f8428 mode 0
Event: 3734.191 Thread 0x000001c00bccdc50 Uncommon trap: trap_request=0xffffff45 fr.pc=0x000001c06a29d7b4 relative=0x0000000000001014
Event: 3734.191 Thread 0x000001c00bccdc50 Uncommon trap: reason=unstable_if action=reinterpret pc=0x000001c06a29d7b4 method=java.util.concurrent.ConcurrentHashMap.addCount(JI)V @ 260 c2
Event: 3734.191 Thread 0x000001c00bccdc50 DEOPT PACKING pc=0x000001c06a29d7b4 sp=0x00000048ab8fe7c0
Event: 3734.191 Thread 0x000001c00bccdc50 DEOPT UNPACKING pc=0x000001c069cb7da2 sp=0x00000048ab8fe690 mode 2
Event: 3734.258 Thread 0x000001c07d808d20 DEOPT PACKING pc=0x000001c062e3ba0d sp=0x00000048ab1fb350
Event: 3734.258 Thread 0x000001c07d808d20 DEOPT UNPACKING pc=0x000001c069cb88e2 sp=0x00000048ab1fa7e8 mode 0
Event: 3735.422 Thread 0x000001c006afa590 DEOPT PACKING pc=0x000001c063e39dfc sp=0x00000048ab3fb1e0
Event: 3735.422 Thread 0x000001c006afa590 DEOPT UNPACKING pc=0x000001c069cb88e2 sp=0x00000048ab3fa780 mode 0
Event: 3735.448 Thread 0x000001c006afa590 DEOPT PACKING pc=0x000001c062da17b7 sp=0x00000048ab3fafa0
Event: 3735.448 Thread 0x000001c006afa590 DEOPT UNPACKING pc=0x000001c069cb88e2 sp=0x00000048ab3fa490 mode 0
Event: 3735.829 Thread 0x000001c07d808d20 Uncommon trap: trap_request=0xffffff45 fr.pc=0x000001c06b4afb74 relative=0x0000000000001754
Event: 3735.830 Thread 0x000001c07d808d20 Uncommon trap: reason=unstable_if action=reinterpret pc=0x000001c06b4afb74 method=java.util.concurrent.ArrayBlockingQueue.poll()Ljava/lang/Object; @ 13 c2
Event: 3735.830 Thread 0x000001c07d808d20 DEOPT PACKING pc=0x000001c06b4afb74 sp=0x00000048ab1fa540
Event: 3735.830 Thread 0x000001c07d808d20 DEOPT UNPACKING pc=0x000001c069cb7da2 sp=0x00000048ab1fa448 mode 2

Classes loaded (20 events):
Event: 1481.037 Loading class jdk/internal/math/FormattedFPDecimal
Event: 1481.331 Loading class jdk/internal/math/FormattedFPDecimal done
Event: 1491.794 Loading class java/time/temporal/WeekFields
Event: 1491.843 Loading class java/time/temporal/WeekFields done
Event: 1491.851 Loading class java/time/temporal/WeekFields$ComputedDayOfField
Event: 1491.927 Loading class java/time/temporal/WeekFields$ComputedDayOfField done
Event: 1491.934 Loading class java/time/LocalDate$1
Event: 1491.942 Loading class java/time/LocalDate$1 done
Event: 1491.950 Loading class java/time/format/DateTimeFormatterBuilder$2
Event: 1491.957 Loading class java/time/format/DateTimeFormatterBuilder$2 done
Event: 1491.958 Loading class java/time/LocalTime$1
Event: 1491.966 Loading class java/time/LocalTime$1 done
Event: 1492.157 Loading class jdk/internal/reflect/DirectMethodHandleAccessor$NativeAccessor
Event: 1492.167 Loading class jdk/internal/reflect/DirectMethodHandleAccessor$NativeAccessor done
Event: 1496.158 Loading class com/sun/org/apache/xerces/internal/dom/DeferredElementNSImpl
Event: 1496.173 Loading class com/sun/org/apache/xerces/internal/dom/DeferredElementNSImpl done
Event: 1496.535 Loading class com/sun/org/apache/xerces/internal/dom/DeferredAttrNSImpl
Event: 1496.537 Loading class com/sun/org/apache/xerces/internal/dom/DeferredAttrNSImpl done
Event: 1499.417 Loading class com/sun/org/apache/xerces/internal/dom/DeferredCDATASectionImpl
Event: 1499.419 Loading class com/sun/org/apache/xerces/internal/dom/DeferredCDATASectionImpl done

Classes unloaded (20 events):
Event: 2237.122 Thread 0x000001c076425780 Unloading class 0x00000001001b9400 'java/lang/invoke/LambdaForm$MH+0x00000001001b9400'
Event: 2237.122 Thread 0x000001c076425780 Unloading class 0x00000001001b9000 'java/lang/invoke/LambdaForm$MH+0x00000001001b9000'
Event: 2237.122 Thread 0x000001c076425780 Unloading class 0x00000001001b3400 'java/lang/invoke/LambdaForm$MH+0x00000001001b3400'
Event: 2237.122 Thread 0x000001c076425780 Unloading class 0x00000001001b0c00 'java/lang/invoke/LambdaForm$MH+0x00000001001b0c00'
Event: 2237.122 Thread 0x000001c076425780 Unloading class 0x00000001001b0800 'java/lang/invoke/LambdaForm$MH+0x00000001001b0800'
Event: 2237.122 Thread 0x000001c076425780 Unloading class 0x00000001001a8800 'java/lang/invoke/LambdaForm$MH+0x00000001001a8800'
Event: 2237.122 Thread 0x000001c076425780 Unloading class 0x00000001001a8400 'java/lang/invoke/LambdaForm$BMH+0x00000001001a8400'
Event: 2237.122 Thread 0x000001c076425780 Unloading class 0x0000000100181000 'java/lang/invoke/LambdaForm$MH+0x0000000100181000'
Event: 2237.122 Thread 0x000001c076425780 Unloading class 0x0000000100180c00 'java/lang/invoke/LambdaForm$MH+0x0000000100180c00'
Event: 2237.122 Thread 0x000001c076425780 Unloading class 0x0000000100180800 'java/lang/invoke/LambdaForm$MH+0x0000000100180800'
Event: 2237.123 Thread 0x000001c076425780 Unloading class 0x000000010011a000 'java/lang/invoke/LambdaForm$MH+0x000000010011a000'
Event: 2237.123 Thread 0x000001c076425780 Unloading class 0x0000000100119c00 'java/lang/invoke/LambdaForm$MH+0x0000000100119c00'
Event: 2237.123 Thread 0x000001c076425780 Unloading class 0x0000000100119400 'java/lang/invoke/LambdaForm$MH+0x0000000100119400'
Event: 2237.123 Thread 0x000001c076425780 Unloading class 0x0000000100119000 'java/lang/invoke/LambdaForm$MH+0x0000000100119000'
Event: 2237.123 Thread 0x000001c076425780 Unloading class 0x00000001000ee400 'java/lang/invoke/LambdaForm$MH+0x00000001000ee400'
Event: 2237.123 Thread 0x000001c076425780 Unloading class 0x00000001000ee000 'java/lang/invoke/LambdaForm$MH+0x00000001000ee000'
Event: 2237.123 Thread 0x000001c076425780 Unloading class 0x00000001000ec400 'java/lang/invoke/LambdaForm$MH+0x00000001000ec400'
Event: 2237.123 Thread 0x000001c076425780 Unloading class 0x00000001000c1800 'java/lang/invoke/LambdaForm$MH+0x00000001000c1800'
Event: 2237.123 Thread 0x000001c076425780 Unloading class 0x00000001000c1400 'java/lang/invoke/LambdaForm$MH+0x00000001000c1400'
Event: 2237.123 Thread 0x000001c076425780 Unloading class 0x00000001000c0c00 'java/lang/invoke/LambdaForm$MH+0x00000001000c0c00'

Classes redefined (0 events):
No events

Internal exceptions (20 events):
Event: 3729.972 Thread 0x000001c07d80cec0 Exception <a 'sun/nio/fs/WindowsException'{0x00000000bc3f9938}> (0x00000000bc3f9938) 
thrown [s\src\hotspot\share\prims\jni.cpp, line 535]
Event: 3733.189 Thread 0x000001c07d80cec0 Exception <a 'sun/nio/fs/WindowsException'{0x00000000bf759cf0}> (0x00000000bf759cf0) 
thrown [s\src\hotspot\share\prims\jni.cpp, line 535]
Event: 3733.190 Thread 0x000001c07d80cec0 Exception <a 'sun/nio/fs/WindowsException'{0x00000000bf75b230}> (0x00000000bf75b230) 
thrown [s\src\hotspot\share\prims\jni.cpp, line 535]
Event: 3733.191 Thread 0x000001c07d80cec0 Exception <a 'sun/nio/fs/WindowsException'{0x00000000bf75c7c0}> (0x00000000bf75c7c0) 
thrown [s\src\hotspot\share\prims\jni.cpp, line 535]
Event: 3733.191 Thread 0x000001c07d80cec0 Exception <a 'sun/nio/fs/WindowsException'{0x00000000bf75dd50}> (0x00000000bf75dd50) 
thrown [s\src\hotspot\share\prims\jni.cpp, line 535]
Event: 3733.489 Thread 0x000001c07d808d20 Exception <a 'sun/nio/fs/WindowsException'{0x00000000bf29ecc8}> (0x00000000bf29ecc8) 
thrown [s\src\hotspot\share\prims\jni.cpp, line 535]
Event: 3734.345 Thread 0x000001c006afa590 Exception <a 'sun/nio/fs/WindowsException'{0x00000000fc45b708}> (0x00000000fc45b708) 
thrown [s\src\hotspot\share\prims\jni.cpp, line 535]
Event: 3734.347 Thread 0x000001c006afa590 Exception <a 'sun/nio/fs/WindowsException'{0x00000000fc45ebe0}> (0x00000000fc45ebe0) 
thrown [s\src\hotspot\share\prims\jni.cpp, line 535]
Event: 3735.148 Thread 0x000001c006afa590 Exception <a 'sun/nio/fs/WindowsException'{0x00000000bf8bb990}> (0x00000000bf8bb990) 
thrown [s\src\hotspot\share\prims\jni.cpp, line 535]
Event: 3735.153 Thread 0x000001c006afa590 Exception <a 'sun/nio/fs/WindowsException'{0x00000000bf8bcd28}> (0x00000000bf8bcd28) 
thrown [s\src\hotspot\share\prims\jni.cpp, line 535]
Event: 3735.156 Thread 0x000001c006afa590 Exception <a 'sun/nio/fs/WindowsException'{0x00000000bf8bdd38}> (0x00000000bf8bdd38) 
thrown [s\src\hotspot\share\prims\jni.cpp, line 535]
Event: 3735.276 Thread 0x000001c006afa590 Exception <a 'sun/nio/fs/WindowsException'{0x00000000bf63c1e8}> (0x00000000bf63c1e8) 
thrown [s\src\hotspot\share\prims\jni.cpp, line 535]
Event: 3735.353 Thread 0x000001c006afa590 Exception <a 'sun/nio/fs/WindowsException'{0x00000000bf526b48}> (0x00000000bf526b48) 
thrown [s\src\hotspot\share\prims\jni.cpp, line 535]
Event: 3735.783 Thread 0x000001c07d808d20 Exception <a 'sun/nio/fs/WindowsException'{0x00000000ff450b68}> (0x00000000ff450b68) 
thrown [s\src\hotspot\share\prims\jni.cpp, line 535]
Event: 3735.785 Thread 0x000001c07d808d20 Exception <a 'sun/nio/fs/WindowsException'{0x00000000ff4521c8}> (0x00000000ff4521c8) 
thrown [s\src\hotspot\share\prims\jni.cpp, line 535]
Event: 3735.787 Thread 0x000001c07d808d20 Exception <a 'sun/nio/fs/WindowsException'{0x00000000ff453488}> (0x00000000ff453488) 
thrown [s\src\hotspot\share\prims\jni.cpp, line 535]
Event: 3735.791 Thread 0x000001c07d808d20 Exception <a 'sun/nio/fs/WindowsException'{0x00000000ff4cb320}> (0x00000000ff4cb320) 
thrown [s\src\hotspot\share\prims\jni.cpp, line 535]
Event: 3735.807 Thread 0x000001c07d808d20 Exception <a 'sun/nio/fs/WindowsException'{0x00000000ff14ad30}> (0x00000000ff14ad30) 
thrown [s\src\hotspot\share\prims\jni.cpp, line 535]
Event: 3735.924 Thread 0x000001c006afa590 Exception <a 'sun/nio/fs/WindowsException'{0x00000000fdd1ee40}> (0x00000000fdd1ee40) 
thrown [s\src\hotspot\share\prims\jni.cpp, line 535]
Event: 3736.023 Thread 0x000001c006afa590 Exception <a 'sun/nio/fs/WindowsException'{0x00000000bf65cff0}> (0x00000000bf65cff0) 
thrown [s\src\hotspot\share\prims\jni.cpp, line 535]

ZGC Phase Switch (0 events):
No events

VM Operations (20 events):
Event: 3103.231 Executing VM operation: Cleanup done
Event: 3349.758 Executing VM operation: Cleanup
Event: 3349.759 Executing VM operation: Cleanup done
Event: 3398.835 Executing VM operation: Cleanup
Event: 3398.835 Executing VM operation: Cleanup done
Event: 3730.022 Executing VM operation: Cleanup
Event: 3730.025 Executing VM operation: Cleanup done
Event: 3731.025 Executing VM operation: Cleanup
Event: 3731.025 Executing VM operation: Cleanup done
Event: 3731.165 Executing VM operation: G1CollectForAllocation (G1 Evacuation Pause)
Event: 3731.519 Executing VM operation: G1CollectForAllocation (G1 Evacuation Pause) done
Event: 3732.519 Executing VM operation: Cleanup
Event: 3732.520 Executing VM operation: Cleanup done
Event: 3734.007 Executing VM operation: G1CollectForAllocation (G1 Evacuation Pause)
Event: 3734.109 Executing VM operation: G1CollectForAllocation (G1 Evacuation Pause) done
Event: 3734.573 Executing VM operation: G1CollectForAllocation (G1 Evacuation Pause)
Event: 3734.771 Executing VM operation: G1CollectForAllocation (G1 Evacuation Pause) done
Event: 3735.499 Executing VM operation: G1CollectForAllocation (G1 Evacuation Pause)
Event: 3735.653 Executing VM operation: G1CollectForAllocation (G1 Evacuation Pause) done
Event: 3736.154 Executing VM operation: G1CollectForAllocation (G1 Evacuation Pause)

Memory protections (0 events):
No events

Nmethod flushes (20 events):
Event: 2238.089 Thread 0x000001c076425780 flushing  nmethod 0x000001c065c91610
Event: 2238.089 Thread 0x000001c076425780 flushing osr nmethod 0x000001c065c92b10
Event: 2238.089 Thread 0x000001c076425780 flushing osr nmethod 0x000001c065c93810
Event: 2238.089 Thread 0x000001c076425780 flushing  nmethod 0x000001c065ca1710
Event: 2238.089 Thread 0x000001c076425780 flushing osr nmethod 0x000001c065ca3c10
Event: 2238.089 Thread 0x000001c076425780 flushing  nmethod 0x000001c065cb2c90
Event: 2238.089 Thread 0x000001c076425780 flushing  nmethod 0x000001c065db6e10
Event: 2238.089 Thread 0x000001c076425780 flushing  nmethod 0x000001c065db8910
Event: 2238.089 Thread 0x000001c076425780 flushing  nmethod 0x000001c065dbe610
Event: 2238.089 Thread 0x000001c076425780 flushing  nmethod 0x000001c065dbfb10
Event: 2238.089 Thread 0x000001c076425780 flushing  nmethod 0x000001c065dc6e10
Event: 2238.089 Thread 0x000001c076425780 flushing  nmethod 0x000001c065f16310
Event: 2238.089 Thread 0x000001c076425780 flushing  nmethod 0x000001c065f18f90
Event: 2238.089 Thread 0x000001c076425780 flushing osr nmethod 0x000001c065f1b690
Event: 2238.089 Thread 0x000001c076425780 flushing  nmethod 0x000001c065f48b10
Event: 2238.089 Thread 0x000001c076425780 flushing  nmethod 0x000001c065f5b810
Event: 2238.089 Thread 0x000001c076425780 flushing  nmethod 0x000001c065f5c090
Event: 2238.089 Thread 0x000001c076425780 flushing  nmethod 0x000001c065f5c490
Event: 2238.089 Thread 0x000001c076425780 flushing  nmethod 0x000001c06603da10
Event: 2238.089 Thread 0x000001c076425780 flushing  nmethod 0x000001c066043d10

Events (20 events):
Event: 3733.429 Thread 0x000001c07d808d20 Thread added: 0x000001c006afa590
Event: 3733.429 Thread 0x000001c07d808d20 Thread added: 0x000001c006af77a0
Event: 3733.429 Thread 0x000001c07d808d20 Thread added: 0x000001c006af7e30
Event: 3733.441 Thread 0x000001c07d808d20 Thread added: 0x000001c00bcc8d90
Event: 3734.187 Thread 0x000001c07d808d20 Thread added: 0x000001c00bccdc50
Event: 3734.187 Thread 0x000001c07d808d20 Thread added: 0x000001c00c12e150
Event: 3734.188 Thread 0x000001c07d808d20 Thread added: 0x000001c00c130f40
Event: 3734.252 Thread 0x000001c07d808d20 Thread added: 0x000001c00bcca7d0
Event: 3734.253 Thread 0x000001c07d808d20 Thread added: 0x000001c00bccbb80
Event: 3734.253 Thread 0x000001c07d808d20 Thread added: 0x000001c00bccc210
Event: 3735.133 Thread 0x000001c076609310 Thread added: 0x000001c07f526fd0
Event: 3735.755 Thread 0x000001c006afa590 Thread added: 0x000001c00bccc8a0
Event: 3735.755 Thread 0x000001c006afa590 Thread added: 0x000001c006af8b50
Event: 3735.880 Thread 0x000001c07d808d20 Thread added: 0x000001c07d80e270
Event: 3735.997 Thread 0x000001c006afa590 Thread added: 0x000001c006af63f0
Event: 3735.997 Thread 0x000001c006afa590 Thread added: 0x000001c006af9f00
Event: 3735.997 Thread 0x000001c006afa590 Thread added: 0x000001c006afac20
Event: 3736.095 Thread 0x000001c006af77a0 Thread added: 0x000001c00c129fb0
Event: 3736.096 Thread 0x000001c006af77a0 Thread added: 0x000001c00c1315d0
Event: 3736.096 Thread 0x000001c006af77a0 Thread added: 0x000001c006afb2b0


Dynamic libraries:
0x00007ff611580000 - 0x00007ff61158a000 	C:\Program Files\Android\Android Studio\jbr\bin\java.exe
0x00007ffc0d230000 - 0x00007ffc0d447000 	C:\WINDOWS\SYSTEM32\ntdll.dll
0x00007ffc0b470000 - 0x00007ffc0b533000 	C:\WINDOWS\System32\KERNEL32.DLL
0x00007ffc0a5a0000 - 0x00007ffc0a973000 	C:\WINDOWS\System32\KERNELBASE.dll
0x00007ffc0a340000 - 0x00007ffc0a451000 	C:\WINDOWS\System32\ucrtbase.dll
0x00007ffbcf170000 - 0x00007ffbcf18b000 	C:\Program Files\Android\Android Studio\jbr\bin\VCRUNTIME140.dll
0x00007ffbfd280000 - 0x00007ffbfd298000 	C:\Program Files\Android\Android Studio\jbr\bin\jli.dll
0x00007ffc0b0a0000 - 0x00007ffc0b251000 	C:\WINDOWS\System32\USER32.dll
0x00007ffc0acf0000 - 0x00007ffc0ad16000 	C:\WINDOWS\System32\win32u.dll
0x00007ffbeca60000 - 0x00007ffbeccfb000 	C:\WINDOWS\WinSxS\amd64_microsoft.windows.common-controls_6595b64144ccf1df_6.0.22621.5160_none_2712eb977382d575\COMCTL32.dll
0x00007ffc0b8f0000 - 0x00007ffc0b919000 	C:\WINDOWS\System32\GDI32.dll
0x00007ffc0c310000 - 0x00007ffc0c3b7000 	C:\WINDOWS\System32\msvcrt.dll
0x00007ffc0aaf0000 - 0x00007ffc0ac12000 	C:\WINDOWS\System32\gdi32full.dll
0x00007ffc0ac50000 - 0x00007ffc0acea000 	C:\WINDOWS\System32\msvcp_win.dll
0x00007ffc0d1b0000 - 0x00007ffc0d1e1000 	C:\WINDOWS\System32\IMM32.DLL
0x00007ffbffd00000 - 0x00007ffbffd0c000 	C:\Program Files\Android\Android Studio\jbr\bin\vcruntime140_1.dll
0x00007ffbb1860000 - 0x00007ffbb18ed000 	C:\Program Files\Android\Android Studio\jbr\bin\msvcp140.dll
0x00007ffb90460000 - 0x00007ffb910ea000 	C:\Program Files\Android\Android Studio\jbr\bin\server\jvm.dll
0x00007ffc0bf50000 - 0x00007ffc0c001000 	C:\WINDOWS\System32\ADVAPI32.dll
0x00007ffc0b540000 - 0x00007ffc0b5e8000 	C:\WINDOWS\System32\sechost.dll
0x00007ffc0ac20000 - 0x00007ffc0ac48000 	C:\WINDOWS\System32\bcrypt.dll
0x00007ffc0b9a0000 - 0x00007ffc0bab4000 	C:\WINDOWS\System32\RPCRT4.dll
0x00007ffc0b920000 - 0x00007ffc0b991000 	C:\WINDOWS\System32\WS2_32.dll
0x00007ffc0a200000 - 0x00007ffc0a24d000 	C:\WINDOWS\SYSTEM32\POWRPROF.dll
0x00007ffc056c0000 - 0x00007ffc056f4000 	C:\WINDOWS\SYSTEM32\WINMM.dll
0x00007ffc03f10000 - 0x00007ffc03f1a000 	C:\WINDOWS\SYSTEM32\VERSION.dll
0x00007ffc0a1e0000 - 0x00007ffc0a1f3000 	C:\WINDOWS\SYSTEM32\UMPDC.dll
0x00007ffc09340000 - 0x00007ffc09358000 	C:\WINDOWS\SYSTEM32\kernel.appcore.dll
0x00007ffbfcf50000 - 0x00007ffbfcf5a000 	C:\Program Files\Android\Android Studio\jbr\bin\jimage.dll
0x00007ffc05140000 - 0x00007ffc05372000 	C:\WINDOWS\SYSTEM32\DBGHELP.DLL
0x00007ffc0ce10000 - 0x00007ffc0d1a3000 	C:\WINDOWS\System32\combase.dll
0x00007ffc0b310000 - 0x00007ffc0b3e7000 	C:\WINDOWS\System32\OLEAUT32.dll
0x00007ffc05520000 - 0x00007ffc05552000 	C:\WINDOWS\SYSTEM32\dbgcore.DLL
0x00007ffc0a520000 - 0x00007ffc0a59b000 	C:\WINDOWS\System32\bcryptPrimitives.dll
0x00007ffc00d40000 - 0x00007ffc00d4e000 	C:\Program Files\Android\Android Studio\jbr\bin\instrument.dll
0x00007ffbcf060000 - 0x00007ffbcf080000 	C:\Program Files\Android\Android Studio\jbr\bin\java.dll
0x00007ffbcec80000 - 0x00007ffbcec98000 	C:\Program Files\Android\Android Studio\jbr\bin\zip.dll
0x00007ffc0c570000 - 0x00007ffc0ce0d000 	C:\WINDOWS\System32\SHELL32.dll
0x00007ffc0ada0000 - 0x00007ffc0aedf000 	C:\WINDOWS\System32\wintypes.dll
0x00007ffc08220000 - 0x00007ffc08b3e000 	C:\WINDOWS\SYSTEM32\windows.storage.dll
0x00007ffc0b7c0000 - 0x00007ffc0b8cb000 	C:\WINDOWS\System32\SHCORE.dll
0x00007ffc0b6c0000 - 0x00007ffc0b726000 	C:\WINDOWS\System32\shlwapi.dll
0x00007ffc0a270000 - 0x00007ffc0a29b000 	C:\WINDOWS\SYSTEM32\profapi.dll
0x00007ffbf3500000 - 0x00007ffbf3510000 	C:\Program Files\Android\Android Studio\jbr\bin\net.dll
0x00007ffc04110000 - 0x00007ffc0423c000 	C:\WINDOWS\SYSTEM32\WINHTTP.dll
0x00007ffc097d0000 - 0x00007ffc0983a000 	C:\WINDOWS\system32\mswsock.dll
0x00007ffbcec60000 - 0x00007ffbcec76000 	C:\Program Files\Android\Android Studio\jbr\bin\nio.dll
0x00007ffc02e20000 - 0x00007ffc02e30000 	C:\Program Files\Android\Android Studio\jbr\bin\verify.dll
0x00007ffb74ea0000 - 0x00007ffb74ec7000 	C:\Users\yashw\.gradle\native\c067742578af261105cb4f569cf0c3c89f3d7b1fecec35dd04571415982c5e48\windows-amd64\native-platform.dll
0x00007ffbe7750000 - 0x00007ffbe7894000 	C:\Users\yashw\.gradle\native\38dada09dfb8b06ba9b0570ebf7e218e3eb74d4ef43ca46872605cf95ebc2f47\windows-amd64\native-platform-file-events.dll
0x00007ffbe3250000 - 0x00007ffbe3259000 	C:\Program Files\Android\Android Studio\jbr\bin\management.dll
0x00007ffbe2b80000 - 0x00007ffbe2b8b000 	C:\Program Files\Android\Android Studio\jbr\bin\management_ext.dll
0x00007ffc0b3f0000 - 0x00007ffc0b3f8000 	C:\WINDOWS\System32\PSAPI.DLL
0x00007ffc09a40000 - 0x00007ffc09a5b000 	C:\WINDOWS\SYSTEM32\CRYPTSP.dll
0x00007ffc09290000 - 0x00007ffc092c7000 	C:\WINDOWS\system32\rsaenh.dll
0x00007ffc098e0000 - 0x00007ffc09908000 	C:\WINDOWS\SYSTEM32\USERENV.dll
0x00007ffc09a60000 - 0x00007ffc09a6c000 	C:\WINDOWS\SYSTEM32\CRYPTBASE.dll
0x00007ffc08da0000 - 0x00007ffc08dcd000 	C:\WINDOWS\SYSTEM32\IPHLPAPI.DLL
0x00007ffc0b7b0000 - 0x00007ffc0b7b9000 	C:\WINDOWS\System32\NSI.dll
0x00007ffbe5a20000 - 0x00007ffbe5a29000 	C:\Program Files\Android\Android Studio\jbr\bin\extnet.dll
0x00007ffbcccb0000 - 0x00007ffbcccb8000 	C:\WINDOWS\system32\wshunix.dll
0x00007ffbf4b60000 - 0x00007ffbf4b77000 	C:\WINDOWS\system32\napinsp.dll
0x00007ffbf40a0000 - 0x00007ffbf40bb000 	C:\WINDOWS\system32\pnrpnsp.dll
0x00007ffc08e10000 - 0x00007ffc08f12000 	C:\WINDOWS\SYSTEM32\DNSAPI.dll
0x00007ffbdefa0000 - 0x00007ffbdefb1000 	C:\WINDOWS\System32\winrnr.dll
0x00007ffc023b0000 - 0x00007ffc023c5000 	C:\WINDOWS\system32\wshbth.dll
0x00007ffbbf250000 - 0x00007ffbbf277000 	C:\WINDOWS\system32\nlansp_c.dll
0x00007ffc03f00000 - 0x00007ffc03f0a000 	C:\Windows\System32\rasadhlp.dll
0x00007ffc02410000 - 0x00007ffc02493000 	C:\WINDOWS\System32\fwpuclnt.dll
0x00007ffc09450000 - 0x00007ffc09484000 	C:\WINDOWS\SYSTEM32\ntmarta.dll
0x00007ffc02e00000 - 0x00007ffc02e07000 	C:\Program Files\Android\Android Studio\jbr\bin\rmi.dll

dbghelp: loaded successfully - version: 4.0.5 - missing functions: none
symbol engine: initialized successfully - sym options: 0x614 - pdb path: .;C:\Program Files\Android\Android Studio\jbr\bin;C:\WINDOWS\SYSTEM32;C:\WINDOWS\WinSxS\amd64_microsoft.windows.common-controls_6595b64144ccf1df_6.0.22621.5160_none_2712eb977382d575;C:\Program Files\Android\Android Studio\jbr\bin\server;C:\Users\yashw\.gradle\native\c067742578af261105cb4f569cf0c3c89f3d7b1fecec35dd04571415982c5e48\windows-amd64;C:\Users\yashw\.gradle\native\38dada09dfb8b06ba9b0570ebf7e218e3eb74d4ef43ca46872605cf95ebc2f47\windows-amd64

VM Arguments:
jvm_args: --add-opens=java.base/java.util=ALL-UNNAMED --add-opens=java.base/java.lang=ALL-UNNAMED --add-opens=java.base/java.lang.invoke=ALL-UNNAMED --add-opens=java.prefs/java.util.prefs=ALL-UNNAMED --add-opens=java.base/java.nio.charset=ALL-UNNAMED --add-opens=java.base/java.net=ALL-UNNAMED --add-opens=java.base/java.util.concurrent.atomic=ALL-UNNAMED -Xmx2048m -Dfile.encoding=UTF-8 -Duser.country=US -Duser.language=en -Duser.variant -javaagent:C:\Users\yashw\.gradle\wrapper\dists\gradle-8.4-bin\1w5dpkrfk8irigvoxmyhowfim\gradle-8.4\lib\agents\gradle-instrumentation-agent-8.4.jar 
java_command: org.gradle.launcher.daemon.bootstrap.GradleDaemon 8.4
java_class_path (initial): C:\Users\yashw\.gradle\wrapper\dists\gradle-8.4-bin\1w5dpkrfk8irigvoxmyhowfim\gradle-8.4\lib\gradle-launcher-8.4.jar
Launcher Type: SUN_STANDARD

[Global flags]
     intx CICompilerCount                          = 3                                         {product} {ergonomic}
     uint ConcGCThreads                            = 1                                         {product} {ergonomic}
     uint G1ConcRefinementThreads                  = 4                                         {product} {ergonomic}
   size_t G1HeapRegionSize                         = 1048576                                   {product} {ergonomic}
    uintx GCDrainStackTargetSize                   = 64                                        {product} {ergonomic}
   size_t InitialHeapSize                          = 132120576                                 {product} {ergonomic}
   size_t MarkStackSize                            = 4194304                                   {product} {ergonomic}
   size_t MaxHeapSize                              = 2147483648                                {product} {command line}
   size_t MaxNewSize                               = 1287651328                                {product} {ergonomic}
   size_t MinHeapDeltaBytes                        = 1048576                                   {product} {ergonomic}
   size_t MinHeapSize                              = 8388608                                   {product} {ergonomic}
    uintx NonNMethodCodeHeapSize                   = 5832780                                {pd product} {ergonomic}
    uintx NonProfiledCodeHeapSize                  = 122912730                              {pd product} {ergonomic}
    uintx ProfiledCodeHeapSize                     = 122912730                              {pd product} {ergonomic}
    uintx ReservedCodeCacheSize                    = 251658240                              {pd product} {ergonomic}
     bool SegmentedCodeCache                       = true                                      {product} {ergonomic}
   size_t SoftMaxHeapSize                          = 2147483648                             {manageable} {ergonomic}
     bool UseCompressedOops                        = true                           {product lp64_product} {ergonomic}
     bool UseG1GC                                  = true                                      {product} {ergonomic}
     bool UseLargePagesIndividualAllocation        = false                                  {pd product} {ergonomic}

Logging:
Log output configuration:
 #0: stdout all=warning uptime,level,tags foldmultilines=false
 #1: stderr all=off uptime,level,tags foldmultilines=false

Environment Variables:
JAVA_HOME=C:\Program Files\Java\jdk1.8.0_202
PATH=C:\Program Files (x86)\Common Files\Oracle\Java\javapath;C:\Program Files\Python310\Scripts\;C:\Program Files\Python310\;C:\Program Files\Java\jdk1.8.0_321\bin;C:\Program Files (x86)\dotnet\;C:\Program Files\MySQL\MySQL Server 8.0\bin;C:\WINDOWS\system32;C:\WINDOWS;C:\WINDOWS\System32\Wbem;C:\WINDOWS\System32\WindowsPowerShell\v1.0\;C:\WINDOWS\System32\OpenSSH\;C:\Program Files\nodejs\;C:\ProgramData\chocolatey\bin;C:\Program Files\MySQL\MySQL Server 8.0\bin;C:\Program Files\Git\cmd;C:\Program Files\MySQL\MySQL Shell 8.0\bin\;C:\Users\yashw\AppData\Local\Microsoft\WindowsApps;C:\Program Files\JetBrains\IntelliJ IDEA Community Edition 2021.2.3\bin;C:\Program Files\JetBrains\PyCharm Community Edition 2021.2.3\bin;C:\Users\yashw\AppData\Local\atom\bin;C:\Program Files\Java\jdk1.8.0_202\bin;;C:\Users\yashw\AppData\Local\Programs\Microsoft VS Code\bin;C:\Users\yashw\AppData\Local\Microsoft\WindowsApps;C:\Users\yashw\AppData\Roaming\npm
USERNAME=yashw
OS=Windows_NT
PROCESSOR_IDENTIFIER=Intel64 Family 6 Model 140 Stepping 1, GenuineIntel
TMP=C:\Users\yashw\AppData\Local\Temp
TEMP=C:\Users\yashw\AppData\Local\Temp




Periodic native trim disabled

JNI global refs:
JNI global refs: 27, weak refs: 0

JNI global refs memory usage: 835, weak refs: 833

Process memory usage:
Resident Set Size: 506572K (6% of 8183096K total physical memory with 378584K free physical memory)

OOME stack traces (most recent first):
Classloader memory used:
Loader org.gradle.internal.classloader.VisitableURLClassLoader$InstrumentingVisitableURLClassLoader: 66524K
Loader org.gradle.internal.classloader.VisitableURLClassLoader                         : 44460K
Loader bootstrap                                                                       : 32959K
Loader java.net.URLClassLoader                                                         : 19080K
Loader org.gradle.initialization.MixInLegacyTypesClassLoader                           : 11802K
Loader jdk.internal.loader.ClassLoaders$AppClassLoader                                 : 10450K
Loader jdk.internal.loader.ClassLoaders$PlatformClassLoader                            : 863K
Loader jdk.internal.reflect.DelegatingClassLoader                                      : 696K
Loader org.gradle.groovy.scripts.internal.DefaultScriptCompilationHandler$ScriptClassLoader: 264K
Loader org.codehaus.groovy.runtime.callsite.CallSiteClassLoader                        : 201K
Loader org.gradle.internal.classloader.VisitableURLClassLoader                         : 52360B
Loader sun.reflect.misc.MethodUtil                                                     : 2952B

Classes loaded by more than one classloader:
Class kotlin.ranges.IntProgression                                                    : loaded 4 times (x 77B)
Class kotlin.SynchronizedLazyImpl                                                     : loaded 4 times (x 72B)
Class kotlin.collections.EmptyIterator                                                : loaded 4 times (x 85B)
Class com.google.common.base.Platform                                                 : loaded 4 times (x 67B)
Class com.google.common.primitives.Ints$IntConverter                                  : loaded 4 times (x 86B)
Class kotlin.collections.AbstractList                                                 : loaded 4 times (x 193B)
Class kotlin.collections.AbstractCollection                                           : loaded 4 times (x 113B)
Class kotlin.sequences.SequencesKt__SequencesJVMKt                                    : loaded 4 times (x 67B)
Class com.google.common.collect.RegularImmutableMap$KeySet                            : loaded 4 times (x 146B)
Class kotlin.io.TextStreamsKt                                                         : loaded 4 times (x 67B)
Class com.google.common.collect.Maps$8                                                : loaded 4 times (x 78B)
Class org.apache.commons.io.file.PathFilter                                           : loaded 4 times (x 66B)
Class [Lcom.google.common.collect.ImmutableEntry;                                     : loaded 4 times (x 65B)
Class kotlin.NotImplementedError                                                      : loaded 4 times (x 78B)
Class kotlin.text.StringsKt__StringsKt                                                : loaded 4 times (x 67B)
Class kotlin.io.FileWalkDirection                                                     : loaded 4 times (x 75B)
Class kotlin.LazyKt__LazyKt                                                           : loaded 4 times (x 67B)
Class kotlin.text.StringsKt__StringBuilderJVMKt                                       : loaded 4 times (x 67B)
Class com.google.common.collect.Maps                                                  : loaded 4 times (x 67B)
Class com.google.common.collect.Sets$SetView                                          : loaded 4 times (x 134B)
Class kotlin.io.FileSystemException                                                   : loaded 4 times (x 78B)
Class kotlin.UNINITIALIZED_VALUE                                                      : loaded 4 times (x 67B)
Class kotlin.collections.SetsKt___SetsKt                                              : loaded 4 times (x 67B)
Class com.google.common.collect.ImmutableBiMapFauxverideShim                          : loaded 4 times (x 116B)
Class org.apache.commons.io.output.AbstractByteArrayOutputStream                      : loaded 4 times (x 98B)
Class com.google.common.collect.RegularImmutableList                                  : loaded 4 times (x 208B)
Class kotlin.collections.CollectionsKt__ReversedViewsKt                               : loaded 4 times (x 67B)
Class kotlin.sequences.FilteringSequence$iterator$1                                   : loaded 4 times (x 75B)
Class kotlin.io.FilesKt__FileTreeWalkKt                                               : loaded 4 times (x 67B)
Class kotlin.comparisons.ComparisonsKt__ComparisonsKt                                 : loaded 4 times (x 67B)
Class kotlin.sequences.SequencesKt__SequenceBuilderKt                                 : loaded 4 times (x 67B)
Class com.google.common.base.Function                                                 : loaded 4 times (x 66B)
Class kotlin.enums.EnumEntries                                                        : loaded 4 times (x 66B)
Class com.google.common.collect.ImmutableMultimap                                     : loaded 4 times (x 143B)
Class com.google.common.collect.ImmutableMapEntry$NonTerminalImmutableMapEntry        : loaded 4 times (x 81B)
Class com.google.common.base.Equivalence                                              : loaded 4 times (x 78B)
Class org.apache.commons.io.FileUtils                                                 : loaded 4 times (x 67B)
Class kotlin.ranges.IntRange                                                          : loaded 4 times (x 89B)
Class kotlin.ranges.RangesKt__RangesKt                                                : loaded 4 times (x 67B)
Class com.google.common.collect.ImmutableMapEntry                                     : loaded 4 times (x 81B)
Class com.google.common.collect.Iterators$10                                          : loaded 4 times (x 77B)
Class kotlin.sequences.SequencesKt__SequencesKt                                       : loaded 4 times (x 67B)
Class kotlin.comparisons.ComparisonsKt                                                : loaded 4 times (x 67B)
Class kotlin.comparisons.ComparisonsKt___ComparisonsKt                                : loaded 4 times (x 67B)
Class kotlin.sequences.FilteringSequence                                              : loaded 4 times (x 71B)
Class kotlin.text.CharsKt__CharJVMKt                                                  : loaded 4 times (x 67B)
Class com.google.common.collect.ImmutableList$1                                       : loaded 4 times (x 93B)
Class com.google.common.base.CommonPattern                                            : loaded 4 times (x 70B)
Class com.google.common.collect.Sets$FilteredSet                                      : loaded 4 times (x 133B)
Class com.google.common.collect.ImmutableEnumSet                                      : loaded 4 times (x 142B)
Class com.google.common.collect.RegularImmutableMap$Values                            : loaded 4 times (x 203B)
Class com.google.common.collect.ImmutableSet                                          : loaded 4 times (x 141B)
Class com.google.common.collect.Maps$EntryTransformer                                 : loaded 4 times (x 66B)
Class kotlin.text.StringsKt__StringNumberConversionsKt                                : loaded 4 times (x 67B)
Class [Lkotlin.Pair;                                                                  : loaded 4 times (x 65B)
Class kotlin.io.FilesKt__FileReadWriteKt                                              : loaded 4 times (x 67B)
Class kotlin.collections.CollectionsKt___CollectionsJvmKt                             : loaded 4 times (x 67B)
Class kotlin.LazyKt__LazyJVMKt                                                        : loaded 4 times (x 67B)
Class kotlin.Unit                                                                     : loaded 4 times (x 67B)
Class kotlin.TuplesKt                                                                 : loaded 4 times (x 67B)
Class kotlin.sequences.SequencesKt___SequencesJvmKt                                   : loaded 4 times (x 67B)
Class kotlin.text.StringsKt                                                           : loaded 4 times (x 67B)
Class com.google.common.collect.RegularImmutableMap                                   : loaded 4 times (x 117B)
Class com.google.common.collect.ImmutableMap$MapViewOfValuesAsSingletonSets           : loaded 4 times (x 121B)
Class com.google.common.collect.ImmutableAsList                                       : loaded 4 times (x 205B)
Class com.google.common.collect.Iterators$9                                           : loaded 4 times (x 77B)
Class kotlin.ranges.IntProgression$Companion                                          : loaded 4 times (x 67B)
Class com.google.common.base.Converter                                                : loaded 4 times (x 86B)
Class kotlin.collections.AbstractIterator$WhenMappings                                : loaded 4 times (x 67B)
Class kotlin.sequences.SequencesKt                                                    : loaded 4 times (x 67B)
Class kotlin.collections.CollectionsKt__IteratorsKt                                   : loaded 4 times (x 67B)
Class com.google.common.collect.Lists                                                 : loaded 4 times (x 67B)
Class com.google.common.collect.ImmutableSet$CachingAsList                            : loaded 4 times (x 143B)
Class kotlin.io.FileTreeWalk$DirectoryState                                           : loaded 4 times (x 69B)
Class kotlin.ranges.RangesKt                                                          : loaded 4 times (x 67B)
Class com.google.common.collect.ImmutableCollection                                   : loaded 4 times (x 121B)
Class kotlin.io.FilesKt__UtilsKt                                                      : loaded 4 times (x 67B)
Class org.apache.commons.io.function.IOFunction                                       : loaded 4 times (x 66B)
Class com.google.common.collect.UnmodifiableListIterator                              : loaded 4 times (x 91B)
Class kotlin.collections.CollectionsKt__CollectionsJVMKt                              : loaded 4 times (x 67B)
Class kotlin.collections.ArraysUtilJVM                                                : loaded 4 times (x 67B)
Class com.google.common.collect.Iterators$MergingIterator                             : loaded 4 times (x 77B)
Class kotlin.jvm.functions.Function0                                                  : loaded 4 times (x 66B)
Class com.google.common.base.Strings                                                  : loaded 4 times (x 67B)
Class com.google.common.collect.Iterators$5                                           : loaded 4 times (x 78B)
Class kotlin.jvm.functions.Function1                                                  : loaded 4 times (x 66B)
Class com.google.common.collect.Sets                                                  : loaded 4 times (x 67B)
Class com.google.common.collect.ImmutableBiMap                                        : loaded 4 times (x 139B)
Class com.google.common.collect.Iterators$4                                           : loaded 4 times (x 78B)
Class com.google.common.base.Predicate                                                : loaded 4 times (x 66B)
Class com.google.common.collect.ImmutableMap                                          : loaded 4 times (x 116B)
Class com.google.common.base.Platform$JdkPatternCompiler                              : loaded 4 times (x 71B)
Class kotlin.io.LinesSequence                                                         : loaded 4 times (x 71B)
Class com.google.common.collect.ImmutableMap$IteratorBasedImmutableMap                : loaded 4 times (x 121B)
Class kotlin.UninitializedPropertyAccessException                                     : loaded 4 times (x 78B)
Class kotlin.collections.CollectionsKt                                                : loaded 4 times (x 67B)
Class kotlin.Metadata                                                                 : loaded 4 times (x 66B)
Class kotlin.io.NoSuchFileException                                                   : loaded 4 times (x 78B)
Class kotlin.io.FileTreeWalk$WalkState                                                : loaded 4 times (x 69B)
Class kotlin.collections.MapsKt___MapsJvmKt                                           : loaded 4 times (x 67B)
Class kotlin.collections.EmptySet                                                     : loaded 4 times (x 118B)
Class com.google.common.collect.Iterators$1                                           : loaded 4 times (x 77B)
Class [Lcom.google.common.collect.AbstractMapEntry;                                   : loaded 4 times (x 65B)
Class com.google.common.collect.ImmutableEntry                                        : loaded 4 times (x 78B)
Class kotlin.annotation.Target                                                        : loaded 4 times (x 66B)
Class kotlin.jvm.internal.Lambda                                                      : loaded 4 times (x 71B)
Class kotlin.collections.MapsKt__MapsKt                                               : loaded 4 times (x 67B)
Class kotlin.collections.CollectionsKt___CollectionsKt                                : loaded 4 times (x 67B)
Class kotlin.collections.State                                                        : loaded 4 times (x 75B)
Class [Lcom.google.common.collect.AbstractIterator$State;                             : loaded 4 times (x 65B)
Class com.google.common.collect.ImmutableList$ReverseImmutableList                    : loaded 4 times (x 204B)
Class com.google.common.base.JdkPattern                                               : loaded 4 times (x 71B)
Class com.google.common.collect.CollectPreconditions                                  : loaded 4 times (x 67B)
Class kotlin.collections.AbstractList$Companion                                       : loaded 4 times (x 67B)
Class kotlin.sequences.SequencesKt___SequencesKt                                      : loaded 4 times (x 67B)
Class org.apache.commons.io.StandardLineSeparator                                     : loaded 4 times (x 75B)
Class kotlin.annotation.Retention                                                     : loaded 4 times (x 66B)
Class [Lkotlin.collections.State;                                                     : loaded 4 times (x 65B)
Class kotlin.text.StringsKt__IndentKt                                                 : loaded 4 times (x 67B)
Class com.google.common.collect.ImmutableList$SubList                                 : loaded 4 times (x 204B)
Class kotlin.text.StringsKt___StringsJvmKt                                            : loaded 4 times (x 67B)
Class com.google.common.collect.ForwardingObject                                      : loaded 4 times (x 68B)
Class com.google.common.collect.SingletonImmutableList                                : loaded 4 times (x 203B)
Class kotlin.collections.SetsKt                                                       : loaded 4 times (x 67B)
Class kotlin.text.StringsKt__StringsJVMKt                                             : loaded 4 times (x 67B)
Class org.apache.commons.io.IOUtils                                                   : loaded 4 times (x 67B)
Class com.google.common.collect.NullnessCasts                                         : loaded 4 times (x 67B)
Class com.google.common.collect.Maps$AbstractFilteredMap                              : loaded 4 times (x 123B)
Class kotlin.io.FilesKt                                                               : loaded 4 times (x 67B)
Class kotlin.ranges.ClosedRange                                                       : loaded 4 times (x 66B)
Class [Lcom.google.common.collect.ImmutableMapEntry;                                  : loaded 4 times (x 65B)
Class kotlin.io.FileTreeWalk$FileTreeWalkIterator                                     : loaded 4 times (x 79B)
Class com.google.common.collect.Multimap                                              : loaded 4 times (x 66B)
Class com.google.common.primitives.IntsMethodsForWeb                                  : loaded 4 times (x 67B)
Class kotlin.collections.MapsKt___MapsKt                                              : loaded 4 times (x 67B)
Class kotlin.collections.ArraysKt___ArraysKt                                          : loaded 4 times (x 67B)
Class com.google.common.collect.SortedMapDifference                                   : loaded 4 times (x 66B)
Class kotlin.collections.MapsKt__MapWithDefaultKt                                     : loaded 4 times (x 67B)
Class org.apache.commons.io.filefilter.IOFileFilter                                   : loaded 4 times (x 66B)
Class kotlin.io.FileTreeWalk                                                          : loaded 4 times (x 71B)
Class com.google.common.collect.ImmutableMap$Builder                                  : loaded 4 times (x 78B)
Class kotlin.collections.CollectionsKt__MutableCollectionsJVMKt                       : loaded 4 times (x 67B)
Class kotlin.enums.EnumEntriesKt                                                      : loaded 4 times (x 67B)
Class kotlin.text.StringsKt___StringsKt                                               : loaded 4 times (x 67B)
Class kotlin.internal.ProgressionUtilKt                                               : loaded 4 times (x 67B)
Class kotlin.io.FileAlreadyExistsException                                            : loaded 4 times (x 78B)
Class kotlin.Function                                                                 : loaded 4 times (x 66B)
Class org.apache.commons.io.output.NullOutputStream                                   : loaded 4 times (x 81B)
Class com.google.common.collect.ImmutableMapEntrySet                                  : loaded 4 times (x 147B)
Class kotlin.text.StringsKt__RegexExtensionsKt                                        : loaded 4 times (x 67B)
Class kotlin.collections.SetsKt__SetsJVMKt                                            : loaded 4 times (x 67B)
Class kotlin.collections.EmptyMap                                                     : loaded 4 times (x 105B)
Class com.google.common.collect.AbstractIterator$1                                    : loaded 4 times (x 67B)
Class kotlin.collections.ArraysKt__ArraysKt                                           : loaded 4 times (x 67B)
Class com.google.common.collect.ListMultimap                                          : loaded 4 times (x 66B)
Class [Lorg.apache.commons.io.StandardLineSeparator;                                  : loaded 4 times (x 65B)
Class org.apache.commons.io.output.StringBuilderWriter                                : loaded 4 times (x 96B)
Class com.google.common.collect.AbstractIndexedListIterator                           : loaded 4 times (x 92B)
Class kotlin.text.StringsKt__AppendableKt                                             : loaded 4 times (x 67B)
Class com.google.common.collect.ImmutableEnumMap                                      : loaded 4 times (x 121B)
Class com.google.common.collect.Multiset                                              : loaded 4 times (x 66B)
Class com.google.common.collect.ObjectArrays                                          : loaded 4 times (x 67B)
Class kotlin.ranges.IntRange$Companion                                                : loaded 4 times (x 67B)
Class com.google.common.primitives.Ints                                               : loaded 4 times (x 67B)
Class com.google.common.collect.AbstractIterator                                      : loaded 4 times (x 78B)
Class kotlin.jvm.internal.Intrinsics                                                  : loaded 4 times (x 67B)
Class com.google.common.collect.BiMap                                                 : loaded 4 times (x 66B)
Class com.google.common.collect.ImmutableMap$1                                        : loaded 4 times (x 77B)
Class com.google.common.collect.IndexedImmutableSet                                   : loaded 4 times (x 146B)
Class com.google.common.collect.RegularImmutableMap$BucketOverflowException           : loaded 4 times (x 78B)
Class kotlin.collections.CollectionsKt__IterablesKt                                   : loaded 4 times (x 67B)
Class kotlin.io.FileTreeWalk$FileTreeWalkIterator$TopDownDirectoryState               : loaded 4 times (x 70B)
Class kotlin.collections.MapsKt__MapsJVMKt                                            : loaded 4 times (x 67B)
Class kotlin.collections.EmptyList                                                    : loaded 4 times (x 170B)
Class kotlin.collections.MapsKt                                                       : loaded 4 times (x 67B)
Class kotlin.text.Charsets                                                            : loaded 4 times (x 67B)
Class com.google.common.collect.Sets$1                                                : loaded 4 times (x 135B)
Class [Lkotlin.io.FileWalkDirection;                                                  : loaded 4 times (x 65B)
Class org.apache.commons.io.output.ThresholdingOutputStream                           : loaded 4 times (x 90B)
Class com.google.common.collect.ImmutableList                                         : loaded 4 times (x 202B)
Class kotlin.io.FileTreeWalk$FileTreeWalkIterator$WhenMappings                        : loaded 4 times (x 67B)
Class kotlin.ranges.OpenEndRange                                                      : loaded 4 times (x 66B)
Class kotlin.KotlinNullPointerException                                               : loaded 4 times (x 79B)
Class com.google.common.collect.Lists$StringAsImmutableList                           : loaded 4 times (x 203B)
Class com.google.common.collect.AbstractIterator$State                                : loaded 4 times (x 75B)
Class com.google.common.collect.RegularImmutableBiMap                                 : loaded 4 times (x 144B)
Class kotlin.text.CharsKt                                                             : loaded 4 times (x 67B)
Class kotlin.collections.AbstractIterator                                             : loaded 4 times (x 79B)
Class kotlin.io.LinesSequence$iterator$1                                              : loaded 4 times (x 75B)
Class kotlin.ranges.RangesKt___RangesKt                                               : loaded 4 times (x 67B)
Class com.google.common.collect.Iterators                                             : loaded 4 times (x 67B)
Class com.google.common.collect.Maps$ViewCachingAbstractMap                           : loaded 4 times (x 121B)
Class org.apache.commons.io.FilenameUtils                                             : loaded 4 times (x 67B)
Class com.google.common.collect.Maps$KeySet                                           : loaded 4 times (x 133B)
Class com.google.common.base.PatternCompiler                                          : loaded 4 times (x 66B)
Class kotlin.io.FilesKt__FilePathComponentsKt                                         : loaded 4 times (x 67B)
Class com.google.common.collect.RegularImmutableAsList                                : loaded 4 times (x 212B)
Class kotlin.io.TerminateException                                                    : loaded 4 times (x 78B)
Class kotlin.sequences.Sequence                                                       : loaded 4 times (x 66B)
Class kotlin.text.StringsKt__StringNumberConversionsJVMKt                             : loaded 4 times (x 67B)
Class com.google.common.collect.Sets$2                                                : loaded 4 times (x 135B)
Class com.google.common.collect.Hashing                                               : loaded 4 times (x 67B)
Class kotlin.jvm.internal.markers.KMappedMarker                                       : loaded 4 times (x 66B)
Class com.google.common.base.Preconditions                                            : loaded 4 times (x 67B)
Class org.apache.commons.io.output.AppendableWriter                                   : loaded 4 times (x 96B)
Class kotlin.collections.ArraysKt                                                     : loaded 4 times (x 67B)
Class kotlin.text.CharsKt__CharKt                                                     : loaded 4 times (x 67B)
Class kotlin.collections.CollectionsKt__MutableCollectionsKt                          : loaded 4 times (x 67B)
Class kotlin.io.CloseableKt                                                           : loaded 4 times (x 67B)
Class com.google.common.collect.ImmutableList$Builder                                 : loaded 4 times (x 73B)
Class com.google.common.collect.AbstractMultimap                                      : loaded 4 times (x 119B)
Class com.google.common.collect.Sets$ImprovedAbstractSet                              : loaded 4 times (x 131B)
Class kotlin.collections.SetsKt__SetsKt                                               : loaded 4 times (x 67B)
Class kotlin.Pair                                                                     : loaded 4 times (x 68B)
Class org.apache.commons.io.FileExistsException                                       : loaded 4 times (x 78B)
Class com.google.common.collect.AbstractMapEntry                                      : loaded 4 times (x 77B)
Class com.google.common.collect.Sets$3                                                : loaded 4 times (x 135B)
Class com.google.common.collect.SingletonImmutableBiMap                               : loaded 4 times (x 139B)
Class com.google.common.collect.PeekingIterator                                       : loaded 4 times (x 66B)
Class com.google.common.base.Joiner$1                                                 : loaded 4 times (x 76B)
Class com.google.common.collect.UnmodifiableIterator                                  : loaded 4 times (x 76B)
Class kotlin.LazyKt                                                                   : loaded 4 times (x 67B)
Class kotlin.sequences.ConstrainedOnceSequence                                        : loaded 4 times (x 71B)
Class com.google.common.collect.Platform                                              : loaded 4 times (x 67B)
Class com.google.common.base.Joiner$2                                                 : loaded 4 times (x 75B)
Class kotlin.collections.CollectionsKt__IteratorsJVMKt                                : loaded 4 times (x 67B)
Class org.apache.commons.io.output.ByteArrayOutputStream                              : loaded 4 times (x 98B)
Class com.google.common.collect.BaseImmutableMultimap                                 : loaded 4 times (x 119B)
Class com.google.common.base.Joiner                                                   : loaded 4 times (x 75B)
Class com.google.common.collect.Sets$4                                                : loaded 4 times (x 135B)
Class kotlin.comparisons.ComparisonsKt___ComparisonsJvmKt                             : loaded 4 times (x 67B)
Class kotlin.collections.ArraysKt__ArraysJVMKt                                        : loaded 4 times (x 67B)
Class kotlin.jvm.internal.FunctionBase                                                : loaded 4 times (x 66B)
Class kotlin.enums.EnumEntriesList                                                    : loaded 4 times (x 219B)
Class org.apache.commons.io.output.UnsynchronizedByteArrayOutputStream                : loaded 4 times (x 98B)
Class com.google.common.collect.ImmutableCollection$Builder                           : loaded 4 times (x 72B)
Class com.google.common.collect.Iterators$ArrayItr                                    : loaded 4 times (x 93B)
Class kotlin.text.StringsKt__StringBuilderKt                                          : loaded 4 times (x 67B)
Class kotlin._Assertions                                                              : loaded 4 times (x 67B)
Class com.google.common.collect.ImmutableMapEntrySet$RegularEntrySet                  : loaded 4 times (x 147B)
Class kotlin.Lazy                                                                     : loaded 4 times (x 66B)
Class com.google.common.collect.MapDifference                                         : loaded 4 times (x 66B)
Class kotlin.text.StringsKt__RegexExtensionsJVMKt                                     : loaded 4 times (x 67B)
Class kotlin.collections.ArraysKt___ArraysJvmKt                                       : loaded 4 times (x 67B)
Class kotlin.NoWhenBranchMatchedException                                             : loaded 4 times (x 78B)
Class kotlin.collections.CollectionsKt__CollectionsKt                                 : loaded 4 times (x 67B)
Class com.google.common.collect.TransformedIterator                                   : loaded 4 times (x 76B)
Class com.google.common.collect.Collections2$FilteredCollection                       : loaded 4 times (x 115B)
Class com.google.common.collect.Maps$BiMapConverter                                   : loaded 4 times (x 86B)
Class android.databinding.tool.store.GenClassInfoLog$Companion                        : loaded 3 times (x 67B)
Class org.apache.commons.io.output.QueueOutputStream                                  : loaded 3 times (x 83B)
Class com.sun.xml.bind.v2.model.impl.RuntimeClassInfoImpl$RuntimePropertySeed         : loaded 3 times (x 80B)
Class com.sun.xml.bind.v2.runtime.reflect.TransducedAccessor                          : loaded 3 times (x 74B)
Class com.sun.xml.bind.v2.runtime.NameList                                            : loaded 3 times (x 68B)
Class kotlin.reflect.KTypeParameter                                                   : loaded 3 times (x 66B)
Class org.apache.commons.io.file.Counters$Counter                                     : loaded 3 times (x 66B)
Class javax.xml.bind.annotation.XmlAnyElement                                         : loaded 3 times (x 66B)
Class com.sun.xml.bind.v2.model.impl.RuntimeArrayInfoImpl                             : loaded 3 times (x 103B)
Class org.apache.commons.io.IOCase                                                    : loaded 3 times (x 76B)
Class javax.xml.bind.annotation.XmlID                                                 : loaded 3 times (x 66B)
Class com.sun.xml.bind.v2.util.CollisionCheckStack                                    : loaded 3 times (x 195B)
Class android.databinding.tool.LibTypes$observableFields$2                            : loaded 3 times (x 75B)
Class com.sun.xml.bind.v2.runtime.unmarshaller.DefaultIDResolver                      : loaded 3 times (x 72B)
Class javax.xml.bind.annotation.XmlAttachmentRef                                      : loaded 3 times (x 66B)
Class com.google.gson.ToNumberPolicy$1                                                : loaded 3 times (x 79B)
Class com.android.tools.build.jetifier.core.proguard.ProGuardTypesMap$JsonData        : loaded 3 times (x 68B)
Class android.databinding.tool.LibTypes$observable$2                                  : loaded 3 times (x 75B)
Class com.google.gson.internal.bind.NumberTypeAdapter                                 : loaded 3 times (x 70B)
Class com.google.gson.internal.$Gson$Types$ParameterizedTypeImpl                      : loaded 3 times (x 77B)
Class com.android.tools.build.jetifier.core.proguard.ProGuardTypesMap$Companion       : loaded 3 times (x 67B)
Class com.sun.xml.bind.v2.model.impl.BuiltinLeafInfoImpl                              : loaded 3 times (x 101B)
Class com.sun.xml.bind.v2.model.impl.RuntimeBuiltinLeafInfoImpl                       : loaded 3 times (x 129B)
Class kotlin.text.Regex$Companion                                                     : loaded 3 times (x 67B)
Class javax.xml.bind.annotation.XmlSchemaType                                         : loaded 3 times (x 66B)
Class com.sun.xml.bind.v2.runtime.reflect.PrimitiveArrayListerInteger                 : loaded 3 times (x 72B)
Class com.sun.xml.bind.v2.runtime.IllegalAnnotationsException$Builder                 : loaded 3 times (x 73B)
Class com.sun.xml.bind.v2.model.annotation.RuntimeAnnotationReader                    : loaded 3 times (x 66B)
Class [Lcom.google.gson.FieldNamingStrategy;                                          : loaded 3 times (x 65B)
Class android.databinding.tool.store.ResourceBundle$BindingTargetBundle               : loaded 3 times (x 91B)
Class com.google.gson.LongSerializationPolicy                                         : loaded 3 times (x 76B)
Class android.databinding.tool.util.L$Client                                          : loaded 3 times (x 66B)
Class com.sun.xml.bind.v2.runtime.unmarshaller.XsiNilLoader$Single                    : loaded 3 times (x 76B)
Class com.sun.xml.bind.v2.runtime.reflect.TransducedAccessor$CompositeTransducedAccessorImpl: loaded 3 times (x 75B)
Class com.sun.xml.bind.v2.runtime.NamespaceContext2                                   : loaded 3 times (x 66B)
Class com.android.tools.build.jetifier.core.utils.LogLevel                            : loaded 3 times (x 75B)
Class [Lcom.android.tools.build.jetifier.core.utils.LogLevel;                         : loaded 3 times (x 65B)
Class com.google.gson.internal.Excluder                                               : loaded 3 times (x 71B)
Class android.databinding.tool.LibTypes$viewDataBinding$2                             : loaded 3 times (x 75B)
Class com.google.gson.internal.bind.JsonAdapterAnnotationTypeAdapterFactory           : loaded 3 times (x 71B)
Class com.sun.xml.bind.v2.runtime.ValueListBeanInfoImpl                               : loaded 3 times (x 85B)
Class android.databinding.tool.util.RelativizableFile                                 : loaded 3 times (x 68B)
Class com.sun.xml.bind.v2.runtime.unmarshaller.DomLoader                              : loaded 3 times (x 74B)
Class com.sun.xml.bind.v2.util.XmlFactory                                             : loaded 3 times (x 67B)
Class com.sun.xml.bind.v2.runtime.output.C14nXmlOutput                                : loaded 3 times (x 97B)
Class com.sun.xml.bind.v2.runtime.unmarshaller.ProxyLoader                            : loaded 3 times (x 74B)
Class com.sun.xml.bind.v2.model.core.ArrayInfo                                        : loaded 3 times (x 66B)
Class androidx.databinding.BindingAdapter                                             : loaded 3 times (x 66B)
Class org.apache.commons.io.filefilter.AbstractFileFilter                             : loaded 3 times (x 112B)
Class com.google.common.collect.ImmutableListMultimap                                 : loaded 3 times (x 172B)
Class com.squareup.javapoet.AnnotationSpec                                            : loaded 3 times (x 68B)
Class com.squareup.javapoet.CodeBlock                                                 : loaded 3 times (x 68B)
Class com.sun.xml.bind.marshaller.CharacterEscapeHandler                              : loaded 3 times (x 66B)
Class com.android.tools.build.jetifier.core.type.TypesMap$JsonData                    : loaded 3 times (x 68B)
Class android.databinding.tool.util.L                                                 : loaded 3 times (x 67B)
Class com.sun.xml.bind.v2.runtime.unmarshaller.LocatorExWrapper                       : loaded 3 times (x 82B)
Class com.sun.xml.bind.v2.runtime.output.NamespaceContextImpl                         : loaded 3 times (x 77B)
Class com.sun.istack.SAXParseException2                                               : loaded 3 times (x 84B)
Class kotlin.jvm.internal.CallableReference$NoReceiver                                : loaded 3 times (x 67B)
Class com.sun.xml.bind.InternalAccessorFactory                                        : loaded 3 times (x 66B)
Class com.squareup.javapoet.MethodSpec                                                : loaded 3 times (x 68B)
Class com.squareup.javapoet.TypeSpec$Builder                                          : loaded 3 times (x 68B)
Class com.android.tools.build.jetifier.core.utils.LogConsumer                         : loaded 3 times (x 66B)
Class androidx.databinding.Bindable                                                   : loaded 3 times (x 66B)
Class android.databinding.internal.org.antlr.v4.runtime.TokenStream                   : loaded 3 times (x 66B)
Class com.sun.xml.bind.v2.runtime.reflect.PrimitiveArrayListerShort                   : loaded 3 times (x 72B)
Class com.sun.xml.bind.v2.runtime.reflect.NullSafeAccessor                            : loaded 3 times (x 81B)
Class com.sun.xml.bind.v2.runtime.property.AttributeProperty                          : loaded 3 times (x 101B)
Class android.databinding.tool.store.ResourceBundle$NameTypeLocation                  : loaded 3 times (x 68B)
Class com.sun.xml.bind.v2.model.annotation.LocatableAnnotation                        : loaded 3 times (x 81B)
Class android.databinding.tool.writer.JavaFileWriter                                  : loaded 3 times (x 70B)
Class [Lorg.apache.commons.io.IOCase;                                                 : loaded 3 times (x 65B)
Class com.google.common.collect.EmptyImmutableListMultimap                            : loaded 3 times (x 172B)
Class com.sun.xml.bind.v2.runtime.JAXBContextImpl$JAXBContextBuilder                  : loaded 3 times (x 82B)
Class com.sun.xml.bind.v2.model.annotation.XmlSchemaQuick                             : loaded 3 times (x 91B)
Class androidx.databinding.BindingConversion                                          : loaded 3 times (x 66B)
Class com.sun.xml.bind.annotation.XmlLocation                                         : loaded 3 times (x 66B)
Class com.google.gson.internal.bind.DefaultDateTypeAdapter                            : loaded 3 times (x 70B)
Class com.google.gson.GsonBuilder                                                     : loaded 3 times (x 68B)
Class com.google.gson.internal.reflect.ReflectionHelper$RecordSupportedHelper         : loaded 3 times (x 74B)
Class com.sun.xml.bind.v2.model.impl.SingleTypePropertyInfoImpl                       : loaded 3 times (x 109B)
Class com.android.tools.build.jetifier.core.pom.DependencyVersionsMap$Companion       : loaded 3 times (x 67B)
Class com.android.tools.build.jetifier.core.PackageMap$Companion                      : loaded 3 times (x 67B)
Class android.databinding.tool.ext.Collection_extKt                                   : loaded 3 times (x 67B)
Class kotlin.reflect.KProperty0                                                       : loaded 3 times (x 66B)
Class javax.xml.bind.annotation.XmlSchema                                             : loaded 3 times (x 66B)
Class com.sun.xml.bind.marshaller.NamespacePrefixMapper                               : loaded 3 times (x 71B)
Class com.sun.xml.bind.v2.runtime.property.ArrayElementLeafProperty                   : loaded 3 times (x 101B)
Class com.sun.xml.bind.v2.model.impl.ElementPropertyInfoImpl$1                        : loaded 3 times (x 196B)
Class com.sun.xml.bind.v2.model.impl.ERPropertyInfoImpl                               : loaded 3 times (x 104B)
Class com.sun.xml.bind.v2.model.impl.RuntimeBuiltinLeafInfoImpl$1                     : loaded 3 times (x 72B)
Class android.databinding.tool.util.FileUtil                                          : loaded 3 times (x 67B)
Class com.sun.xml.bind.v2.model.core.LeafInfo                                         : loaded 3 times (x 66B)
Class com.sun.xml.bind.v2.runtime.property.TagAndType                                 : loaded 3 times (x 68B)
Class com.google.gson.internal.Primitives                                             : loaded 3 times (x 67B)
Class com.google.gson.internal.reflect.ReflectionHelper$RecordHelper                  : loaded 3 times (x 71B)
Class com.google.gson.stream.JsonWriter                                               : loaded 3 times (x 94B)
Class com.google.gson.internal.ReflectionAccessFilterHelper                           : loaded 3 times (x 67B)
Class com.google.gson.stream.JsonReader                                               : loaded 3 times (x 93B)
Class com.google.gson.ToNumberPolicy$2                                                : loaded 3 times (x 79B)
Class [Lkotlin.reflect.KProperty;                                                     : loaded 3 times (x 65B)
Class [Lorg.apache.commons.io.file.DeleteOption;                                      : loaded 3 times (x 65B)
Class android.databinding.tool.ext.XmlResourceReference                               : loaded 3 times (x 68B)
Class kotlin.reflect.KClass                                                           : loaded 3 times (x 66B)
Class kotlin.reflect.KProperty1                                                       : loaded 3 times (x 66B)
Class com.google.common.collect.Maps$FilteredEntryMap$EntrySet$1$1                    : loaded 3 times (x 83B)
Class com.sun.xml.bind.v2.runtime.CompositeStructureBeanInfo                          : loaded 3 times (x 94B)
Class com.sun.xml.bind.v2.runtime.property.ArrayERProperty                            : loaded 3 times (x 100B)
Class com.sun.xml.bind.v2.model.impl.RuntimeBuiltinLeafInfoImpl$2                     : loaded 3 times (x 132B)
Class com.sun.xml.bind.v2.util.QNameMap$Entry                                         : loaded 3 times (x 68B)
Class com.sun.xml.bind.IDResolver                                                     : loaded 3 times (x 71B)
Class com.sun.xml.bind.v2.runtime.output.NamespaceContextImpl$Element                 : loaded 3 times (x 68B)
Class com.google.gson.internal.LinkedTreeMap$Node                                     : loaded 3 times (x 75B)
Class com.sun.xml.bind.v2.model.runtime.RuntimeLeafInfo                               : loaded 3 times (x 66B)
Class com.google.gson.internal.bind.TypeAdapterRuntimeTypeWrapper                     : loaded 3 times (x 70B)
Class android.databinding.tool.LibTypes$nullable$2                                    : loaded 3 times (x 75B)
Class com.sun.xml.bind.v2.runtime.JAXBContextImpl$6                                   : loaded 3 times (x 87B)
Class kotlin.sequences.TransformingSequence$iterator$1                                : loaded 3 times (x 75B)
Class android.databinding.tool.CompilerArguments$Type                                 : loaded 3 times (x 75B)
Class javax.xml.bind.annotation.XmlElement                                            : loaded 3 times (x 66B)
Class javax.xml.bind.annotation.XmlIDREF                                              : loaded 3 times (x 66B)
Class javax.xml.bind.annotation.XmlSchemaTypes                                        : loaded 3 times (x 66B)
Class com.sun.xml.bind.v2.runtime.unmarshaller.ChildLoader                            : loaded 3 times (x 68B)
Class com.android.tools.build.jetifier.core.TypeRewriter$Companion                    : loaded 3 times (x 67B)
Class kotlin.collections.CollectionsKt___CollectionsKt$withIndex$1                    : loaded 3 times (x 75B)
Class kotlin.reflect.KProperty2                                                       : loaded 3 times (x 66B)
Class com.sun.xml.bind.v2.runtime.Name                                                : loaded 3 times (x 71B)
Class com.sun.xml.bind.v2.model.impl.RuntimeBuiltinLeafInfoImpl$3                     : loaded 3 times (x 132B)
Class com.sun.xml.bind.v2.model.core.BuiltinLeafInfo                                  : loaded 3 times (x 66B)
Class com.sun.xml.bind.v2.model.runtime.RuntimeTypeRef                                : loaded 3 times (x 66B)
Class com.sun.xml.bind.v2.runtime.property.SingleMapNodeProperty                      : loaded 3 times (x 98B)
Class com.sun.xml.bind.v2.model.impl.Util                                             : loaded 3 times (x 67B)
Class [Lcom.sun.xml.bind.v2.model.core.PropertyKind;                                  : loaded 3 times (x 65B)
Class [Lcom.squareup.javapoet.TypeSpec$Kind;                                          : loaded 3 times (x 65B)
Class [Lcom.sun.xml.bind.v2.runtime.Location;                                         : loaded 3 times (x 65B)
Class kotlin.collections.CollectionsKt___CollectionsKt$asSequence$$inlined$Sequence$1 : loaded 3 times (x 71B)
Class android.databinding.tool.LibTypes$bindingAdapter$2                              : loaded 3 times (x 75B)
Class com.squareup.javapoet.LineWrapper$1                                             : loaded 3 times (x 67B)
Class com.sun.xml.bind.api.JAXBRIContext                                              : loaded 3 times (x 85B)
Class com.google.gson.internal.LazilyParsedNumber                                     : loaded 3 times (x 74B)
Class com.google.gson.ToNumberPolicy$3                                                : loaded 3 times (x 79B)
Class com.android.tools.build.jetifier.core.proguard.ProGuardTypesMap                 : loaded 3 times (x 68B)
Class com.google.gson.internal.Streams                                                : loaded 3 times (x 67B)
Class com.squareup.javapoet.CodeWriter                                                : loaded 3 times (x 68B)
Class com.sun.xml.bind.v2.runtime.RuntimeUtil                                         : loaded 3 times (x 67B)
Class kotlin.reflect.KCallable                                                        : loaded 3 times (x 66B)
Class com.sun.xml.bind.v2.model.core.ValuePropertyInfo                                : loaded 3 times (x 66B)
Class com.sun.xml.bind.v2.model.runtime.RuntimeAttributePropertyInfo                  : loaded 3 times (x 66B)
Class com.sun.xml.bind.v2.model.impl.RuntimeBuiltinLeafInfoImpl$4                     : loaded 3 times (x 132B)
Class com.sun.xml.bind.v2.model.core.ErrorHandler                                     : loaded 3 times (x 66B)
Class javax.xml.bind.Marshaller                                                       : loaded 3 times (x 66B)
Class com.sun.xml.bind.v2.runtime.ClassBeanInfoImpl                                   : loaded 3 times (x 88B)
Class com.sun.xml.bind.v2.model.runtime.RuntimeNonElement                             : loaded 3 times (x 66B)
Class com.sun.xml.bind.v2.util.XmlFactory$1                                           : loaded 3 times (x 72B)
Class com.google.gson.FieldNamingStrategy                                             : loaded 3 times (x 66B)
Class com.sun.xml.bind.v2.runtime.property.SingleMapNodeProperty$2                    : loaded 3 times (x 74B)
Class com.google.gson.JsonArray                                                       : loaded 3 times (x 96B)
Class com.google.gson.internal.bind.MapTypeAdapterFactory$Adapter                     : loaded 3 times (x 70B)
Class com.google.gson.internal.sql.SqlTimeTypeAdapter$1                               : loaded 3 times (x 71B)
Class javax.xml.bind.helpers.AbstractUnmarshallerImpl                                 : loaded 3 times (x 126B)
Class android.databinding.internal.org.antlr.v4.runtime.tree.ParseTree                : loaded 3 times (x 66B)
Class com.squareup.javapoet.TypeSpec$Kind                                             : loaded 3 times (x 75B)
Class android.databinding.tool.ext.ExtKt                                              : loaded 3 times (x 67B)
Class com.sun.xml.bind.v2.runtime.unmarshaller.UnmarshallingContext$State             : loaded 3 times (x 68B)
Class com.sun.xml.bind.v2.runtime.unmarshaller.UnmarshallingContext$ExpectedTypeRootLoader: loaded 3 times (x 76B)
Class com.sun.xml.bind.v2.runtime.ElementBeanInfoImpl$1                               : loaded 3 times (x 102B)
Class com.sun.xml.bind.v2.runtime.property.ArrayERProperty$ItemsLoader                : loaded 3 times (x 74B)
Class com.sun.xml.bind.v2.model.impl.GetterSetterPropertySeed                         : loaded 3 times (x 86B)
Class com.sun.xml.bind.v2.model.impl.RuntimeBuiltinLeafInfoImpl$5                     : loaded 3 times (x 132B)
Class com.sun.xml.bind.v2.runtime.JAXBContextImpl$5                                   : loaded 3 times (x 70B)
Class com.sun.xml.bind.v2.model.runtime.RuntimeValuePropertyInfo                      : loaded 3 times (x 66B)
Class com.sun.xml.bind.v2.model.impl.ClassInfoImpl$PropertyGroup                      : loaded 3 times (x 75B)
Class android.databinding.tool.LibTypes$liveData$2                                    : loaded 3 times (x 75B)
Class com.sun.xml.bind.v2.model.core.ID                                               : loaded 3 times (x 75B)
Class com.google.gson.internal.bind.DefaultDateTypeAdapter$DateType$1                 : loaded 3 times (x 69B)
Class android.databinding.internal.org.antlr.v4.runtime.tree.RuleNode                 : loaded 3 times (x 66B)
Class com.google.common.collect.ImmutableMultimap$2                                   : loaded 3 times (x 77B)
Class com.sun.xml.bind.v2.runtime.property.ArrayProperty                              : loaded 3 times (x 98B)
Class android.databinding.tool.store.ResourceBundle$IncludedLayout$Builder            : loaded 3 times (x 72B)
Class com.sun.xml.bind.v2.runtime.property.PropertyFactory$1                          : loaded 3 times (x 67B)
Class com.sun.xml.bind.v2.model.core.EnumLeafInfo                                     : loaded 3 times (x 66B)
Class javax.xml.bind.annotation.XmlList                                               : loaded 3 times (x 66B)
Class com.sun.xml.bind.v2.runtime.property.SingleMapNodeProperty$1                    : loaded 3 times (x 74B)
Class com.sun.xml.bind.v2.runtime.property.SingleElementNodeProperty                  : loaded 3 times (x 98B)
Class com.sun.xml.bind.api.impl.NameConverter$1                                       : loaded 3 times (x 89B)
Class com.sun.xml.bind.v2.model.impl.RuntimeBuiltinLeafInfoImpl$6                     : loaded 3 times (x 132B)
Class android.databinding.tool.store.ResourceBundle$LayoutFileBundle                  : loaded 3 times (x 99B)
Class android.databinding.internal.org.antlr.v4.runtime.CharStream                    : loaded 3 times (x 66B)
Class com.google.gson.internal.bind.DefaultDateTypeAdapter$DateType                   : loaded 3 times (x 69B)
Class kotlin.text.DelimitedRangesSequence$iterator$1                                  : loaded 3 times (x 75B)
Class android.databinding.tool.CompilerArguments                                      : loaded 3 times (x 68B)
Class org.apache.commons.io.file.SimplePathVisitor                                    : loaded 3 times (x 81B)
Class android.databinding.tool.store.GenClassInfoLog                                  : loaded 3 times (x 68B)
Class android.databinding.tool.LibTypes$inverseBindingListener$2                      : loaded 3 times (x 75B)
Class com.sun.xml.bind.v2.runtime.reflect.PrimitiveArrayListerDouble                  : loaded 3 times (x 72B)
Class com.sun.xml.bind.v2.runtime.unmarshaller.Loader                                 : loaded 3 times (x 73B)
Class com.sun.xml.bind.api.impl.NameConverter$2                                       : loaded 3 times (x 89B)
Class com.sun.xml.bind.v2.model.impl.RuntimeBuiltinLeafInfoImpl$7                     : loaded 3 times (x 132B)
Class com.sun.xml.bind.v2.model.runtime.RuntimeClassInfo                              : loaded 3 times (x 66B)
Class android.databinding.tool.LibTypes$propertyChangedInverseListener$2              : loaded 3 times (x 75B)
Class com.google.common.collect.ImmutableMultimap$Builder                             : loaded 3 times (x 79B)
Class com.google.gson.FieldNamingPolicy                                               : loaded 3 times (x 79B)
Class com.google.gson.internal.bind.ReflectiveTypeAdapterFactory$1                    : loaded 3 times (x 75B)
Class android.databinding.tool.LibTypes                                               : loaded 3 times (x 68B)
Class com.google.common.collect.ImmutableMultimap$1                                   : loaded 3 times (x 78B)
Class com.sun.xml.bind.v2.model.annotation.XmlElementDeclQuick                        : loaded 3 times (x 92B)
Class com.sun.xml.bind.v2.runtime.ElementBeanInfoImpl$IntercepterLoader               : loaded 3 times (x 77B)
Class javax.xml.bind.ValidationEventLocator                                           : loaded 3 times (x 66B)
Class android.databinding.internal.org.antlr.v4.runtime.tree.AbstractParseTreeVisitor : loaded 3 times (x 80B)
Class com.google.gson.internal.bind.TypeAdapters                                      : loaded 3 times (x 67B)
Class com.sun.istack.FinalArrayList                                                   : loaded 3 times (x 205B)
Class com.sun.xml.bind.v2.model.impl.RuntimeBuiltinLeafInfoImpl$8                     : loaded 3 times (x 132B)
Class com.sun.xml.bind.api.ErrorListener                                              : loaded 3 times (x 66B)
Class org.apache.commons.io.filefilter.OrFileFilter                                   : loaded 3 times (x 123B)
Class org.apache.commons.io.function.Uncheck                                          : loaded 3 times (x 67B)
Class com.google.gson.ToNumberPolicy$4                                                : loaded 3 times (x 79B)
Class android.databinding.tool.util.FileUtil$listAndSortFiles$$inlined$sortedBy$2     : loaded 3 times (x 85B)
Class com.google.gson.JsonNull                                                        : loaded 3 times (x 88B)
Class com.google.gson.internal.bind.TypeAdapters$29                                   : loaded 3 times (x 71B)
Class com.google.gson.internal.bind.MapTypeAdapterFactory                             : loaded 3 times (x 71B)
Class com.sun.xml.bind.v2.model.core.Element                                          : loaded 3 times (x 66B)
Class com.sun.xml.bind.v2.model.impl.DummyPropertyInfo                                : loaded 3 times (x 66B)
Class com.sun.xml.bind.v2.model.impl.MapPropertyInfoImpl                              : loaded 3 times (x 115B)
Class com.google.gson.internal.Streams$AppendableWriter                               : loaded 3 times (x 95B)
Class com.squareup.javapoet.JavaFile$Builder                                          : loaded 3 times (x 68B)
Class com.sun.xml.bind.v2.model.impl.LeafInfoImpl                                     : loaded 3 times (x 98B)
Class com.sun.xml.bind.v2.runtime.reflect.AdaptedAccessor                             : loaded 3 times (x 81B)
Class com.sun.xml.bind.CycleRecoverable$Context                                       : loaded 3 times (x 66B)
Class com.sun.xml.bind.v2.model.annotation.XmlSchemaTypeQuick                         : loaded 3 times (x 89B)
Class com.sun.xml.bind.v2.model.impl.RuntimeBuiltinLeafInfoImpl$10                    : loaded 3 times (x 132B)
Class com.sun.xml.bind.v2.model.impl.RuntimeBuiltinLeafInfoImpl$9                     : loaded 3 times (x 132B)
Class com.sun.xml.bind.v2.runtime.BridgeImpl                                          : loaded 3 times (x 83B)
Class com.sun.xml.bind.v2.model.impl.RuntimeMapPropertyInfoImpl                       : loaded 3 times (x 133B)
Class com.sun.xml.bind.v2.model.impl.AttributePropertyInfoImpl                        : loaded 3 times (x 120B)
Class com.google.gson.ToNumberStrategy                                                : loaded 3 times (x 66B)
Class com.google.gson.TypeAdapter                                                     : loaded 3 times (x 69B)
Class com.android.tools.build.jetifier.core.config.Config$Companion                   : loaded 3 times (x 67B)
Class com.sun.xml.bind.v2.runtime.unmarshaller.XsiTypeLoader                          : loaded 3 times (x 74B)
Class com.sun.xml.bind.v2.runtime.unmarshaller.WildcardLoader                         : loaded 3 times (x 75B)
Class com.sun.xml.bind.v2.runtime.reflect.TransducedAccessor$IDREFTransducedAccessorImpl: loaded 3 times (x 76B)
Class javax.xml.bind.annotation.W3CDomHandler                                         : loaded 3 times (x 81B)
Class [Lkotlin.reflect.KCallable;                                                     : loaded 3 times (x 65B)
Class [Lcom.sun.xml.bind.v2.runtime.unmarshaller.Scope;                               : loaded 3 times (x 65B)
Class com.sun.xml.bind.v2.model.impl.RuntimeBuiltinLeafInfoImpl$11                    : loaded 3 times (x 132B)
Class com.sun.xml.bind.v2.model.core.ElementInfo                                      : loaded 3 times (x 66B)
Class com.sun.xml.bind.v2.model.runtime.RuntimeEnumLeafInfo                           : loaded 3 times (x 66B)
Class kotlin.reflect.KProperty$Accessor                                               : loaded 3 times (x 66B)
Class android.databinding.tool.store.GenClassInfoLog$GenClassImpl$Companion           : loaded 3 times (x 67B)
Class kotlin.reflect.KMutableProperty0                                                : loaded 3 times (x 66B)
Class kotlin.reflect.KClassifier                                                      : loaded 3 times (x 66B)
Class [Lcom.google.gson.LongSerializationPolicy;                                      : loaded 3 times (x 65B)
Class com.google.gson.internal.bind.TypeAdapters$28                                   : loaded 3 times (x 71B)
Class com.google.gson.internal.bind.TypeAdapters$EnumTypeAdapter                      : loaded 3 times (x 70B)
Class com.squareup.javapoet.MethodSpec$Builder                                        : loaded 3 times (x 68B)
Class javax.xml.bind.annotation.XmlElementRef                                         : loaded 3 times (x 66B)
Class com.android.tools.build.jetifier.core.config.Config$JsonData                    : loaded 3 times (x 68B)
Class com.android.tools.build.jetifier.core.type.JavaType$Companion                   : loaded 3 times (x 67B)
Class kotlin.collections.IndexingIterable                                             : loaded 3 times (x 75B)
Class com.sun.xml.bind.v2.model.annotation.XmlElementRefsQuick                        : loaded 3 times (x 87B)
Class com.sun.xml.bind.v2.model.runtime.RuntimePropertyInfo                           : loaded 3 times (x 66B)
Class com.sun.xml.bind.v2.runtime.property.ArrayElementProperty                       : loaded 3 times (x 101B)
Class com.sun.xml.bind.api.impl.NameUtil                                              : loaded 3 times (x 76B)
Class com.sun.xml.bind.v2.util.ByteArrayOutputStreamEx                                : loaded 3 times (x 90B)
Class com.sun.xml.bind.v2.model.impl.RuntimeBuiltinLeafInfoImpl$12                    : loaded 3 times (x 132B)
Class com.sun.xml.bind.v2.model.impl.RuntimeBuiltinLeafInfoImpl$PcdataImpl            : loaded 3 times (x 130B)
Class com.sun.xml.bind.v2.model.impl.ElementInfoImpl                                  : loaded 3 times (x 105B)
Class com.sun.xml.bind.v2.model.annotation.AbstractInlineAnnotationReaderImpl         : loaded 3 times (x 100B)
Class org.apache.commons.io.file.CountingPathVisitor                                  : loaded 3 times (x 87B)
Class [Lcom.sun.xml.bind.v2.model.core.ID;                                            : loaded 3 times (x 65B)
Class android.databinding.tool.processing.scopes.LocationScopeProvider                : loaded 3 times (x 66B)
Class javax.xml.bind.annotation.XmlAttribute                                          : loaded 3 times (x 66B)
Class com.google.gson.internal.bind.TypeAdapters$34                                   : loaded 3 times (x 72B)
Class com.sun.xml.bind.v2.util.FlattenIterator                                        : loaded 3 times (x 75B)
Class com.sun.xml.bind.v2.runtime.reflect.PrimitiveArrayListerFloat                   : loaded 3 times (x 72B)
Class com.google.gson.internal.bind.DateTypeAdapter                                   : loaded 3 times (x 70B)
Class android.databinding.tool.util.FileUtil$listAndSortFiles$$inlined$sortedBy$1     : loaded 3 times (x 85B)
Class android.databinding.internal.org.antlr.v4.runtime.tree.ParseTreeVisitor         : loaded 3 times (x 66B)
Class kotlin.reflect.KAnnotatedElement                                                : loaded 3 times (x 66B)
Class com.sun.xml.bind.v2.runtime.JAXBContextImpl$3                                   : loaded 3 times (x 70B)
Class [Lkotlin.LazyThreadSafetyMode;                                                  : loaded 3 times (x 65B)
Class androidx.databinding.Untaggable                                                 : loaded 3 times (x 66B)
Class com.google.gson.FieldNamingPolicy$7                                             : loaded 3 times (x 79B)
Class com.google.gson.internal.bind.TypeAdapters$27                                   : loaded 3 times (x 71B)
Class com.google.gson.internal.reflect.ReflectionHelper                               : loaded 3 times (x 67B)
Class com.squareup.javapoet.ParameterizedTypeName                                     : loaded 3 times (x 77B)
Class org.apache.commons.io.filefilter.TrueFileFilter                                 : loaded 3 times (x 90B)
Class com.sun.xml.bind.v2.model.annotation.RuntimeInlineAnnotationReader              : loaded 3 times (x 102B)
Class com.sun.istack.Pool$Impl                                                        : loaded 3 times (x 73B)
Class com.sun.xml.bind.v2.runtime.MarshallerImpl$1                                    : loaded 3 times (x 148B)
Class com.sun.xml.bind.v2.runtime.unmarshaller.LeafPropertyXsiLoader                  : loaded 3 times (x 74B)
Class com.sun.xml.bind.v2.runtime.property.ArrayReferenceNodeProperty                 : loaded 3 times (x 100B)
Class [Lcom.sun.xml.bind.v2.runtime.property.AttributeProperty;                       : loaded 3 times (x 65B)
Class com.sun.xml.bind.v2.runtime.Transducer                                          : loaded 3 times (x 66B)
Class com.sun.xml.bind.v2.model.impl.ClassInfoImpl$ConflictException                  : loaded 3 times (x 78B)
Class com.sun.xml.bind.v2.model.annotation.XmlElementQuick                            : loaded 3 times (x 92B)
Class com.sun.xml.bind.v2.model.impl.RuntimeBuiltinLeafInfoImpl$13                    : loaded 3 times (x 133B)
Class com.sun.xml.bind.v2.model.impl.ModelBuilderI                                    : loaded 3 times (x 66B)
Class com.sun.xml.bind.v2.runtime.LeafBeanInfoImpl                                    : loaded 3 times (x 85B)
Class com.sun.xml.bind.v2.model.impl.RuntimeClassInfoImpl                             : loaded 3 times (x 158B)
Class com.sun.xml.bind.v2.model.impl.RuntimeBuiltinLeafInfoImpl$StringImplImpl        : loaded 3 times (x 132B)
Class com.google.gson.internal.ObjectConstructor                                      : loaded 3 times (x 66B)
Class androidx.databinding.InverseBindingMethods                                      : loaded 3 times (x 66B)
Class javax.xml.bind.annotation.XmlAccessType                                         : loaded 3 times (x 75B)
Class android.databinding.tool.util.LoggedErrorException                              : loaded 3 times (x 78B)
Class android.databinding.internal.org.antlr.v4.runtime.ParserRuleContext             : loaded 3 times (x 127B)
Class com.sun.xml.bind.v2.model.annotation.XmlEnumQuick                               : loaded 3 times (x 87B)
Class com.squareup.javapoet.AnnotationSpec$Builder                                    : loaded 3 times (x 68B)
Class com.android.tools.build.jetifier.core.rule.RewriteRule$Companion                : loaded 3 times (x 67B)
Class com.android.tools.build.jetifier.core.rule.RewriteRule                          : loaded 3 times (x 68B)
Class javax.xml.bind.annotation.XmlType                                               : loaded 3 times (x 66B)
Class kotlin.reflect.KMutableProperty                                                 : loaded 3 times (x 66B)
Class com.sun.xml.bind.v2.runtime.reflect.AdaptedLister                               : loaded 3 times (x 73B)
Class com.sun.xml.bind.v2.model.nav.ReflectionNavigator$10                            : loaded 3 times (x 73B)
Class com.sun.xml.bind.v2.model.impl.RuntimeBuiltinLeafInfoImpl$UUIDImpl              : loaded 3 times (x 132B)
Class com.sun.xml.bind.v2.model.impl.RuntimeBuiltinLeafInfoImpl$14                    : loaded 3 times (x 132B)
Class com.sun.xml.bind.v2.model.core.RegistryInfo                                     : loaded 3 times (x 66B)
Class com.sun.xml.bind.v2.runtime.reflect.ListTransducedAccessorImpl                  : loaded 3 times (x 76B)
Class org.apache.commons.io.filefilter.FileFileFilter                                 : loaded 3 times (x 112B)
Class [Ljavax.xml.bind.annotation.XmlElement;                                         : loaded 3 times (x 65B)
Class com.sun.xml.bind.v2.runtime.reflect.Utils$1                                     : loaded 3 times (x 73B)
Class javax.xml.bind.PropertyException                                                : loaded 3 times (x 81B)
Class com.sun.xml.bind.v2.runtime.property.ArrayERProperty$ReceiverImpl               : loaded 3 times (x 71B)
Class com.sun.xml.bind.v2.runtime.MarshallerImpl                                      : loaded 3 times (x 124B)
Class [Lkotlin.reflect.KClassifier;                                                   : loaded 3 times (x 65B)
Class com.sun.xml.bind.v2.runtime.unmarshaller.TagName                                : loaded 3 times (x 71B)
Class com.android.tools.build.jetifier.core.type.TypesMap$Companion                   : loaded 3 times (x 67B)
Class com.google.common.collect.ImmutableMultimap$EntryCollection                     : loaded 3 times (x 123B)
Class kotlin.jvm.internal.PropertyReference                                           : loaded 3 times (x 111B)
Class android.databinding.internal.org.antlr.v4.runtime.RuleContext                   : loaded 3 times (x 110B)
Class com.sun.xml.bind.v2.model.impl.ClassInfoImpl$SecondaryAnnotation                : loaded 3 times (x 76B)
Class com.sun.xml.bind.v2.model.impl.RuntimeBuiltinLeafInfoImpl$15                    : loaded 3 times (x 132B)
Class com.sun.xml.bind.v2.runtime.AnyTypeBeanInfo                                     : loaded 3 times (x 88B)
Class com.sun.xml.bind.v2.model.core.MaybeElement                                     : loaded 3 times (x 66B)
Class org.apache.commons.io.Charsets                                                  : loaded 3 times (x 67B)
Class com.google.gson.internal.LinkedTreeMap                                          : loaded 3 times (x 119B)
Class org.apache.commons.io.file.Counters$PathCounters                                : loaded 3 times (x 66B)
Class com.google.gson.stream.JsonReader$1                                             : loaded 3 times (x 68B)
Class com.google.gson.FieldNamingPolicy$6                                             : loaded 3 times (x 79B)
Class com.google.gson.internal.bind.TypeAdapters$26                                   : loaded 3 times (x 71B)
Class com.google.gson.internal.bind.ArrayTypeAdapter                                  : loaded 3 times (x 70B)
Class com.android.tools.build.jetifier.core.rule.RewriteRule$JsonData                 : loaded 3 times (x 68B)
Class kotlin.collections.IndexingIterator                                             : loaded 3 times (x 75B)
Class android.databinding.internal.org.antlr.v4.runtime.TokenSource                   : loaded 3 times (x 66B)
Class com.sun.xml.bind.v2.model.impl.ReferencePropertyInfoImpl                        : loaded 3 times (x 123B)
Class javax.xml.bind.annotation.XmlTransient                                          : loaded 3 times (x 66B)
Class com.sun.xml.bind.v2.model.impl.AnyTypeImpl                                      : loaded 3 times (x 85B)
Class com.sun.xml.bind.v2.model.impl.RuntimeBuiltinLeafInfoImpl$16                    : loaded 3 times (x 132B)
Class com.sun.xml.bind.v2.runtime.IllegalAnnotationsException                         : loaded 3 times (x 82B)
Class com.google.gson.internal.LinkedTreeMap$1                                        : loaded 3 times (x 87B)
Class com.android.tools.build.jetifier.core.PackageMap$PackageRule                    : loaded 3 times (x 68B)
Class com.google.gson.internal.sql.SqlTypesSupport                                    : loaded 3 times (x 67B)
Class android.databinding.tool.LibTypes$dataBindingComponent$2                        : loaded 3 times (x 75B)
Class com.sun.xml.bind.v2.model.impl.Utils                                            : loaded 3 times (x 67B)
Class javax.xml.bind.ValidationEvent                                                  : loaded 3 times (x 66B)
Class com.sun.xml.bind.v2.runtime.JaxBeanInfo$1                                       : loaded 3 times (x 73B)
Class com.squareup.javapoet.Util                                                      : loaded 3 times (x 67B)
Class com.google.gson.Gson                                                            : loaded 3 times (x 68B)
Class [Lkotlin.reflect.KAnnotatedElement;                                             : loaded 3 times (x 65B)
Class com.sun.xml.bind.v2.runtime.reflect.Lister$ArrayLister                          : loaded 3 times (x 73B)
Class com.sun.xml.bind.v2.runtime.property.PropertyImpl                               : loaded 3 times (x 98B)
Class com.sun.xml.bind.v2.model.impl.RuntimeBuiltinLeafInfoImpl$17                    : loaded 3 times (x 132B)
Class com.sun.xml.bind.v2.runtime.BridgeContextImpl                                   : loaded 3 times (x 73B)
Class com.sun.xml.bind.v2.runtime.ElementBeanInfoImpl                                 : loaded 3 times (x 85B)
Class com.sun.xml.bind.v2.runtime.BridgeAdapter                                       : loaded 3 times (x 83B)
Class com.google.gson.FieldNamingPolicy$5                                             : loaded 3 times (x 79B)
Class [Lcom.google.gson.ToNumberPolicy;                                               : loaded 3 times (x 65B)
Class com.google.gson.ToNumberPolicy                                                  : loaded 3 times (x 79B)
Class com.google.gson.internal.bind.TypeAdapters$25                                   : loaded 3 times (x 71B)
Class com.sun.xml.bind.v2.runtime.Location                                            : loaded 3 times (x 66B)
Class javax.xml.bind.annotation.XmlInlineBinaryData                                   : loaded 3 times (x 66B)
Class com.google.gson.internal.LinkedTreeMap$EntrySet$1                               : loaded 3 times (x 77B)
Class com.android.tools.build.jetifier.core.rule.RewriteRulesMap                      : loaded 3 times (x 68B)
Class com.squareup.javapoet.CodeBlock$Builder                                         : loaded 3 times (x 68B)
Class kotlin.reflect.KMutableProperty1                                                : loaded 3 times (x 66B)
Class android.databinding.tool.LibTypes$dataBinderMapper$2                            : loaded 3 times (x 75B)
Class kotlin.jvm.internal.Reflection                                                  : loaded 3 times (x 67B)
Class kotlin.reflect.KProperty                                                        : loaded 3 times (x 66B)
Class android.databinding.tool.LibTypes$bindable$2                                    : loaded 3 times (x 75B)
Class com.google.gson.FieldNamingPolicy$4                                             : loaded 3 times (x 79B)
Class com.sun.xml.bind.v2.model.core.PropertyInfo                                     : loaded 3 times (x 66B)
Class com.sun.xml.bind.v2.model.impl.RuntimeBuiltinLeafInfoImpl$18                    : loaded 3 times (x 132B)
Class javax.activation.MimeTypeParseException                                         : loaded 3 times (x 78B)
Class com.sun.xml.bind.WhiteSpaceProcessor                                            : loaded 3 times (x 67B)
Class com.sun.xml.bind.v2.runtime.AttributeAccessor                                   : loaded 3 times (x 66B)
Class com.sun.xml.bind.v2.model.annotation.Locatable                                  : loaded 3 times (x 66B)
Class org.apache.commons.io.file.DeleteOption                                         : loaded 3 times (x 66B)
Class com.google.common.collect.Maps$FilteredEntryMap$EntrySet$1                      : loaded 3 times (x 78B)
Class com.google.gson.internal.ConstructorConstructor$11                              : loaded 3 times (x 71B)
Class com.google.gson.internal.bind.TypeAdapters$33                                   : loaded 3 times (x 72B)
Class com.google.common.collect.ImmutableMultimap$Keys                                : loaded 3 times (x 162B)
Class com.google.gson.internal.bind.ObjectTypeAdapter                                 : loaded 3 times (x 70B)
Class com.google.gson.internal.bind.TypeAdapters$24                                   : loaded 3 times (x 71B)
Class com.google.common.collect.Maps$FilteredEntryMap                                 : loaded 3 times (x 124B)
Class com.google.gson.internal.bind.TypeAdapters$34$1                                 : loaded 3 times (x 70B)
Class com.sun.xml.bind.v2.runtime.JAXBContextImpl$2                                   : loaded 3 times (x 74B)
Class org.apache.commons.io.file.Counters$NoopPathCounters                            : loaded 3 times (x 78B)
Class javax.xml.bind.annotation.XmlEnum                                               : loaded 3 times (x 66B)
Class kotlin.collections.IntIterator                                                  : loaded 3 times (x 78B)
Class com.sun.xml.bind.v2.model.annotation.AnnotationReader                           : loaded 3 times (x 66B)
Class android.databinding.internal.org.antlr.v4.runtime.ANTLRErrorListener            : loaded 3 times (x 66B)
Class [Lcom.sun.xml.bind.v2.runtime.property.Property;                                : loaded 3 times (x 65B)
Class com.sun.xml.bind.v2.runtime.unmarshaller.XmlVisitor$TextPredictor               : loaded 3 times (x 66B)
Class javax.xml.bind.annotation.XmlRegistry                                           : loaded 3 times (x 66B)
Class com.sun.xml.bind.v2.model.impl.RuntimeBuiltinLeafInfoImpl$19                    : loaded 3 times (x 132B)
Class android.databinding.tool.store.GenClassInfoLog$GenClassImpl                     : loaded 3 times (x 68B)
Class com.sun.xml.bind.v2.runtime.reflect.Utils                                       : loaded 3 times (x 67B)
Class com.google.gson.internal.ConstructorConstructor$9                               : loaded 3 times (x 72B)
Class android.databinding.tool.util.Preconditions                                     : loaded 3 times (x 67B)
Class javax.xml.bind.DatatypeConverterInterface                                       : loaded 3 times (x 66B)
Class com.sun.xml.bind.v2.model.nav.ReflectionNavigator                               : loaded 3 times (x 119B)
Class javax.xml.bind.annotation.XmlMixed                                              : loaded 3 times (x 66B)
Class com.sun.xml.bind.v2.runtime.reflect.Accessor$GetterOnlyReflection               : loaded 3 times (x 81B)
Class com.google.gson.internal.ConstructorConstructor$13                              : loaded 3 times (x 71B)
Class com.google.common.base.StandardSystemProperty                                   : loaded 3 times (x 75B)
Class com.sun.xml.bind.v2.model.impl.ClassInfoImpl$1                                  : loaded 3 times (x 67B)
Class com.sun.xml.bind.v2.runtime.property.Property                                   : loaded 3 times (x 66B)
Class android.databinding.tool.util.StringUtils                                       : loaded 3 times (x 67B)
Class com.sun.xml.bind.v2.runtime.reflect.Lister$CollectionLister                     : loaded 3 times (x 73B)
Class javax.xml.bind.annotation.XmlAccessOrder                                        : loaded 3 times (x 75B)
Class com.sun.xml.bind.v2.model.impl.RuntimeAnyTypeImpl                               : loaded 3 times (x 90B)
Class com.sun.xml.bind.v2.model.nav.Navigator                                         : loaded 3 times (x 66B)
Class com.sun.xml.bind.v2.model.impl.TypeRefImpl                                      : loaded 3 times (x 83B)
Class com.google.gson.internal.bind.ArrayTypeAdapter$1                                : loaded 3 times (x 71B)
Class com.google.gson.internal.bind.JsonTreeWriter                                    : loaded 3 times (x 94B)
Class android.databinding.tool.LibTypes$listClassNames$2                              : loaded 3 times (x 75B)
Class android.databinding.tool.LibTypes$Companion                                     : loaded 3 times (x 67B)
Class com.sun.xml.bind.v2.runtime.reflect.PrimitiveArrayListerBoolean                 : loaded 3 times (x 72B)
Class android.databinding.internal.org.antlr.v4.runtime.IntStream                     : loaded 3 times (x 66B)
Class com.google.gson.internal.UnsafeAllocator                                        : loaded 3 times (x 68B)
Class com.google.gson.FieldNamingPolicy$3                                             : loaded 3 times (x 79B)
Class com.google.gson.internal.bind.TypeAdapters$23                                   : loaded 3 times (x 71B)
Class com.google.gson.Gson$1                                                          : loaded 3 times (x 72B)
Class android.databinding.tool.LibTypes$lifecycleOwner$2                              : loaded 3 times (x 75B)
Class android.databinding.tool.LibTypes$typeRewriter$2                                : loaded 3 times (x 74B)
Class javax.xml.bind.JAXBContext                                                      : loaded 3 times (x 74B)
Class javax.xml.bind.Binder                                                           : loaded 3 times (x 81B)
Class kotlin.reflect.KFunction                                                        : loaded 3 times (x 66B)
Class com.google.gson.internal.bind.TypeAdapters$32                                   : loaded 3 times (x 72B)
Class javax.xml.bind.annotation.XmlElementWrapper                                     : loaded 3 times (x 66B)
Class javax.xml.bind.annotation.adapters.XmlJavaTypeAdapter                           : loaded 3 times (x 66B)
Class com.sun.xml.bind.v2.model.annotation.AnnotationSource                           : loaded 3 times (x 66B)
Class com.sun.xml.bind.v2.model.core.AttributePropertyInfo                            : loaded 3 times (x 66B)
Class kotlin.reflect.KMutableProperty2                                                : loaded 3 times (x 66B)
Class com.sun.xml.bind.v2.model.impl.RuntimeReferencePropertyInfoImpl                 : loaded 3 times (x 137B)
Class com.sun.xml.bind.v2.runtime.reflect.Accessor$ReadOnlyFieldReflection            : loaded 3 times (x 81B)
Class javax.xml.bind.helpers.AbstractMarshallerImpl                                   : loaded 3 times (x 121B)
Class com.squareup.javapoet.ParameterSpec$Builder                                     : loaded 3 times (x 68B)
Class kotlin.reflect.KDeclarationContainer                                            : loaded 3 times (x 66B)
Class com.android.tools.build.jetifier.core.PackageMap$PackageRule$JsonData           : loaded 3 times (x 68B)
Class android.databinding.tool.LibTypes$mutableStateFlow$2                            : loaded 3 times (x 74B)
Class android.databinding.tool.LibTypes$dataBindingUtil$2                             : loaded 3 times (x 75B)
Class com.google.gson.internal.Excluder$1                                             : loaded 3 times (x 70B)
Class com.google.gson.FieldNamingPolicy$2                                             : loaded 3 times (x 79B)
Class [Lkotlin.reflect.KDeclarationContainer;                                         : loaded 3 times (x 65B)
Class com.google.gson.TypeAdapter$1                                                   : loaded 3 times (x 70B)
Class com.google.gson.internal.bind.TypeAdapters$22                                   : loaded 3 times (x 71B)
Class org.apache.commons.io.file.PathUtils                                            : loaded 3 times (x 67B)
Class com.sun.xml.bind.annotation.OverrideAnnotationOf                                : loaded 3 times (x 66B)
Class com.sun.xml.bind.v2.model.impl.RuntimeValuePropertyInfoImpl                     : loaded 3 times (x 131B)
Class com.sun.xml.bind.v2.runtime.JAXBContextImpl$1                                   : loaded 3 times (x 74B)
Class com.google.gson.internal.JsonReaderInternalAccess                               : loaded 3 times (x 68B)
Class android.databinding.tool.LibTypes$nonNull$2                                     : loaded 3 times (x 75B)
Class com.sun.xml.bind.v2.model.impl.TypeInfoImpl                                     : loaded 3 times (x 81B)
Class com.sun.xml.bind.v2.runtime.property.Utils$1                                    : loaded 3 times (x 73B)
Class com.sun.xml.bind.marshaller.XMLWriter                                           : loaded 3 times (x 163B)
Class javax.xml.bind.UnmarshallerHandler                                              : loaded 3 times (x 66B)
Class com.android.tools.build.jetifier.core.pom.DependencyVersionsMap                 : loaded 3 times (x 68B)
Class com.google.gson.internal.ConstructorConstructor$16                              : loaded 3 times (x 71B)
Class android.databinding.tool.store.GenClassInfoLog$GenClass                         : loaded 3 times (x 68B)
Class com.sun.xml.bind.v2.runtime.property.SingleElementLeafProperty                  : loaded 3 times (x 98B)
Class com.sun.xml.bind.api.impl.NameConverter$Standard                                : loaded 3 times (x 89B)
Class com.sun.xml.bind.v2.model.annotation.Init                                       : loaded 3 times (x 67B)
Class com.sun.xml.bind.v2.runtime.XMLSerializer                                       : loaded 3 times (x 80B)
Class javax.xml.bind.JAXBIntrospector                                                 : loaded 3 times (x 69B)
Class com.sun.xml.bind.v2.model.impl.RuntimeEnumLeafInfoImpl                          : loaded 3 times (x 145B)
Class com.google.gson.internal.bind.ReflectiveTypeAdapterFactory                      : loaded 3 times (x 71B)
Class com.google.gson.internal.sql.SqlTimestampTypeAdapter                            : loaded 3 times (x 72B)
Class android.databinding.tool.LibTypes$observableList$2                              : loaded 3 times (x 75B)
Class [Lcom.sun.xml.bind.v2.runtime.property.PropertyImpl;                            : loaded 3 times (x 65B)
Class com.android.tools.build.jetifier.core.utils.Log                                 : loaded 3 times (x 67B)
Class com.sun.xml.bind.v2.model.impl.ClassInfoImpl$DuplicateException                 : loaded 3 times (x 78B)
Class javax.xml.bind.annotation.XmlElementDecl                                        : loaded 3 times (x 66B)
Class com.google.gson.FieldNamingPolicy$1                                             : loaded 3 times (x 79B)
Class com.google.gson.internal.bind.TypeAdapters$21                                   : loaded 3 times (x 71B)
Class [Ljavax.xml.bind.annotation.XmlAccessType;                                      : loaded 3 times (x 65B)
Class com.sun.xml.bind.v2.runtime.property.ArrayReferenceNodeProperty$MixedTextLoader : loaded 3 times (x 74B)
Class com.sun.xml.bind.v2.runtime.unmarshaller.XsiNilLoader$Array                     : loaded 3 times (x 76B)
Class com.sun.xml.bind.AccessorFactory                                                : loaded 3 times (x 66B)
Class com.google.gson.internal.UnsafeAllocator$1                                      : loaded 3 times (x 69B)
Class com.google.gson.stream.JsonToken                                                : loaded 3 times (x 75B)
Class javax.xml.bind.annotation.adapters.XmlJavaTypeAdapters                          : loaded 3 times (x 66B)
Class com.google.gson.internal.sql.SqlDateTypeAdapter$1                               : loaded 3 times (x 71B)
Class com.google.gson.JsonSyntaxException                                             : loaded 3 times (x 78B)
Class com.google.gson.internal.bind.TypeAdapters$31                                   : loaded 3 times (x 72B)
Class [Ljavax.xml.bind.annotation.XmlAccessOrder;                                     : loaded 3 times (x 65B)
Class android.databinding.internal.org.antlr.v4.runtime.tree.Tree                     : loaded 3 times (x 66B)
Class com.sun.xml.bind.v2.runtime.unmarshaller.Intercepter                            : loaded 3 times (x 66B)
Class com.android.tools.build.jetifier.core.pom.PomRewriteRule                        : loaded 3 times (x 68B)
Class [Lkotlin.reflect.KClass;                                                        : loaded 3 times (x 65B)
Class kotlin.jvm.functions.Function2                                                  : loaded 3 times (x 66B)
Class kotlin.reflect.KProperty$Getter                                                 : loaded 3 times (x 66B)
Class com.google.gson.internal.bind.TypeAdapters$20                                   : loaded 3 times (x 71B)
Class com.sun.xml.bind.v2.model.nav.ReflectionNavigator$BinderArg                     : loaded 3 times (x 69B)
Class com.sun.xml.bind.v2.model.annotation.SecureLoader                               : loaded 3 times (x 67B)
Class com.sun.xml.bind.v2.model.impl.PropertyInfoImpl                                 : loaded 3 times (x 104B)
Class com.sun.xml.bind.v2.runtime.output.Pcdata                                       : loaded 3 times (x 84B)
Class com.sun.xml.bind.v2.util.QNameMap                                               : loaded 3 times (x 68B)
Class com.sun.xml.bind.v2.runtime.JAXBContextImpl                                     : loaded 3 times (x 86B)
Class com.google.gson.internal.ConstructorConstructor$18                              : loaded 3 times (x 71B)
Class kotlin.sequences.SequencesKt___SequencesKt$filterNotNull$1                      : loaded 3 times (x 74B)
Class com.google.gson.Gson$2                                                          : loaded 3 times (x 72B)
Class com.sun.xml.bind.v2.model.runtime.RuntimeArrayInfo                              : loaded 3 times (x 66B)
Class com.sun.xml.bind.v2.model.impl.TypeInfoSetImpl$1                                : loaded 3 times (x 76B)
Class com.sun.xml.bind.v2.model.impl.ElementPropertyInfoImpl                          : loaded 3 times (x 119B)
Class com.google.gson.internal.LinkedTreeMap$LinkedTreeMapIterator                    : loaded 3 times (x 76B)
Class com.sun.xml.bind.v2.runtime.reflect.Accessor$SetterOnlyReflection               : loaded 3 times (x 81B)
Class javax.xml.bind.annotation.XmlAnyAttribute                                       : loaded 3 times (x 66B)
Class com.sun.xml.bind.v2.model.impl.ValuePropertyInfoImpl                            : loaded 3 times (x 116B)
Class kotlin.ranges.IntProgressionIterator                                            : loaded 3 times (x 78B)
Class javax.xml.bind.annotation.DomHandler                                            : loaded 3 times (x 66B)
Class com.google.gson.internal.ConstructorConstructor$19                              : loaded 3 times (x 72B)
Class com.google.gson.internal.bind.ReflectiveTypeAdapterFactory$Adapter              : loaded 3 times (x 73B)
Class com.google.gson.internal.bind.TypeAdapters$10                                   : loaded 3 times (x 71B)
Class com.sun.xml.bind.v2.runtime.unmarshaller.StructureLoader                        : loaded 3 times (x 74B)
Class [Landroid.databinding.tool.processing.scopes.ScopeProvider;                     : loaded 3 times (x 65B)
Class com.google.gson.internal.LinkedTreeMap$EntrySet                                 : loaded 3 times (x 132B)
Class com.sun.xml.bind.v2.runtime.property.PropertyFactory                            : loaded 3 times (x 67B)
Class android.databinding.internal.org.antlr.v4.runtime.Token                         : loaded 3 times (x 66B)
Class com.google.gson.internal.sql.SqlTimeTypeAdapter                                 : loaded 3 times (x 70B)
Class com.google.gson.internal.bind.TreeTypeAdapter                                   : loaded 3 times (x 71B)
Class com.android.tools.build.jetifier.core.type.TypesMap                             : loaded 3 times (x 68B)
Class com.sun.xml.bind.v2.model.impl.RuntimeElementInfoImpl                           : loaded 3 times (x 115B)
Class com.sun.xml.bind.v2.runtime.output.UTF8XmlOutput                                : loaded 3 times (x 96B)
Class [Lcom.sun.xml.bind.v2.model.impl.ClassInfoImpl$SecondaryAnnotation;             : loaded 3 times (x 65B)
Class com.sun.xml.bind.api.BridgeContext                                              : loaded 3 times (x 72B)
Class com.sun.xml.bind.v2.model.core.TypeInfoSet                                      : loaded 3 times (x 66B)
Class javax.activation.DataSource                                                     : loaded 3 times (x 66B)
Class org.apache.commons.io.output.NullWriter                                         : loaded 3 times (x 95B)
Class com.google.gson.internal.bind.TypeAdapters$11                                   : loaded 3 times (x 71B)
Class [Lcom.google.gson.FieldNamingPolicy;                                            : loaded 3 times (x 65B)
Class com.sun.xml.bind.v2.model.core.ElementPropertyInfo                              : loaded 3 times (x 66B)
Class com.sun.xml.bind.v2.runtime.unmarshaller.LocatorEx                              : loaded 3 times (x 66B)
Class com.sun.xml.bind.v2.model.runtime.RuntimeBuiltinLeafInfo                        : loaded 3 times (x 66B)
Class com.squareup.javapoet.JavaFile$1                                                : loaded 3 times (x 75B)
Class com.squareup.javapoet.FieldSpec                                                 : loaded 3 times (x 68B)
Class com.android.tools.build.jetifier.core.TypeRewriter                              : loaded 3 times (x 68B)
Class com.sun.xml.bind.v2.runtime.output.XmlOutput                                    : loaded 3 times (x 66B)
Class com.sun.xml.bind.v2.model.runtime.RuntimeReferencePropertyInfo                  : loaded 3 times (x 66B)
Class javax.xml.bind.annotation.XmlRootElement                                        : loaded 3 times (x 66B)
Class com.sun.xml.bind.v2.model.core.Ref                                              : loaded 3 times (x 68B)
Class com.sun.xml.bind.v2.model.runtime.RuntimeElementInfo                            : loaded 3 times (x 66B)
Class com.sun.xml.bind.v2.model.impl.RuntimeModelBuilder                              : loaded 3 times (x 96B)
Class com.google.common.collect.ImmutableMultimap$Values                              : loaded 3 times (x 122B)
Class com.google.gson.internal.bind.TypeAdapters$12                                   : loaded 3 times (x 71B)
Class [Lcom.google.gson.ToNumberStrategy;                                             : loaded 3 times (x 65B)
Class com.squareup.javapoet.LineWrapper$FlushType                                     : loaded 3 times (x 75B)
Class kotlin.sequences.TransformingSequence                                           : loaded 3 times (x 71B)
Class android.databinding.tool.store.ResourceBundle$ValidateAndFilterCallback         : loaded 3 times (x 66B)
Class org.apache.commons.io.file.PathVisitor                                          : loaded 3 times (x 66B)
Class com.google.gson.TypeAdapterFactory                                              : loaded 3 times (x 66B)
Class com.sun.xml.bind.v2.runtime.InternalBridge                                      : loaded 3 times (x 83B)
Class javax.xml.bind.annotation.XmlElement$DEFAULT                                    : loaded 3 times (x 67B)
Class com.android.tools.build.jetifier.core.pom.PomDependency                         : loaded 3 times (x 68B)
Class com.sun.xml.bind.v2.runtime.unmarshaller.UnmarshallingContext                   : loaded 3 times (x 99B)
Class com.sun.xml.bind.v2.runtime.LifecycleMethods                                    : loaded 3 times (x 68B)
Class com.sun.xml.bind.v2.model.annotation.MethodLocatable                            : loaded 3 times (x 74B)
Class com.sun.xml.bind.v2.model.runtime.RuntimeMapPropertyInfo                        : loaded 3 times (x 66B)
Class com.sun.xml.bind.v2.model.nav.TypeVisitor                                       : loaded 3 times (x 72B)
Class com.google.gson.internal.bind.JsonTreeReader                                    : loaded 3 times (x 94B)
Class com.sun.xml.bind.api.Bridge                                                     : loaded 3 times (x 81B)
Class com.google.gson.internal.bind.DateTypeAdapter$1                                 : loaded 3 times (x 71B)
Class com.google.gson.internal.bind.TypeAdapters$13                                   : loaded 3 times (x 71B)
Class com.sun.xml.bind.v2.model.impl.RuntimeTypeInfoSetImpl                           : loaded 3 times (x 119B)
Class android.databinding.tool.store.ResourceBundle$VariableDeclaration               : loaded 3 times (x 68B)
Class javax.xml.bind.helpers.DefaultValidationEventHandler                            : loaded 3 times (x 71B)
Class com.sun.xml.bind.v2.runtime.unmarshaller.Scope                                  : loaded 3 times (x 68B)
Class com.sun.xml.bind.v2.model.impl.Utils$1                                          : loaded 3 times (x 73B)
Class kotlin.collections.IndexedValue                                                 : loaded 3 times (x 68B)
Class com.squareup.javapoet.TypeName                                                  : loaded 3 times (x 77B)
Class com.google.gson.internal.bind.CollectionTypeAdapterFactory                      : loaded 3 times (x 71B)
Class javax.xml.bind.annotation.XmlMimeType                                           : loaded 3 times (x 66B)
Class javax.xml.bind.Unmarshaller                                                     : loaded 3 times (x 66B)
Class com.sun.xml.bind.v2.runtime.unmarshaller.XmlVisitor                             : loaded 3 times (x 66B)
Class javax.xml.bind.UnmarshalException                                               : loaded 3 times (x 81B)
Class android.databinding.tool.processing.scopes.ScopeProvider                        : loaded 3 times (x 66B)
Class com.google.gson.internal.bind.NumberTypeAdapter$1                               : loaded 3 times (x 72B)
Class com.google.gson.internal.bind.TypeAdapters$1                                    : loaded 3 times (x 71B)
Class com.google.gson.internal.bind.TypeAdapters$14                                   : loaded 3 times (x 71B)
Class com.google.gson.internal.UnsafeAllocator$2                                      : loaded 3 times (x 69B)
Class android.databinding.tool.CompilerArguments$Companion                            : loaded 3 times (x 67B)
Class com.google.common.collect.ForwardingSet                                         : loaded 3 times (x 147B)
Class com.sun.xml.bind.v2.model.runtime.RuntimeElement                                : loaded 3 times (x 66B)
Class javax.xml.bind.annotation.XmlElementRefs                                        : loaded 3 times (x 66B)
Class com.sun.xml.bind.v2.runtime.reflect.ListIterator                                : loaded 3 times (x 66B)
Class com.squareup.javapoet.ParameterSpec                                             : loaded 3 times (x 68B)
Class com.squareup.javapoet.FieldSpec$Builder                                         : loaded 3 times (x 68B)
Class com.android.tools.build.jetifier.core.pom.PomRewriteRule$Companion              : loaded 3 times (x 67B)
Class com.sun.xml.bind.v2.runtime.Coordinator                                         : loaded 3 times (x 79B)
Class javax.xml.bind.ValidationEventHandler                                           : loaded 3 times (x 66B)
Class com.sun.xml.bind.v2.model.annotation.XmlRootElementQuick                        : loaded 3 times (x 88B)
Class com.sun.xml.bind.v2.runtime.NameBuilder                                         : loaded 3 times (x 68B)
Class com.google.gson.stream.MalformedJsonException                                   : loaded 3 times (x 78B)
Class com.google.gson.internal.bind.ReflectiveTypeAdapterFactory$BoundField           : loaded 3 times (x 71B)
Class com.google.gson.internal.bind.TypeAdapters$2                                    : loaded 3 times (x 71B)
Class com.google.gson.internal.bind.TypeAdapters$15                                   : loaded 3 times (x 71B)
Class com.google.gson.internal.sql.SqlTypesSupport$1                                  : loaded 3 times (x 70B)
Class org.apache.commons.io.FileSystem                                                : loaded 3 times (x 76B)
Class org.apache.commons.io.file.Counters$NoopCounter                                 : loaded 3 times (x 76B)
Class com.sun.xml.bind.api.CompositeStructure                                         : loaded 3 times (x 68B)
Class com.google.gson.JsonElement                                                     : loaded 3 times (x 88B)
Class [Lcom.google.gson.ReflectionAccessFilter$FilterResult;                          : loaded 3 times (x 65B)
Class com.google.common.collect.ImmutableMultisetGwtSerializationDependencies         : loaded 3 times (x 121B)
Class com.sun.xml.bind.v2.runtime.unmarshaller.IntData                                : loaded 3 times (x 85B)
Class android.databinding.tool.store.ResourceBundle$BindingTargetBundle$BindingBundle : loaded 3 times (x 78B)
Class javax.xml.bind.annotation.XmlSeeAlso                                            : loaded 3 times (x 66B)
Class com.sun.xml.bind.v2.model.core.PropertyKind                                     : loaded 3 times (x 75B)
Class [Lcom.sun.xml.bind.v2.model.impl.ClassInfoImpl$PropertyGroup;                   : loaded 3 times (x 65B)
Class com.sun.xml.bind.v2.runtime.unmarshaller.Receiver                               : loaded 3 times (x 66B)
Class [Lcom.sun.xml.bind.v2.model.annotation.Quick;                                   : loaded 3 times (x 65B)
Class com.google.common.collect.ImmutableMultiset                                     : loaded 3 times (x 159B)
Class javax.xml.bind.annotation.XmlValue                                              : loaded 3 times (x 66B)
Class com.google.gson.internal.bind.TypeAdapters$16                                   : loaded 3 times (x 71B)
Class com.google.gson.internal.bind.TypeAdapters$3                                    : loaded 3 times (x 71B)
Class com.google.gson.internal.sql.SqlTypesSupport$2                                  : loaded 3 times (x 70B)
Class com.sun.xml.bind.v2.runtime.reflect.Accessor$2                                  : loaded 3 times (x 83B)
Class com.sun.xml.bind.v2.ClassFactory                                                : loaded 3 times (x 67B)
Class com.sun.xml.bind.DatatypeConverterImpl                                          : loaded 3 times (x 107B)
Class com.android.tools.build.jetifier.core.proguard.ProGuardTypesMap$expandedRules$2 : loaded 3 times (x 75B)
Class kotlin.text.DelimitedRangesSequence                                             : loaded 3 times (x 71B)
Class com.google.gson.JsonPrimitive                                                   : loaded 3 times (x 89B)
Class com.google.gson.internal.sql.SqlTimestampTypeAdapter$1                          : loaded 3 times (x 71B)
Class com.sun.xml.bind.v2.runtime.unmarshaller.DefaultValueLoaderDecorator            : loaded 3 times (x 74B)
Class com.sun.xml.bind.v2.runtime.unmarshaller.SAXConnector$TagNameImpl               : loaded 3 times (x 71B)
Class javax.xml.bind.JAXBElement                                                      : loaded 3 times (x 77B)
Class javax.xml.bind.annotation.XmlAccessorOrder                                      : loaded 3 times (x 66B)
Class android.databinding.tool.processing.scopes.FileScopeProvider                    : loaded 3 times (x 66B)
Class org.apache.commons.io.file.AccumulatorPathVisitor                               : loaded 3 times (x 91B)
Class com.google.gson.Gson$3                                                          : loaded 3 times (x 71B)
Class com.google.gson.internal.bind.TypeAdapters$17                                   : loaded 3 times (x 71B)
Class com.google.gson.internal.bind.TypeAdapters$4                                    : loaded 3 times (x 71B)
Class com.android.tools.build.jetifier.core.utils.StdOutLogConsumer                   : loaded 3 times (x 73B)
Class com.squareup.javapoet.ClassName                                                 : loaded 3 times (x 80B)
Class com.google.common.collect.ForwardingMapEntry                                    : loaded 3 times (x 82B)
Class com.sun.xml.bind.v2.model.core.MapPropertyInfo                                  : loaded 3 times (x 66B)
Class com.sun.xml.bind.AccessorFactoryImpl                                            : loaded 3 times (x 77B)
Class com.android.tools.build.jetifier.core.proguard.ProGuardType                     : loaded 3 times (x 68B)
Class com.sun.xml.bind.v2.ClassFactory$1                                              : loaded 3 times (x 79B)
Class com.squareup.javapoet.LineWrapper                                               : loaded 3 times (x 68B)
Class com.sun.xml.bind.v2.runtime.reflect.PrimitiveArrayListerCharacter               : loaded 3 times (x 72B)
Class com.sun.xml.bind.v2.runtime.reflect.Lister$IDREFS                               : loaded 3 times (x 73B)
Class com.sun.xml.bind.v2.model.core.TypeRef                                          : loaded 3 times (x 66B)
Class com.sun.xml.bind.v2.model.impl.FieldPropertySeed                                : loaded 3 times (x 86B)
Class com.sun.xml.bind.v2.model.annotation.Quick                                      : loaded 3 times (x 84B)
Class com.sun.xml.bind.v2.runtime.ArrayBeanInfoImpl                                   : loaded 3 times (x 85B)
Class com.google.gson.annotations.JsonAdapter                                         : loaded 3 times (x 66B)
Class com.google.gson.internal.bind.SerializationDelegatingTypeAdapter                : loaded 3 times (x 70B)
Class com.google.gson.internal.bind.TypeAdapters$18                                   : loaded 3 times (x 71B)
Class com.google.gson.internal.bind.TypeAdapters$5                                    : loaded 3 times (x 71B)
Class com.google.gson.reflect.TypeToken                                               : loaded 3 times (x 71B)
Class com.sun.xml.bind.v2.runtime.property.ArrayElementNodeProperty                   : loaded 3 times (x 101B)
Class com.sun.xml.bind.v2.model.annotation.XmlElementRefQuick                         : loaded 3 times (x 90B)
Class com.sun.xml.bind.v2.model.core.ClassInfo                                        : loaded 3 times (x 66B)
Class com.sun.xml.bind.v2.runtime.reflect.PrimitiveArrayListerLong                    : loaded 3 times (x 72B)
Class com.sun.xml.bind.v2.runtime.unmarshaller.UnmarshallingContext$DefaultRootLoader : loaded 3 times (x 76B)
Class kotlin.reflect.KType                                                            : loaded 3 times (x 66B)
Class com.google.gson.JsonObject                                                      : loaded 3 times (x 89B)
Class com.sun.xml.bind.v2.runtime.reflect.PrimitiveArrayListerByte                    : loaded 3 times (x 72B)
Class com.sun.xml.bind.v2.runtime.property.SingleReferenceNodeProperty$1              : loaded 3 times (x 81B)
Class com.sun.xml.bind.v2.runtime.unmarshaller.XsiNilLoader                           : loaded 3 times (x 76B)
Class javax.xml.bind.MarshalException                                                 : loaded 3 times (x 81B)
Class org.apache.commons.io.function.IOBiFunction                                     : loaded 3 times (x 66B)
Class [Lorg.apache.commons.io.FileSystem;                                             : loaded 3 times (x 65B)
Class org.apache.commons.io.CloseableURLConnection                                    : loaded 3 times (x 113B)
Class com.google.gson.internal.bind.ReflectiveTypeAdapterFactory$FieldReflectionAdapter: loaded 3 times (x 73B)
Class com.google.gson.internal.bind.TypeAdapters$19                                   : loaded 3 times (x 71B)
Class com.google.gson.internal.bind.TypeAdapters$6                                    : loaded 3 times (x 71B)
Class com.squareup.javapoet.JavaFile                                                  : loaded 3 times (x 68B)
Class com.sun.xml.bind.v2.runtime.reflect.Accessor$1                                  : loaded 3 times (x 81B)
Class android.databinding.tool.LibTypes$dataBindingKtx$2                              : loaded 3 times (x 74B)
Class com.sun.xml.bind.v2.runtime.property.SingleReferenceNodeProperty                : loaded 3 times (x 98B)
Class com.sun.xml.bind.v2.runtime.unmarshaller.StructureLoader$1                      : loaded 3 times (x 67B)
Class com.sun.xml.bind.v2.runtime.output.XmlOutputAbstractImpl                        : loaded 3 times (x 92B)
Class kotlin.jvm.internal.CallableReference                                           : loaded 3 times (x 102B)
Class com.sun.xml.bind.v2.ContextFactory                                              : loaded 3 times (x 67B)
Class com.sun.xml.bind.v2.model.core.NonElement                                       : loaded 3 times (x 66B)
Class org.apache.commons.io.filefilter.ConditionalFileFilter                          : loaded 3 times (x 66B)
Class com.sun.xml.bind.api.impl.NameConverter                                         : loaded 3 times (x 66B)
Class com.google.gson.internal.$Gson$Preconditions                                    : loaded 3 times (x 67B)
Class com.google.gson.annotations.SerializedName                                      : loaded 3 times (x 66B)
Class com.google.gson.internal.bind.TypeAdapters$7                                    : loaded 3 times (x 71B)
Class com.squareup.javapoet.TypeSpec                                                  : loaded 3 times (x 68B)
Class [Landroid.databinding.tool.CompilerArguments$Type;                              : loaded 3 times (x 65B)
Class com.sun.xml.bind.v2.runtime.JaxBeanInfo                                         : loaded 3 times (x 85B)
Class kotlin.properties.ReadOnlyProperty                                              : loaded 3 times (x 66B)
Class android.databinding.tool.ext.Replacement                                        : loaded 3 times (x 68B)
Class com.sun.xml.bind.v2.runtime.reflect.TransducedAccessor$CompositeContextDependentTransducedAccessorImpl: loaded 3 times (x 75B)
Class com.sun.xml.bind.v2.runtime.reflect.Accessor                                    : loaded 3 times (x 81B)
Class com.sun.xml.bind.v2.model.impl.RuntimeAttributePropertyInfoImpl                 : loaded 3 times (x 140B)
Class com.sun.xml.bind.api.AccessorException                                          : loaded 3 times (x 78B)
Class kotlin.jvm.internal.PropertyReference1Impl                                      : loaded 3 times (x 123B)
Class org.apache.commons.io.file.Counters$AbstractPathCounters                        : loaded 3 times (x 78B)
Class org.apache.commons.io.filefilter.FileEqualsFileFilter                           : loaded 3 times (x 112B)
Class com.google.common.collect.ForwardingCollection                                  : loaded 3 times (x 126B)
Class com.google.gson.internal.UnsafeAllocator$3                                      : loaded 3 times (x 69B)
Class com.google.gson.internal.bind.CollectionTypeAdapterFactory$Adapter              : loaded 3 times (x 70B)
Class com.google.gson.internal.bind.TypeAdapters$8                                    : loaded 3 times (x 71B)
Class com.android.tools.build.jetifier.core.PackageMap                                : loaded 3 times (x 68B)
Class android.databinding.tool.LibTypes$viewStubProxy$2                               : loaded 3 times (x 75B)
Class com.google.gson.LongSerializationPolicy$2                                       : loaded 3 times (x 76B)
Class com.google.gson.Gson$4                                                          : loaded 3 times (x 72B)
Class org.apache.commons.io.file.Counters                                             : loaded 3 times (x 67B)
Class com.google.gson.internal.ConstructorConstructor                                 : loaded 3 times (x 68B)
Class com.google.common.collect.Maps$FilteredEntryMap$EntrySet                        : loaded 3 times (x 148B)
Class com.sun.xml.bind.v2.runtime.reflect.Lister$1                                    : loaded 3 times (x 72B)
Class android.databinding.tool.store.Location                                         : loaded 3 times (x 74B)
Class com.sun.xml.bind.v2.model.nav.ReflectionNavigator$1                             : loaded 3 times (x 77B)
Class com.sun.xml.bind.v2.util.TypeCast                                               : loaded 3 times (x 67B)
Class android.databinding.tool.LibTypes$mutableLiveData$2                             : loaded 3 times (x 75B)
Class kotlin.jvm.KotlinReflectionNotSupportedError                                    : loaded 3 times (x 78B)
Class com.google.gson.internal.bind.TypeAdapters$9                                    : loaded 3 times (x 71B)
Class android.databinding.tool.LibTypes$viewBinding$2                                 : loaded 3 times (x 75B)
Class com.sun.xml.bind.v2.runtime.unmarshaller.LeafPropertyLoader                     : loaded 3 times (x 74B)
Class com.sun.xml.bind.v2.model.impl.RuntimeTypeRefImpl                               : loaded 3 times (x 92B)
Class android.databinding.tool.LibTypes$stateFlow$2                                   : loaded 3 times (x 74B)
Class com.sun.xml.bind.unmarshaller.InfosetScanner                                    : loaded 3 times (x 66B)
Class [Lcom.sun.xml.bind.v2.util.QNameMap$Entry;                                      : loaded 3 times (x 65B)
Class com.sun.xml.bind.v2.runtime.reflect.Lister$2                                    : loaded 3 times (x 73B)
Class com.sun.xml.bind.v2.runtime.reflect.DefaultTransducedAccessor                   : loaded 3 times (x 75B)
Class com.sun.xml.bind.v2.model.annotation.XmlTransientQuick                          : loaded 3 times (x 86B)
Class javax.xml.bind.annotation.XmlAccessorType                                       : loaded 3 times (x 66B)
Class com.sun.xml.bind.v2.model.nav.ReflectionNavigator$2                             : loaded 3 times (x 77B)
Class com.sun.xml.bind.v2.model.impl.EnumLeafInfoImpl                                 : loaded 3 times (x 124B)
Class com.sun.xml.bind.v2.model.impl.RuntimeBuiltinLeafInfoImpl$28                    : loaded 3 times (x 72B)
Class android.databinding.tool.store.ResourceBundle$IncludedLayout                    : loaded 3 times (x 68B)
Class com.sun.xml.bind.v2.model.impl.ArrayInfoImpl                                    : loaded 3 times (x 94B)
Class com.sun.xml.bind.v2.model.impl.RuntimeElementPropertyInfoImpl                   : loaded 3 times (x 135B)
Class com.google.gson.JsonParseException                                              : loaded 3 times (x 78B)
Class com.sun.xml.bind.v2.runtime.property.StructureLoaderBuilder                     : loaded 3 times (x 66B)
Class com.sun.xml.bind.marshaller.DataWriter                                          : loaded 3 times (x 167B)
Class com.android.tools.build.jetifier.core.type.JavaType                             : loaded 3 times (x 68B)
Class com.sun.xml.bind.v2.runtime.output.NamespaceContextImpl$1                       : loaded 3 times (x 71B)
Class com.sun.xml.bind.v2.model.nav.ReflectionNavigator$3                             : loaded 3 times (x 73B)
Class com.sun.xml.bind.v2.model.annotation.XmlValueQuick                              : loaded 3 times (x 86B)
Class com.sun.istack.Pool                                                             : loaded 3 times (x 66B)
Class com.sun.xml.bind.v2.model.impl.ModelBuilder$1                                   : loaded 3 times (x 72B)
Class com.sun.xml.bind.v2.runtime.unmarshaller.UnmarshallerImpl                       : loaded 3 times (x 135B)
Class android.databinding.tool.LibTypes$appCompatResources$2                          : loaded 3 times (x 75B)
Class android.databinding.tool.util.ParserHelper                                      : loaded 3 times (x 67B)
Class com.sun.xml.bind.v2.runtime.property.Utils                                      : loaded 3 times (x 67B)
Class android.databinding.tool.processing.Scope$ScopeEntry                            : loaded 3 times (x 68B)
Class android.databinding.internal.org.antlr.v4.runtime.tree.ParseTreeListener        : loaded 3 times (x 66B)
Class com.sun.xml.bind.v2.model.core.ReferencePropertyInfo                            : loaded 3 times (x 66B)
Class com.google.gson.LongSerializationPolicy$1                                       : loaded 3 times (x 76B)
Class [Lcom.google.gson.stream.JsonToken;                                             : loaded 3 times (x 65B)
Class [Lcom.google.common.base.StandardSystemProperty;                                : loaded 3 times (x 65B)
Class com.sun.istack.SAXException2                                                    : loaded 3 times (x 79B)
Class com.sun.xml.bind.v2.runtime.output.IndentingUTF8XmlOutput                       : loaded 3 times (x 97B)
Class com.sun.xml.bind.v2.runtime.property.UnmarshallerChain                          : loaded 3 times (x 68B)
Class com.sun.xml.bind.v2.runtime.unmarshaller.TextLoader                             : loaded 3 times (x 74B)
Class android.databinding.internal.org.antlr.v4.runtime.tree.SyntaxTree               : loaded 3 times (x 66B)
Class com.sun.xml.bind.v2.TODO                                                        : loaded 3 times (x 67B)
Class com.sun.xml.bind.v2.model.runtime.RuntimeElementPropertyInfo                    : loaded 3 times (x 66B)
Class com.sun.xml.bind.v2.model.impl.RuntimeBuiltinLeafInfoImpl$20                    : loaded 3 times (x 132B)
Class android.databinding.tool.processing.Scope                                       : loaded 3 times (x 67B)
Class com.sun.xml.bind.v2.model.impl.ModelBuilder                                     : loaded 3 times (x 88B)
Class com.sun.xml.bind.v2.model.impl.RuntimeBuiltinLeafInfoImpl$27                    : loaded 3 times (x 132B)
Class androidx.databinding.InverseMethod                                              : loaded 3 times (x 66B)
Class [Lcom.sun.xml.bind.v2.model.annotation.Locatable;                               : loaded 3 times (x 65B)
Class com.sun.xml.bind.v2.runtime.unmarshaller.SAXConnector                           : loaded 3 times (x 97B)
Class kotlin.jvm.internal.ReflectionFactory                                           : loaded 3 times (x 87B)
Class com.android.tools.build.jetifier.core.config.Config                             : loaded 3 times (x 68B)
Class com.squareup.javapoet.TypeVariableName                                          : loaded 3 times (x 77B)
Class kotlin.jvm.internal.PropertyReference1                                          : loaded 3 times (x 123B)
Class [Lcom.squareup.javapoet.LineWrapper$FlushType;                                  : loaded 3 times (x 65B)
Class com.sun.xml.bind.v2.model.nav.ReflectionNavigator$5                             : loaded 3 times (x 73B)
Class com.sun.xml.bind.v2.model.impl.RuntimeBuiltinLeafInfoImpl$21                    : loaded 3 times (x 132B)
Class com.sun.xml.bind.v2.model.runtime.RuntimeTypeInfo                               : loaded 3 times (x 66B)
Class kotlin.jvm.internal.DefaultConstructorMarker                                    : loaded 3 times (x 67B)
Class com.sun.xml.bind.v2.model.annotation.XmlTypeQuick                               : loaded 3 times (x 91B)
Class kotlin.jvm.internal.CollectionToArray                                           : loaded 3 times (x 67B)
Class com.google.gson.internal.UnsafeAllocator$4                                      : loaded 3 times (x 68B)
Class com.google.gson.ReflectionAccessFilter$FilterResult                             : loaded 3 times (x 75B)
Class org.apache.commons.io.filefilter.SuffixFileFilter                               : loaded 3 times (x 112B)
Class com.sun.xml.bind.v2.model.core.TypeInfo                                         : loaded 3 times (x 66B)
Class com.sun.xml.bind.v2.runtime.BinderImpl                                          : loaded 3 times (x 82B)
Class com.android.tools.build.jetifier.core.rule.RewriteRulesMap$Companion            : loaded 3 times (x 67B)
Class com.sun.xml.bind.v2.model.impl.RuntimeBuiltinLeafInfoImpl$10$1                  : loaded 3 times (x 352B)
Class com.sun.xml.bind.v2.model.impl.RuntimeBuiltinLeafInfoImpl$22                    : loaded 3 times (x 132B)
Class com.sun.xml.bind.v2.model.nav.ReflectionNavigator$6                             : loaded 3 times (x 77B)
Class android.databinding.tool.processing.ScopedException                             : loaded 3 times (x 82B)
Class com.google.gson.internal.bind.ObjectTypeAdapter$1                               : loaded 3 times (x 72B)
Class com.sun.xml.bind.v2.model.impl.RuntimeBuiltinLeafInfoImpl$26                    : loaded 3 times (x 132B)
Class [Lcom.sun.xml.bind.v2.runtime.property.StructureLoaderBuilder;                  : loaded 3 times (x 65B)
Class com.google.gson.internal.sql.SqlDateTypeAdapter                                 : loaded 3 times (x 70B)
Class kotlin.UnsafeLazyImpl                                                           : loaded 3 times (x 72B)
Class kotlin.LazyKt__LazyJVMKt$WhenMappings                                           : loaded 3 times (x 67B)
Class kotlin.text.Regex                                                               : loaded 3 times (x 68B)
Class kotlin.Triple                                                                   : loaded 3 times (x 68B)
Class com.android.tools.build.jetifier.core.pom.PomRewriteRule$JsonData               : loaded 3 times (x 68B)
Class com.google.gson.Gson$FutureTypeAdapter                                          : loaded 3 times (x 72B)
Class com.sun.xml.bind.api.RawAccessor                                                : loaded 3 times (x 69B)
Class com.sun.xml.bind.v2.model.impl.ClassInfoImpl                                    : loaded 3 times (x 133B)
Class com.sun.xml.bind.v2.model.impl.RuntimeBuiltinLeafInfoImpl$StringImpl            : loaded 3 times (x 130B)
Class com.sun.xml.bind.v2.model.nav.ParameterizedTypeImpl                             : loaded 3 times (x 81B)
Class com.sun.xml.bind.v2.runtime.reflect.Accessor$GetterSetterReflection             : loaded 3 times (x 81B)
Class com.sun.xml.bind.v2.model.impl.RuntimeBuiltinLeafInfoImpl$23                    : loaded 3 times (x 132B)
Class javax.activation.DataHandler                                                    : loaded 3 times (x 88B)
Class com.sun.xml.bind.v2.model.runtime.RuntimeTypeInfoSet                            : loaded 3 times (x 66B)
Class com.sun.xml.bind.v2.model.impl.TypeInfoSetImpl                                  : loaded 3 times (x 107B)
Class androidx.databinding.InverseBindingAdapter                                      : loaded 3 times (x 66B)
Class com.google.gson.JsonIOException                                                 : loaded 3 times (x 78B)
Class com.google.gson.internal.$Gson$Types                                            : loaded 3 times (x 67B)
Class kotlin.LazyThreadSafetyMode                                                     : loaded 3 times (x 75B)
Class com.google.gson.internal.reflect.ReflectionHelper$RecordNotSupportedHelper      : loaded 3 times (x 74B)
Class javax.xml.bind.JAXBException                                                    : loaded 3 times (x 81B)
Class com.sun.xml.bind.v2.model.impl.PropertySeed                                     : loaded 3 times (x 66B)
Class com.sun.xml.bind.v2.runtime.unmarshaller.Base64Data                             : loaded 3 times (x 85B)
Class com.android.tools.build.jetifier.core.config.ConfigParser                       : loaded 3 times (x 67B)
Class com.squareup.javapoet.ArrayTypeName                                             : loaded 3 times (x 77B)
Class com.google.gson.Gson$5                                                          : loaded 3 times (x 72B)
Class com.sun.xml.bind.v2.runtime.reflect.Lister                                      : loaded 3 times (x 72B)
Class com.sun.xml.bind.v2.model.core.NonElementRef                                    : loaded 3 times (x 66B)
Class com.sun.xml.bind.v2.model.annotation.XmlAttributeQuick                          : loaded 3 times (x 89B)
Class com.sun.xml.bind.v2.model.impl.RuntimeBuiltinLeafInfoImpl$24                    : loaded 3 times (x 133B)
Class com.sun.xml.bind.Util                                                           : loaded 3 times (x 67B)
Class org.apache.commons.io.filefilter.AndFileFilter                                  : loaded 3 times (x 123B)
Class android.databinding.tool.store.ResourceBundle                                   : loaded 3 times (x 80B)
Class android.databinding.tool.LibTypes$observableMap$2                               : loaded 3 times (x 75B)
Class com.sun.xml.bind.v2.model.runtime.RuntimeNonElementRef                          : loaded 3 times (x 66B)
Class com.android.tools.build.jetifier.core.proguard.ProGuardType$Companion           : loaded 3 times (x 67B)
Class com.google.gson.internal.bind.ReflectiveTypeAdapterFactory$RecordAdapter        : loaded 3 times (x 73B)
Class androidx.databinding.BindingMethods                                             : loaded 3 times (x 66B)
Class javax.xml.bind.annotation.XmlElements                                           : loaded 3 times (x 66B)
Class com.sun.xml.bind.v2.runtime.reflect.Accessor$FieldReflection                    : loaded 3 times (x 81B)
Class com.google.common.collect.CollectSpliterators                                   : loaded 2 times (x 67B)
Class com.google.common.collect.MapMakerInternalMap$StrongKeyDummyValueEntry          : loaded 2 times (x 78B)
Class settings_86a18iqo7bwxa6m486lwzx3zp                                              : loaded 2 times (x 175B)
Class android.databinding.parser.BindingExpressionParser$CastOpContext                : loaded 2 times (x 130B)
Class com.google.common.reflect.Invokable$MethodInvokable                             : loaded 2 times (x 103B)
Class android.databinding.tool.store.SetterStore$IntermediateV3                       : loaded 2 times (x 72B)
Class android.databinding.tool.writer.LayoutBinderWriter$executePendingBindings$1$1$1 : loaded 2 times (x 75B)
Class com.google.common.cache.LocalCache$LoadingValueReference                        : loaded 2 times (x 92B)
Class android.databinding.annotationprocessor.ProcessBindable$Intermediate            : loaded 2 times (x 66B)
Class android.databinding.tool.store.SetterStore$IntermediateV2                       : loaded 2 times (x 72B)
Class android.databinding.tool.store.SetterStore$MethodDescription                    : loaded 2 times (x 73B)
Class android.databinding.annotationprocessor.ProcessExpressions$Intermediate         : loaded 2 times (x 66B)
Class android.databinding.tool.LayoutBinder                                           : loaded 2 times (x 93B)
Class android.databinding.tool.expr.ArgListExpr                                       : loaded 2 times (x 145B)
Class android.databinding.parser.BindingExpressionParser$BindingSyntaxContext         : loaded 2 times (x 128B)
Class com.google.auto.common.MoreTypes                                                : loaded 2 times (x 67B)
Class kotlin.io.FilePathComponents                                                    : loaded 2 times (x 68B)
Class [Lorg.objectweb.asm.AnnotationWriter;                                           : loaded 2 times (x 65B)
Class com.google.common.collect.AbstractMapBasedMultimap$WrappedList                  : loaded 2 times (x 201B)
Class com.google.common.collect.MapMaker                                              : loaded 2 times (x 68B)
Class android.databinding.tool.writer.LayoutBinderWriter$declareInverseBindingImpls$1 : loaded 2 times (x 75B)
Class android.databinding.tool.writer.LayoutBinderWriter$variables$2                  : loaded 2 times (x 75B)
Class android.databinding.tool.reflection.annotation.AnnotationClass$computedTypeName$2: loaded 2 times (x 75B)
Class com.google.common.reflect.Types$JavaVersion                                     : loaded 2 times (x 79B)
Class android.databinding.tool.expr.ExprModel                                         : loaded 2 times (x 125B)
Class android.databinding.tool.reflection.ModelAnalyzer$viewStubType$2                : loaded 2 times (x 75B)
Class android.databinding.tool.store.SetterStore$IntermediateV1                       : loaded 2 times (x 72B)
Class android.databinding.tool.writer.LayoutBinderWriterKt$shouldReadWithConditionalsFlagSet$2: loaded 2 times (x 74B)
Class android.databinding.tool.writer.LayoutBinderWriter$declareIncludeViews$1        : loaded 2 times (x 75B)
Class org.gradle.api.specs.Spec                                                       : loaded 2 times (x 66B)
Class android.databinding.annotationprocessor.ProcessExpressions$IntermediateV1       : loaded 2 times (x 77B)
Class settings_86a18iqo7bwxa6m486lwzx3zp$_run_closure1                                : loaded 2 times (x 135B)
Class android.databinding.tool.store.SetterStore$BindingGetterCall                    : loaded 2 times (x 66B)
Class com.google.common.base.CharMatcher$JavaUpperCase                                : loaded 2 times (x 107B)
Class com.google.common.io.CharSource                                                 : loaded 2 times (x 81B)
Class android.databinding.tool.store.SetterStore$InverseMethodDescription             : loaded 2 times (x 73B)
Class android.databinding.tool.writer.AnnotationJavaFileWriter                        : loaded 2 times (x 71B)
Class com.google.common.base.Predicates$CompositionPredicate                          : loaded 2 times (x 84B)
Class [Lcom.google.common.collect.Iterators$EmptyModifiableIterator;                  : loaded 2 times (x 65B)
Class com.google.common.collect.ImmutableRangeSet$Builder                             : loaded 2 times (x 73B)
Class com.google.common.collect.Lists$ReverseList$1                                   : loaded 2 times (x 95B)
Class com.google.common.cache.LocalCache$StrongValueReference                         : loaded 2 times (x 86B)
Class com.google.common.util.concurrent.AbstractFuture$SynchronizedHelper             : loaded 2 times (x 74B)
Class com.google.common.base.CharMatcher$Invisible                                    : loaded 2 times (x 108B)
Class android.databinding.tool.reflection.ModelClass$isViewBinding$2                  : loaded 2 times (x 75B)
Class android.databinding.tool.writer.LayoutBinderWriter$onFieldChange$1              : loaded 2 times (x 75B)
Class android.databinding.parser.BindingExpressionParser$LambdaParameterListContext   : loaded 2 times (x 129B)
Class android.databinding.parser.BindingExpressionParser$TernaryOpContext             : loaded 2 times (x 130B)
Class com.google.common.util.concurrent.Uninterruptibles                              : loaded 2 times (x 67B)
Class com.google.common.base.Charsets                                                 : loaded 2 times (x 67B)
Class android.databinding.tool.reflection.annotation.AnnotationClass                  : loaded 2 times (x 101B)
Class android.databinding.tool.reflection.SdkUtil                                     : loaded 2 times (x 73B)
Class android.databinding.annotationprocessor.ProcessExpressions$IntermediateV2       : loaded 2 times (x 78B)
Class android.databinding.parser.BindingExpressionParser$LambdaParametersContext      : loaded 2 times (x 128B)
Class android.databinding.tool.writer.LayoutBinderWriterKt$setterName$2               : loaded 2 times (x 74B)
Class android.databinding.tool.writer.LayoutBinderWriter$declareInvalidateAll$1$1$1   : loaded 2 times (x 75B)
Class com.google.common.graph.SuccessorsFunction                                      : loaded 2 times (x 66B)
Class org.objectweb.asm.Type                                                          : loaded 2 times (x 68B)
Class org.gradle.internal.classloader.VisitableURLClassLoader$InstrumentingVisitableURLClassLoader: loaded 2 times (x 119B)
Class android.databinding.tool.reflection.annotation.AnnotationClass$allFields$2      : loaded 2 times (x 75B)
Class android.databinding.annotationprocessor.BindableBag$IdBag$buildMapping$$inlined$sortedBy$1: loaded 2 times (x 85B)
Class org.gradle.internal.classloader.ClasspathUtil                                   : loaded 2 times (x 67B)
Class com.google.common.collect.Maps$EntryFunction                                    : loaded 2 times (x 87B)
Class com.google.common.reflect.Types$ClassOwnership$1LocalClass                      : loaded 2 times (x 67B)
Class android.databinding.tool.store.BindingAdapterStore$merge$$inlined$merge$2$1     : loaded 2 times (x 73B)
Class android.databinding.parser.BindingExpressionParser$BinaryOpContext              : loaded 2 times (x 130B)
Class com.google.common.cache.CacheBuilder$OneWeigher                                 : loaded 2 times (x 78B)
Class com.google.common.collect.IndexedImmutableSet$1                                 : loaded 2 times (x 208B)
Class android.databinding.tool.util.GenerationalClassUtil                             : loaded 2 times (x 68B)
Class com.google.common.collect.Maps$1                                                : loaded 2 times (x 78B)
Class android.databinding.tool.expr.ComparisonExpr                                    : loaded 2 times (x 149B)
Class android.databinding.tool.ext.VersionedLazyExt                                   : loaded 2 times (x 71B)
Class com.google.common.base.Predicates                                               : loaded 2 times (x 67B)
Class android.databinding.tool.expr.FieldAccessExpr                                   : loaded 2 times (x 155B)
Class com.google.common.base.CharMatcher$JavaDigit                                    : loaded 2 times (x 107B)
Class com.google.common.collect.MapMakerInternalMap$InternalEntry                     : loaded 2 times (x 66B)
Class [Lcom.google.common.collect.HashBiMap$BiEntry;                                  : loaded 2 times (x 65B)
Class com.google.common.reflect.Types$TypeVariableInvocationHandler                   : loaded 2 times (x 71B)
Class android.databinding.tool.store.SetterStore$ViewBindingRootViewSetterCall        : loaded 2 times (x 86B)
Class com.google.common.math.IntMath                                                  : loaded 2 times (x 67B)
Class com.google.common.collect.AbstractMapBasedMultimap$KeySet                       : loaded 2 times (x 133B)
Class com.google.common.collect.MapMakerInternalMap$StrongKeyDummyValueEntry$Helper   : loaded 2 times (x 75B)
Class com.google.common.io.Files$FileByteSink                                         : loaded 2 times (x 73B)
Class org.objectweb.asm.ByteVector                                                    : loaded 2 times (x 75B)
Class [Lcom.google.common.cache.CacheBuilder$NullListener;                            : loaded 2 times (x 65B)
Class com.google.common.math.IntMath$1                                                : loaded 2 times (x 67B)
Class org.gradle.internal.classloader.VisitableURLClassLoader$Spec                    : loaded 2 times (x 70B)
Class org.gradle.internal.classpath.DefaultClassPath                                  : loaded 2 times (x 86B)
Class com.google.common.collect.RegularImmutableSortedSet                             : loaded 2 times (x 295B)
Class android.databinding.tool.expr.VersionProvider                                   : loaded 2 times (x 66B)
Class android.databinding.tool.reflection.ImportBag                                   : loaded 2 times (x 68B)
Class android.databinding.tool.writer.ExprModelExt                                    : loaded 2 times (x 68B)
Class android.databinding.tool.writer.LayoutBinderWriterKt$oldValueName$2             : loaded 2 times (x 74B)
Class android.databinding.annotationprocessor.BindableBag                             : loaded 2 times (x 68B)
Class org.gradle.internal.service.CachingServiceLocator                               : loaded 2 times (x 78B)
Class android.databinding.tool.util.GenerationalClassUtil$ExtensionFilter             : loaded 2 times (x 76B)
Class android.databinding.tool.reflection.ModelAnalyzer$hasGeneratedAnnotation$2      : loaded 2 times (x 75B)
Class android.databinding.tool.reflection.ModelAnalyzer$viewDataBindingType$2         : loaded 2 times (x 75B)
Class com.google.common.base.CharMatcher$IsNot                                        : loaded 2 times (x 107B)
Class com.google.common.cache.LocalCache$LocalManualCache                             : loaded 2 times (x 95B)
Class com.google.common.reflect.Types$ClassOwnership                                  : loaded 2 times (x 76B)
Class org.objectweb.asm.Symbol                                                        : loaded 2 times (x 69B)
Class com.google.common.base.AbstractIterator                                         : loaded 2 times (x 76B)
Class com.google.common.collect.ImmutableMap$SerializedForm                           : loaded 2 times (x 69B)
Class android.databinding.tool.expr.BuiltInVariableExpr                               : loaded 2 times (x 149B)
Class android.databinding.tool.reflection.ModelClass$isKotlinUnit$2                   : loaded 2 times (x 75B)
Class android.databinding.tool.writer.KCode$block$1                                   : loaded 2 times (x 75B)
Class org.gradle.internal.classloader.ClassLoaderFactory                              : loaded 2 times (x 66B)
Class com.google.common.base.CharMatcher$JavaLetter                                   : loaded 2 times (x 107B)
Class [Lcom.google.common.cache.LocalCache$EntryFactory;                              : loaded 2 times (x 65B)
Class com.google.common.collect.Lists$ReverseList                                     : loaded 2 times (x 196B)
Class com.google.common.collect.ImmutableSortedSet                                    : loaded 2 times (x 295B)
Class android.databinding.tool.reflection.ModelAnalyzer$mutableStateFlowDataType$2    : loaded 2 times (x 75B)
Class android.databinding.tool.reflection.annotation.AnnotationTypeUtil               : loaded 2 times (x 73B)
Class android.databinding.annotationprocessor.ProcessMethodAdapters                   : loaded 2 times (x 71B)
Class android.databinding.tool.reflection.annotation.AnnotationClass$allMethods$2     : loaded 2 times (x 75B)
Class com.google.common.io.Closer                                                     : loaded 2 times (x 74B)
Class com.google.common.base.CharMatcher$BitSetMatcher                                : loaded 2 times (x 108B)
Class com.google.common.base.CharMatcher$Ascii                                        : loaded 2 times (x 108B)
Class build_8h13iasa0gvnh1izib3gk8bla                                                 : loaded 2 times (x 176B)
Class org.gradle.internal.classloader.ClassLoaderSpec                                 : loaded 2 times (x 67B)
Class android.databinding.tool.writer.LayoutBinderWriter$write$1                      : loaded 2 times (x 75B)
Class android.databinding.tool.writer.LayoutBinderWriterKt$conditionalFlags$2         : loaded 2 times (x 74B)
Class android.databinding.tool.ext.LazyExt                                            : loaded 2 times (x 71B)
Class android.databinding.tool.reflection.ModelClass$isLiveData$2                     : loaded 2 times (x 75B)
Class org.gradle.internal.service.ServiceLookupException                              : loaded 2 times (x 78B)
Class com.google.common.reflect.TypeResolver$TypeTable$1                              : loaded 2 times (x 69B)
Class android.databinding.parser.BindingExpressionParser$IdentifierContext            : loaded 2 times (x 128B)
Class android.databinding.tool.reflection.RecursionTracker                            : loaded 2 times (x 68B)
Class com.google.common.cache.CacheLoader$SupplierToCacheLoader                       : loaded 2 times (x 71B)
Class org.objectweb.asm.RecordComponentVisitor                                        : loaded 2 times (x 73B)
Class com.google.common.io.ByteSource$EmptyByteSource                                 : loaded 2 times (x 81B)
Class org.objectweb.asm.AnnotationWriter                                              : loaded 2 times (x 75B)
Class com.google.common.cache.CacheStats                                              : loaded 2 times (x 67B)
Class android.databinding.tool.writer.BindingMapperWriterV2$LocalizedMapping          : loaded 2 times (x 68B)
Class org.apache.http.client.methods.AbortableHttpRequest                             : loaded 2 times (x 66B)
Class com.google.common.reflect.TypeResolver$TypeTable                                : loaded 2 times (x 69B)
Class kotlin.io.FileTreeWalk$FileTreeWalkIterator$SingleFileState                     : loaded 2 times (x 70B)
Class android.databinding.tool.reflection.ModelAnalyzer$mutableLiveDataType$2         : loaded 2 times (x 75B)
Class android.databinding.tool.expr.MethodCallExpr                                    : loaded 2 times (x 149B)
Class android.databinding.parser.BindingExpressionParser$UnaryOpContext               : loaded 2 times (x 129B)
Class android.databinding.tool.writer.LayoutBinderWriterKt$invalidateFlagSet$2        : loaded 2 times (x 74B)
Class com.google.common.collect.AbstractMapBasedMultimap                              : loaded 2 times (x 135B)
Class com.google.common.base.FunctionalEquivalence                                    : loaded 2 times (x 79B)
Class com.google.common.util.concurrent.AbstractFuture                                : loaded 2 times (x 102B)
Class android.databinding.annotationprocessor.ProcessDataBinding                      : loaded 2 times (x 83B)
Class com.google.common.collect.Interners                                             : loaded 2 times (x 67B)
Class com.google.common.io.Closer$Suppressor                                          : loaded 2 times (x 66B)
Class com.google.common.io.LineProcessor                                              : loaded 2 times (x 66B)
Class org.objectweb.asm.RecordComponentWriter                                         : loaded 2 times (x 74B)
Class com.google.common.util.concurrent.AbstractFuture$Listener                       : loaded 2 times (x 68B)
Class com.google.common.base.CharMatcher$Or                                           : loaded 2 times (x 108B)
Class android.databinding.tool.writer.LayoutBinderWriterKt$dirtyFlagSet$2             : loaded 2 times (x 74B)
Class android.databinding.tool.reflection.annotation.AnnotationClass$componentType$2  : loaded 2 times (x 75B)
Class android.databinding.tool.writer.LayoutBinderWriterKt$callbackLocalName$2        : loaded 2 times (x 74B)
Class android.databinding.tool.reflection.InjectedClass$isObservable$2                : loaded 2 times (x 75B)
Class com.google.common.base.CharMatcher$Any                                          : loaded 2 times (x 108B)
Class com.google.common.cache.ReferenceEntry                                          : loaded 2 times (x 66B)
Class com.google.common.util.concurrent.ListenableFuture                              : loaded 2 times (x 66B)
Class org.apache.http.message.AbstractHttpMessage                                     : loaded 2 times (x 104B)
Class android.databinding.tool.reflection.SdkUtil$ApiChecker                          : loaded 2 times (x 70B)
Class android.databinding.parser.BindingExpressionParser$SingleLambdaParameterContext : loaded 2 times (x 129B)
Class android.databinding.parser.BindingExpressionParser$GlobalMethodInvocationContext: loaded 2 times (x 130B)
Class android.databinding.tool.writer.LayoutBinderWriter$declareDirtyFlags$1          : loaded 2 times (x 75B)
Class org.objectweb.asm.Attribute                                                     : loaded 2 times (x 73B)
Class com.google.common.base.Supplier                                                 : loaded 2 times (x 66B)
Class org.gradle.internal.classloader.VisitableURLClassLoader                         : loaded 2 times (x 113B)
Class android.databinding.parser.BindingExpressionParser$ResourcesContext             : loaded 2 times (x 129B)
Class android.databinding.tool.writer.MergedBindingMapperWriter$Companion             : loaded 2 times (x 67B)
Class org.gradle.api.internal.classpath.DefaultModuleRegistry                         : loaded 2 times (x 82B)
Class com.google.common.base.CharMatcher$AnyOf                                        : loaded 2 times (x 108B)
Class kotlin.collections.SlidingWindowKt                                              : loaded 2 times (x 67B)
Class com.google.common.base.CharMatcher$ForPredicate                                 : loaded 2 times (x 108B)
Class com.google.common.cache.LocalCache$LocalManualCache$1                           : loaded 2 times (x 71B)
Class com.google.common.util.concurrent.AbstractFuture$UnsafeAtomicHelper             : loaded 2 times (x 74B)
Class com.google.common.io.Closer$SuppressingSuppressor                               : loaded 2 times (x 71B)
Class android.databinding.tool.reflection.ClassFinderCache                            : loaded 2 times (x 68B)
Class com.google.common.collect.HashBiMap$Inverse                                     : loaded 2 times (x 138B)
Class com.google.common.collect.ImmutableList$SerializedForm                          : loaded 2 times (x 69B)
Class com.google.common.util.concurrent.AbstractFuture$Waiter                         : loaded 2 times (x 68B)
Class org.gradle.internal.Cast                                                        : loaded 2 times (x 67B)
Class org.gradle.api.Action                                                           : loaded 2 times (x 66B)
Class com.google.common.collect.Iterators$6                                           : loaded 2 times (x 77B)
Class android.databinding.tool.writer.LayoutBinderWriter$onFieldChange$1$1$1          : loaded 2 times (x 75B)
Class android.databinding.tool.reflection.annotation.AnnotationTypeUtil$1             : loaded 2 times (x 67B)
Class com.google.common.base.Splitter$SplittingIterator                               : loaded 2 times (x 80B)
Class com.google.common.collect.ImmutableSet$JdkBackedSetBuilderImpl                  : loaded 2 times (x 72B)
Class com.google.common.util.concurrent.internal.InternalFutureFailureAccess          : loaded 2 times (x 68B)
Class [Landroid.databinding.tool.writer.Scope;                                        : loaded 2 times (x 65B)
Class org.gradle.api.internal.classpath.ModuleRegistry                                : loaded 2 times (x 66B)
Class org.gradle.internal.installation.GradleInstallation$1                           : loaded 2 times (x 71B)
Class com.google.common.collect.AbstractListMultimap                                  : loaded 2 times (x 168B)
Class com.google.common.cache.CacheLoader                                             : loaded 2 times (x 70B)
Class com.google.common.collect.HashBiMap                                             : loaded 2 times (x 139B)
Class com.google.common.collect.MapMakerInternalMap                                   : loaded 2 times (x 157B)
Class org.objectweb.asm.Handler                                                       : loaded 2 times (x 68B)
Class com.google.common.base.Ticker                                                   : loaded 2 times (x 68B)
Class com.google.common.base.CharMatcher$FastMatcher                                  : loaded 2 times (x 107B)
Class org.gradle.internal.agents.InstrumentingClassLoader                             : loaded 2 times (x 66B)
Class [Lorg.objectweb.asm.SymbolTable$Entry;                                          : loaded 2 times (x 65B)
Class android.databinding.tool.writer.LayoutBinderWriterKt$onChangeName$2             : loaded 2 times (x 74B)
Class android.databinding.parser.BindingExpressionParser$QuestionQuestionOpContext    : loaded 2 times (x 130B)
Class android.databinding.tool.expr.CastExpr                                          : loaded 2 times (x 146B)
Class android.databinding.tool.expr.TwoWayListenerExpr                                : loaded 2 times (x 144B)
Class com.google.common.collect.SortedIterable                                        : loaded 2 times (x 66B)
Class [Lcom.google.common.base.Supplier;                                              : loaded 2 times (x 65B)
Class android.databinding.tool.reflection.InjectedClass$typeName$2                    : loaded 2 times (x 75B)
Class android.databinding.tool.writer.LayoutBinderWriter$declareCallbackInstances$1   : loaded 2 times (x 75B)
Class com.google.common.cache.LocalCache$Segment                                      : loaded 2 times (x 150B)
Class com.google.common.reflect.TypeToken$2                                           : loaded 2 times (x 106B)
Class android.databinding.tool.util.GenerationalClassUtil$load$2                      : loaded 2 times (x 75B)
Class android.databinding.tool.reflection.ModelAnalyzer$observableMapType$2           : loaded 2 times (x 75B)
Class android.databinding.parser.BindingExpressionParser$MethodInvocationContext      : loaded 2 times (x 131B)
Class android.databinding.tool.writer.LayoutBinderWriterKt$readableName$5             : loaded 2 times (x 74B)
Class android.databinding.tool.writer.LayoutBinderWriter$declareCallbackImplementations$1: loaded 2 times (x 75B)
Class com.google.common.cache.RemovalCause$1                                          : loaded 2 times (x 76B)
Class [Lcom.google.common.cache.LocalCache$Segment;                                   : loaded 2 times (x 65B)
Class [Lcom.google.common.cache.LocalCache$Strength;                                  : loaded 2 times (x 65B)
Class com.google.common.cache.CacheBuilder$1                                          : loaded 2 times (x 81B)
Class org.gradle.internal.classpath.DefaultClassPath$ImmutableUniqueList$Builder      : loaded 2 times (x 71B)
Class android.databinding.tool.writer.BindingMapperWriterV2                           : loaded 2 times (x 68B)
Class kotlin.collections.ArraysKt___ArraysKt$withIndex$5                              : loaded 2 times (x 75B)
Class android.databinding.tool.writer.LayoutBinderWriter$flagMapping$1                : loaded 2 times (x 75B)
Class android.databinding.tool.expr.InstanceOfExpr                                    : loaded 2 times (x 146B)
Class android.databinding.tool.reflection.ModelClass$Companion                        : loaded 2 times (x 67B)
Class com.google.common.collect.SingletonImmutableSet                                 : loaded 2 times (x 142B)
Class com.google.common.cache.LocalCache$ComputingValueReference                      : loaded 2 times (x 92B)
Class com.google.common.reflect.TypeToken$1                                           : loaded 2 times (x 106B)
Class android.databinding.tool.reflection.ModelAnalyzer$Companion                     : loaded 2 times (x 67B)
Class android.databinding.tool.util.GenerationalClassUtil$load$1                      : loaded 2 times (x 75B)
Class android.databinding.tool.expr.MethodBaseExpr                                    : loaded 2 times (x 147B)
Class kotlin.jvm.internal.ArrayIteratorsKt                                            : loaded 2 times (x 67B)
Class android.databinding.annotationprocessor.BindableBag$ModuleBR                    : loaded 2 times (x 68B)
Class android.databinding.tool.store.GenClassInfoLog$createPackageInfoLog$1           : loaded 2 times (x 75B)
Class com.google.common.cache.RemovalCause$2                                          : loaded 2 times (x 76B)
Class com.google.common.collect.MapMakerInternalMap$WeakValueReference                : loaded 2 times (x 66B)
Class com.google.common.collect.AbstractRangeSet                                      : loaded 2 times (x 110B)
Class com.google.common.cache.LocalCache                                              : loaded 2 times (x 183B)
Class com.google.common.cache.CacheBuilder$2                                          : loaded 2 times (x 68B)
Class com.google.common.base.CharMatcher$NegatedFastMatcher                           : loaded 2 times (x 109B)
Class android.databinding.tool.writer.LayoutBinderWriter$onFieldChange$1$1            : loaded 2 times (x 75B)
Class com.google.common.base.Suppliers$SupplierOfInstance                             : loaded 2 times (x 75B)
Class org.objectweb.asm.Edge                                                          : loaded 2 times (x 68B)
Class com.squareup.javapoet.TypeName$1                                                : loaded 2 times (x 105B)
Class android.databinding.tool.writer.LayoutBinderWriterKt$androidId$2                : loaded 2 times (x 74B)
Class build_1tgm06eutuwvundnxlcrvt6x9                                                 : loaded 2 times (x 176B)
Class android.databinding.tool.reflection.TypeUtil                                    : loaded 2 times (x 70B)
Class android.databinding.tool.store.BindingAdapterStore$merge$$inlined$merge$5$1     : loaded 2 times (x 73B)
Class android.databinding.tool.reflection.annotation.AnnotationClass$typeArguments$2  : loaded 2 times (x 75B)
Class android.databinding.annotationprocessor.ProcessBindable$IntermediateV1          : loaded 2 times (x 78B)
Class com.google.common.util.concurrent.AbstractFuture$AtomicHelper                   : loaded 2 times (x 74B)
Class org.objectweb.asm.SymbolTable$Entry                                             : loaded 2 times (x 70B)
Class com.google.gson.internal.$Gson$Types$GenericArrayTypeImpl                       : loaded 2 times (x 75B)
Class android.databinding.tool.expr.MathExpr                                          : loaded 2 times (x 146B)
Class android.databinding.tool.reflection.ModelAnalyzer$observableType$2              : loaded 2 times (x 75B)
Class android.databinding.tool.ExpressionVisitor                                      : loaded 2 times (x 191B)
Class android.databinding.parser.BindingExpressionParser$ExpressionContext            : loaded 2 times (x 128B)
Class android.databinding.tool.writer.LayoutBinderWriterKt$readableName$2             : loaded 2 times (x 74B)
Class com.google.auto.common.MoreTypes$TypeEquivalence                                : loaded 2 times (x 78B)
Class android.databinding.tool.reflection.annotation.AnnotationClass$isInterface$2    : loaded 2 times (x 75B)
Class android.databinding.tool.writer.KCodeKt                                         : loaded 2 times (x 67B)
Class com.google.common.cache.RemovalCause$3                                          : loaded 2 times (x 76B)
Class com.google.common.collect.ArrayListMultimap                                     : loaded 2 times (x 168B)
Class com.google.common.base.AbstractIterator$1                                       : loaded 2 times (x 67B)
Class com.google.common.base.CharMatcher$Digit                                        : loaded 2 times (x 108B)
Class org.gradle.api.GradleException                                                  : loaded 2 times (x 78B)
Class android.databinding.tool.writer.BindingMapperWriterV2$special$$inlined$sortedBy$2: loaded 2 times (x 85B)
Class android.databinding.tool.reflection.ImmutableImportBag                          : loaded 2 times (x 68B)
Class android.databinding.tool.reflection.ModelClass$isViewDataBinding$2              : loaded 2 times (x 75B)
Class com.google.common.io.Files$FileByteSource                                       : loaded 2 times (x 81B)
Class com.google.common.collect.Interners$InternerBuilder                             : loaded 2 times (x 72B)
Class [Lcom.google.common.reflect.Types$JavaVersion;                                  : loaded 2 times (x 65B)
Class android.databinding.tool.CompilerChef                                           : loaded 2 times (x 81B)
Class android.databinding.tool.util.GenerationalClassUtil$IgnoreSerialIdObjectInputStream: loaded 2 times (x 141B)
Class android.databinding.tool.writer.BindingMapperWriterV2$special$$inlined$sortedBy$1: loaded 2 times (x 85B)
Class org.gradle.api.UncheckedIOException                                             : loaded 2 times (x 78B)
Class org.gradle.internal.classpath.ClassPath                                         : loaded 2 times (x 66B)
Class com.google.common.cache.CacheBuilder                                            : loaded 2 times (x 68B)
Class com.google.common.io.ByteSink                                                   : loaded 2 times (x 72B)
Class com.google.common.cache.RemovalCause                                            : loaded 2 times (x 76B)
Class kotlin.text.StringsKt__StringsKt$splitToSequence$2                              : loaded 2 times (x 75B)
Class com.google.common.cache.RemovalCause$4                                          : loaded 2 times (x 76B)
Class com.google.common.base.Suppliers$MemoizingSupplier                              : loaded 2 times (x 75B)
Class com.google.common.collect.ForwardingMap                                         : loaded 2 times (x 128B)
Class com.google.common.base.CharMatcher$JavaIsoControl                               : loaded 2 times (x 108B)
Class android.databinding.tool.reflection.annotation.AnnotationClass$computedJniDescription$2: loaded 2 times (x 75B)
Class com.google.auto.common.MoreTypes$CastingTypeVisitor                             : loaded 2 times (x 98B)
Class android.databinding.parser.BindingExpressionParser$FunctionRefContext           : loaded 2 times (x 130B)
Class android.databinding.parser.BindingExpressionParser$InstanceOfOpContext          : loaded 2 times (x 130B)
Class android.databinding.parser.BindingExpressionParser$AndOrOpContext               : loaded 2 times (x 130B)
Class android.databinding.tool.writer.Scope                                           : loaded 2 times (x 75B)
Class android.databinding.tool.CompilerArguments$Companion$stringToFileList$1         : loaded 2 times (x 74B)
Class android.databinding.tool.reflection.InjectedClass$jniDescription$2              : loaded 2 times (x 75B)
Class android.databinding.tool.reflection.ImportBag$Companion                         : loaded 2 times (x 67B)
Class com.google.common.base.ExtraObjectsMethodsForWeb                                : loaded 2 times (x 67B)
Class com.google.common.collect.MapMakerInternalMap$Segment                           : loaded 2 times (x 138B)
Class com.google.common.reflect.TypeToken                                             : loaded 2 times (x 69B)
Class android.databinding.tool.writer.LayoutBinderWriter$write$1$1                    : loaded 2 times (x 75B)
Class org.gradle.internal.classpath.DefaultClassPath$ImmutableUniqueList              : loaded 2 times (x 195B)
Class org.gradle.api.internal.ClassPathRegistry                                       : loaded 2 times (x 66B)
Class com.google.common.collect.Maps$EntryFunction$2                                  : loaded 2 times (x 87B)
Class android.databinding.tool.reflection.ModelAnalyzer$observableListType$2          : loaded 2 times (x 75B)
Class android.databinding.tool.reflection.annotation.AnnotationAnalyzer               : loaded 2 times (x 77B)
Class com.google.common.reflect.Invokable$ConstructorInvokable                        : loaded 2 times (x 103B)
Class [Landroid.databinding.annotationprocessor.ProcessDataBinding$ProcessingStep;    : loaded 2 times (x 65B)
Class android.databinding.tool.expr.SymbolExpr                                        : loaded 2 times (x 145B)
Class android.databinding.parser.BindingExpressionVisitor                             : loaded 2 times (x 66B)
Class android.databinding.tool.writer.LayoutBinderWriterKt$interfaceClass$2           : loaded 2 times (x 74B)
Class android.databinding.tool.reflection.annotation.AnnotationClass$superclass$2     : loaded 2 times (x 75B)
Class org.gradle.api.internal.DefaultClassPathRegistry                                : loaded 2 times (x 72B)
Class com.google.common.cache.RemovalCause$5                                          : loaded 2 times (x 76B)
Class [Lcom.google.common.collect.MapMakerInternalMap$Strength;                       : loaded 2 times (x 65B)
Class [Lcom.google.common.io.FileWriteMode;                                           : loaded 2 times (x 65B)
Class org.apache.http.client.methods.HttpExecutionAware                               : loaded 2 times (x 66B)
Class com.google.common.base.CharMatcher$JavaLowerCase                                : loaded 2 times (x 107B)
Class android.databinding.tool.writer.LayoutBinderWriter$declareConstructor$1$2$1     : loaded 2 times (x 75B)
Class com.google.common.cache.RemovalListener                                         : loaded 2 times (x 66B)
Class android.databinding.tool.expr.ListenerExpr                                      : loaded 2 times (x 147B)
Class android.databinding.tool.reflection.InjectedClass$superclass$2                  : loaded 2 times (x 75B)
Class com.google.common.collect.AbstractMapBasedMultimap$WrappedCollection$WrappedIterator: loaded 2 times (x 80B)
Class com.google.common.base.Present                                                  : loaded 2 times (x 77B)
Class android.databinding.tool.store.BindingAdapterStore$merge$$inlined$merge$4$1     : loaded 2 times (x 73B)
Class android.databinding.tool.reflection.ModelClass                                  : loaded 2 times (x 100B)
Class com.google.common.collect.Maps$EntryFunction$1                                  : loaded 2 times (x 87B)
Class android.databinding.tool.store.SetterStore$AccessorKey                          : loaded 2 times (x 73B)
Class android.databinding.tool.writer.LayoutBinderWriter$includedBinders$2            : loaded 2 times (x 75B)
Class android.databinding.annotationprocessor.ProcessDataBinding$1                    : loaded 2 times (x 74B)
Class com.google.common.collect.Iterables$4                                           : loaded 2 times (x 77B)
Class com.google.common.collect.MapMakerInternalMap$StrongKeyDummyValueSegment        : loaded 2 times (x 138B)
Class com.google.common.cache.LocalCache$WriteThroughEntry                            : loaded 2 times (x 75B)
Class com.google.common.cache.LocalCache$HashIterator                                 : loaded 2 times (x 82B)
Class com.google.common.io.Files                                                      : loaded 2 times (x 67B)
Class com.google.common.cache.LocalCache$EntryFactory                                 : loaded 2 times (x 79B)
Class android.databinding.tool.writer.LayoutBinderWriter$declareSetVariable$1         : loaded 2 times (x 75B)
Class android.databinding.tool.writer.LayoutBinderWriterKt$requiredComponent$2        : loaded 2 times (x 74B)
Class android.databinding.tool.writer.LayoutBinderWriter$declareConstructor$1$2       : loaded 2 times (x 75B)
Class android.databinding.tool.ExpressionParser                                       : loaded 2 times (x 70B)
Class com.google.common.base.NullnessCasts                                            : loaded 2 times (x 67B)
Class com.google.common.util.concurrent.AbstractFuture$Cancellation                   : loaded 2 times (x 68B)
Class com.google.common.io.Files$2                                                    : loaded 2 times (x 72B)
Class android.databinding.tool.writer.LayoutBinderWriter$declareConstructor$1$1       : loaded 2 times (x 74B)
Class com.google.common.cache.Cache                                                   : loaded 2 times (x 66B)
Class com.google.common.cache.LocalCache$Strength                                     : loaded 2 times (x 77B)
Class com.google.common.base.Stopwatch                                                : loaded 2 times (x 68B)
Class android.databinding.tool.reflection.RecursiveResolutionStack$items$1$1          : loaded 2 times (x 74B)
Class android.databinding.tool.writer.LayoutBinderWriter$declareHasPendingBindings$1$1$1$1: loaded 2 times (x 74B)
Class com.google.common.reflect.Types$NativeTypeVariableEquals                        : loaded 2 times (x 67B)
Class com.google.common.reflect.TypeParameter                                         : loaded 2 times (x 68B)
Class com.google.common.collect.Iterables$5                                           : loaded 2 times (x 77B)
Class [Lcom.google.common.collect.MapMaker$Dummy;                                     : loaded 2 times (x 65B)
Class com.google.common.cache.LocalCache$AbstractReferenceEntry                       : loaded 2 times (x 103B)
Class com.google.common.base.Splitter$1$1                                             : loaded 2 times (x 82B)
Class com.google.common.base.CharMatcher$Whitespace                                   : loaded 2 times (x 108B)
Class org.gradle.internal.IoActions                                                   : loaded 2 times (x 67B)
Class android.databinding.tool.writer.LayoutBinderWriter$executePendingBindings$1$1   : loaded 2 times (x 75B)
Class org.gradle.cache.GlobalCache                                                    : loaded 2 times (x 66B)
Class [Landroid.databinding.tool.expr.Expr;                                           : loaded 2 times (x 65B)
Class [Landroid.databinding.tool.expr.VersionProvider;                                : loaded 2 times (x 65B)
Class android.databinding.tool.expr.BracketExpr                                       : loaded 2 times (x 148B)
Class android.databinding.tool.reflection.ModelField                                  : loaded 2 times (x 73B)
Class org.gradle.api.internal.classpath.UnknownModuleException                        : loaded 2 times (x 78B)
Class com.google.common.cache.Weigher                                                 : loaded 2 times (x 66B)
Class android.databinding.tool.store.BindingAdapterStore$Companion                    : loaded 2 times (x 67B)
Class android.databinding.tool.store.SetterStore$1                                    : loaded 2 times (x 88B)
Class android.databinding.tool.writer.LayoutBinderWriter$mDirtyFlags$2                : loaded 2 times (x 75B)
Class org.gradle.api.internal.classpath.Module                                        : loaded 2 times (x 66B)
Class android.databinding.tool.util.Resources                                         : loaded 2 times (x 68B)
Class android.databinding.tool.expr.StaticIdentifierExpr                              : loaded 2 times (x 149B)
Class android.databinding.tool.expr.LambdaExpr                                        : loaded 2 times (x 151B)
Class android.databinding.tool.writer.LayoutBinderWriterKt$getterName$2               : loaded 2 times (x 74B)
Class android.databinding.tool.reflection.annotation.AnnotationClass$minApi$2         : loaded 2 times (x 75B)
Class android.databinding.tool.reflection.annotation.AnnotationClass$computedBox$2    : loaded 2 times (x 75B)
Class android.databinding.tool.writer.KCode$Companion                                 : loaded 2 times (x 67B)
Class android.databinding.tool.writer.LayoutBinderWriter$declareHasPendingBindings$1$1: loaded 2 times (x 75B)
Class com.google.common.collect.ImmutableMapKeySet                                    : loaded 2 times (x 146B)
Class com.google.common.collect.ImmutableRangeSet$ComplementRanges                    : loaded 2 times (x 203B)
Class org.apache.http.client.methods.HttpPut                                          : loaded 2 times (x 149B)
Class org.apache.http.client.methods.Configurable                                     : loaded 2 times (x 66B)
Class org.objectweb.asm.SymbolTable                                                   : loaded 2 times (x 68B)
Class com.google.common.cache.CacheLoader$InvalidCacheLoadException                   : loaded 2 times (x 78B)
Class com.google.common.collect.ImmutableSet$RegularSetBuilderImpl                    : loaded 2 times (x 73B)
Class com.google.common.base.CharMatcher$SingleWidth                                  : loaded 2 times (x 108B)
Class org.gradle.internal.classloader.SystemClassLoaderSpec                           : loaded 2 times (x 67B)
Class com.google.common.collect.ArrayListMultimapGwtSerializationDependencies         : loaded 2 times (x 168B)
Class com.google.common.math.MathPreconditions                                        : loaded 2 times (x 67B)
Class com.google.common.collect.FluentIterable$3                                      : loaded 2 times (x 77B)
Class android.databinding.tool.reflection.ModelAnalyzer                               : loaded 2 times (x 73B)
Class android.databinding.tool.store.SetterStore$Intermediate                         : loaded 2 times (x 66B)
Class android.databinding.tool.reflection.ModelClass$isList$2                         : loaded 2 times (x 75B)
Class android.databinding.tool.reflection.ModelClass$extendsViewStub$2                : loaded 2 times (x 75B)
Class android.databinding.tool.writer.KCode$Appendix                                  : loaded 2 times (x 68B)
Class com.google.common.collect.FluentIterable$2                                      : loaded 2 times (x 77B)
Class com.google.common.base.Absent                                                   : loaded 2 times (x 76B)
Class com.google.common.reflect.Reflection                                            : loaded 2 times (x 67B)
Class android.databinding.tool.store.SetterStore$MultiValueAdapterKey                 : loaded 2 times (x 73B)
Class android.databinding.tool.reflection.ModelClass$canonicalName$2                  : loaded 2 times (x 75B)
Class com.google.common.collect.FluentIterable                                        : loaded 2 times (x 77B)
Class com.google.common.cache.LocalCache$StrongEntry                                  : loaded 2 times (x 104B)
Class com.google.common.util.concurrent.AbstractFuture$TrustedFuture                  : loaded 2 times (x 110B)
Class com.google.common.cache.LoadingCache                                            : loaded 2 times (x 66B)
Class android.databinding.tool.reflection.ClassFinderCache$CacheKey                   : loaded 2 times (x 68B)
Class android.databinding.parser.BindingExpressionParser$DotOpContext                 : loaded 2 times (x 130B)
Class org.gradle.api.internal.classpath.DefaultModuleRegistry$DefaultModule           : loaded 2 times (x 82B)
Class org.objectweb.asm.FieldVisitor                                                  : loaded 2 times (x 73B)
Class com.google.common.base.Objects                                                  : loaded 2 times (x 67B)
Class com.google.common.collect.FluentIterable$1                                      : loaded 2 times (x 77B)
Class android.databinding.tool.writer.LayoutBinderWriter                              : loaded 2 times (x 68B)
Class android.databinding.tool.writer.BRWriter                                        : loaded 2 times (x 67B)
Class org.gradle.internal.classloader.ClasspathUtil$1                                 : loaded 2 times (x 72B)
Class com.google.common.base.CharMatcher$And                                          : loaded 2 times (x 108B)
Class com.google.common.cache.CacheLoader$UnsupportedLoadingOperationException        : loaded 2 times (x 78B)
Class org.objectweb.asm.ClassWriter                                                   : loaded 2 times (x 102B)
Class org.apache.http.client.methods.HttpRequestBase                                  : loaded 2 times (x 141B)
Class com.google.common.collect.AbstractMapBasedMultimap$KeySet$1                     : loaded 2 times (x 78B)
Class com.google.common.collect.ImmutableBiMap$Builder                                : loaded 2 times (x 78B)
Class android.databinding.tool.writer.Scope$Companion                                 : loaded 2 times (x 67B)
Class com.google.common.io.ByteStreams$LimitedInputStream                             : loaded 2 times (x 88B)
Class com.google.common.base.Suppliers$NonSerializableMemoizingSupplier               : loaded 2 times (x 75B)
Class org.objectweb.asm.MethodWriter                                                  : loaded 2 times (x 102B)
Class [Lcom.google.common.cache.Weigher;                                              : loaded 2 times (x 65B)
Class android.databinding.parser.BindingExpressionParser$RootLambdaContext            : loaded 2 times (x 129B)
Class android.databinding.tool.expr.IdentifierExpr                                    : loaded 2 times (x 149B)
Class android.databinding.tool.writer.KCode                                           : loaded 2 times (x 68B)
Class org.gradle.internal.InternalTransformer                                         : loaded 2 times (x 66B)
Class com.google.common.base.CharMatcher$JavaLetterOrDigit                            : loaded 2 times (x 107B)
Class com.google.common.collect.ImmutableSortedSetFauxverideShim                      : loaded 2 times (x 143B)
Class android.databinding.tool.store.SetterStore$InverseDescription                   : loaded 2 times (x 73B)
Class android.databinding.tool.reflection.ModelAnalyzer$observableFieldTypes$2        : loaded 2 times (x 75B)
Class com.google.common.collect.Maps$FilteredEntryMap$KeySet                          : loaded 2 times (x 133B)
Class android.databinding.tool.writer.BindingMapperWriterV2$generateInnerLayoutIdLookup$1$1: loaded 2 times (x 75B)
Class com.google.common.util.concurrent.UncheckedExecutionException                   : loaded 2 times (x 78B)
Class com.google.common.io.ByteSink$AsCharSink                                        : loaded 2 times (x 76B)
Class com.google.common.collect.AbstractMapBasedMultimap$RandomAccessWrappedList      : loaded 2 times (x 201B)
Class [Lcom.squareup.javapoet.TypeName;                                               : loaded 2 times (x 65B)
Class android.databinding.tool.writer.LayoutBinderWriter$declareDirtyFlags$1$1$1      : loaded 2 times (x 75B)
Class android.databinding.tool.reflection.annotation.AnnotationClass$computedUnbox$2  : loaded 2 times (x 75B)
Class android.databinding.tool.expr.FieldAssignmentExpr                               : loaded 2 times (x 146B)
Class android.databinding.parser.BindingExpressionParser$GroupingContext              : loaded 2 times (x 129B)
Class com.google.common.base.CharMatcher$RangesMatcher                                : loaded 2 times (x 108B)
Class android.databinding.tool.DataBinder                                             : loaded 2 times (x 76B)
Class com.google.common.util.concurrent.AbstractFuture$Trusted                        : loaded 2 times (x 66B)
Class android.databinding.tool.reflection.MutableImportBag                            : loaded 2 times (x 68B)
Class org.apache.http.client.methods.HttpEntityEnclosingRequestBase                   : loaded 2 times (x 149B)
Class com.google.common.collect.Range                                                 : loaded 2 times (x 83B)
Class com.google.common.base.Optional                                                 : loaded 2 times (x 76B)
Class android.databinding.tool.reflection.ModelAnalyzer$viewBindingType$2             : loaded 2 times (x 75B)
Class android.databinding.tool.reflection.ModelAnalyzer$mapType$2                     : loaded 2 times (x 75B)
Class android.databinding.tool.reflection.RecursiveResolutionStack$items$1            : loaded 2 times (x 70B)
Class android.databinding.tool.store.BindingAdapterStore$merge$$inlined$merge$5       : loaded 2 times (x 73B)
Class android.databinding.tool.util.SymbolTable                                       : loaded 2 times (x 68B)
Class com.google.common.reflect.Types$JavaVersion$1                                   : loaded 2 times (x 79B)
Class com.google.common.cache.LocalCache$ValueReference                               : loaded 2 times (x 66B)
Class com.google.common.base.CharMatcher$Negated                                      : loaded 2 times (x 109B)
Class com.google.common.base.CharMatcher$Is                                           : loaded 2 times (x 107B)
Class android.databinding.tool.store.SetterStore$MultiAttributeSetter                 : loaded 2 times (x 81B)
Class android.databinding.tool.writer.LayoutBinderWriterKt$constructorParamName$2     : loaded 2 times (x 74B)
Class android.databinding.tool.BindingTarget                                          : loaded 2 times (x 95B)
Class com.google.common.util.concurrent.AbstractFuture$UnsafeAtomicHelper$1           : loaded 2 times (x 72B)
Class com.google.common.collect.ImmutableRangeSet$1                                   : loaded 2 times (x 205B)
Class android.databinding.tool.store.BindingAdapterStore$merge$$inlined$merge$4       : loaded 2 times (x 73B)
Class android.databinding.tool.reflection.ModelClass$isObservableField$2              : loaded 2 times (x 75B)
Class android.databinding.tool.writer.LayoutBinderWriterKt$needsLocalField$2          : loaded 2 times (x 74B)
Class android.databinding.annotationprocessor.BindableBag$IdBag                       : loaded 2 times (x 68B)
Class com.google.common.cache.LocalCache$2                                            : loaded 2 times (x 138B)
Class org.apache.http.client.methods.AbstractExecutionAwareRequest                    : loaded 2 times (x 124B)
Class android.databinding.tool.reflection.RecursiveResolutionStack                    : loaded 2 times (x 68B)
Class android.databinding.tool.reflection.ModelAnalyzer$classFinderCache$1            : loaded 2 times (x 75B)
Class com.google.common.collect.MapMakerInternalMap$AbstractStrongKeyEntry            : loaded 2 times (x 76B)
Class android.databinding.annotationprocessor.ProcessExpressions                      : loaded 2 times (x 71B)
Class com.google.common.io.ByteSource$ByteArrayByteSource                             : loaded 2 times (x 81B)
Class com.google.common.reflect.TypeToken$SimpleTypeToken                             : loaded 2 times (x 69B)
Class com.google.common.reflect.Types$JavaVersion$2                                   : loaded 2 times (x 79B)
Class com.google.common.reflect.Types                                                 : loaded 2 times (x 67B)
Class com.google.common.hash.PrimitiveSink                                            : loaded 2 times (x 66B)
Class com.google.common.util.concurrent.AbstractFuture$Failure                        : loaded 2 times (x 68B)
Class com.google.common.base.Equivalence$Equals                                       : loaded 2 times (x 78B)
Class android.databinding.tool.store.BindingAdapterStore$merge$$inlined$merge$3       : loaded 2 times (x 73B)
Class org.apache.commons.io.function.IOSupplier                                       : loaded 2 times (x 66B)
Class android.databinding.tool.reflection.ModelClass$isMutableLiveData$2              : loaded 2 times (x 75B)
Class kotlin.collections.LongIterator                                                 : loaded 2 times (x 78B)
Class com.google.common.cache.LocalCache$1                                            : loaded 2 times (x 85B)
Class com.google.common.base.Ascii                                                    : loaded 2 times (x 67B)
Class com.google.common.collect.HashBiMap$BiEntry                                     : loaded 2 times (x 79B)
Class android.databinding.tool.store.BindingAdapterStore$merge$$inlined$merge$2       : loaded 2 times (x 73B)
Class android.databinding.tool.reflection.annotation.AnnotationClass$computedErasure$2: loaded 2 times (x 75B)
Class android.databinding.tool.writer.LayoutBinderWriter$declareViews$1               : loaded 2 times (x 75B)
Class org.gradle.internal.service.ServiceLocator                                      : loaded 2 times (x 66B)
Class [Lorg.objectweb.asm.Type;                                                       : loaded 2 times (x 65B)
Class android.databinding.tool.reflection.ModelAnalyzer$liveDataType$2                : loaded 2 times (x 75B)
Class com.google.common.reflect.Types$JavaVersion$3                                   : loaded 2 times (x 79B)
Class com.google.common.collect.ImmutableSetMultimap                                  : loaded 2 times (x 176B)
Class com.google.common.io.CharSink                                                   : loaded 2 times (x 75B)
Class org.objectweb.asm.Label                                                         : loaded 2 times (x 69B)
Class org.objectweb.asm.CurrentFrame                                                  : loaded 2 times (x 69B)
Class org.objectweb.asm.ClassTooLargeException                                        : loaded 2 times (x 79B)
Class com.google.common.base.CharMatcher                                              : loaded 2 times (x 107B)
Class android.databinding.tool.writer.LayoutBinderWriter$executePendingBindings$1     : loaded 2 times (x 75B)
Class android.databinding.tool.writer.LayoutBinderWriter$declareInvalidateAll$1       : loaded 2 times (x 75B)
Class android.databinding.tool.store.BindingAdapterStore$merge$$inlined$merge$1       : loaded 2 times (x 73B)
Class android.databinding.tool.expr.MethodReferenceExpr                               : loaded 2 times (x 147B)
Class com.google.common.base.MoreObjects                                              : loaded 2 times (x 67B)
Class android.databinding.tool.reflection.ModelMethod                                 : loaded 2 times (x 85B)
Class com.google.common.reflect.TypeResolver$TypeVariableKey                          : loaded 2 times (x 68B)
Class android.databinding.tool.store.SetterStore$AdapterSetter                        : loaded 2 times (x 86B)
Class android.databinding.tool.reflection.ModelAnalyzer$objectType$2                  : loaded 2 times (x 75B)
Class android.databinding.tool.store.BindingAdapterStore$merge$$inlined$merge$3$1     : loaded 2 times (x 73B)
Class android.databinding.tool.reflection.annotation.AnnotationClass$javaCodeRepresentation$2: loaded 2 times (x 75B)
Class com.google.common.cache.CacheLoader$FunctionToCacheLoader                       : loaded 2 times (x 71B)
Class com.google.common.reflect.Types$JavaVersion$4                                   : loaded 2 times (x 79B)
Class com.google.common.io.ByteSource$AsCharSource                                    : loaded 2 times (x 82B)
Class com.google.common.collect.MapMakerInternalMap$InternalEntryHelper               : loaded 2 times (x 66B)
Class com.google.common.collect.Maps$IteratorBasedAbstractMap                         : loaded 2 times (x 121B)
Class com.google.common.collect.RangeGwtSerializationDependencies                     : loaded 2 times (x 67B)
Class org.objectweb.asm.Frame                                                         : loaded 2 times (x 69B)
Class org.objectweb.asm.MethodVisitor                                                 : loaded 2 times (x 101B)
Class com.google.common.cache.LocalCache$EntryFactory$1                               : loaded 2 times (x 79B)
Class [Lcom.google.common.cache.RemovalListener;                                      : loaded 2 times (x 65B)
Class com.google.common.base.CharMatcher$1                                            : loaded 2 times (x 109B)
Class com.google.common.base.CharMatcher$NamedFastMatcher                             : loaded 2 times (x 108B)
Class android.databinding.tool.writer.LayoutBinderWriter$declareListenerImpls$1       : loaded 2 times (x 75B)
Class android.databinding.tool.writer.LayoutBinderWriter$declareIncludeViews$1$1      : loaded 2 times (x 75B)
Class android.databinding.tool.reflection.annotation.AnnotationClass$isGeneric$2      : loaded 2 times (x 75B)
Class com.google.common.collect.ImmutableRangeSet$AsSet                               : loaded 2 times (x 295B)
Class com.google.common.collect.Maps$IteratorBasedAbstractMap$1                       : loaded 2 times (x 134B)
Class com.google.common.reflect.Types$ParameterizedTypeImpl                           : loaded 2 times (x 77B)
Class android.databinding.tool.store.SetterStore$SetterCall                           : loaded 2 times (x 86B)
Class android.databinding.parser.BindingExpressionParser$ComparisonOpContext          : loaded 2 times (x 130B)
Class android.databinding.tool.writer.LayoutBinderWriterKt$fieldName$8                : loaded 2 times (x 74B)
Class android.databinding.tool.writer.LayoutBinderWriter$declareVariables$1           : loaded 2 times (x 75B)
Class android.databinding.annotationprocessor.ProcessExpressionsFromV1Compat$Companion: loaded 2 times (x 67B)
Class android.databinding.tool.writer.BindingMapperWriterV2$createLocalizedLayoutIds$1$2: loaded 2 times (x 75B)
Class org.gradle.internal.classpath.TransformedClassPath                              : loaded 2 times (x 92B)
Class com.google.common.cache.CacheBuilder$NullListener                               : loaded 2 times (x 78B)
Class com.google.common.reflect.Types$JavaVersion$5                                   : loaded 2 times (x 67B)
Class [Lcom.google.common.reflect.Types$ClassOwnership;                               : loaded 2 times (x 65B)
Class com.google.common.collect.RangeSet                                              : loaded 2 times (x 66B)
Class com.google.common.cache.LocalCache$EntryFactory$2                               : loaded 2 times (x 79B)
Class org.objectweb.asm.FieldWriter                                                   : loaded 2 times (x 74B)
Class org.apache.http.HttpMessage                                                     : loaded 2 times (x 66B)
Class android.databinding.tool.reflection.annotation.AnnotationClass$computedCanonicalName$2: loaded 2 times (x 75B)
Class android.databinding.tool.reflection.ModelClass$isObject$2                       : loaded 2 times (x 75B)
Class com.google.common.collect.MapMaker$Dummy                                        : loaded 2 times (x 75B)
Class com.google.common.reflect.Invokable                                             : loaded 2 times (x 99B)
Class kotlin.text.StringsKt__StringsKt$rangesDelimitedBy$1                            : loaded 2 times (x 75B)
Class android.databinding.tool.reflection.ModelAnalyzer$viewStubProxyType$2           : loaded 2 times (x 75B)
Class android.databinding.parser.BindingExpressionParser$BracketOpContext             : loaded 2 times (x 130B)
Class android.databinding.tool.writer.BindingMapperWriterV2$generateInnerBrLookup$1$1 : loaded 2 times (x 75B)
Class com.google.common.base.Splitter$1                                               : loaded 2 times (x 73B)
Class com.google.common.cache.LocalCache$Strength$3                                   : loaded 2 times (x 77B)
Class com.google.common.collect.Interner                                              : loaded 2 times (x 66B)
Class android.databinding.tool.store.SetterStore                                      : loaded 2 times (x 85B)
Class com.google.common.collect.Interners$InternerImpl                                : loaded 2 times (x 71B)
Class com.google.common.io.ByteStreams                                                : loaded 2 times (x 67B)
Class [Lcom.google.common.collect.Maps$EntryFunction;                                 : loaded 2 times (x 65B)
Class android.databinding.tool.store.SetterStore$ModelMethodSetter                    : loaded 2 times (x 86B)
Class [Landroid.databinding.tool.processing.scopes.LocationScopeProvider;             : loaded 2 times (x 65B)
Class com.google.common.collect.CollectCollectors                                     : loaded 2 times (x 67B)
Class org.objectweb.asm.ModuleWriter                                                  : loaded 2 times (x 78B)
Class com.google.common.cache.LocalCache$EntryFactory$3                               : loaded 2 times (x 79B)
Class com.google.common.base.Ticker$1                                                 : loaded 2 times (x 68B)
Class android.databinding.annotationprocessor.BindableBag$BRMapping                   : loaded 2 times (x 68B)
Class android.databinding.tool.writer.LayoutBinderWriter$declareHasPendingBindings$1$1$1: loaded 2 times (x 75B)
Class com.google.common.cache.LocalCache$Strength$2                                   : loaded 2 times (x 77B)
Class com.google.common.util.concurrent.SettableFuture                                : loaded 2 times (x 110B)
Class com.google.common.reflect.Types$ClassOwnership$3                                : loaded 2 times (x 67B)
Class android.databinding.tool.LayoutBinder$1                                         : loaded 2 times (x 87B)
Class android.databinding.tool.store.BindingAdapterStore                              : loaded 2 times (x 71B)
Class android.databinding.tool.reflection.ModelAnalyzer$appCompatResourcesType$2      : loaded 2 times (x 75B)
Class android.databinding.tool.writer.LayoutBinderWriterKt$fieldName$5                : loaded 2 times (x 74B)
Class android.databinding.tool.writer.LayoutBinderWriter$declareBoundValues$1         : loaded 2 times (x 75B)
Class com.google.common.cache.LocalCache$Strength$1                                   : loaded 2 times (x 77B)
Class org.objectweb.asm.ModuleVisitor                                                 : loaded 2 times (x 77B)
Class com.google.common.collect.SetMultimap                                           : loaded 2 times (x 66B)
Class com.google.common.cache.LocalCache$EntryFactory$4                               : loaded 2 times (x 79B)
Class com.google.common.collect.ImmutableSet$Builder                                  : loaded 2 times (x 81B)
Class com.google.common.base.CharMatcher$InRange                                      : loaded 2 times (x 107B)
Class com.google.common.collect.MapMakerInternalMap$StrongValueEntry                  : loaded 2 times (x 66B)
Class com.google.common.io.ByteArrayDataInput                                         : loaded 2 times (x 66B)
Class com.google.common.reflect.TypeResolver                                          : loaded 2 times (x 68B)
Class com.google.common.reflect.Types$ClassOwnership$2                                : loaded 2 times (x 76B)
Class android.databinding.annotationprocessor.ProcessDataBinding$Callback             : loaded 2 times (x 66B)
Class android.databinding.annotationprocessor.BindableBag$Companion                   : loaded 2 times (x 67B)
Class org.gradle.internal.service.UnknownServiceException                             : loaded 2 times (x 79B)
Class com.google.common.base.AbstractIterator$State                                   : loaded 2 times (x 75B)
Class com.google.common.cache.LocalCache$LocalLoadingCache                            : loaded 2 times (x 130B)
Class com.google.common.util.concurrent.AbstractFuture$SafeAtomicHelper               : loaded 2 times (x 75B)
Class com.google.common.collect.MapMakerInternalMap$Strength$2                        : loaded 2 times (x 76B)
Class android.databinding.tool.reflection.annotation.AnnotationLogger                 : loaded 2 times (x 73B)
Class com.google.common.io.ByteStreams$1                                              : loaded 2 times (x 81B)
Class com.google.common.cache.LocalCache$EntryFactory$5                               : loaded 2 times (x 79B)
Class android.databinding.tool.writer.LayoutBinderWriter$declareInvalidateAll$1$1     : loaded 2 times (x 75B)
Class android.databinding.tool.writer.LayoutBinderWriter$declareListeners$1           : loaded 2 times (x 75B)
Class [Lorg.objectweb.asm.AnnotationVisitor;                                          : loaded 2 times (x 65B)
Class com.google.common.reflect.Types$ClassOwnership$1                                : loaded 2 times (x 76B)
Class android.databinding.tool.reflection.ModelAnalyzer$stateFlowType$2               : loaded 2 times (x 75B)
Class android.databinding.tool.reflection.InjectedField                               : loaded 2 times (x 74B)
Class android.databinding.tool.expr.BitShiftExpr                                      : loaded 2 times (x 147B)
Class android.databinding.tool.writer.LayoutBinderWriterKt                            : loaded 2 times (x 67B)
Class org.gradle.api.internal.ClassPathProvider                                       : loaded 2 times (x 66B)
Class android.databinding.annotationprocessor.ProcessExpressionsFromV1Compat          : loaded 2 times (x 68B)
Class [Lorg.gradle.api.internal.ClassPathProvider;                                    : loaded 2 times (x 65B)
Class org.apache.http.HttpEntityEnclosingRequest                                      : loaded 2 times (x 66B)
Class com.google.common.collect.MapMakerInternalMap$Strength$1                        : loaded 2 times (x 76B)
Class com.google.common.cache.LocalCache$EntryFactory$6                               : loaded 2 times (x 79B)
Class org.gradle.internal.installation.CurrentGradleInstallationLocator               : loaded 2 times (x 67B)
Class [Lcom.google.common.base.Function;                                              : loaded 2 times (x 65B)
Class android.databinding.parser.BindingExpressionParser$MathOpContext                : loaded 2 times (x 130B)
Class android.databinding.tool.expr.ViewFieldExpr                                     : loaded 2 times (x 150B)
Class android.databinding.tool.reflection.ModelClass$simpleName$2                     : loaded 2 times (x 75B)
Class android.databinding.annotationprocessor.ProcessDataBinding$ProcessingStep       : loaded 2 times (x 71B)
Class android.databinding.tool.reflection.ModelAnalyzer$dataBindingKtxClass$2         : loaded 2 times (x 75B)
Class android.databinding.annotationprocessor.AnnotationUtil                          : loaded 2 times (x 67B)
Class android.databinding.tool.writer.LayoutBinderWriterKt$fieldName$2                : loaded 2 times (x 74B)
Class android.databinding.tool.writer.LayoutBinderWriterKt$shouldReadFlagSet$2        : loaded 2 times (x 74B)
Class org.gradle.api.internal.DefaultClassPathProvider                                : loaded 2 times (x 72B)
Class com.google.common.base.Splitter                                                 : loaded 2 times (x 68B)
Class org.objectweb.asm.AnnotationVisitor                                             : loaded 2 times (x 74B)
Class com.google.common.collect.Iterators$EmptyModifiableIterator                     : loaded 2 times (x 82B)
Class android.databinding.tool.reflection.ModelAnalyzer$stringType$2                  : loaded 2 times (x 75B)
Class com.google.common.io.ByteSource$SlicedByteSource                                : loaded 2 times (x 81B)
Class com.google.common.cache.LocalCache$EntryFactory$7                               : loaded 2 times (x 79B)
Class com.google.common.collect.ImmutableSet$EmptySetBuilderImpl                      : loaded 2 times (x 72B)
Class org.gradle.internal.service.DefaultServiceLocator                               : loaded 2 times (x 79B)
Class android.databinding.tool.writer.MergedBindingMapperWriter                       : loaded 2 times (x 68B)
Class android.databinding.tool.writer.BindingMapperWriterV2$Companion                 : loaded 2 times (x 67B)
Class android.databinding.tool.reflection.InjectedClass                               : loaded 2 times (x 101B)
Class android.databinding.tool.writer.LayoutBinderWriterKt$executePendingLocalName$2  : loaded 2 times (x 74B)
Class settings_86a18iqo7bwxa6m486lwzx3zp$_run_closure1$_closure2                      : loaded 2 times (x 135B)
Class android.databinding.tool.reflection.ModelClass$isMap$2                          : loaded 2 times (x 75B)
Class build_8h13iasa0gvnh1izib3gk8bla$_run_closure1                                   : loaded 2 times (x 135B)
Class com.google.common.collect.ImmutableRangeSet                                     : loaded 2 times (x 111B)
Class android.databinding.tool.expr.Expr                                              : loaded 2 times (x 144B)
Class android.databinding.tool.reflection.ModelClass$minApi$2                         : loaded 2 times (x 75B)
Class android.databinding.tool.writer.LayoutBinderWriter$declareHasPendingBindings$1  : loaded 2 times (x 75B)
Class android.databinding.tool.writer.LayoutBinderWriter$declareSetVariable$1$1       : loaded 2 times (x 75B)
Class kotlin.jvm.internal.ArrayLongIterator                                           : loaded 2 times (x 79B)
Class com.google.common.collect.Maps$EntrySet                                         : loaded 2 times (x 132B)
Class com.google.common.cache.LocalCache$EntryFactory$8                               : loaded 2 times (x 79B)
Class com.google.common.collect.ImmutableSet$SetBuilderImpl                           : loaded 2 times (x 72B)
Class org.gradle.internal.installation.CurrentGradleInstallation                      : loaded 2 times (x 69B)
Class org.gradle.api.internal.classpath.EffectiveClassPath                            : loaded 2 times (x 86B)
Class android.databinding.tool.Context                                                : loaded 2 times (x 67B)
Class android.databinding.tool.reflection.ModelClass$isMutableStateFlow$2             : loaded 2 times (x 75B)
Class android.databinding.tool.reflection.ModelClass$isString$2                       : loaded 2 times (x 75B)
Class android.databinding.tool.expr.TernaryExpr                                       : loaded 2 times (x 147B)
Class android.databinding.tool.writer.FlagSet                                         : loaded 2 times (x 78B)
Class android.databinding.tool.store.BindingAdapterStore$merge$$inlined$merge$1$1     : loaded 2 times (x 73B)
Class org.gradle.internal.classloader.ClassLoaderVisitor                              : loaded 2 times (x 72B)
Class com.google.common.base.CharMatcher$None                                         : loaded 2 times (x 108B)
Class org.apache.http.client.methods.HttpUriRequest                                   : loaded 2 times (x 66B)
Class com.google.common.io.ByteSource$ConcatenatedByteSource                          : loaded 2 times (x 81B)
Class org.apache.http.HttpEntity                                                      : loaded 2 times (x 66B)
Class org.apache.http.HttpRequest                                                     : loaded 2 times (x 66B)
Class com.google.common.cache.CacheLoader$1                                           : loaded 2 times (x 71B)
Class org.gradle.util.internal.GUtil                                                  : loaded 2 times (x 67B)
Class android.databinding.tool.writer.LayoutBinderWriter$declareSetLifecycleOwnerOverride$1: loaded 2 times (x 75B)
Class [Landroid.databinding.tool.reflection.ModelClass;                               : loaded 2 times (x 65B)
Class [Landroid.databinding.tool.util.GenerationalClassUtil$ExtensionFilter;          : loaded 2 times (x 65B)
Class [Landroid.databinding.tool.store.SetterStore$MethodDescription;                 : loaded 2 times (x 65B)
Class android.databinding.annotationprocessor.BindableBag$PackageProps                : loaded 2 times (x 68B)
Class org.gradle.internal.classloader.DefaultClassLoaderFactory                       : loaded 2 times (x 78B)
Class com.google.common.base.Suppliers                                                : loaded 2 times (x 67B)
Class [Lcom.google.common.cache.CacheBuilder$OneWeigher;                              : loaded 2 times (x 65B)
Class org.objectweb.asm.MethodTooLargeException                                       : loaded 2 times (x 79B)
Class android.databinding.tool.expr.ResourceExpr                                      : loaded 2 times (x 145B)
Class com.google.common.collect.MapMakerInternalMap$Strength                          : loaded 2 times (x 76B)
Class com.google.common.collect.MapMakerInternalMap$StrongKeyDummyValueEntry$LinkedStrongKeyDummyValueEntry: loaded 2 times (x 78B)
Class android.databinding.tool.writer.ComponentWriter                                 : loaded 2 times (x 69B)
Class build_1tgm06eutuwvundnxlcrvt6x9$_run_closure1                                   : loaded 2 times (x 135B)
Class com.google.common.io.ByteSource                                                 : loaded 2 times (x 80B)
Class com.google.common.util.concurrent.AbstractFuture$SetFuture                      : loaded 2 times (x 71B)
Class com.google.common.cache.AbstractCache$StatsCounter                              : loaded 2 times (x 66B)
Class settings_86a18iqo7bwxa6m486lwzx3zp$_run_closure1$_closure2$_closure4            : loaded 2 times (x 135B)
Class org.objectweb.asm.ClassVisitor                                                  : loaded 2 times (x 84B)
Class [Lorg.objectweb.asm.Symbol;                                                     : loaded 2 times (x 65B)
Class com.google.common.collect.TransformedListIterator                               : loaded 2 times (x 89B)
Class com.google.common.cache.LocalCache$Values                                       : loaded 2 times (x 114B)
Class com.google.common.reflect.TypeCapture                                           : loaded 2 times (x 67B)
Class android.databinding.tool.util.SymbolTableUtil                                   : loaded 2 times (x 67B)
Class android.databinding.tool.writer.LayoutBinderWriterKt$listenerClassName$2        : loaded 2 times (x 74B)
Class settings_86a18iqo7bwxa6m486lwzx3zp$_run_closure1$_closure2$_closure3            : loaded 2 times (x 135B)
Class com.google.common.io.ByteArrayDataOutput                                        : loaded 2 times (x 66B)
Class android.databinding.tool.reflection.ModelAnalyzer$listTypes$2                   : loaded 2 times (x 75B)
Class android.databinding.tool.store.SetterStore$BindingSetterCall                    : loaded 2 times (x 66B)
Class android.databinding.tool.expr.UnaryExpr                                         : loaded 2 times (x 146B)
Class android.databinding.annotationprocessor.ProcessBindable                         : loaded 2 times (x 75B)
Class com.google.common.reflect.Types$TypeVariableImpl                                : loaded 2 times (x 68B)
Class com.google.common.collect.MapMakerInternalMap$1                                 : loaded 2 times (x 79B)
Class com.google.common.collect.RegularImmutableSet                                   : loaded 2 times (x 144B)
Class org.gradle.internal.installation.GradleInstallation                             : loaded 2 times (x 71B)
Class org.gradle.api.internal.classpath.ManifestUtil                                  : loaded 2 times (x 67B)
Class com.google.common.util.concurrent.ExecutionError                                : loaded 2 times (x 78B)
Class android.databinding.tool.expr.CallbackExprModel                                 : loaded 2 times (x 128B)
Class com.google.common.collect.AbstractMapBasedMultimap$WrappedCollection            : loaded 2 times (x 120B)
Class com.google.common.collect.ImmutableBiMap$SerializedForm                         : loaded 2 times (x 71B)
Class [Lcom.google.common.cache.RemovalCause;                                         : loaded 2 times (x 65B)
Class android.databinding.tool.CompilerChef$BindableHolder                            : loaded 2 times (x 66B)
Class android.databinding.parser.BindingExpressionParser$StringLiteralContext         : loaded 2 times (x 129B)
Class com.google.auto.common.MoreTypes$DeclaredTypeVisitor                            : loaded 2 times (x 98B)
Class android.databinding.tool.writer.LayoutBinderWriter$callbacks$2                  : loaded 2 times (x 75B)
Class org.gradle.internal.classloader.ClassLoaderHierarchy                            : loaded 2 times (x 66B)
Class com.google.common.base.CharMatcher$IsEither                                     : loaded 2 times (x 107B)
Class [Lcom.google.common.base.AbstractIterator$State;                                : loaded 2 times (x 65B)
Class com.google.common.collect.Iterables                                             : loaded 2 times (x 67B)
Class com.google.common.base.Splitter$Strategy                                        : loaded 2 times (x 66B)
Class android.databinding.tool.writer.LayoutBinderWriter$declareConstructor$1         : loaded 2 times (x 75B)
Class com.google.common.io.FileWriteMode                                              : loaded 2 times (x 75B)
Class android.databinding.parser.BindingExpressionParser$RootExprContext              : loaded 2 times (x 130B)
Class [Lcom.google.common.collect.MapMakerInternalMap$Segment;                        : loaded 2 times (x 65B)
Class com.google.common.cache.LocalCache$ValueIterator                                : loaded 2 times (x 82B)
Class android.databinding.tool.reflection.ModelClass$isStateFlow$2                    : loaded 2 times (x 75B)
Class android.databinding.parser.BindingExpressionBaseVisitor                         : loaded 2 times (x 164B)
Class org.gradle.internal.classloader.FilteringClassLoader                            : loaded 2 times (x 101B)
Class com.google.common.base.Equivalence$Identity                                     : loaded 2 times (x 78B)
Class com.google.common.base.PairwiseEquivalence                                      : loaded 2 times (x 79B)
Class android.databinding.tool.reflection.ModelClass$abstractMethods$2                : loaded 2 times (x 75B)
Class android.databinding.tool.util.GenerationalClassUtil$Companion                   : loaded 2 times (x 67B)
Class android.databinding.parser.BindingExpressionParser$BitShiftOpContext            : loaded 2 times (x 130B)
Class android.databinding.tool.writer.LayoutBinderWriter$variableSettersAndGetters$1  : loaded 2 times (x 75B)
Class com.google.common.collect.Lists$RandomAccessReverseList                         : loaded 2 times (x 196B)

---------------  S Y S T E M  ---------------

OS:
 Windows 11 , 64 bit Build 22621 (10.0.22621.5160)
OS uptime: 2 days 5:44 hours
Hyper-V role detected

CPU: total 4 (initial active 4) (2 cores per cpu, 2 threads per core) family 6 model 140 stepping 1 microcode 0x9a, cx8, cmov, fxsr, ht, mmx, 3dnowpref, sse, sse2, sse3, ssse3, sse4.1, sse4.2, popcnt, lzcnt, tsc, tscinvbit, avx, avx2, aes, erms, clmul, bmi1, bmi2, adx, avx512f, avx512dq, avx512cd, avx512bw, avx512vl, sha, fma, vzeroupper, avx512_vpopcntdq, avx512_vpclmulqdq, avx512_vaes, avx512_vnni, clflush, clflushopt, clwb, avx512_vbmi2, avx512_vbmi, hv, rdtscp, rdpid, fsrm, gfni, avx512_bitalg, f16c, cet_ibt, cet_ss, avx512_ifma
Processor Information for all 4 processors :
  Max Mhz: 2995, Current Mhz: 2995, Mhz Limit: 2995

Memory: 4k page, system-wide physical 7991M (381M free)
TotalPageFile size 24616M (AvailPageFile size 293M)
current process WorkingSet (physical memory assigned to process): 495M, peak: 1298M
current process commit charge ("private bytes"): 1598M, peak: 1995M

vm_info: OpenJDK 64-Bit Server VM (21.0.5+-13047016-b750.29) for windows-amd64 JRE (21.0.5+-13047016-b750.29), built on 2025-02-11T21:12:39Z by "builder" with MS VC++ 16.10 / 16.11 (VS2019)

END.
