#
# There is insufficient memory for the Java Runtime Environment to continue.
# Native memory allocation (mmap) failed to map 3833856 bytes. Error detail: G1 virtual space
# Possible reasons:
#   The system is out of physical RAM or swap space
#   This process is running with CompressedOops enabled, and the Java Heap may be blocking the growth of the native heap
# Possible solutions:
#   Reduce memory load on the system
#   Increase physical memory or swap space
#   Check if swap backing store is full
#   Decrease Java heap size (-Xmx/-Xms)
#   Decrease number of Java threads
#   Decrease Java thread stack sizes (-Xss)
#   Set larger code cache with -XX:ReservedCodeCacheSize=
#   JVM is running with Unscaled Compressed Oops mode in which the Java heap is
#     placed in the first 4GB address space. The Java Heap base address is the
#     maximum limit for the native heap growth. Please use -XX:HeapBaseMinAddress
#     to set the Java Heap base and to place the Java Heap above 4GB virtual address.
# This output file may be truncated or incomplete.
#
#  Out of Memory Error (os_windows.cpp:3828), pid=9896, tid=7464
#
# JRE version: OpenJDK Runtime Environment (21.0.5) (build 21.0.5+-13047016-b750.29)
# Java VM: OpenJDK 64-Bit Server VM (21.0.5+-13047016-b750.29, mixed mode, tiered, compressed oops, compressed class ptrs, g1 gc, windows-amd64)
# No core dump will be written. Minidumps are not enabled by default on client versions of Windows
#

---------------  S U M M A R Y ------------

Command Line: --add-opens=java.base/java.util=ALL-UNNAMED --add-opens=java.base/java.lang=ALL-UNNAMED --add-opens=java.base/java.lang.invoke=ALL-UNNAMED --add-opens=java.prefs/java.util.prefs=ALL-UNNAMED --add-opens=java.base/java.nio.charset=ALL-UNNAMED --add-opens=java.base/java.net=ALL-UNNAMED --add-opens=java.base/java.util.concurrent.atomic=ALL-UNNAMED -Xmx2048m -Dfile.encoding=UTF-8 -Duser.country=US -Duser.language=en -Duser.variant -javaagent:C:\Users\yashw\.gradle\wrapper\dists\gradle-8.4-bin\1w5dpkrfk8irigvoxmyhowfim\gradle-8.4\lib\agents\gradle-instrumentation-agent-8.4.jar org.gradle.launcher.daemon.bootstrap.GradleDaemon 8.4

Host: 11th Gen Intel(R) Core(TM) i3-1115G4 @ 3.00GHz, 4 cores, 7G,  Windows 11 , 64 bit Build 22621 (10.0.22621.5160)
Time: Wed Apr  9 01:50:36 2025 India Standard Time elapsed time: 86.812549 seconds (0d 0h 1m 26s)

---------------  T H R E A D  ---------------

Current thread (0x0000028dfe359020):  VMThread "VM Thread"          [id=7464, stack(0x000000cfdeb00000,0x000000cfdec00000) (1024K)]

Stack: [0x000000cfdeb00000,0x000000cfdec00000]
Native frames: (J=compiled Java code, j=interpreted, Vv=VM code, C=native code)
V  [jvm.dll+0x6cfb29]
V  [jvm.dll+0x85df93]
V  [jvm.dll+0x8604ee]
V  [jvm.dll+0x860bd3]
V  [jvm.dll+0x27e6b6]
V  [jvm.dll+0x6cc385]
V  [jvm.dll+0x6c078a]
V  [jvm.dll+0x35525b]
V  [jvm.dll+0x35ceb6]
V  [jvm.dll+0x3aedeb]
V  [jvm.dll+0x3af0a8]
V  [jvm.dll+0x32792c]
V  [jvm.dll+0x3279b7]
V  [jvm.dll+0x36d80c]
V  [jvm.dll+0x36bfbe]
V  [jvm.dll+0x327081]
V  [jvm.dll+0x36b6d0]
V  [jvm.dll+0x866958]
V  [jvm.dll+0x867cd4]
V  [jvm.dll+0x868210]
V  [jvm.dll+0x8684a3]
V  [jvm.dll+0x806368]
V  [jvm.dll+0x6ce3fd]
C  [ucrtbase.dll+0x29333]
C  [KERNEL32.DLL+0x1259d]
C  [ntdll.dll+0x5af58]

VM_Operation (0x000000cfe2afc810): G1CollectForAllocation, mode: safepoint, requested by thread 0x0000028d972bdb30


---------------  P R O C E S S  ---------------

Threads class SMR info:
_java_thread_list=0x0000028d98cbd510, length=98, elements={
0x0000028df4310b50, 0x0000028dfe52e590, 0x0000028dfe5303b0, 0x0000028dfe543ae0,
0x0000028dfe547550, 0x0000028dfe5480d0, 0x0000028dfe551140, 0x0000028dfe55cd90,
0x0000028dfe551cc0, 0x0000028dfe65a230, 0x0000028dfe850240, 0x0000028d941fe900,
0x0000028d938aa600, 0x0000028d93588870, 0x0000028d9419bc00, 0x0000028d939c3230,
0x0000028d94520ee0, 0x0000028d94521540, 0x0000028d93ba7090, 0x0000028d93936150,
0x0000028d93934080, 0x0000028d93937500, 0x0000028d939367e0, 0x0000028d93934da0,
0x0000028d93936e70, 0x0000028d93935430, 0x0000028d96ad0140, 0x0000028d96ad07d0,
0x0000028d96acf420, 0x0000028d96ad0e60, 0x0000028d96ad14f0, 0x0000028d96acfab0,
0x0000028d96ad2210, 0x0000028d9675f0a0, 0x0000028d96761170, 0x0000028d9675fdc0,
0x0000028d9675e380, 0x0000028d9675c2b0, 0x0000028d96761800, 0x0000028d9675cfd0,
0x0000028d96760450, 0x0000028d96762520, 0x0000028d96762bb0, 0x0000028d9d77f960,
0x0000028d9d77b7c0, 0x0000028d9d77be50, 0x0000028d9d77d890, 0x0000028d9d77e5b0,
0x0000028d972c0fb0, 0x0000028d972c4430, 0x0000028d972c3080, 0x0000028d972c2360,
0x0000028d972c1cd0, 0x0000028d972c3da0, 0x0000028d9743d920, 0x0000028d9743f360,
0x0000028d97439e10, 0x0000028d972c4ac0, 0x0000028d972bdb30, 0x0000028d972be1c0,
0x0000028d972bfc00, 0x0000028d9d77fff0, 0x0000028d9d780680, 0x0000028d9743bee0,
0x0000028d97440710, 0x0000028d9743d290, 0x0000028d97440080, 0x0000028d9743c570,
0x0000028d97441430, 0x0000028d9743ab30, 0x0000028d9743b1c0, 0x0000028d9743cc00,
0x0000028d9743dfb0, 0x0000028d972c1640, 0x0000028d972c29f0, 0x0000028d972c3710,
0x0000028d972bd4a0, 0x0000028d933683e0, 0x0000028d93367d50, 0x0000028d93369e20,
0x0000028d933669a0, 0x0000028d9336ab40, 0x0000028d974ad450, 0x0000028d974b2310,
0x0000028d974b36c0, 0x0000028d974b3030, 0x0000028d974aee90, 0x0000028d974af520,
0x0000028d974b3d50, 0x0000028d974afbb0, 0x0000028d974b15f0, 0x0000028d974b0240,
0x0000028d973fe6b0, 0x0000028d973fbf50, 0x0000028d97c001f0, 0x0000028d97c02950,
0x0000028d93368a70, 0x0000028dfed0fd70
}

Java Threads: ( => current thread )
  0x0000028df4310b50 JavaThread "main"                              [_thread_blocked, id=14428, stack(0x000000cfde400000,0x000000cfde500000) (1024K)]
  0x0000028dfe52e590 JavaThread "Reference Handler"          daemon [_thread_blocked, id=28796, stack(0x000000cfdec00000,0x000000cfded00000) (1024K)]
  0x0000028dfe5303b0 JavaThread "Finalizer"                  daemon [_thread_blocked, id=27448, stack(0x000000cfded00000,0x000000cfdee00000) (1024K)]
  0x0000028dfe543ae0 JavaThread "Signal Dispatcher"          daemon [_thread_blocked, id=21076, stack(0x000000cfdee00000,0x000000cfdef00000) (1024K)]
  0x0000028dfe547550 JavaThread "Attach Listener"            daemon [_thread_blocked, id=30536, stack(0x000000cfdef00000,0x000000cfdf000000) (1024K)]
  0x0000028dfe5480d0 JavaThread "Service Thread"             daemon [_thread_blocked, id=12836, stack(0x000000cfdf000000,0x000000cfdf100000) (1024K)]
  0x0000028dfe551140 JavaThread "Monitor Deflation Thread"   daemon [_thread_blocked, id=14568, stack(0x000000cfdf100000,0x000000cfdf200000) (1024K)]
  0x0000028dfe55cd90 JavaThread "C2 CompilerThread0"         daemon [_thread_blocked, id=13160, stack(0x000000cfdf200000,0x000000cfdf300000) (1024K)]
  0x0000028dfe551cc0 JavaThread "C1 CompilerThread0"         daemon [_thread_blocked, id=16320, stack(0x000000cfdf300000,0x000000cfdf400000) (1024K)]
  0x0000028dfe65a230 JavaThread "Common-Cleaner"             daemon [_thread_blocked, id=25624, stack(0x000000cfdf400000,0x000000cfdf500000) (1024K)]
  0x0000028dfe850240 JavaThread "Notification Thread"        daemon [_thread_blocked, id=20044, stack(0x000000cfdf500000,0x000000cfdf600000) (1024K)]
  0x0000028d941fe900 JavaThread "Daemon health stats"               [_thread_blocked, id=24336, stack(0x000000cfdfa00000,0x000000cfdfb00000) (1024K)]
  0x0000028d938aa600 JavaThread "Incoming local TCP Connector on port 49337"        [_thread_in_native, id=12488, stack(0x000000cfdfb00000,0x000000cfdfc00000) (1024K)]
  0x0000028d93588870 JavaThread "Daemon periodic checks"            [_thread_blocked, id=7028, stack(0x000000cfdfc00000,0x000000cfdfd00000) (1024K)]
  0x0000028d9419bc00 JavaThread "Daemon"                            [_thread_blocked, id=20436, stack(0x000000cfdfd00000,0x000000cfdfe00000) (1024K)]
  0x0000028d939c3230 JavaThread "Handler for socket connection from /127.0.0.1:49337 to /127.0.0.1:49338"        [_thread_in_native, id=13592, stack(0x000000cfdfe00000,0x000000cfdff00000) (1024K)]
  0x0000028d94520ee0 JavaThread "Cancel handler"                    [_thread_blocked, id=29052, stack(0x000000cfdff00000,0x000000cfe0000000) (1024K)]
  0x0000028d94521540 JavaThread "Daemon worker"                     [_thread_blocked, id=20968, stack(0x000000cfe0000000,0x000000cfe0100000) (1024K)]
  0x0000028d93ba7090 JavaThread "Asynchronous log dispatcher for DefaultDaemonConnection: socket connection from /127.0.0.1:49337 to /127.0.0.1:49338"        [_thread_blocked, id=27368, stack(0x000000cfe0100000,0x000000cfe0200000) (1024K)]
  0x0000028d93936150 JavaThread "Daemon client event forwarder"        [_thread_blocked, id=14068, stack(0x000000cfe0300000,0x000000cfe0400000) (1024K)]
  0x0000028d93934080 JavaThread "Cache worker for journal cache (C:\Users\yashw\.gradle\caches\journal-1)"        [_thread_blocked, id=23820, stack(0x000000cfe0400000,0x000000cfe0500000) (1024K)]
  0x0000028d93937500 JavaThread "File lock request listener"        [_thread_in_native, id=5768, stack(0x000000cfe0500000,0x000000cfe0600000) (1024K)]
  0x0000028d939367e0 JavaThread "Cache worker for file hash cache (C:\Users\yashw\.gradle\caches\8.4\fileHashes)"        [_thread_blocked, id=11436, stack(0x000000cfe0600000,0x000000cfe0700000) (1024K)]
  0x0000028d93934da0 JavaThread "File watcher server"        daemon [_thread_blocked, id=8524, stack(0x000000cfe0700000,0x000000cfe0800000) (1024K)]
  0x0000028d93936e70 JavaThread "File watcher consumer"      daemon [_thread_blocked, id=7540, stack(0x000000cfe0800000,0x000000cfe0900000) (1024K)]
  0x0000028d93935430 JavaThread "Cache worker for checksums cache (D:\School-MobileApp\.gradle\8.4\checksums)"        [_thread_blocked, id=15332, stack(0x000000cfe0900000,0x000000cfe0a00000) (1024K)]
  0x0000028d96ad0140 JavaThread "Cache worker for file hash cache (D:\School-MobileApp\.gradle\8.4\fileHashes)"        [_thread_blocked, id=10752, stack(0x000000cfe0a00000,0x000000cfe0b00000) (1024K)]
  0x0000028d96ad07d0 JavaThread "Cache worker for cache directory md-supplier (C:\Users\yashw\.gradle\caches\8.4\md-supplier)"        [_thread_blocked, id=15592, stack(0x000000cfe0b00000,0x000000cfe0c00000) (1024K)]
  0x0000028d96acf420 JavaThread "Cache worker for file content cache (C:\Users\yashw\.gradle\caches\8.4\fileContent)"        [_thread_blocked, id=22260, stack(0x000000cfe0c00000,0x000000cfe0d00000) (1024K)]
  0x0000028d96ad0e60 JavaThread "Cache worker for cache directory md-rule (C:\Users\yashw\.gradle\caches\8.4\md-rule)"        [_thread_blocked, id=10296, stack(0x000000cfe0d00000,0x000000cfe0e00000) (1024K)]
  0x0000028d96ad14f0 JavaThread "Cache worker for execution history cache (C:\Users\yashw\.gradle\caches\8.4\executionHistory)"        [_thread_blocked, id=9688, stack(0x000000cfe0e00000,0x000000cfe0f00000) (1024K)]
  0x0000028d96acfab0 JavaThread "jar transforms"                    [_thread_blocked, id=22084, stack(0x000000cfe0f00000,0x000000cfe1000000) (1024K)]
  0x0000028d96ad2210 JavaThread "jar transforms Thread 2"           [_thread_blocked, id=27252, stack(0x000000cfe1000000,0x000000cfe1100000) (1024K)]
  0x0000028d9675f0a0 JavaThread "Cache worker for dependencies-accessors (D:\School-MobileApp\.gradle\8.4\dependencies-accessors)"        [_thread_blocked, id=27864, stack(0x000000cfe1100000,0x000000cfe1200000) (1024K)]
  0x0000028d96761170 JavaThread "jar transforms Thread 3"           [_thread_blocked, id=17764, stack(0x000000cfe1200000,0x000000cfe1300000) (1024K)]
  0x0000028d9675fdc0 JavaThread "Cache worker for Build Output Cleanup Cache (D:\School-MobileApp\.gradle\buildOutputCleanup)"        [_thread_blocked, id=13364, stack(0x000000cfdf900000,0x000000cfdfa00000) (1024K)]
  0x0000028d9675e380 JavaThread "Unconstrained build operations"        [_thread_blocked, id=29796, stack(0x000000cfe1500000,0x000000cfe1600000) (1024K)]
  0x0000028d9675c2b0 JavaThread "Unconstrained build operations Thread 2"        [_thread_blocked, id=23336, stack(0x000000cfe1600000,0x000000cfe1700000) (1024K)]
  0x0000028d96761800 JavaThread "Unconstrained build operations Thread 3"        [_thread_blocked, id=944, stack(0x000000cfe1700000,0x000000cfe1800000) (1024K)]
  0x0000028d9675cfd0 JavaThread "jar transforms Thread 4"           [_thread_blocked, id=27816, stack(0x000000cfe1800000,0x000000cfe1900000) (1024K)]
  0x0000028d96760450 JavaThread "build event listener"              [_thread_blocked, id=12844, stack(0x000000cfe1900000,0x000000cfe1a00000) (1024K)]
  0x0000028d96762520 JavaThread "Memory manager"                    [_thread_blocked, id=22756, stack(0x000000cfe1a00000,0x000000cfe1b00000) (1024K)]
  0x0000028d96762bb0 JavaThread "build event listener"              [_thread_blocked, id=5004, stack(0x000000cfe1b00000,0x000000cfe1c00000) (1024K)]
  0x0000028d9d77f960 JavaThread "included builds"                   [_thread_blocked, id=20556, stack(0x000000cfe1c00000,0x000000cfe1d00000) (1024K)]
  0x0000028d9d77b7c0 JavaThread "Execution worker"                  [_thread_blocked, id=25816, stack(0x000000cfe1d00000,0x000000cfe1e00000) (1024K)]
  0x0000028d9d77be50 JavaThread "Execution worker Thread 2"         [_thread_blocked, id=16644, stack(0x000000cfe1e00000,0x000000cfe1f00000) (1024K)]
  0x0000028d9d77d890 JavaThread "Execution worker Thread 3"         [_thread_blocked, id=29104, stack(0x000000cfe1f00000,0x000000cfe2000000) (1024K)]
  0x0000028d9d77e5b0 JavaThread "Cache worker for execution history cache (D:\School-MobileApp\.gradle\8.4\executionHistory)"        [_thread_blocked, id=27768, stack(0x000000cfe2000000,0x000000cfe2100000) (1024K)]
  0x0000028d972c0fb0 JavaThread "Unconstrained build operations Thread 4"        [_thread_blocked, id=10324, stack(0x000000cfe2100000,0x000000cfe2200000) (1024K)]
  0x0000028d972c4430 JavaThread "Unconstrained build operations Thread 5"        [_thread_blocked, id=9440, stack(0x000000cfe2200000,0x000000cfe2300000) (1024K)]
  0x0000028d972c3080 JavaThread "Unconstrained build operations Thread 6"        [_thread_blocked, id=14156, stack(0x000000cfe2300000,0x000000cfe2400000) (1024K)]
  0x0000028d972c2360 JavaThread "Unconstrained build operations Thread 7"        [_thread_blocked, id=21868, stack(0x000000cfe2400000,0x000000cfe2500000) (1024K)]
  0x0000028d972c1cd0 JavaThread "Unconstrained build operations Thread 8"        [_thread_blocked, id=30436, stack(0x000000cfe2500000,0x000000cfe2600000) (1024K)]
  0x0000028d972c3da0 JavaThread "Unconstrained build operations Thread 9"        [_thread_blocked, id=13980, stack(0x000000cfe2600000,0x000000cfe2700000) (1024K)]
  0x0000028d9743d920 JavaThread "Unconstrained build operations Thread 10"        [_thread_blocked, id=16936, stack(0x000000cfe2700000,0x000000cfe2800000) (1024K)]
  0x0000028d9743f360 JavaThread "Unconstrained build operations Thread 11"        [_thread_blocked, id=21812, stack(0x000000cfe2800000,0x000000cfe2900000) (1024K)]
  0x0000028d97439e10 JavaThread "Unconstrained build operations Thread 12"        [_thread_blocked, id=27084, stack(0x000000cfe2900000,0x000000cfe2a00000) (1024K)]
  0x0000028d972c4ac0 JavaThread "WorkerExecutor Queue"              [_thread_blocked, id=14600, stack(0x000000cfe1400000,0x000000cfe1500000) (1024K)]
  0x0000028d972bdb30 JavaThread "WorkerExecutor Queue Thread 2"        [_thread_blocked, id=27800, stack(0x000000cfe2a00000,0x000000cfe2b00000) (1024K)]
  0x0000028d972be1c0 JavaThread "WorkerExecutor Queue Thread 3"        [_thread_blocked, id=24688, stack(0x000000cfe2b00000,0x000000cfe2c00000) (1024K)]
  0x0000028d972bfc00 JavaThread "WorkerExecutor Queue Thread 4"        [_thread_blocked, id=25460, stack(0x000000cfe2c00000,0x000000cfe2d00000) (1024K)]
  0x0000028d9d77fff0 JavaThread "Unconstrained build operations Thread 13"        [_thread_blocked, id=14668, stack(0x000000cfe2d00000,0x000000cfe2e00000) (1024K)]
  0x0000028d9d780680 JavaThread "Unconstrained build operations Thread 14"        [_thread_blocked, id=6880, stack(0x000000cfe2e00000,0x000000cfe2f00000) (1024K)]
  0x0000028d9743bee0 JavaThread "Unconstrained build operations Thread 15"        [_thread_blocked, id=14632, stack(0x000000cfe2f00000,0x000000cfe3000000) (1024K)]
  0x0000028d97440710 JavaThread "Unconstrained build operations Thread 16"        [_thread_blocked, id=25836, stack(0x000000cfe3000000,0x000000cfe3100000) (1024K)]
  0x0000028d9743d290 JavaThread "Unconstrained build operations Thread 17"        [_thread_blocked, id=4696, stack(0x000000cfe3100000,0x000000cfe3200000) (1024K)]
  0x0000028d97440080 JavaThread "Unconstrained build operations Thread 18"        [_thread_blocked, id=19208, stack(0x000000cfe3200000,0x000000cfe3300000) (1024K)]
  0x0000028d9743c570 JavaThread "Unconstrained build operations Thread 19"        [_thread_blocked, id=15416, stack(0x000000cfe3300000,0x000000cfe3400000) (1024K)]
  0x0000028d97441430 JavaThread "Unconstrained build operations Thread 20"        [_thread_blocked, id=25260, stack(0x000000cfe3400000,0x000000cfe3500000) (1024K)]
  0x0000028d9743ab30 JavaThread "Unconstrained build operations Thread 21"        [_thread_blocked, id=22112, stack(0x000000cfe3500000,0x000000cfe3600000) (1024K)]
  0x0000028d9743b1c0 JavaThread "Unconstrained build operations Thread 22"        [_thread_blocked, id=5508, stack(0x000000cfe3600000,0x000000cfe3700000) (1024K)]
  0x0000028d9743cc00 JavaThread "Unconstrained build operations Thread 23"        [_thread_blocked, id=21588, stack(0x000000cfe3700000,0x000000cfe3800000) (1024K)]
  0x0000028d9743dfb0 JavaThread "Unconstrained build operations Thread 24"        [_thread_blocked, id=12460, stack(0x000000cfe3800000,0x000000cfe3900000) (1024K)]
  0x0000028d972c1640 JavaThread "Unconstrained build operations Thread 25"        [_thread_blocked, id=10568, stack(0x000000cfe3900000,0x000000cfe3a00000) (1024K)]
  0x0000028d972c29f0 JavaThread "Unconstrained build operations Thread 26"        [_thread_blocked, id=9512, stack(0x000000cfe3a00000,0x000000cfe3b00000) (1024K)]
  0x0000028d972c3710 JavaThread "Unconstrained build operations Thread 27"        [_thread_blocked, id=25200, stack(0x000000cfe3b00000,0x000000cfe3c00000) (1024K)]
  0x0000028d972bd4a0 JavaThread "Unconstrained build operations Thread 28"        [_thread_blocked, id=3004, stack(0x000000cfe3c00000,0x000000cfe3d00000) (1024K)]
  0x0000028d933683e0 JavaThread "Unconstrained build operations Thread 29"        [_thread_blocked, id=27692, stack(0x000000cfe3d00000,0x000000cfe3e00000) (1024K)]
  0x0000028d93367d50 JavaThread "Unconstrained build operations Thread 30"        [_thread_blocked, id=10584, stack(0x000000cfe3e00000,0x000000cfe3f00000) (1024K)]
  0x0000028d93369e20 JavaThread "Unconstrained build operations Thread 31"        [_thread_blocked, id=7208, stack(0x000000cfe3f00000,0x000000cfe4000000) (1024K)]
  0x0000028d933669a0 JavaThread "Unconstrained build operations Thread 32"        [_thread_blocked, id=20880, stack(0x000000cfe4000000,0x000000cfe4100000) (1024K)]
  0x0000028d9336ab40 JavaThread "Unconstrained build operations Thread 33"        [_thread_blocked, id=27232, stack(0x000000cfe4100000,0x000000cfe4200000) (1024K)]
  0x0000028d974ad450 JavaThread "Unconstrained build operations Thread 34"        [_thread_blocked, id=17804, stack(0x000000cfe4200000,0x000000cfe4300000) (1024K)]
  0x0000028d974b2310 JavaThread "Unconstrained build operations Thread 35"        [_thread_blocked, id=22740, stack(0x000000cfe4300000,0x000000cfe4400000) (1024K)]
  0x0000028d974b36c0 JavaThread "Unconstrained build operations Thread 36"        [_thread_blocked, id=17916, stack(0x000000cfe4400000,0x000000cfe4500000) (1024K)]
  0x0000028d974b3030 JavaThread "Unconstrained build operations Thread 37"        [_thread_blocked, id=9120, stack(0x000000cfe4500000,0x000000cfe4600000) (1024K)]
  0x0000028d974aee90 JavaThread "Unconstrained build operations Thread 38"        [_thread_blocked, id=15300, stack(0x000000cfe4600000,0x000000cfe4700000) (1024K)]
  0x0000028d974af520 JavaThread "Unconstrained build operations Thread 39"        [_thread_blocked, id=13380, stack(0x000000cfe4700000,0x000000cfe4800000) (1024K)]
  0x0000028d974b3d50 JavaThread "Unconstrained build operations Thread 40"        [_thread_blocked, id=16480, stack(0x000000cfe4800000,0x000000cfe4900000) (1024K)]
  0x0000028d974afbb0 JavaThread "pool-3-thread-1"                   [_thread_blocked, id=13316, stack(0x000000cfe4900000,0x000000cfe4a00000) (1024K)]
  0x0000028d974b15f0 JavaThread "stderr"                            [_thread_in_native, id=5424, stack(0x000000cfe4a00000,0x000000cfe4b00000) (1024K)]
  0x0000028d974b0240 JavaThread "stdout"                            [_thread_in_native, id=6328, stack(0x000000cfe4b00000,0x000000cfe4c00000) (1024K)]
  0x0000028d973fe6b0 JavaThread "RMI Scheduler(0)"           daemon [_thread_blocked, id=4624, stack(0x000000cfe4c00000,0x000000cfe4d00000) (1024K)]
  0x0000028d973fbf50 JavaThread "RMI GC Daemon"              daemon [_thread_blocked, id=9560, stack(0x000000cfe4e00000,0x000000cfe4f00000) (1024K)]
  0x0000028d97c001f0 JavaThread "RMI TCP Accept-0"           daemon [_thread_in_native, id=16112, stack(0x000000cfe4f00000,0x000000cfe5000000) (1024K)]
  0x0000028d97c02950 JavaThread "RMI Reaper"                        [_thread_blocked, id=7072, stack(0x000000cfe5000000,0x000000cfe5100000) (1024K)]
  0x0000028d93368a70 JavaThread "RMI TCP Connection(2)-127.0.0.1" daemon [_thread_in_native, id=28904, stack(0x000000cfe5100000,0x000000cfe5200000) (1024K)]
  0x0000028dfed0fd70 JavaThread "C2 CompilerThread1"         daemon [_thread_blocked, id=20844, stack(0x000000cfde100000,0x000000cfde200000) (1024K)]
Total: 98

Other Threads:
=>0x0000028dfe359020 VMThread "VM Thread"                           [id=7464, stack(0x000000cfdeb00000,0x000000cfdec00000) (1024K)]
  0x0000028dfe313e90 WatcherThread "VM Periodic Task Thread"        [id=15420, stack(0x000000cfdea00000,0x000000cfdeb00000) (1024K)]
  0x0000028df43dd010 WorkerThread "GC Thread#0"                     [id=18592, stack(0x000000cfde500000,0x000000cfde600000) (1024K)]
  0x0000028dfec597d0 WorkerThread "GC Thread#1"                     [id=29040, stack(0x000000cfdf600000,0x000000cfdf700000) (1024K)]
  0x0000028dfec59b70 WorkerThread "GC Thread#2"                     [id=8112, stack(0x000000cfdf700000,0x000000cfdf800000) (1024K)]
  0x0000028d9317a7a0 WorkerThread "GC Thread#3"                     [id=29604, stack(0x000000cfdf800000,0x000000cfdf900000) (1024K)]
  0x0000028df43de130 ConcurrentGCThread "G1 Main Marker"            [id=25844, stack(0x000000cfde600000,0x000000cfde700000) (1024K)]
  0x0000028df43dec30 WorkerThread "G1 Conc#0"                       [id=25712, stack(0x000000cfde700000,0x000000cfde800000) (1024K)]
  0x0000028dfe1e8510 ConcurrentGCThread "G1 Refine#0"               [id=20004, stack(0x000000cfde800000,0x000000cfde900000) (1024K)]
  0x0000028dfe1e8f90 ConcurrentGCThread "G1 Service"                [id=29784, stack(0x000000cfde900000,0x000000cfdea00000) (1024K)]
Total: 10

Threads with active compile tasks:
C2 CompilerThread0  86853 24001       4       com.sun.tools.javac.comp.Annotate::annotateNow (637 bytes)
C2 CompilerThread1  86853 23992       4       com.sun.tools.javac.comp.MemberEnter::signature (326 bytes)
Total: 2

VM state: at safepoint (normal execution)

VM Mutex/Monitor currently owned by a thread:  ([mutex/lock_event])
[0x00007ffb9326d360] Threads_lock - owner thread: 0x0000028dfe359020
[0x00007ffb9326d460] Heap_lock - owner thread: 0x0000028d972bdb30

Heap address: 0x0000000080000000, size: 2048 MB, Compressed Oops mode: 32-bit

CDS archive(s) not mapped
Compressed class space mapped at: 0x0000000100000000-0x0000000140000000, reserved size: 1073741824
Narrow klass base: 0x0000000000000000, Narrow klass shift: 3, Narrow klass range: 0x140000000

GC Precious Log:
 CardTable entry size: 512
 Card Set container configuration: InlinePtr #cards 5 size 8 Array Of Cards #cards 12 size 40 Howl #buckets 4 coarsen threshold 1843 Howl Bitmap #cards 512 size 80 coarsen threshold 460 Card regions per heap region 1 cards per card region 2048
 CPUs: 4 total, 4 available
 Memory: 7991M
 Large Page Support: Disabled
 NUMA Support: Disabled
 Compressed Oops: Enabled (32-bit)
 Heap Region Size: 1M
 Heap Min Capacity: 8M
 Heap Initial Capacity: 126M
 Heap Max Capacity: 2G
 Pre-touch: Disabled
 Parallel Workers: 4
 Concurrent Workers: 1
 Concurrent Refinement Workers: 4
 Periodic GC: Disabled

Heap:
 garbage-first heap   total 480256K, used 347136K [0x0000000080000000, 0x0000000100000000)
  region size 1024K, 7 young (7168K), 7 survivors (7168K)
 Metaspace       used 152536K, committed 155072K, reserved 1245184K
  class space    used 19536K, committed 20800K, reserved 1048576K

Heap Regions: E=young(eden), S=young(survivor), O=old, HS=humongous(starts), HC=humongous(continues), CS=collection set, F=free, TAMS=top-at-mark-start, PB=parsable bottom
|   0|0x0000000080000000, 0x0000000080100000, 0x0000000080100000|100%| O|  |TAMS 0x0000000080100000| PB 0x0000000080000000| Untracked 
|   1|0x0000000080100000, 0x0000000080200000, 0x0000000080200000|100%| O|  |TAMS 0x0000000080200000| PB 0x0000000080100000| Untracked 
|   2|0x0000000080200000, 0x0000000080300000, 0x0000000080300000|100%|HS|  |TAMS 0x0000000080300000| PB 0x0000000080200000| Complete 
|   3|0x0000000080300000, 0x0000000080400000, 0x0000000080400000|100%|HC|  |TAMS 0x0000000080400000| PB 0x0000000080300000| Complete 
|   4|0x0000000080400000, 0x0000000080500000, 0x0000000080500000|100%|HC|  |TAMS 0x0000000080500000| PB 0x0000000080400000| Complete 
|   5|0x0000000080500000, 0x0000000080600000, 0x0000000080600000|100%|HC|  |TAMS 0x0000000080600000| PB 0x0000000080500000| Complete 
|   6|0x0000000080600000, 0x0000000080700000, 0x0000000080700000|100%| O|  |TAMS 0x0000000080700000| PB 0x0000000080600000| Untracked 
|   7|0x0000000080700000, 0x0000000080800000, 0x0000000080800000|100%| O|  |TAMS 0x0000000080800000| PB 0x0000000080700000| Untracked 
|   8|0x0000000080800000, 0x0000000080900000, 0x0000000080900000|100%| O|  |TAMS 0x0000000080900000| PB 0x0000000080800000| Untracked 
|   9|0x0000000080900000, 0x0000000080a00000, 0x0000000080a00000|100%| O|  |TAMS 0x0000000080a00000| PB 0x0000000080900000| Untracked 
|  10|0x0000000080a00000, 0x0000000080b00000, 0x0000000080b00000|100%| O|  |TAMS 0x0000000080b00000| PB 0x0000000080a00000| Untracked 
|  11|0x0000000080b00000, 0x0000000080c00000, 0x0000000080c00000|100%| O|  |TAMS 0x0000000080c00000| PB 0x0000000080b00000| Untracked 
|  12|0x0000000080c00000, 0x0000000080d00000, 0x0000000080d00000|100%| O|  |TAMS 0x0000000080d00000| PB 0x0000000080c00000| Untracked 
|  13|0x0000000080d00000, 0x0000000080e00000, 0x0000000080e00000|100%| O|  |TAMS 0x0000000080e00000| PB 0x0000000080d00000| Untracked 
|  14|0x0000000080e00000, 0x0000000080f00000, 0x0000000080f00000|100%| O|  |TAMS 0x0000000080f00000| PB 0x0000000080e00000| Untracked 
|  15|0x0000000080f00000, 0x0000000081000000, 0x0000000081000000|100%| O|  |TAMS 0x0000000081000000| PB 0x0000000080f00000| Untracked 
|  16|0x0000000081000000, 0x0000000081100000, 0x0000000081100000|100%| O|  |TAMS 0x0000000081100000| PB 0x0000000081000000| Untracked 
|  17|0x0000000081100000, 0x0000000081200000, 0x0000000081200000|100%| O|  |TAMS 0x0000000081200000| PB 0x0000000081100000| Untracked 
|  18|0x0000000081200000, 0x0000000081300000, 0x0000000081300000|100%| O|  |TAMS 0x0000000081300000| PB 0x0000000081200000| Untracked 
|  19|0x0000000081300000, 0x0000000081400000, 0x0000000081400000|100%| O|  |TAMS 0x0000000081400000| PB 0x0000000081300000| Untracked 
|  20|0x0000000081400000, 0x0000000081500000, 0x0000000081500000|100%| O|  |TAMS 0x0000000081500000| PB 0x0000000081400000| Untracked 
|  21|0x0000000081500000, 0x0000000081600000, 0x0000000081600000|100%| O|  |TAMS 0x0000000081600000| PB 0x0000000081500000| Untracked 
|  22|0x0000000081600000, 0x0000000081700000, 0x0000000081700000|100%| O|  |TAMS 0x0000000081700000| PB 0x0000000081600000| Untracked 
|  23|0x0000000081700000, 0x0000000081800000, 0x0000000081800000|100%| O|  |TAMS 0x0000000081800000| PB 0x0000000081700000| Untracked 
|  24|0x0000000081800000, 0x0000000081900000, 0x0000000081900000|100%| O|  |TAMS 0x0000000081900000| PB 0x0000000081800000| Untracked 
|  25|0x0000000081900000, 0x0000000081a00000, 0x0000000081a00000|100%| O|  |TAMS 0x0000000081a00000| PB 0x0000000081900000| Untracked 
|  26|0x0000000081a00000, 0x0000000081b00000, 0x0000000081b00000|100%| O|  |TAMS 0x0000000081b00000| PB 0x0000000081a00000| Untracked 
|  27|0x0000000081b00000, 0x0000000081c00000, 0x0000000081c00000|100%| O|  |TAMS 0x0000000081c00000| PB 0x0000000081b00000| Untracked 
|  28|0x0000000081c00000, 0x0000000081d00000, 0x0000000081d00000|100%| O|  |TAMS 0x0000000081d00000| PB 0x0000000081c00000| Untracked 
|  29|0x0000000081d00000, 0x0000000081e00000, 0x0000000081e00000|100%| O|  |TAMS 0x0000000081e00000| PB 0x0000000081d00000| Untracked 
|  30|0x0000000081e00000, 0x0000000081f00000, 0x0000000081f00000|100%|HS|  |TAMS 0x0000000081f00000| PB 0x0000000081e00000| Complete 
|  31|0x0000000081f00000, 0x0000000082000000, 0x0000000082000000|100%| O|  |TAMS 0x0000000082000000| PB 0x0000000081f00000| Untracked 
|  32|0x0000000082000000, 0x0000000082100000, 0x0000000082100000|100%| O|  |TAMS 0x0000000082100000| PB 0x0000000082000000| Untracked 
|  33|0x0000000082100000, 0x0000000082200000, 0x0000000082200000|100%| O|  |TAMS 0x0000000082200000| PB 0x0000000082100000| Untracked 
|  34|0x0000000082200000, 0x0000000082300000, 0x0000000082300000|100%| O|  |TAMS 0x0000000082300000| PB 0x0000000082200000| Untracked 
|  35|0x0000000082300000, 0x0000000082400000, 0x0000000082400000|100%| O|  |TAMS 0x0000000082400000| PB 0x0000000082300000| Untracked 
|  36|0x0000000082400000, 0x0000000082500000, 0x0000000082500000|100%| O|  |TAMS 0x0000000082500000| PB 0x0000000082400000| Untracked 
|  37|0x0000000082500000, 0x0000000082600000, 0x0000000082600000|100%| O|  |TAMS 0x0000000082600000| PB 0x0000000082500000| Untracked 
|  38|0x0000000082600000, 0x0000000082700000, 0x0000000082700000|100%| O|  |TAMS 0x0000000082700000| PB 0x0000000082600000| Untracked 
|  39|0x0000000082700000, 0x0000000082800000, 0x0000000082800000|100%| O|  |TAMS 0x0000000082800000| PB 0x0000000082700000| Untracked 
|  40|0x0000000082800000, 0x0000000082900000, 0x0000000082900000|100%| O|  |TAMS 0x0000000082900000| PB 0x0000000082800000| Untracked 
|  41|0x0000000082900000, 0x0000000082a00000, 0x0000000082a00000|100%|HS|  |TAMS 0x0000000082a00000| PB 0x0000000082900000| Complete 
|  42|0x0000000082a00000, 0x0000000082b00000, 0x0000000082b00000|100%|HC|  |TAMS 0x0000000082b00000| PB 0x0000000082a00000| Complete 
|  43|0x0000000082b00000, 0x0000000082c00000, 0x0000000082c00000|100%|HS|  |TAMS 0x0000000082c00000| PB 0x0000000082b00000| Complete 
|  44|0x0000000082c00000, 0x0000000082d00000, 0x0000000082d00000|100%|HC|  |TAMS 0x0000000082d00000| PB 0x0000000082c00000| Complete 
|  45|0x0000000082d00000, 0x0000000082e00000, 0x0000000082e00000|100%|HS|  |TAMS 0x0000000082e00000| PB 0x0000000082d00000| Complete 
|  46|0x0000000082e00000, 0x0000000082f00000, 0x0000000082f00000|100%|HS|  |TAMS 0x0000000082f00000| PB 0x0000000082e00000| Complete 
|  47|0x0000000082f00000, 0x0000000083000000, 0x0000000083000000|100%|HS|  |TAMS 0x0000000083000000| PB 0x0000000082f00000| Complete 
|  48|0x0000000083000000, 0x0000000083100000, 0x0000000083100000|100%|HC|  |TAMS 0x0000000083100000| PB 0x0000000083000000| Complete 
|  49|0x0000000083100000, 0x0000000083200000, 0x0000000083200000|100%|HC|  |TAMS 0x0000000083200000| PB 0x0000000083100000| Complete 
|  50|0x0000000083200000, 0x0000000083300000, 0x0000000083300000|100%|HC|  |TAMS 0x0000000083300000| PB 0x0000000083200000| Complete 
|  51|0x0000000083300000, 0x0000000083400000, 0x0000000083400000|100%|HS|  |TAMS 0x0000000083400000| PB 0x0000000083300000| Complete 
|  52|0x0000000083400000, 0x0000000083500000, 0x0000000083500000|100%|HS|  |TAMS 0x0000000083500000| PB 0x0000000083400000| Complete 
|  53|0x0000000083500000, 0x0000000083600000, 0x0000000083600000|100%| O|  |TAMS 0x0000000083600000| PB 0x0000000083500000| Untracked 
|  54|0x0000000083600000, 0x0000000083700000, 0x0000000083700000|100%| O|  |TAMS 0x0000000083700000| PB 0x0000000083600000| Untracked 
|  55|0x0000000083700000, 0x0000000083800000, 0x0000000083800000|100%| O|  |TAMS 0x0000000083800000| PB 0x0000000083700000| Untracked 
|  56|0x0000000083800000, 0x0000000083900000, 0x0000000083900000|100%| O|  |TAMS 0x0000000083900000| PB 0x0000000083800000| Untracked 
|  57|0x0000000083900000, 0x0000000083a00000, 0x0000000083a00000|100%| O|  |TAMS 0x0000000083a00000| PB 0x0000000083900000| Untracked 
|  58|0x0000000083a00000, 0x0000000083b00000, 0x0000000083b00000|100%| O|  |TAMS 0x0000000083b00000| PB 0x0000000083a00000| Untracked 
|  59|0x0000000083b00000, 0x0000000083c00000, 0x0000000083c00000|100%| O|  |TAMS 0x0000000083c00000| PB 0x0000000083b00000| Untracked 
|  60|0x0000000083c00000, 0x0000000083d00000, 0x0000000083d00000|100%| O|  |TAMS 0x0000000083d00000| PB 0x0000000083c00000| Untracked 
|  61|0x0000000083d00000, 0x0000000083e00000, 0x0000000083e00000|100%| O|  |TAMS 0x0000000083e00000| PB 0x0000000083d00000| Untracked 
|  62|0x0000000083e00000, 0x0000000083f00000, 0x0000000083f00000|100%| O|  |TAMS 0x0000000083f00000| PB 0x0000000083e00000| Untracked 
|  63|0x0000000083f00000, 0x0000000084000000, 0x0000000084000000|100%| O|  |TAMS 0x0000000084000000| PB 0x0000000083f00000| Untracked 
|  64|0x0000000084000000, 0x0000000084100000, 0x0000000084100000|100%|HS|  |TAMS 0x0000000084100000| PB 0x0000000084000000| Complete 
|  65|0x0000000084100000, 0x0000000084200000, 0x0000000084200000|100%|HC|  |TAMS 0x0000000084200000| PB 0x0000000084100000| Complete 
|  66|0x0000000084200000, 0x0000000084300000, 0x0000000084300000|100%|HC|  |TAMS 0x0000000084300000| PB 0x0000000084200000| Complete 
|  67|0x0000000084300000, 0x0000000084400000, 0x0000000084400000|100%|HC|  |TAMS 0x0000000084400000| PB 0x0000000084300000| Complete 
|  68|0x0000000084400000, 0x0000000084500000, 0x0000000084500000|100%| O|  |TAMS 0x0000000084500000| PB 0x0000000084400000| Untracked 
|  69|0x0000000084500000, 0x0000000084600000, 0x0000000084600000|100%| O|  |TAMS 0x0000000084600000| PB 0x0000000084500000| Untracked 
|  70|0x0000000084600000, 0x0000000084700000, 0x0000000084700000|100%| O|  |TAMS 0x0000000084700000| PB 0x0000000084600000| Untracked 
|  71|0x0000000084700000, 0x0000000084800000, 0x0000000084800000|100%| O|  |TAMS 0x0000000084800000| PB 0x0000000084700000| Untracked 
|  72|0x0000000084800000, 0x0000000084900000, 0x0000000084900000|100%| O|  |TAMS 0x0000000084900000| PB 0x0000000084800000| Untracked 
|  73|0x0000000084900000, 0x0000000084a00000, 0x0000000084a00000|100%| O|  |TAMS 0x0000000084a00000| PB 0x0000000084900000| Untracked 
|  74|0x0000000084a00000, 0x0000000084b00000, 0x0000000084b00000|100%| O|  |TAMS 0x0000000084b00000| PB 0x0000000084a00000| Untracked 
|  75|0x0000000084b00000, 0x0000000084c00000, 0x0000000084c00000|100%| O|  |TAMS 0x0000000084c00000| PB 0x0000000084b00000| Untracked 
|  76|0x0000000084c00000, 0x0000000084d00000, 0x0000000084d00000|100%| O|  |TAMS 0x0000000084d00000| PB 0x0000000084c00000| Untracked 
|  77|0x0000000084d00000, 0x0000000084e00000, 0x0000000084e00000|100%| O|  |TAMS 0x0000000084e00000| PB 0x0000000084d00000| Untracked 
|  78|0x0000000084e00000, 0x0000000084f00000, 0x0000000084f00000|100%| O|  |TAMS 0x0000000084f00000| PB 0x0000000084e00000| Untracked 
|  79|0x0000000084f00000, 0x0000000085000000, 0x0000000085000000|100%| O|  |TAMS 0x0000000085000000| PB 0x0000000084f00000| Untracked 
|  80|0x0000000085000000, 0x0000000085100000, 0x0000000085100000|100%| O|  |TAMS 0x0000000085100000| PB 0x0000000085000000| Untracked 
|  81|0x0000000085100000, 0x0000000085200000, 0x0000000085200000|100%| O|  |TAMS 0x0000000085200000| PB 0x0000000085100000| Untracked 
|  82|0x0000000085200000, 0x0000000085300000, 0x0000000085300000|100%| O|  |TAMS 0x0000000085300000| PB 0x0000000085200000| Untracked 
|  83|0x0000000085300000, 0x0000000085400000, 0x0000000085400000|100%| O|  |TAMS 0x0000000085400000| PB 0x0000000085300000| Untracked 
|  84|0x0000000085400000, 0x0000000085500000, 0x0000000085500000|100%| O|  |TAMS 0x0000000085500000| PB 0x0000000085400000| Untracked 
|  85|0x0000000085500000, 0x0000000085600000, 0x0000000085600000|100%| O|  |TAMS 0x0000000085600000| PB 0x0000000085500000| Untracked 
|  86|0x0000000085600000, 0x0000000085700000, 0x0000000085700000|100%| O|  |TAMS 0x0000000085700000| PB 0x0000000085600000| Untracked 
|  87|0x0000000085700000, 0x0000000085800000, 0x0000000085800000|100%| O|  |TAMS 0x0000000085800000| PB 0x0000000085700000| Untracked 
|  88|0x0000000085800000, 0x0000000085900000, 0x0000000085900000|100%| O|  |TAMS 0x0000000085900000| PB 0x0000000085800000| Untracked 
|  89|0x0000000085900000, 0x0000000085a00000, 0x0000000085a00000|100%| O|  |TAMS 0x0000000085a00000| PB 0x0000000085900000| Untracked 
|  90|0x0000000085a00000, 0x0000000085b00000, 0x0000000085b00000|100%| O|  |TAMS 0x0000000085b00000| PB 0x0000000085a00000| Untracked 
|  91|0x0000000085b00000, 0x0000000085c00000, 0x0000000085c00000|100%| O|  |TAMS 0x0000000085c00000| PB 0x0000000085b00000| Untracked 
|  92|0x0000000085c00000, 0x0000000085d00000, 0x0000000085d00000|100%| O|  |TAMS 0x0000000085d00000| PB 0x0000000085c00000| Untracked 
|  93|0x0000000085d00000, 0x0000000085e00000, 0x0000000085e00000|100%| O|  |TAMS 0x0000000085e00000| PB 0x0000000085d00000| Untracked 
|  94|0x0000000085e00000, 0x0000000085f00000, 0x0000000085f00000|100%| O|  |TAMS 0x0000000085f00000| PB 0x0000000085e00000| Untracked 
|  95|0x0000000085f00000, 0x0000000086000000, 0x0000000086000000|100%| O|  |TAMS 0x0000000086000000| PB 0x0000000085f00000| Untracked 
|  96|0x0000000086000000, 0x0000000086100000, 0x0000000086100000|100%| O|  |TAMS 0x0000000086100000| PB 0x0000000086000000| Untracked 
|  97|0x0000000086100000, 0x0000000086200000, 0x0000000086200000|100%| O|  |TAMS 0x0000000086200000| PB 0x0000000086100000| Untracked 
|  98|0x0000000086200000, 0x0000000086300000, 0x0000000086300000|100%| O|  |TAMS 0x0000000086300000| PB 0x0000000086200000| Untracked 
|  99|0x0000000086300000, 0x0000000086400000, 0x0000000086400000|100%| O|  |TAMS 0x0000000086400000| PB 0x0000000086300000| Untracked 
| 100|0x0000000086400000, 0x0000000086500000, 0x0000000086500000|100%| O|  |TAMS 0x0000000086500000| PB 0x0000000086400000| Untracked 
| 101|0x0000000086500000, 0x0000000086600000, 0x0000000086600000|100%| O|  |TAMS 0x0000000086600000| PB 0x0000000086500000| Untracked 
| 102|0x0000000086600000, 0x0000000086700000, 0x0000000086700000|100%| O|  |TAMS 0x0000000086700000| PB 0x0000000086600000| Untracked 
| 103|0x0000000086700000, 0x0000000086800000, 0x0000000086800000|100%| O|  |TAMS 0x0000000086800000| PB 0x0000000086700000| Untracked 
| 104|0x0000000086800000, 0x0000000086900000, 0x0000000086900000|100%| O|  |TAMS 0x0000000086900000| PB 0x0000000086800000| Untracked 
| 105|0x0000000086900000, 0x0000000086a00000, 0x0000000086a00000|100%| O|  |TAMS 0x0000000086a00000| PB 0x0000000086900000| Untracked 
| 106|0x0000000086a00000, 0x0000000086b00000, 0x0000000086b00000|100%| O|  |TAMS 0x0000000086b00000| PB 0x0000000086a00000| Untracked 
| 107|0x0000000086b00000, 0x0000000086c00000, 0x0000000086c00000|100%| O|  |TAMS 0x0000000086c00000| PB 0x0000000086b00000| Untracked 
| 108|0x0000000086c00000, 0x0000000086d00000, 0x0000000086d00000|100%| O|  |TAMS 0x0000000086d00000| PB 0x0000000086c00000| Untracked 
| 109|0x0000000086d00000, 0x0000000086e00000, 0x0000000086e00000|100%| O|  |TAMS 0x0000000086e00000| PB 0x0000000086d00000| Untracked 
| 110|0x0000000086e00000, 0x0000000086f00000, 0x0000000086f00000|100%| O|  |TAMS 0x0000000086f00000| PB 0x0000000086e00000| Untracked 
| 111|0x0000000086f00000, 0x0000000087000000, 0x0000000087000000|100%| O|  |TAMS 0x0000000087000000| PB 0x0000000086f00000| Untracked 
| 112|0x0000000087000000, 0x0000000087100000, 0x0000000087100000|100%| O|  |TAMS 0x0000000087100000| PB 0x0000000087000000| Untracked 
| 113|0x0000000087100000, 0x0000000087200000, 0x0000000087200000|100%| O|  |TAMS 0x0000000087200000| PB 0x0000000087100000| Untracked 
| 114|0x0000000087200000, 0x0000000087300000, 0x0000000087300000|100%| O|  |TAMS 0x0000000087300000| PB 0x0000000087200000| Untracked 
| 115|0x0000000087300000, 0x0000000087400000, 0x0000000087400000|100%|HS|  |TAMS 0x0000000087400000| PB 0x0000000087300000| Complete 
| 116|0x0000000087400000, 0x0000000087500000, 0x0000000087500000|100%| O|  |TAMS 0x0000000087500000| PB 0x0000000087400000| Untracked 
| 117|0x0000000087500000, 0x0000000087600000, 0x0000000087600000|100%| O|  |TAMS 0x0000000087600000| PB 0x0000000087500000| Untracked 
| 118|0x0000000087600000, 0x0000000087700000, 0x0000000087700000|100%| O|  |TAMS 0x0000000087700000| PB 0x0000000087600000| Untracked 
| 119|0x0000000087700000, 0x0000000087800000, 0x0000000087800000|100%| O|  |TAMS 0x0000000087800000| PB 0x0000000087700000| Untracked 
| 120|0x0000000087800000, 0x0000000087900000, 0x0000000087900000|100%| O|  |TAMS 0x0000000087900000| PB 0x0000000087800000| Untracked 
| 121|0x0000000087900000, 0x0000000087a00000, 0x0000000087a00000|100%| O|  |TAMS 0x0000000087a00000| PB 0x0000000087900000| Untracked 
| 122|0x0000000087a00000, 0x0000000087b00000, 0x0000000087b00000|100%| O|  |TAMS 0x0000000087b00000| PB 0x0000000087a00000| Untracked 
| 123|0x0000000087b00000, 0x0000000087c00000, 0x0000000087c00000|100%| O|  |TAMS 0x0000000087c00000| PB 0x0000000087b00000| Untracked 
| 124|0x0000000087c00000, 0x0000000087d00000, 0x0000000087d00000|100%| O|  |TAMS 0x0000000087d00000| PB 0x0000000087c00000| Untracked 
| 125|0x0000000087d00000, 0x0000000087e00000, 0x0000000087e00000|100%| O|  |TAMS 0x0000000087e00000| PB 0x0000000087d00000| Untracked 
| 126|0x0000000087e00000, 0x0000000087f00000, 0x0000000087f00000|100%| O|  |TAMS 0x0000000087f00000| PB 0x0000000087e00000| Untracked 
| 127|0x0000000087f00000, 0x0000000088000000, 0x0000000088000000|100%| O|  |TAMS 0x0000000088000000| PB 0x0000000087f00000| Untracked 
| 128|0x0000000088000000, 0x0000000088100000, 0x0000000088100000|100%| O|  |TAMS 0x0000000088100000| PB 0x0000000088000000| Untracked 
| 129|0x0000000088100000, 0x0000000088200000, 0x0000000088200000|100%| O|  |TAMS 0x0000000088200000| PB 0x0000000088100000| Untracked 
| 130|0x0000000088200000, 0x0000000088300000, 0x0000000088300000|100%| O|  |TAMS 0x0000000088300000| PB 0x0000000088200000| Untracked 
| 131|0x0000000088300000, 0x0000000088400000, 0x0000000088400000|100%| O|  |TAMS 0x0000000088400000| PB 0x0000000088300000| Untracked 
| 132|0x0000000088400000, 0x0000000088500000, 0x0000000088500000|100%| O|  |TAMS 0x0000000088500000| PB 0x0000000088400000| Untracked 
| 133|0x0000000088500000, 0x0000000088600000, 0x0000000088600000|100%| O|  |TAMS 0x0000000088600000| PB 0x0000000088500000| Untracked 
| 134|0x0000000088600000, 0x0000000088700000, 0x0000000088700000|100%| O|  |TAMS 0x0000000088700000| PB 0x0000000088600000| Untracked 
| 135|0x0000000088700000, 0x0000000088800000, 0x0000000088800000|100%| O|  |TAMS 0x0000000088800000| PB 0x0000000088700000| Untracked 
| 136|0x0000000088800000, 0x0000000088900000, 0x0000000088900000|100%| O|  |TAMS 0x0000000088900000| PB 0x0000000088800000| Untracked 
| 137|0x0000000088900000, 0x0000000088a00000, 0x0000000088a00000|100%| O|  |TAMS 0x0000000088a00000| PB 0x0000000088900000| Untracked 
| 138|0x0000000088a00000, 0x0000000088b00000, 0x0000000088b00000|100%| O|  |TAMS 0x0000000088b00000| PB 0x0000000088a00000| Untracked 
| 139|0x0000000088b00000, 0x0000000088c00000, 0x0000000088c00000|100%| O|  |TAMS 0x0000000088c00000| PB 0x0000000088b00000| Untracked 
| 140|0x0000000088c00000, 0x0000000088d00000, 0x0000000088d00000|100%| O|  |TAMS 0x0000000088d00000| PB 0x0000000088c00000| Untracked 
| 141|0x0000000088d00000, 0x0000000088e00000, 0x0000000088e00000|100%| O|  |TAMS 0x0000000088e00000| PB 0x0000000088d00000| Untracked 
| 142|0x0000000088e00000, 0x0000000088f00000, 0x0000000088f00000|100%| O|  |TAMS 0x0000000088f00000| PB 0x0000000088e00000| Untracked 
| 143|0x0000000088f00000, 0x0000000089000000, 0x0000000089000000|100%| O|  |TAMS 0x0000000089000000| PB 0x0000000088f00000| Untracked 
| 144|0x0000000089000000, 0x0000000089100000, 0x0000000089100000|100%| O|  |TAMS 0x0000000089100000| PB 0x0000000089000000| Untracked 
| 145|0x0000000089100000, 0x0000000089200000, 0x0000000089200000|100%| O|  |TAMS 0x0000000089200000| PB 0x0000000089100000| Untracked 
| 146|0x0000000089200000, 0x0000000089300000, 0x0000000089300000|100%| O|  |TAMS 0x0000000089300000| PB 0x0000000089200000| Untracked 
| 147|0x0000000089300000, 0x0000000089400000, 0x0000000089400000|100%| O|  |TAMS 0x0000000089400000| PB 0x0000000089300000| Untracked 
| 148|0x0000000089400000, 0x0000000089500000, 0x0000000089500000|100%| O|  |TAMS 0x0000000089400000| PB 0x0000000089400000| Untracked 
| 149|0x0000000089500000, 0x0000000089600000, 0x0000000089600000|100%| O|  |TAMS 0x0000000089600000| PB 0x0000000089500000| Untracked 
| 150|0x0000000089600000, 0x0000000089700000, 0x0000000089700000|100%| O|  |TAMS 0x0000000089700000| PB 0x0000000089600000| Untracked 
| 151|0x0000000089700000, 0x0000000089800000, 0x0000000089800000|100%| O|  |TAMS 0x0000000089800000| PB 0x0000000089700000| Untracked 
| 152|0x0000000089800000, 0x0000000089900000, 0x0000000089900000|100%| O|  |TAMS 0x0000000089900000| PB 0x0000000089800000| Untracked 
| 153|0x0000000089900000, 0x0000000089a00000, 0x0000000089a00000|100%| O|  |TAMS 0x0000000089900000| PB 0x0000000089900000| Untracked 
| 154|0x0000000089a00000, 0x0000000089b00000, 0x0000000089b00000|100%| O|  |TAMS 0x0000000089b00000| PB 0x0000000089a00000| Untracked 
| 155|0x0000000089b00000, 0x0000000089c00000, 0x0000000089c00000|100%| O|  |TAMS 0x0000000089c00000| PB 0x0000000089b00000| Untracked 
| 156|0x0000000089c00000, 0x0000000089d00000, 0x0000000089d00000|100%| O|  |TAMS 0x0000000089d00000| PB 0x0000000089c00000| Untracked 
| 157|0x0000000089d00000, 0x0000000089e00000, 0x0000000089e00000|100%| O|  |TAMS 0x0000000089e00000| PB 0x0000000089d00000| Untracked 
| 158|0x0000000089e00000, 0x0000000089f00000, 0x0000000089f00000|100%| O|  |TAMS 0x0000000089f00000| PB 0x0000000089e00000| Untracked 
| 159|0x0000000089f00000, 0x000000008a000000, 0x000000008a000000|100%| O|  |TAMS 0x000000008a000000| PB 0x0000000089f00000| Untracked 
| 160|0x000000008a000000, 0x000000008a100000, 0x000000008a100000|100%| O|  |TAMS 0x000000008a100000| PB 0x000000008a000000| Untracked 
| 161|0x000000008a100000, 0x000000008a200000, 0x000000008a200000|100%| O|  |TAMS 0x000000008a200000| PB 0x000000008a100000| Untracked 
| 162|0x000000008a200000, 0x000000008a300000, 0x000000008a300000|100%|HS|  |TAMS 0x000000008a300000| PB 0x000000008a200000| Complete 
| 163|0x000000008a300000, 0x000000008a400000, 0x000000008a400000|100%|HC|  |TAMS 0x000000008a400000| PB 0x000000008a300000| Complete 
| 164|0x000000008a400000, 0x000000008a500000, 0x000000008a500000|100%| O|  |TAMS 0x000000008a500000| PB 0x000000008a400000| Untracked 
| 165|0x000000008a500000, 0x000000008a600000, 0x000000008a600000|100%| O|  |TAMS 0x000000008a600000| PB 0x000000008a500000| Untracked 
| 166|0x000000008a600000, 0x000000008a700000, 0x000000008a700000|100%| O|  |TAMS 0x000000008a700000| PB 0x000000008a600000| Untracked 
| 167|0x000000008a700000, 0x000000008a800000, 0x000000008a800000|100%|HS|  |TAMS 0x000000008a800000| PB 0x000000008a700000| Complete 
| 168|0x000000008a800000, 0x000000008a900000, 0x000000008a900000|100%|HC|  |TAMS 0x000000008a900000| PB 0x000000008a800000| Complete 
| 169|0x000000008a900000, 0x000000008aa00000, 0x000000008aa00000|100%|HC|  |TAMS 0x000000008aa00000| PB 0x000000008a900000| Complete 
| 170|0x000000008aa00000, 0x000000008ab00000, 0x000000008ab00000|100%| O|  |TAMS 0x000000008ab00000| PB 0x000000008aa00000| Untracked 
| 171|0x000000008ab00000, 0x000000008ac00000, 0x000000008ac00000|100%| O|  |TAMS 0x000000008ac00000| PB 0x000000008ab00000| Untracked 
| 172|0x000000008ac00000, 0x000000008ad00000, 0x000000008ad00000|100%| O|  |TAMS 0x000000008ad00000| PB 0x000000008ac00000| Untracked 
| 173|0x000000008ad00000, 0x000000008ae00000, 0x000000008ae00000|100%| O|  |TAMS 0x000000008ae00000| PB 0x000000008ad00000| Untracked 
| 174|0x000000008ae00000, 0x000000008af00000, 0x000000008af00000|100%| O|  |TAMS 0x000000008af00000| PB 0x000000008ae00000| Untracked 
| 175|0x000000008af00000, 0x000000008b000000, 0x000000008b000000|100%| O|  |TAMS 0x000000008b000000| PB 0x000000008af00000| Untracked 
| 176|0x000000008b000000, 0x000000008b100000, 0x000000008b100000|100%| O|  |TAMS 0x000000008b100000| PB 0x000000008b000000| Untracked 
| 177|0x000000008b100000, 0x000000008b200000, 0x000000008b200000|100%| O|  |TAMS 0x000000008b200000| PB 0x000000008b100000| Untracked 
| 178|0x000000008b200000, 0x000000008b300000, 0x000000008b300000|100%| O|  |TAMS 0x000000008b300000| PB 0x000000008b200000| Untracked 
| 179|0x000000008b300000, 0x000000008b400000, 0x000000008b400000|100%| O|  |TAMS 0x000000008b400000| PB 0x000000008b300000| Untracked 
| 180|0x000000008b400000, 0x000000008b500000, 0x000000008b500000|100%| O|  |TAMS 0x000000008b500000| PB 0x000000008b400000| Untracked 
| 181|0x000000008b500000, 0x000000008b600000, 0x000000008b600000|100%| O|  |TAMS 0x000000008b600000| PB 0x000000008b500000| Untracked 
| 182|0x000000008b600000, 0x000000008b700000, 0x000000008b700000|100%| O|  |TAMS 0x000000008b700000| PB 0x000000008b600000| Untracked 
| 183|0x000000008b700000, 0x000000008b800000, 0x000000008b800000|100%| O|  |TAMS 0x000000008b800000| PB 0x000000008b700000| Untracked 
| 184|0x000000008b800000, 0x000000008b900000, 0x000000008b900000|100%| O|  |TAMS 0x000000008b900000| PB 0x000000008b800000| Untracked 
| 185|0x000000008b900000, 0x000000008ba00000, 0x000000008ba00000|100%| O|  |TAMS 0x000000008ba00000| PB 0x000000008b900000| Untracked 
| 186|0x000000008ba00000, 0x000000008bb00000, 0x000000008bb00000|100%| O|  |TAMS 0x000000008ba00000| PB 0x000000008ba00000| Untracked 
| 187|0x000000008bb00000, 0x000000008bc00000, 0x000000008bc00000|100%| O|  |TAMS 0x000000008bc00000| PB 0x000000008bb00000| Untracked 
| 188|0x000000008bc00000, 0x000000008bd00000, 0x000000008bd00000|100%| O|  |TAMS 0x000000008bd00000| PB 0x000000008bc00000| Untracked 
| 189|0x000000008bd00000, 0x000000008be00000, 0x000000008be00000|100%| O|  |TAMS 0x000000008be00000| PB 0x000000008bd00000| Untracked 
| 190|0x000000008be00000, 0x000000008bf00000, 0x000000008bf00000|100%| O|  |TAMS 0x000000008bf00000| PB 0x000000008be00000| Untracked 
| 191|0x000000008bf00000, 0x000000008c000000, 0x000000008c000000|100%| O|  |TAMS 0x000000008c000000| PB 0x000000008bf00000| Untracked 
| 192|0x000000008c000000, 0x000000008c100000, 0x000000008c100000|100%| O|  |TAMS 0x000000008c100000| PB 0x000000008c000000| Untracked 
| 193|0x000000008c100000, 0x000000008c200000, 0x000000008c200000|100%| O|  |TAMS 0x000000008c200000| PB 0x000000008c100000| Untracked 
| 194|0x000000008c200000, 0x000000008c300000, 0x000000008c300000|100%| O|  |TAMS 0x000000008c200000| PB 0x000000008c200000| Untracked 
| 195|0x000000008c300000, 0x000000008c400000, 0x000000008c400000|100%| O|  |TAMS 0x000000008c400000| PB 0x000000008c300000| Untracked 
| 196|0x000000008c400000, 0x000000008c500000, 0x000000008c500000|100%| O|  |TAMS 0x000000008c500000| PB 0x000000008c400000| Untracked 
| 197|0x000000008c500000, 0x000000008c600000, 0x000000008c600000|100%| O|  |TAMS 0x000000008c600000| PB 0x000000008c500000| Untracked 
| 198|0x000000008c600000, 0x000000008c700000, 0x000000008c700000|100%| O|  |TAMS 0x000000008c700000| PB 0x000000008c600000| Untracked 
| 199|0x000000008c700000, 0x000000008c800000, 0x000000008c800000|100%| O|  |TAMS 0x000000008c800000| PB 0x000000008c700000| Untracked 
| 200|0x000000008c800000, 0x000000008c900000, 0x000000008c900000|100%| O|  |TAMS 0x000000008c900000| PB 0x000000008c800000| Untracked 
| 201|0x000000008c900000, 0x000000008ca00000, 0x000000008ca00000|100%| O|  |TAMS 0x000000008ca00000| PB 0x000000008c900000| Untracked 
| 202|0x000000008ca00000, 0x000000008cb00000, 0x000000008cb00000|100%| O|  |TAMS 0x000000008cb00000| PB 0x000000008ca00000| Untracked 
| 203|0x000000008cb00000, 0x000000008cc00000, 0x000000008cc00000|100%| O|  |TAMS 0x000000008cc00000| PB 0x000000008cb00000| Untracked 
| 204|0x000000008cc00000, 0x000000008cd00000, 0x000000008cd00000|100%| O|  |TAMS 0x000000008cd00000| PB 0x000000008cc00000| Untracked 
| 205|0x000000008cd00000, 0x000000008ce00000, 0x000000008ce00000|100%| O|  |TAMS 0x000000008ce00000| PB 0x000000008cd00000| Untracked 
| 206|0x000000008ce00000, 0x000000008cf00000, 0x000000008cf00000|100%| O|  |TAMS 0x000000008cf00000| PB 0x000000008ce00000| Untracked 
| 207|0x000000008cf00000, 0x000000008d000000, 0x000000008d000000|100%| O|  |TAMS 0x000000008d000000| PB 0x000000008cf00000| Untracked 
| 208|0x000000008d000000, 0x000000008d100000, 0x000000008d100000|100%| O|  |TAMS 0x000000008d100000| PB 0x000000008d000000| Untracked 
| 209|0x000000008d100000, 0x000000008d200000, 0x000000008d200000|100%| O|  |TAMS 0x000000008d200000| PB 0x000000008d100000| Untracked 
| 210|0x000000008d200000, 0x000000008d300000, 0x000000008d300000|100%| O|  |TAMS 0x000000008d300000| PB 0x000000008d200000| Untracked 
| 211|0x000000008d300000, 0x000000008d400000, 0x000000008d400000|100%| O|  |TAMS 0x000000008d400000| PB 0x000000008d300000| Untracked 
| 212|0x000000008d400000, 0x000000008d500000, 0x000000008d500000|100%| O|  |TAMS 0x000000008d500000| PB 0x000000008d400000| Untracked 
| 213|0x000000008d500000, 0x000000008d600000, 0x000000008d600000|100%| O|  |TAMS 0x000000008d600000| PB 0x000000008d500000| Untracked 
| 214|0x000000008d600000, 0x000000008d700000, 0x000000008d700000|100%| O|  |TAMS 0x000000008d700000| PB 0x000000008d600000| Untracked 
| 215|0x000000008d700000, 0x000000008d800000, 0x000000008d800000|100%| O|  |TAMS 0x000000008d800000| PB 0x000000008d700000| Untracked 
| 216|0x000000008d800000, 0x000000008d900000, 0x000000008d900000|100%| O|  |TAMS 0x000000008d900000| PB 0x000000008d800000| Untracked 
| 217|0x000000008d900000, 0x000000008da00000, 0x000000008da00000|100%| O|  |TAMS 0x000000008da00000| PB 0x000000008d900000| Untracked 
| 218|0x000000008da00000, 0x000000008db00000, 0x000000008db00000|100%| O|  |TAMS 0x000000008db00000| PB 0x000000008da00000| Untracked 
| 219|0x000000008db00000, 0x000000008dc00000, 0x000000008dc00000|100%| O|  |TAMS 0x000000008dc00000| PB 0x000000008db00000| Untracked 
| 220|0x000000008dc00000, 0x000000008dd00000, 0x000000008dd00000|100%| O|  |TAMS 0x000000008dd00000| PB 0x000000008dc00000| Untracked 
| 221|0x000000008dd00000, 0x000000008de00000, 0x000000008de00000|100%| O|  |TAMS 0x000000008de00000| PB 0x000000008dd00000| Untracked 
| 222|0x000000008de00000, 0x000000008df00000, 0x000000008df00000|100%| O|  |TAMS 0x000000008df00000| PB 0x000000008de00000| Untracked 
| 223|0x000000008df00000, 0x000000008e000000, 0x000000008e000000|100%| O|  |TAMS 0x000000008e000000| PB 0x000000008df00000| Untracked 
| 224|0x000000008e000000, 0x000000008e100000, 0x000000008e100000|100%| O|  |TAMS 0x000000008e100000| PB 0x000000008e000000| Untracked 
| 225|0x000000008e100000, 0x000000008e200000, 0x000000008e200000|100%| O|  |TAMS 0x000000008e200000| PB 0x000000008e100000| Untracked 
| 226|0x000000008e200000, 0x000000008e300000, 0x000000008e300000|100%| O|  |TAMS 0x000000008e300000| PB 0x000000008e200000| Untracked 
| 227|0x000000008e300000, 0x000000008e400000, 0x000000008e400000|100%| O|  |TAMS 0x000000008e400000| PB 0x000000008e300000| Untracked 
| 228|0x000000008e400000, 0x000000008e500000, 0x000000008e500000|100%| O|  |TAMS 0x000000008e500000| PB 0x000000008e400000| Untracked 
| 229|0x000000008e500000, 0x000000008e600000, 0x000000008e600000|100%| O|  |TAMS 0x000000008e600000| PB 0x000000008e500000| Untracked 
| 230|0x000000008e600000, 0x000000008e700000, 0x000000008e700000|100%| O|  |TAMS 0x000000008e700000| PB 0x000000008e600000| Untracked 
| 231|0x000000008e700000, 0x000000008e800000, 0x000000008e800000|100%| O|  |TAMS 0x000000008e800000| PB 0x000000008e700000| Untracked 
| 232|0x000000008e800000, 0x000000008e900000, 0x000000008e900000|100%| O|  |TAMS 0x000000008e900000| PB 0x000000008e800000| Untracked 
| 233|0x000000008e900000, 0x000000008ea00000, 0x000000008ea00000|100%| O|  |TAMS 0x000000008ea00000| PB 0x000000008e900000| Untracked 
| 234|0x000000008ea00000, 0x000000008eb00000, 0x000000008eb00000|100%| O|  |TAMS 0x000000008eb00000| PB 0x000000008ea00000| Untracked 
| 235|0x000000008eb00000, 0x000000008ec00000, 0x000000008ec00000|100%| O|  |TAMS 0x000000008ec00000| PB 0x000000008eb00000| Untracked 
| 236|0x000000008ec00000, 0x000000008ed00000, 0x000000008ed00000|100%| O|  |TAMS 0x000000008ed00000| PB 0x000000008ec00000| Untracked 
| 237|0x000000008ed00000, 0x000000008ee00000, 0x000000008ee00000|100%| O|  |TAMS 0x000000008ee00000| PB 0x000000008ed00000| Untracked 
| 238|0x000000008ee00000, 0x000000008ef00000, 0x000000008ef00000|100%| O|  |TAMS 0x000000008ef00000| PB 0x000000008ee00000| Untracked 
| 239|0x000000008ef00000, 0x000000008f000000, 0x000000008f000000|100%|HS|  |TAMS 0x000000008f000000| PB 0x000000008ef00000| Complete 
| 240|0x000000008f000000, 0x000000008f100000, 0x000000008f100000|100%|HC|  |TAMS 0x000000008f100000| PB 0x000000008f000000| Complete 
| 241|0x000000008f100000, 0x000000008f200000, 0x000000008f200000|100%| O|  |TAMS 0x000000008f200000| PB 0x000000008f100000| Untracked 
| 242|0x000000008f200000, 0x000000008f300000, 0x000000008f300000|100%| O|  |TAMS 0x000000008f300000| PB 0x000000008f200000| Untracked 
| 243|0x000000008f300000, 0x000000008f400000, 0x000000008f400000|100%| O|  |TAMS 0x000000008f400000| PB 0x000000008f300000| Untracked 
| 244|0x000000008f400000, 0x000000008f500000, 0x000000008f500000|100%| O|  |TAMS 0x000000008f500000| PB 0x000000008f400000| Untracked 
| 245|0x000000008f500000, 0x000000008f600000, 0x000000008f600000|100%| O|  |TAMS 0x000000008f600000| PB 0x000000008f500000| Untracked 
| 246|0x000000008f600000, 0x000000008f700000, 0x000000008f700000|100%| O|  |TAMS 0x000000008f700000| PB 0x000000008f600000| Untracked 
| 247|0x000000008f700000, 0x000000008f800000, 0x000000008f800000|100%| O|  |TAMS 0x000000008f800000| PB 0x000000008f700000| Untracked 
| 248|0x000000008f800000, 0x000000008f900000, 0x000000008f900000|100%| O|  |TAMS 0x000000008f900000| PB 0x000000008f800000| Untracked 
| 249|0x000000008f900000, 0x000000008fa00000, 0x000000008fa00000|100%| O|  |TAMS 0x000000008fa00000| PB 0x000000008f900000| Untracked 
| 250|0x000000008fa00000, 0x000000008fb00000, 0x000000008fb00000|100%| O|  |TAMS 0x000000008fb00000| PB 0x000000008fa00000| Untracked 
| 251|0x000000008fb00000, 0x000000008fc00000, 0x000000008fc00000|100%| O|  |TAMS 0x000000008fc00000| PB 0x000000008fb00000| Untracked 
| 252|0x000000008fc00000, 0x000000008fd00000, 0x000000008fd00000|100%| O|  |TAMS 0x000000008fd00000| PB 0x000000008fc00000| Untracked 
| 253|0x000000008fd00000, 0x000000008fe00000, 0x000000008fe00000|100%| O|  |TAMS 0x000000008fe00000| PB 0x000000008fd00000| Untracked 
| 254|0x000000008fe00000, 0x000000008ff00000, 0x000000008ff00000|100%| O|  |TAMS 0x000000008ff00000| PB 0x000000008fe00000| Untracked 
| 255|0x000000008ff00000, 0x0000000090000000, 0x0000000090000000|100%| O|  |TAMS 0x0000000090000000| PB 0x000000008ff00000| Untracked 
| 256|0x0000000090000000, 0x0000000090100000, 0x0000000090100000|100%| O|  |TAMS 0x0000000090100000| PB 0x0000000090000000| Untracked 
| 257|0x0000000090100000, 0x0000000090200000, 0x0000000090200000|100%| O|  |TAMS 0x0000000090200000| PB 0x0000000090100000| Untracked 
| 258|0x0000000090200000, 0x0000000090300000, 0x0000000090300000|100%| O|  |TAMS 0x0000000090300000| PB 0x0000000090200000| Untracked 
| 259|0x0000000090300000, 0x0000000090400000, 0x0000000090400000|100%| O|  |TAMS 0x0000000090400000| PB 0x0000000090300000| Untracked 
| 260|0x0000000090400000, 0x0000000090500000, 0x0000000090500000|100%| O|  |TAMS 0x0000000090500000| PB 0x0000000090400000| Untracked 
| 261|0x0000000090500000, 0x0000000090600000, 0x0000000090600000|100%| O|  |TAMS 0x0000000090600000| PB 0x0000000090500000| Untracked 
| 262|0x0000000090600000, 0x0000000090700000, 0x0000000090700000|100%| O|  |TAMS 0x0000000090700000| PB 0x0000000090600000| Untracked 
| 263|0x0000000090700000, 0x0000000090800000, 0x0000000090800000|100%| O|  |TAMS 0x0000000090800000| PB 0x0000000090700000| Untracked 
| 264|0x0000000090800000, 0x0000000090900000, 0x0000000090900000|100%| O|  |TAMS 0x0000000090900000| PB 0x0000000090800000| Untracked 
| 265|0x0000000090900000, 0x0000000090a00000, 0x0000000090a00000|100%| O|  |TAMS 0x0000000090a00000| PB 0x0000000090900000| Untracked 
| 266|0x0000000090a00000, 0x0000000090b00000, 0x0000000090b00000|100%| O|  |TAMS 0x0000000090b00000| PB 0x0000000090a00000| Untracked 
| 267|0x0000000090b00000, 0x0000000090c00000, 0x0000000090c00000|100%| O|  |TAMS 0x0000000090c00000| PB 0x0000000090b00000| Untracked 
| 268|0x0000000090c00000, 0x0000000090d00000, 0x0000000090d00000|100%| O|  |TAMS 0x0000000090d00000| PB 0x0000000090c00000| Untracked 
| 269|0x0000000090d00000, 0x0000000090e00000, 0x0000000090e00000|100%| O|  |TAMS 0x0000000090e00000| PB 0x0000000090d00000| Untracked 
| 270|0x0000000090e00000, 0x0000000090f00000, 0x0000000090f00000|100%| O|  |TAMS 0x0000000090f00000| PB 0x0000000090e00000| Untracked 
| 271|0x0000000090f00000, 0x0000000091000000, 0x0000000091000000|100%| O|  |TAMS 0x0000000091000000| PB 0x0000000090f00000| Untracked 
| 272|0x0000000091000000, 0x0000000091100000, 0x0000000091100000|100%| O|  |TAMS 0x0000000091100000| PB 0x0000000091000000| Untracked 
| 273|0x0000000091100000, 0x0000000091200000, 0x0000000091200000|100%| O|  |TAMS 0x0000000091200000| PB 0x0000000091100000| Untracked 
| 274|0x0000000091200000, 0x0000000091300000, 0x0000000091300000|100%| O|  |TAMS 0x0000000091300000| PB 0x0000000091200000| Untracked 
| 275|0x0000000091300000, 0x0000000091400000, 0x0000000091400000|100%| O|  |TAMS 0x0000000091400000| PB 0x0000000091300000| Untracked 
| 276|0x0000000091400000, 0x0000000091500000, 0x0000000091500000|100%| O|  |TAMS 0x0000000091500000| PB 0x0000000091400000| Untracked 
| 277|0x0000000091500000, 0x0000000091600000, 0x0000000091600000|100%| O|  |TAMS 0x0000000091600000| PB 0x0000000091500000| Untracked 
| 278|0x0000000091600000, 0x0000000091700000, 0x0000000091700000|100%| O|  |TAMS 0x0000000091700000| PB 0x0000000091600000| Untracked 
| 279|0x0000000091700000, 0x0000000091800000, 0x0000000091800000|100%| O|  |TAMS 0x0000000091800000| PB 0x0000000091700000| Untracked 
| 280|0x0000000091800000, 0x0000000091900000, 0x0000000091900000|100%| O|  |TAMS 0x0000000091900000| PB 0x0000000091800000| Untracked 
| 281|0x0000000091900000, 0x0000000091a00000, 0x0000000091a00000|100%| O|  |TAMS 0x0000000091a00000| PB 0x0000000091900000| Untracked 
| 282|0x0000000091a00000, 0x0000000091b00000, 0x0000000091b00000|100%| O|  |TAMS 0x0000000091b00000| PB 0x0000000091a00000| Untracked 
| 283|0x0000000091b00000, 0x0000000091c00000, 0x0000000091c00000|100%| O|  |TAMS 0x0000000091c00000| PB 0x0000000091b00000| Untracked 
| 284|0x0000000091c00000, 0x0000000091d00000, 0x0000000091d00000|100%| O|  |TAMS 0x0000000091d00000| PB 0x0000000091c00000| Untracked 
| 285|0x0000000091d00000, 0x0000000091e00000, 0x0000000091e00000|100%| O|  |TAMS 0x0000000091e00000| PB 0x0000000091d00000| Untracked 
| 286|0x0000000091e00000, 0x0000000091f00000, 0x0000000091f00000|100%| O|  |TAMS 0x0000000091f00000| PB 0x0000000091e00000| Untracked 
| 287|0x0000000091f00000, 0x0000000092000000, 0x0000000092000000|100%| O|  |TAMS 0x0000000092000000| PB 0x0000000091f00000| Untracked 
| 288|0x0000000092000000, 0x0000000092100000, 0x0000000092100000|100%| O|  |TAMS 0x0000000092100000| PB 0x0000000092000000| Untracked 
| 289|0x0000000092100000, 0x0000000092200000, 0x0000000092200000|100%| O|  |TAMS 0x0000000092200000| PB 0x0000000092100000| Untracked 
| 290|0x0000000092200000, 0x0000000092300000, 0x0000000092300000|100%| O|  |TAMS 0x0000000092300000| PB 0x0000000092200000| Untracked 
| 291|0x0000000092300000, 0x0000000092400000, 0x0000000092400000|100%| O|  |TAMS 0x0000000092400000| PB 0x0000000092300000| Untracked 
| 292|0x0000000092400000, 0x0000000092500000, 0x0000000092500000|100%| O|  |TAMS 0x0000000092500000| PB 0x0000000092400000| Untracked 
| 293|0x0000000092500000, 0x0000000092600000, 0x0000000092600000|100%| O|  |TAMS 0x0000000092600000| PB 0x0000000092500000| Untracked 
| 294|0x0000000092600000, 0x0000000092700000, 0x0000000092700000|100%| O|  |TAMS 0x0000000092700000| PB 0x0000000092600000| Untracked 
| 295|0x0000000092700000, 0x0000000092800000, 0x0000000092800000|100%| O|  |TAMS 0x0000000092800000| PB 0x0000000092700000| Untracked 
| 296|0x0000000092800000, 0x0000000092900000, 0x0000000092900000|100%| O|  |TAMS 0x0000000092900000| PB 0x0000000092800000| Untracked 
| 297|0x0000000092900000, 0x0000000092a00000, 0x0000000092a00000|100%| O|  |TAMS 0x0000000092a00000| PB 0x0000000092900000| Untracked 
| 298|0x0000000092a00000, 0x0000000092b00000, 0x0000000092b00000|100%| O|  |TAMS 0x0000000092b00000| PB 0x0000000092a00000| Untracked 
| 299|0x0000000092b00000, 0x0000000092c00000, 0x0000000092c00000|100%| O|  |TAMS 0x0000000092c00000| PB 0x0000000092b00000| Untracked 
| 300|0x0000000092c00000, 0x0000000092d00000, 0x0000000092d00000|100%| O|  |TAMS 0x0000000092c00000| PB 0x0000000092c00000| Untracked 
| 301|0x0000000092d00000, 0x0000000092e00000, 0x0000000092e00000|100%| O|  |TAMS 0x0000000092d00000| PB 0x0000000092d00000| Untracked 
| 302|0x0000000092e00000, 0x0000000092f00000, 0x0000000092f00000|100%| O|  |TAMS 0x0000000092e00000| PB 0x0000000092e00000| Untracked 
| 303|0x0000000092f00000, 0x0000000093000000, 0x0000000093000000|100%| O|  |TAMS 0x0000000092f00000| PB 0x0000000092f00000| Untracked 
| 304|0x0000000093000000, 0x0000000093100000, 0x0000000093100000|100%| O|  |TAMS 0x0000000093000000| PB 0x0000000093000000| Untracked 
| 305|0x0000000093100000, 0x0000000093200000, 0x0000000093200000|100%| O|  |TAMS 0x0000000093100000| PB 0x0000000093100000| Untracked 
| 306|0x0000000093200000, 0x0000000093300000, 0x0000000093300000|100%| O|  |TAMS 0x0000000093200000| PB 0x0000000093200000| Untracked 
| 307|0x0000000093300000, 0x0000000093400000, 0x0000000093400000|100%| O|  |TAMS 0x0000000093300000| PB 0x0000000093300000| Untracked 
| 308|0x0000000093400000, 0x0000000093400000, 0x0000000093500000|  0%| F|  |TAMS 0x0000000093400000| PB 0x0000000093400000| Untracked 
| 309|0x0000000093500000, 0x0000000093500000, 0x0000000093600000|  0%| F|  |TAMS 0x0000000093500000| PB 0x0000000093500000| Untracked 
| 310|0x0000000093600000, 0x0000000093600000, 0x0000000093700000|  0%| F|  |TAMS 0x0000000093600000| PB 0x0000000093600000| Untracked 
| 311|0x0000000093700000, 0x0000000093700000, 0x0000000093800000|  0%| F|  |TAMS 0x0000000093700000| PB 0x0000000093700000| Untracked 
| 312|0x0000000093800000, 0x0000000093800000, 0x0000000093900000|  0%| F|  |TAMS 0x0000000093800000| PB 0x0000000093800000| Untracked 
| 313|0x0000000093900000, 0x0000000093900000, 0x0000000093a00000|  0%| F|  |TAMS 0x0000000093900000| PB 0x0000000093900000| Untracked 
| 314|0x0000000093a00000, 0x0000000093a00000, 0x0000000093b00000|  0%| F|  |TAMS 0x0000000093a00000| PB 0x0000000093a00000| Untracked 
| 315|0x0000000093b00000, 0x0000000093b00000, 0x0000000093c00000|  0%| F|  |TAMS 0x0000000093b00000| PB 0x0000000093b00000| Untracked 
| 316|0x0000000093c00000, 0x0000000093c00000, 0x0000000093d00000|  0%| F|  |TAMS 0x0000000093c00000| PB 0x0000000093c00000| Untracked 
| 317|0x0000000093d00000, 0x0000000093d00000, 0x0000000093e00000|  0%| F|  |TAMS 0x0000000093d00000| PB 0x0000000093d00000| Untracked 
| 318|0x0000000093e00000, 0x0000000093e00000, 0x0000000093f00000|  0%| F|  |TAMS 0x0000000093e00000| PB 0x0000000093e00000| Untracked 
| 319|0x0000000093f00000, 0x0000000093f00000, 0x0000000094000000|  0%| F|  |TAMS 0x0000000093f00000| PB 0x0000000093f00000| Untracked 
| 320|0x0000000094000000, 0x0000000094000000, 0x0000000094100000|  0%| F|  |TAMS 0x0000000094000000| PB 0x0000000094000000| Untracked 
| 321|0x0000000094100000, 0x0000000094100000, 0x0000000094200000|  0%| F|  |TAMS 0x0000000094100000| PB 0x0000000094100000| Untracked 
| 322|0x0000000094200000, 0x0000000094200000, 0x0000000094300000|  0%| F|  |TAMS 0x0000000094200000| PB 0x0000000094200000| Untracked 
| 323|0x0000000094300000, 0x0000000094300000, 0x0000000094400000|  0%| F|  |TAMS 0x0000000094300000| PB 0x0000000094300000| Untracked 
| 324|0x0000000094400000, 0x0000000094400000, 0x0000000094500000|  0%| F|  |TAMS 0x0000000094400000| PB 0x0000000094400000| Untracked 
| 325|0x0000000094500000, 0x0000000094500000, 0x0000000094600000|  0%| F|  |TAMS 0x0000000094500000| PB 0x0000000094500000| Untracked 
| 326|0x0000000094600000, 0x0000000094600000, 0x0000000094700000|  0%| F|  |TAMS 0x0000000094600000| PB 0x0000000094600000| Untracked 
| 327|0x0000000094700000, 0x0000000094700000, 0x0000000094800000|  0%| F|  |TAMS 0x0000000094700000| PB 0x0000000094700000| Untracked 
| 328|0x0000000094800000, 0x0000000094800000, 0x0000000094900000|  0%| F|  |TAMS 0x0000000094800000| PB 0x0000000094800000| Untracked 
| 329|0x0000000094900000, 0x0000000094900000, 0x0000000094a00000|  0%| F|  |TAMS 0x0000000094900000| PB 0x0000000094900000| Untracked 
| 330|0x0000000094a00000, 0x0000000094a00000, 0x0000000094b00000|  0%| F|  |TAMS 0x0000000094a00000| PB 0x0000000094a00000| Untracked 
| 331|0x0000000094b00000, 0x0000000094b00000, 0x0000000094c00000|  0%| F|  |TAMS 0x0000000094b00000| PB 0x0000000094b00000| Untracked 
| 332|0x0000000094c00000, 0x0000000094c00000, 0x0000000094d00000|  0%| F|  |TAMS 0x0000000094c00000| PB 0x0000000094c00000| Untracked 
| 333|0x0000000094d00000, 0x0000000094d00000, 0x0000000094e00000|  0%| F|  |TAMS 0x0000000094d00000| PB 0x0000000094d00000| Untracked 
| 334|0x0000000094e00000, 0x0000000094e00000, 0x0000000094f00000|  0%| F|  |TAMS 0x0000000094e00000| PB 0x0000000094e00000| Untracked 
| 335|0x0000000094f00000, 0x0000000094f00000, 0x0000000095000000|  0%| F|  |TAMS 0x0000000094f00000| PB 0x0000000094f00000| Untracked 
| 336|0x0000000095000000, 0x0000000095000000, 0x0000000095100000|  0%| F|  |TAMS 0x0000000095000000| PB 0x0000000095000000| Untracked 
| 337|0x0000000095100000, 0x0000000095100000, 0x0000000095200000|  0%| F|  |TAMS 0x0000000095100000| PB 0x0000000095100000| Untracked 
| 338|0x0000000095200000, 0x0000000095200000, 0x0000000095300000|  0%| F|  |TAMS 0x0000000095200000| PB 0x0000000095200000| Untracked 
| 339|0x0000000095300000, 0x0000000095300000, 0x0000000095400000|  0%| F|  |TAMS 0x0000000095300000| PB 0x0000000095300000| Untracked 
| 340|0x0000000095400000, 0x0000000095400000, 0x0000000095500000|  0%| F|  |TAMS 0x0000000095400000| PB 0x0000000095400000| Untracked 
| 341|0x0000000095500000, 0x0000000095500000, 0x0000000095600000|  0%| F|  |TAMS 0x0000000095500000| PB 0x0000000095500000| Untracked 
| 342|0x0000000095600000, 0x0000000095600000, 0x0000000095700000|  0%| F|  |TAMS 0x0000000095600000| PB 0x0000000095600000| Untracked 
| 343|0x0000000095700000, 0x0000000095700000, 0x0000000095800000|  0%| F|  |TAMS 0x0000000095700000| PB 0x0000000095700000| Untracked 
| 344|0x0000000095800000, 0x0000000095800000, 0x0000000095900000|  0%| F|  |TAMS 0x0000000095800000| PB 0x0000000095800000| Untracked 
| 345|0x0000000095900000, 0x0000000095900000, 0x0000000095a00000|  0%| F|  |TAMS 0x0000000095900000| PB 0x0000000095900000| Untracked 
| 346|0x0000000095a00000, 0x0000000095a00000, 0x0000000095b00000|  0%| F|  |TAMS 0x0000000095a00000| PB 0x0000000095a00000| Untracked 
| 347|0x0000000095b00000, 0x0000000095b00000, 0x0000000095c00000|  0%| F|  |TAMS 0x0000000095b00000| PB 0x0000000095b00000| Untracked 
| 348|0x0000000095c00000, 0x0000000095c00000, 0x0000000095d00000|  0%| F|  |TAMS 0x0000000095c00000| PB 0x0000000095c00000| Untracked 
| 349|0x0000000095d00000, 0x0000000095d00000, 0x0000000095e00000|  0%| F|  |TAMS 0x0000000095d00000| PB 0x0000000095d00000| Untracked 
| 350|0x0000000095e00000, 0x0000000095e00000, 0x0000000095f00000|  0%| F|  |TAMS 0x0000000095e00000| PB 0x0000000095e00000| Untracked 
| 351|0x0000000095f00000, 0x0000000095f00000, 0x0000000096000000|  0%| F|  |TAMS 0x0000000095f00000| PB 0x0000000095f00000| Untracked 
| 352|0x0000000096000000, 0x0000000096000000, 0x0000000096100000|  0%| F|  |TAMS 0x0000000096000000| PB 0x0000000096000000| Untracked 
| 353|0x0000000096100000, 0x0000000096100000, 0x0000000096200000|  0%| F|  |TAMS 0x0000000096100000| PB 0x0000000096100000| Untracked 
| 354|0x0000000096200000, 0x0000000096200000, 0x0000000096300000|  0%| F|  |TAMS 0x0000000096200000| PB 0x0000000096200000| Untracked 
| 355|0x0000000096300000, 0x0000000096300000, 0x0000000096400000|  0%| F|  |TAMS 0x0000000096300000| PB 0x0000000096300000| Untracked 
| 356|0x0000000096400000, 0x0000000096400000, 0x0000000096500000|  0%| F|  |TAMS 0x0000000096400000| PB 0x0000000096400000| Untracked 
| 357|0x0000000096500000, 0x0000000096500000, 0x0000000096600000|  0%| F|  |TAMS 0x0000000096500000| PB 0x0000000096500000| Untracked 
| 358|0x0000000096600000, 0x0000000096600000, 0x0000000096700000|  0%| F|  |TAMS 0x0000000096600000| PB 0x0000000096600000| Untracked 
| 359|0x0000000096700000, 0x0000000096700000, 0x0000000096800000|  0%| F|  |TAMS 0x0000000096700000| PB 0x0000000096700000| Untracked 
| 360|0x0000000096800000, 0x0000000096800000, 0x0000000096900000|  0%| F|  |TAMS 0x0000000096800000| PB 0x0000000096800000| Untracked 
| 361|0x0000000096900000, 0x0000000096900000, 0x0000000096a00000|  0%| F|  |TAMS 0x0000000096900000| PB 0x0000000096900000| Untracked 
| 362|0x0000000096a00000, 0x0000000096a00000, 0x0000000096b00000|  0%| F|  |TAMS 0x0000000096a00000| PB 0x0000000096a00000| Untracked 
| 363|0x0000000096b00000, 0x0000000096b00000, 0x0000000096c00000|  0%| F|  |TAMS 0x0000000096b00000| PB 0x0000000096b00000| Untracked 
| 364|0x0000000096c00000, 0x0000000096c00000, 0x0000000096d00000|  0%| F|  |TAMS 0x0000000096c00000| PB 0x0000000096c00000| Untracked 
| 365|0x0000000096d00000, 0x0000000096d00000, 0x0000000096e00000|  0%| F|  |TAMS 0x0000000096d00000| PB 0x0000000096d00000| Untracked 
| 366|0x0000000096e00000, 0x0000000096e00000, 0x0000000096f00000|  0%| F|  |TAMS 0x0000000096e00000| PB 0x0000000096e00000| Untracked 
| 367|0x0000000096f00000, 0x0000000096f00000, 0x0000000097000000|  0%| F|  |TAMS 0x0000000096f00000| PB 0x0000000096f00000| Untracked 
| 368|0x0000000097000000, 0x0000000097000000, 0x0000000097100000|  0%| F|  |TAMS 0x0000000097000000| PB 0x0000000097000000| Untracked 
| 369|0x0000000097100000, 0x0000000097100000, 0x0000000097200000|  0%| F|  |TAMS 0x0000000097100000| PB 0x0000000097100000| Untracked 
| 370|0x0000000097200000, 0x0000000097200000, 0x0000000097300000|  0%| F|  |TAMS 0x0000000097200000| PB 0x0000000097200000| Untracked 
| 371|0x0000000097300000, 0x0000000097300000, 0x0000000097400000|  0%| F|  |TAMS 0x0000000097300000| PB 0x0000000097300000| Untracked 
| 372|0x0000000097400000, 0x0000000097400000, 0x0000000097500000|  0%| F|  |TAMS 0x0000000097400000| PB 0x0000000097400000| Untracked 
| 373|0x0000000097500000, 0x0000000097500000, 0x0000000097600000|  0%| F|  |TAMS 0x0000000097500000| PB 0x0000000097500000| Untracked 
| 374|0x0000000097600000, 0x0000000097600000, 0x0000000097700000|  0%| F|  |TAMS 0x0000000097600000| PB 0x0000000097600000| Untracked 
| 375|0x0000000097700000, 0x0000000097700000, 0x0000000097800000|  0%| F|  |TAMS 0x0000000097700000| PB 0x0000000097700000| Untracked 
| 376|0x0000000097800000, 0x0000000097800000, 0x0000000097900000|  0%| F|  |TAMS 0x0000000097800000| PB 0x0000000097800000| Untracked 
| 377|0x0000000097900000, 0x0000000097900000, 0x0000000097a00000|  0%| F|  |TAMS 0x0000000097900000| PB 0x0000000097900000| Untracked 
| 378|0x0000000097a00000, 0x0000000097a00000, 0x0000000097b00000|  0%| F|  |TAMS 0x0000000097a00000| PB 0x0000000097a00000| Untracked 
| 379|0x0000000097b00000, 0x0000000097b00000, 0x0000000097c00000|  0%| F|  |TAMS 0x0000000097b00000| PB 0x0000000097b00000| Untracked 
| 380|0x0000000097c00000, 0x0000000097c00000, 0x0000000097d00000|  0%| F|  |TAMS 0x0000000097c00000| PB 0x0000000097c00000| Untracked 
| 381|0x0000000097d00000, 0x0000000097d00000, 0x0000000097e00000|  0%| F|  |TAMS 0x0000000097d00000| PB 0x0000000097d00000| Untracked 
| 382|0x0000000097e00000, 0x0000000097e00000, 0x0000000097f00000|  0%| F|  |TAMS 0x0000000097e00000| PB 0x0000000097e00000| Untracked 
| 383|0x0000000097f00000, 0x0000000098000000, 0x0000000098000000|100%| S|CS|TAMS 0x0000000097f00000| PB 0x0000000097f00000| Complete 
| 384|0x0000000098000000, 0x0000000098100000, 0x0000000098100000|100%| S|CS|TAMS 0x0000000098000000| PB 0x0000000098000000| Complete 
| 385|0x0000000098100000, 0x0000000098200000, 0x0000000098200000|100%| S|CS|TAMS 0x0000000098100000| PB 0x0000000098100000| Complete 
| 386|0x0000000098200000, 0x0000000098300000, 0x0000000098300000|100%| S|CS|TAMS 0x0000000098200000| PB 0x0000000098200000| Complete 
| 387|0x0000000098300000, 0x0000000098400000, 0x0000000098400000|100%| S|CS|TAMS 0x0000000098300000| PB 0x0000000098300000| Complete 
| 388|0x0000000098400000, 0x0000000098500000, 0x0000000098500000|100%| S|CS|TAMS 0x0000000098400000| PB 0x0000000098400000| Complete 
| 389|0x0000000098500000, 0x0000000098600000, 0x0000000098600000|100%| S|CS|TAMS 0x0000000098500000| PB 0x0000000098500000| Complete 
| 390|0x0000000098600000, 0x0000000098600000, 0x0000000098700000|  0%| F|  |TAMS 0x0000000098600000| PB 0x0000000098600000| Untracked 
| 391|0x0000000098700000, 0x0000000098700000, 0x0000000098800000|  0%| F|  |TAMS 0x0000000098700000| PB 0x0000000098700000| Untracked 
| 392|0x0000000098800000, 0x0000000098800000, 0x0000000098900000|  0%| F|  |TAMS 0x0000000098800000| PB 0x0000000098800000| Untracked 
| 393|0x0000000098900000, 0x0000000098900000, 0x0000000098a00000|  0%| F|  |TAMS 0x0000000098900000| PB 0x0000000098900000| Untracked 
| 394|0x0000000098a00000, 0x0000000098a00000, 0x0000000098b00000|  0%| F|  |TAMS 0x0000000098a00000| PB 0x0000000098a00000| Untracked 
| 395|0x0000000098b00000, 0x0000000098b00000, 0x0000000098c00000|  0%| F|  |TAMS 0x0000000098b00000| PB 0x0000000098b00000| Untracked 
| 396|0x0000000098c00000, 0x0000000098c00000, 0x0000000098d00000|  0%| F|  |TAMS 0x0000000098c00000| PB 0x0000000098c00000| Untracked 
| 397|0x0000000098d00000, 0x0000000098d00000, 0x0000000098e00000|  0%| F|  |TAMS 0x0000000098d00000| PB 0x0000000098d00000| Untracked 
| 398|0x0000000098e00000, 0x0000000098e00000, 0x0000000098f00000|  0%| F|  |TAMS 0x0000000098e00000| PB 0x0000000098e00000| Untracked 
| 399|0x0000000098f00000, 0x0000000098f00000, 0x0000000099000000|  0%| F|  |TAMS 0x0000000098f00000| PB 0x0000000098f00000| Untracked 
| 400|0x0000000099000000, 0x0000000099000000, 0x0000000099100000|  0%| F|  |TAMS 0x0000000099000000| PB 0x0000000099000000| Untracked 
| 401|0x0000000099100000, 0x0000000099100000, 0x0000000099200000|  0%| F|  |TAMS 0x0000000099100000| PB 0x0000000099100000| Untracked 
| 402|0x0000000099200000, 0x0000000099200000, 0x0000000099300000|  0%| F|  |TAMS 0x0000000099200000| PB 0x0000000099200000| Untracked 
| 403|0x0000000099300000, 0x0000000099300000, 0x0000000099400000|  0%| F|  |TAMS 0x0000000099300000| PB 0x0000000099300000| Untracked 
| 404|0x0000000099400000, 0x0000000099400000, 0x0000000099500000|  0%| F|  |TAMS 0x0000000099400000| PB 0x0000000099400000| Untracked 
| 405|0x0000000099500000, 0x0000000099500000, 0x0000000099600000|  0%| F|  |TAMS 0x0000000099500000| PB 0x0000000099500000| Untracked 
| 406|0x0000000099600000, 0x0000000099600000, 0x0000000099700000|  0%| F|  |TAMS 0x0000000099600000| PB 0x0000000099600000| Untracked 
| 407|0x0000000099700000, 0x0000000099700000, 0x0000000099800000|  0%| F|  |TAMS 0x0000000099700000| PB 0x0000000099700000| Untracked 
| 408|0x0000000099800000, 0x0000000099800000, 0x0000000099900000|  0%| F|  |TAMS 0x0000000099800000| PB 0x0000000099800000| Untracked 
| 409|0x0000000099900000, 0x0000000099900000, 0x0000000099a00000|  0%| F|  |TAMS 0x0000000099900000| PB 0x0000000099900000| Untracked 
| 410|0x0000000099a00000, 0x0000000099a00000, 0x0000000099b00000|  0%| F|  |TAMS 0x0000000099a00000| PB 0x0000000099a00000| Untracked 
| 411|0x0000000099b00000, 0x0000000099b00000, 0x0000000099c00000|  0%| F|  |TAMS 0x0000000099b00000| PB 0x0000000099b00000| Untracked 
| 412|0x0000000099c00000, 0x0000000099c00000, 0x0000000099d00000|  0%| F|  |TAMS 0x0000000099c00000| PB 0x0000000099c00000| Untracked 
| 413|0x0000000099d00000, 0x0000000099d00000, 0x0000000099e00000|  0%| F|  |TAMS 0x0000000099d00000| PB 0x0000000099d00000| Untracked 
| 414|0x0000000099e00000, 0x0000000099e00000, 0x0000000099f00000|  0%| F|  |TAMS 0x0000000099e00000| PB 0x0000000099e00000| Untracked 
| 415|0x0000000099f00000, 0x0000000099f00000, 0x000000009a000000|  0%| F|  |TAMS 0x0000000099f00000| PB 0x0000000099f00000| Untracked 
| 416|0x000000009a000000, 0x000000009a000000, 0x000000009a100000|  0%| F|  |TAMS 0x000000009a000000| PB 0x000000009a000000| Untracked 
| 417|0x000000009a100000, 0x000000009a100000, 0x000000009a200000|  0%| F|  |TAMS 0x000000009a100000| PB 0x000000009a100000| Untracked 
| 418|0x000000009a200000, 0x000000009a200000, 0x000000009a300000|  0%| F|  |TAMS 0x000000009a200000| PB 0x000000009a200000| Untracked 
| 419|0x000000009a300000, 0x000000009a300000, 0x000000009a400000|  0%| F|  |TAMS 0x000000009a300000| PB 0x000000009a300000| Untracked 
| 420|0x000000009a400000, 0x000000009a400000, 0x000000009a500000|  0%| F|  |TAMS 0x000000009a400000| PB 0x000000009a400000| Untracked 
| 421|0x000000009a500000, 0x000000009a500000, 0x000000009a600000|  0%| F|  |TAMS 0x000000009a500000| PB 0x000000009a500000| Untracked 
| 422|0x000000009a600000, 0x000000009a600000, 0x000000009a700000|  0%| F|  |TAMS 0x000000009a600000| PB 0x000000009a600000| Untracked 
| 423|0x000000009a700000, 0x000000009a700000, 0x000000009a800000|  0%| F|  |TAMS 0x000000009a700000| PB 0x000000009a700000| Untracked 
| 424|0x000000009a800000, 0x000000009a800000, 0x000000009a900000|  0%| F|  |TAMS 0x000000009a800000| PB 0x000000009a800000| Untracked 
| 425|0x000000009a900000, 0x000000009a900000, 0x000000009aa00000|  0%| F|  |TAMS 0x000000009a900000| PB 0x000000009a900000| Untracked 
| 426|0x000000009aa00000, 0x000000009aa00000, 0x000000009ab00000|  0%| F|  |TAMS 0x000000009aa00000| PB 0x000000009aa00000| Untracked 
| 427|0x000000009ab00000, 0x000000009ab00000, 0x000000009ac00000|  0%| F|  |TAMS 0x000000009ab00000| PB 0x000000009ab00000| Untracked 
| 428|0x000000009ac00000, 0x000000009ac00000, 0x000000009ad00000|  0%| F|  |TAMS 0x000000009ac00000| PB 0x000000009ac00000| Untracked 
| 429|0x000000009ad00000, 0x000000009ad00000, 0x000000009ae00000|  0%| F|  |TAMS 0x000000009ad00000| PB 0x000000009ad00000| Untracked 
| 430|0x000000009ae00000, 0x000000009ae00000, 0x000000009af00000|  0%| F|  |TAMS 0x000000009ae00000| PB 0x000000009ae00000| Untracked 
| 431|0x000000009af00000, 0x000000009af00000, 0x000000009b000000|  0%| F|  |TAMS 0x000000009af00000| PB 0x000000009af00000| Untracked 
| 432|0x000000009b000000, 0x000000009b000000, 0x000000009b100000|  0%| F|  |TAMS 0x000000009b000000| PB 0x000000009b000000| Untracked 
| 433|0x000000009b100000, 0x000000009b100000, 0x000000009b200000|  0%| F|  |TAMS 0x000000009b100000| PB 0x000000009b100000| Untracked 
| 434|0x000000009b200000, 0x000000009b200000, 0x000000009b300000|  0%| F|  |TAMS 0x000000009b200000| PB 0x000000009b200000| Untracked 
| 435|0x000000009b300000, 0x000000009b300000, 0x000000009b400000|  0%| F|  |TAMS 0x000000009b300000| PB 0x000000009b300000| Untracked 
| 436|0x000000009b400000, 0x000000009b400000, 0x000000009b500000|  0%| F|  |TAMS 0x000000009b400000| PB 0x000000009b400000| Untracked 
| 437|0x000000009b500000, 0x000000009b500000, 0x000000009b600000|  0%| F|  |TAMS 0x000000009b500000| PB 0x000000009b500000| Untracked 
| 438|0x000000009b600000, 0x000000009b600000, 0x000000009b700000|  0%| F|  |TAMS 0x000000009b600000| PB 0x000000009b600000| Untracked 
|2018|0x00000000fe200000, 0x00000000fe300000, 0x00000000fe300000|100%| O|  |TAMS 0x00000000fe300000| PB 0x00000000fe200000| Untracked 
|2019|0x00000000fe300000, 0x00000000fe400000, 0x00000000fe400000|100%| O|  |TAMS 0x00000000fe400000| PB 0x00000000fe300000| Untracked 
|2020|0x00000000fe400000, 0x00000000fe500000, 0x00000000fe500000|100%| O|  |TAMS 0x00000000fe500000| PB 0x00000000fe400000| Untracked 
|2021|0x00000000fe500000, 0x00000000fe600000, 0x00000000fe600000|100%| O|  |TAMS 0x00000000fe600000| PB 0x00000000fe500000| Untracked 
|2022|0x00000000fe600000, 0x00000000fe700000, 0x00000000fe700000|100%| O|  |TAMS 0x00000000fe700000| PB 0x00000000fe600000| Untracked 
|2023|0x00000000fe700000, 0x00000000fe800000, 0x00000000fe800000|100%| O|  |TAMS 0x00000000fe800000| PB 0x00000000fe700000| Untracked 
|2024|0x00000000fe800000, 0x00000000fe900000, 0x00000000fe900000|100%| O|  |TAMS 0x00000000fe900000| PB 0x00000000fe800000| Untracked 
|2025|0x00000000fe900000, 0x00000000fea00000, 0x00000000fea00000|100%| O|  |TAMS 0x00000000fea00000| PB 0x00000000fe900000| Untracked 
|2026|0x00000000fea00000, 0x00000000feb00000, 0x00000000feb00000|100%| O|  |TAMS 0x00000000feb00000| PB 0x00000000fea00000| Untracked 
|2027|0x00000000feb00000, 0x00000000fec00000, 0x00000000fec00000|100%| O|  |TAMS 0x00000000fec00000| PB 0x00000000feb00000| Untracked 
|2028|0x00000000fec00000, 0x00000000fed00000, 0x00000000fed00000|100%| O|  |TAMS 0x00000000fed00000| PB 0x00000000fec00000| Untracked 
|2029|0x00000000fed00000, 0x00000000fee00000, 0x00000000fee00000|100%| O|  |TAMS 0x00000000fee00000| PB 0x00000000fed00000| Untracked 
|2030|0x00000000fee00000, 0x00000000fef00000, 0x00000000fef00000|100%| O|  |TAMS 0x00000000fef00000| PB 0x00000000fee00000| Untracked 
|2031|0x00000000fef00000, 0x00000000ff000000, 0x00000000ff000000|100%| O|  |TAMS 0x00000000ff000000| PB 0x00000000fef00000| Untracked 
|2032|0x00000000ff000000, 0x00000000ff000000, 0x00000000ff100000|  0%| F|  |TAMS 0x00000000ff000000| PB 0x00000000ff000000| Untracked 
|2033|0x00000000ff100000, 0x00000000ff100000, 0x00000000ff200000|  0%| F|  |TAMS 0x00000000ff100000| PB 0x00000000ff100000| Untracked 
|2034|0x00000000ff200000, 0x00000000ff200000, 0x00000000ff300000|  0%| F|  |TAMS 0x00000000ff200000| PB 0x00000000ff200000| Untracked 
|2035|0x00000000ff300000, 0x00000000ff300000, 0x00000000ff400000|  0%| F|  |TAMS 0x00000000ff300000| PB 0x00000000ff300000| Untracked 
|2036|0x00000000ff400000, 0x00000000ff400000, 0x00000000ff500000|  0%| F|  |TAMS 0x00000000ff400000| PB 0x00000000ff400000| Untracked 
|2037|0x00000000ff500000, 0x00000000ff500000, 0x00000000ff600000|  0%| F|  |TAMS 0x00000000ff500000| PB 0x00000000ff500000| Untracked 
|2038|0x00000000ff600000, 0x00000000ff700000, 0x00000000ff700000|100%| O|  |TAMS 0x00000000ff700000| PB 0x00000000ff600000| Untracked 
|2039|0x00000000ff700000, 0x00000000ff800000, 0x00000000ff800000|100%| O|  |TAMS 0x00000000ff800000| PB 0x00000000ff700000| Untracked 
|2040|0x00000000ff800000, 0x00000000ff900000, 0x00000000ff900000|100%| O|  |TAMS 0x00000000ff900000| PB 0x00000000ff800000| Untracked 
|2041|0x00000000ff900000, 0x00000000ffa00000, 0x00000000ffa00000|100%| O|  |TAMS 0x00000000ffa00000| PB 0x00000000ff900000| Untracked 
|2042|0x00000000ffa00000, 0x00000000ffb00000, 0x00000000ffb00000|100%| O|  |TAMS 0x00000000ffb00000| PB 0x00000000ffa00000| Untracked 
|2043|0x00000000ffb00000, 0x00000000ffc00000, 0x00000000ffc00000|100%| O|  |TAMS 0x00000000ffc00000| PB 0x00000000ffb00000| Untracked 
|2044|0x00000000ffc00000, 0x00000000ffd00000, 0x00000000ffd00000|100%| O|  |TAMS 0x00000000ffd00000| PB 0x00000000ffc00000| Untracked 
|2045|0x00000000ffd00000, 0x00000000ffe00000, 0x00000000ffe00000|100%| O|  |TAMS 0x00000000ffe00000| PB 0x00000000ffd00000| Untracked 
|2046|0x00000000ffe00000, 0x00000000fff00000, 0x00000000fff00000|100%| O|  |TAMS 0x00000000fff00000| PB 0x00000000ffe00000| Untracked 
|2047|0x00000000fff00000, 0x0000000100000000, 0x0000000100000000|100%| O|  |TAMS 0x0000000100000000| PB 0x00000000fff00000| Untracked 

Card table byte_map: [0x0000028df9a80000,0x0000028df9e80000] _byte_map_base: 0x0000028df9680000

Marking Bits: (CMBitMap*) 0x0000028df43dd710
 Bits: [0x0000028df9e80000, 0x0000028dfbe80000)

Polling page: 0x0000028df5cf0000

Metaspace:

Usage:
  Non-class:    129.88 MB used.
      Class:     19.08 MB used.
       Both:    148.96 MB used.

Virtual space:
  Non-class space:      192.00 MB reserved,     131.12 MB ( 68%) committed,  3 nodes.
      Class space:        1.00 GB reserved,      20.31 MB (  2%) committed,  1 nodes.
             Both:        1.19 GB reserved,     151.44 MB ( 12%) committed. 

Chunk freelists:
   Non-Class:  12.47 MB
       Class:  11.57 MB
        Both:  24.05 MB

MaxMetaspaceSize: unlimited
CompressedClassSpaceSize: 1.00 GB
Initial GC threshold: 21.00 MB
Current GC threshold: 251.88 MB
CDS: off
 - commit_granule_bytes: 65536.
 - commit_granule_words: 8192.
 - virtual_space_node_default_size: 8388608.
 - enlarge_chunks_in_place: 1.
 - use_allocation_guard: 0.


Internal statistics:

num_allocs_failed_limit: 15.
num_arena_births: 4682.
num_arena_deaths: 2.
num_vsnodes_births: 4.
num_vsnodes_deaths: 0.
num_space_committed: 2421.
num_space_uncommitted: 0.
num_chunks_returned_to_freelist: 18.
num_chunks_taken_from_freelist: 10927.
num_chunk_merges: 9.
num_chunk_splits: 7165.
num_chunks_enlarged: 4577.
num_inconsistent_stats: 0.

CodeHeap 'non-profiled nmethods': size=120000Kb used=13597Kb max_used=15529Kb free=106402Kb
 bounds [0x0000028d87ad0000, 0x0000028d88a00000, 0x0000028d8f000000]
CodeHeap 'profiled nmethods': size=120000Kb used=31527Kb max_used=38206Kb free=88473Kb
 bounds [0x0000028d80000000, 0x0000028d82560000, 0x0000028d87530000]
CodeHeap 'non-nmethods': size=5760Kb used=3338Kb max_used=3394Kb free=2422Kb
 bounds [0x0000028d87530000, 0x0000028d87890000, 0x0000028d87ad0000]
 total_blobs=16552 nmethods=15445 adapters=1009
 compilation: enabled
              stopped_count=0, restarted_count=0
 full_count=0

Compilation events (20 events):
Event: 86.618 Thread 0x0000028dfe551cc0 24029       3       com.sun.tools.javac.comp.Resolve$AbstractMethodCheck::argumentsAcceptable (288 bytes)
Event: 86.620 Thread 0x0000028dfe551cc0 nmethod 24029 0x0000028d80760110 code [0x0000028d80760460, 0x0000028d807622c8]
Event: 86.620 Thread 0x0000028dfe551cc0 24030       3       com.sun.tools.javac.comp.Resolve$InterfaceLookupPhase$1::update (19 bytes)
Event: 86.620 Thread 0x0000028dfe551cc0 nmethod 24030 0x0000028d80132c90 code [0x0000028d80132e40, 0x0000028d80133090]
Event: 86.620 Thread 0x0000028dfe551cc0 24031       3       com.sun.tools.javac.comp.Resolve$BasicLookupHelper::debug (26 bytes)
Event: 86.620 Thread 0x0000028dfe551cc0 nmethod 24031 0x0000028d803e5210 code [0x0000028d803e53c0, 0x0000028d803e5520]
Event: 86.620 Thread 0x0000028dfe551cc0 24032       3       com.sun.tools.javac.comp.Resolve::reportVerboseResolutionDiagnostic (481 bytes)
Event: 86.623 Thread 0x0000028dfe551cc0 nmethod 24032 0x0000028d80ed3310 code [0x0000028d80ed3880, 0x0000028d80ed6890]
Event: 86.623 Thread 0x0000028dfe551cc0 24033       3       com.sun.tools.javac.comp.Resolve$12::access (77 bytes)
Event: 86.623 Thread 0x0000028dfe551cc0 nmethod 24033 0x0000028d80431310 code [0x0000028d80431520, 0x0000028d80431b48]
Event: 86.648 Thread 0x0000028dfe551cc0 24034       3       com.sun.tools.javac.comp.Resolve$BasicLookupHelper::<init> (19 bytes)
Event: 86.649 Thread 0x0000028dfe551cc0 nmethod 24034 0x0000028d8036e090 code [0x0000028d8036e260, 0x0000028d8036e658]
Event: 86.649 Thread 0x0000028dfe551cc0 24035       3       com.sun.tools.javac.comp.Resolve::resolveQualifiedMethod (24 bytes)
Event: 86.649 Thread 0x0000028dfe551cc0 nmethod 24035 0x0000028d80382790 code [0x0000028d80382940, 0x0000028d80382b88]
Event: 86.655 Thread 0x0000028dfe551cc0 24036       3       com.sun.tools.javac.code.Type$JCPrimitiveType::cloneWithMetadata (6 bytes)
Event: 86.655 Thread 0x0000028dfe551cc0 nmethod 24036 0x0000028d803ffa10 code [0x0000028d803ffbc0, 0x0000028d803ffd78]
Event: 86.655 Thread 0x0000028dfe551cc0 24037       3       com.sun.tools.javac.code.Type$JCPrimitiveType::cloneWithMetadata (18 bytes)
Event: 86.656 Thread 0x0000028dfe551cc0 nmethod 24037 0x0000028d80180a90 code [0x0000028d80180cc0, 0x0000028d80181518]
Event: 86.658 Thread 0x0000028dfe551cc0 24039       3       com.sun.tools.javac.tree.TreeInfo::args (54 bytes)
Event: 86.658 Thread 0x0000028dfe551cc0 nmethod 24039 0x0000028d8074ac90 code [0x0000028d8074ae80, 0x0000028d8074b318]

GC Heap History (20 events):
Event: 32.921 GC heap after
{Heap after GC invocations=57 (full 0):
 garbage-first heap   total 384000K, used 192256K [0x0000000080000000, 0x0000000100000000)
  region size 1024K, 15 young (15360K), 15 survivors (15360K)
 Metaspace       used 128605K, committed 130944K, reserved 1179648K
  class space    used 16932K, committed 18112K, reserved 1048576K
}
Event: 33.362 GC heap before
{Heap before GC invocations=57 (full 0):
 garbage-first heap   total 384000K, used 345856K [0x0000000080000000, 0x0000000100000000)
  region size 1024K, 166 young (169984K), 15 survivors (15360K)
 Metaspace       used 128827K, committed 131200K, reserved 1179648K
  class space    used 16950K, committed 18112K, reserved 1048576K
}
Event: 33.373 GC heap after
{Heap after GC invocations=58 (full 0):
 garbage-first heap   total 384000K, used 191331K [0x0000000080000000, 0x0000000100000000)
  region size 1024K, 10 young (10240K), 10 survivors (10240K)
 Metaspace       used 128827K, committed 131200K, reserved 1179648K
  class space    used 16950K, committed 18112K, reserved 1048576K
}
Event: 79.330 GC heap before
{Heap before GC invocations=59 (full 0):
 garbage-first heap   total 384000K, used 337763K [0x0000000080000000, 0x0000000100000000)
  region size 1024K, 167 young (171008K), 10 survivors (10240K)
 Metaspace       used 133153K, committed 135616K, reserved 1179648K
  class space    used 17500K, committed 18752K, reserved 1048576K
}
Event: 79.419 GC heap after
{Heap after GC invocations=60 (full 0):
 garbage-first heap   total 384000K, used 184099K [0x0000000080000000, 0x0000000100000000)
  region size 1024K, 16 young (16384K), 16 survivors (16384K)
 Metaspace       used 133153K, committed 135616K, reserved 1179648K
  class space    used 17500K, committed 18752K, reserved 1048576K
}
Event: 82.274 GC heap before
{Heap before GC invocations=60 (full 0):
 garbage-first heap   total 384000K, used 354083K [0x0000000080000000, 0x0000000100000000)
  region size 1024K, 174 young (178176K), 16 survivors (16384K)
 Metaspace       used 142151K, committed 144704K, reserved 1179648K
  class space    used 18458K, committed 19712K, reserved 1048576K
}
Event: 82.314 GC heap after
{Heap after GC invocations=61 (full 0):
 garbage-first heap   total 386048K, used 194025K [0x0000000080000000, 0x0000000100000000)
  region size 1024K, 22 young (22528K), 22 survivors (22528K)
 Metaspace       used 142151K, committed 144704K, reserved 1179648K
  class space    used 18458K, committed 19712K, reserved 1048576K
}
Event: 82.836 GC heap before
{Heap before GC invocations=61 (full 0):
 garbage-first heap   total 386048K, used 218601K [0x0000000080000000, 0x0000000100000000)
  region size 1024K, 47 young (48128K), 22 survivors (22528K)
 Metaspace       used 142168K, committed 144704K, reserved 1179648K
  class space    used 18458K, committed 19712K, reserved 1048576K
}
Event: 82.864 GC heap after
{Heap after GC invocations=62 (full 0):
 garbage-first heap   total 386048K, used 203776K [0x0000000080000000, 0x0000000100000000)
  region size 1024K, 9 young (9216K), 9 survivors (9216K)
 Metaspace       used 142168K, committed 144704K, reserved 1179648K
  class space    used 18458K, committed 19712K, reserved 1048576K
}
Event: 84.104 GC heap before
{Heap before GC invocations=63 (full 0):
 garbage-first heap   total 386048K, used 324608K [0x0000000080000000, 0x0000000100000000)
  region size 1024K, 119 young (121856K), 9 survivors (9216K)
 Metaspace       used 143312K, committed 145792K, reserved 1179648K
  class space    used 18537K, committed 19776K, reserved 1048576K
}
Event: 84.126 GC heap after
{Heap after GC invocations=64 (full 0):
 garbage-first heap   total 386048K, used 225792K [0x0000000080000000, 0x0000000100000000)
  region size 1024K, 15 young (15360K), 15 survivors (15360K)
 Metaspace       used 143312K, committed 145792K, reserved 1179648K
  class space    used 18537K, committed 19776K, reserved 1048576K
}
Event: 84.818 GC heap before
{Heap before GC invocations=64 (full 0):
 garbage-first heap   total 386048K, used 329216K [0x0000000080000000, 0x0000000100000000)
  region size 1024K, 114 young (116736K), 15 survivors (15360K)
 Metaspace       used 147022K, committed 149504K, reserved 1179648K
  class space    used 18823K, committed 20096K, reserved 1048576K
}
Event: 84.872 GC heap after
{Heap after GC invocations=65 (full 0):
 garbage-first heap   total 398336K, used 274432K [0x0000000080000000, 0x0000000100000000)
  region size 1024K, 15 young (15360K), 15 survivors (15360K)
 Metaspace       used 147022K, committed 149504K, reserved 1179648K
  class space    used 18823K, committed 20096K, reserved 1048576K
}
Event: 85.259 GC heap before
{Heap before GC invocations=65 (full 0):
 garbage-first heap   total 398336K, used 309248K [0x0000000080000000, 0x0000000100000000)
  region size 1024K, 50 young (51200K), 15 survivors (15360K)
 Metaspace       used 149283K, committed 151872K, reserved 1245184K
  class space    used 19133K, committed 20416K, reserved 1048576K
}
Event: 85.276 GC heap after
{Heap after GC invocations=66 (full 0):
 garbage-first heap   total 398336K, used 284160K [0x0000000080000000, 0x0000000100000000)
  region size 1024K, 9 young (9216K), 9 survivors (9216K)
 Metaspace       used 149283K, committed 151872K, reserved 1245184K
  class space    used 19133K, committed 20416K, reserved 1048576K
}
Event: 85.980 GC heap before
{Heap before GC invocations=67 (full 0):
 garbage-first heap   total 480256K, used 338432K [0x0000000080000000, 0x0000000100000000)
  region size 1024K, 60 young (61440K), 9 survivors (9216K)
 Metaspace       used 152451K, committed 155008K, reserved 1245184K
  class space    used 19535K, committed 20800K, reserved 1048576K
}
Event: 85.995 GC heap after
{Heap after GC invocations=68 (full 0):
 garbage-first heap   total 480256K, used 292199K [0x0000000080000000, 0x0000000100000000)
  region size 1024K, 7 young (7168K), 7 survivors (7168K)
 Metaspace       used 152451K, committed 155008K, reserved 1245184K
  class space    used 19535K, committed 20800K, reserved 1048576K
}
Event: 86.365 GC heap before
{Heap before GC invocations=68 (full 0):
 garbage-first heap   total 480256K, used 399719K [0x0000000080000000, 0x0000000100000000)
  region size 1024K, 112 young (114688K), 7 survivors (7168K)
 Metaspace       used 152524K, committed 155072K, reserved 1245184K
  class space    used 19536K, committed 20800K, reserved 1048576K
}
Event: 86.406 GC heap after
{Heap after GC invocations=69 (full 0):
 garbage-first heap   total 480256K, used 342016K [0x0000000080000000, 0x0000000100000000)
  region size 1024K, 14 young (14336K), 14 survivors (14336K)
 Metaspace       used 152524K, committed 155072K, reserved 1245184K
  class space    used 19536K, committed 20800K, reserved 1048576K
}
Event: 86.664 GC heap before
{Heap before GC invocations=69 (full 0):
 garbage-first heap   total 480256K, used 398336K [0x0000000080000000, 0x0000000100000000)
  region size 1024K, 69 young (70656K), 14 survivors (14336K)
 Metaspace       used 152536K, committed 155072K, reserved 1245184K
  class space    used 19536K, committed 20800K, reserved 1048576K
}

Dll operation events (3 events):
Event: 0.014 Loaded shared library C:\Program Files\Android\Android Studio\jbr\bin\java.dll
Event: 0.018 Loaded shared library C:\Program Files\Android\Android Studio\jbr\bin\zip.dll
Event: 0.395 Loaded shared library C:\Program Files\Android\Android Studio\jbr\bin\verify.dll

Deoptimization events (20 events):
Event: 86.141 Thread 0x0000028d972bdb30 DEOPT PACKING pc=0x0000028d823a1de2 sp=0x000000cfe2afd370
Event: 86.141 Thread 0x0000028d972bdb30 DEOPT UNPACKING pc=0x0000028d875888e2 sp=0x000000cfe2afc7d8 mode 0
Event: 86.148 Thread 0x0000028d972bdb30 DEOPT PACKING pc=0x0000028d823b1ff7 sp=0x000000cfe2afd150
Event: 86.148 Thread 0x0000028d972bdb30 DEOPT UNPACKING pc=0x0000028d875888e2 sp=0x000000cfe2afc5d8 mode 0
Event: 86.208 Thread 0x0000028d972bdb30 Uncommon trap: trap_request=0xffffffd6 fr.pc=0x0000028d8897ead0 relative=0x0000000000000cb0
Event: 86.208 Thread 0x0000028d972bdb30 Uncommon trap: reason=array_check action=maybe_recompile pc=0x0000028d8897ead0 method=com.sun.org.apache.xerces.internal.utils.XMLLimitAnalyzer.addValue(ILjava/lang/String;I)V @ 123 c2
Event: 86.208 Thread 0x0000028d972bdb30 DEOPT PACKING pc=0x0000028d8897ead0 sp=0x000000cfe2afcb70
Event: 86.208 Thread 0x0000028d972bdb30 DEOPT UNPACKING pc=0x0000028d87587da2 sp=0x000000cfe2afcb30 mode 2
Event: 86.317 Thread 0x0000028d972bdb30 DEOPT PACKING pc=0x0000028d82473d71 sp=0x000000cfe2afd080
Event: 86.317 Thread 0x0000028d972bdb30 DEOPT UNPACKING pc=0x0000028d875888e2 sp=0x000000cfe2afc698 mode 0
Event: 86.346 Thread 0x0000028d972bdb30 Uncommon trap: trap_request=0xffffff45 fr.pc=0x0000028d889ab054 relative=0x00000000000014b4
Event: 86.346 Thread 0x0000028d972bdb30 Uncommon trap: reason=unstable_if action=reinterpret pc=0x0000028d889ab054 method=android.databinding.tool.reflection.SdkUtil$ApiChecker.buildFullLookup()V @ 49 c2
Event: 86.346 Thread 0x0000028d972bdb30 DEOPT PACKING pc=0x0000028d889ab054 sp=0x000000cfe2afd1b0
Event: 86.346 Thread 0x0000028d972bdb30 DEOPT UNPACKING pc=0x0000028d87587da2 sp=0x000000cfe2afd198 mode 2
Event: 86.438 Thread 0x0000028d972bdb30 DEOPT PACKING pc=0x0000028d8248b1ee sp=0x000000cfe2afce90
Event: 86.438 Thread 0x0000028d972bdb30 DEOPT UNPACKING pc=0x0000028d875888e2 sp=0x000000cfe2afc240 mode 0
Event: 86.479 Thread 0x0000028d972bdb30 Uncommon trap: trap_request=0xffffffde fr.pc=0x0000028d88901570 relative=0x00000000000001b0
Event: 86.479 Thread 0x0000028d972bdb30 Uncommon trap: reason=class_check action=maybe_recompile pc=0x0000028d88901570 method=com.sun.tools.javac.util.ListBuffer.next()Ljava/lang/Object; @ 12 c2
Event: 86.479 Thread 0x0000028d972bdb30 DEOPT PACKING pc=0x0000028d88901570 sp=0x000000cfe2afd690
Event: 86.479 Thread 0x0000028d972bdb30 DEOPT UNPACKING pc=0x0000028d87587da2 sp=0x000000cfe2afd648 mode 2

Classes loaded (20 events):
Event: 80.988 Loading class java/util/JumboEnumSet$EnumSetIterator
Event: 80.988 Loading class java/util/JumboEnumSet$EnumSetIterator done
Event: 81.021 Loading class java/util/ResourceBundle$KeyElementReference
Event: 81.022 Loading class java/util/ResourceBundle$CacheKeyReference
Event: 81.022 Loading class java/util/ResourceBundle$CacheKeyReference done
Event: 81.022 Loading class java/util/ResourceBundle$KeyElementReference done
Event: 81.023 Loading class java/util/ResourceBundle$3
Event: 81.023 Loading class java/util/ResourceBundle$3 done
Event: 81.030 Loading class java/util/ResourceBundle$BundleReference
Event: 81.030 Loading class java/util/ResourceBundle$BundleReference done
Event: 82.098 Loading class java/util/regex/Pattern$Bound
Event: 82.098 Loading class java/util/regex/Pattern$Bound done
Event: 82.127 Loading class java/text/BreakIterator
Event: 82.127 Loading class java/text/BreakIterator done
Event: 83.013 Loading class java/nio/file/Files$2
Event: 83.013 Loading class java/nio/file/Files$2 done
Event: 85.569 Loading class java/io/FilterWriter
Event: 85.569 Loading class java/io/FilterWriter done
Event: 85.573 Loading class java/nio/file/Path$1
Event: 85.573 Loading class java/nio/file/Path$1 done

Classes unloaded (1 events):
Event: 19.511 Thread 0x0000028dfe359020 Unloading class 0x0000000101000800 'java/lang/invoke/LambdaForm$DMH+0x0000000101000800'

Classes redefined (0 events):
No events

Internal exceptions (20 events):
Event: 85.669 Thread 0x0000028d972bdb30 Exception <a 'sun/nio/fs/WindowsException'{0x0000000095426958}> (0x0000000095426958) 
thrown [s\src\hotspot\share\prims\jni.cpp, line 535]
Event: 85.669 Thread 0x0000028d972bdb30 Exception <a 'sun/nio/fs/WindowsException'{0x00000000954273d0}> (0x00000000954273d0) 
thrown [s\src\hotspot\share\prims\jni.cpp, line 535]
Event: 85.669 Thread 0x0000028d972bdb30 Exception <a 'sun/nio/fs/WindowsException'{0x0000000095427ca8}> (0x0000000095427ca8) 
thrown [s\src\hotspot\share\prims\jni.cpp, line 535]
Event: 85.670 Thread 0x0000028d972bdb30 Exception <a 'sun/nio/fs/WindowsException'{0x0000000095428528}> (0x0000000095428528) 
thrown [s\src\hotspot\share\prims\jni.cpp, line 535]
Event: 85.670 Thread 0x0000028d972bdb30 Exception <a 'sun/nio/fs/WindowsException'{0x0000000095428ee0}> (0x0000000095428ee0) 
thrown [s\src\hotspot\share\prims\jni.cpp, line 535]
Event: 85.670 Thread 0x0000028d972bdb30 Exception <a 'sun/nio/fs/WindowsException'{0x0000000095429890}> (0x0000000095429890) 
thrown [s\src\hotspot\share\prims\jni.cpp, line 535]
Event: 85.670 Thread 0x0000028d972bdb30 Exception <a 'sun/nio/fs/WindowsException'{0x000000009542a230}> (0x000000009542a230) 
thrown [s\src\hotspot\share\prims\jni.cpp, line 535]
Event: 85.722 Thread 0x0000028d972bdb30 Exception <a 'sun/nio/fs/WindowsException'{0x0000000095233f68}> (0x0000000095233f68) 
thrown [s\src\hotspot\share\prims\jni.cpp, line 535]
Event: 85.723 Thread 0x0000028d972bdb30 Exception <a 'sun/nio/fs/WindowsException'{0x00000000952349d8}> (0x00000000952349d8) 
thrown [s\src\hotspot\share\prims\jni.cpp, line 535]
Event: 85.723 Thread 0x0000028d972bdb30 Exception <a 'sun/nio/fs/WindowsException'{0x00000000952352c8}> (0x00000000952352c8) 
thrown [s\src\hotspot\share\prims\jni.cpp, line 535]
Event: 85.723 Thread 0x0000028d972bdb30 Exception <a 'sun/nio/fs/WindowsException'{0x0000000095235b48}> (0x0000000095235b48) 
thrown [s\src\hotspot\share\prims\jni.cpp, line 535]
Event: 85.723 Thread 0x0000028d972bdb30 Exception <a 'sun/nio/fs/WindowsException'{0x0000000095236530}> (0x0000000095236530) 
thrown [s\src\hotspot\share\prims\jni.cpp, line 535]
Event: 85.726 Thread 0x0000028d972bdb30 Exception <a 'sun/nio/fs/WindowsException'{0x0000000095286690}> (0x0000000095286690) 
thrown [s\src\hotspot\share\prims\jni.cpp, line 535]
Event: 85.726 Thread 0x0000028d972bdb30 Exception <a 'sun/nio/fs/WindowsException'{0x00000000952870c8}> (0x00000000952870c8) 
thrown [s\src\hotspot\share\prims\jni.cpp, line 535]
Event: 85.753 Thread 0x0000028d972bdb30 Exception <a 'sun/nio/fs/WindowsException'{0x000000009b6ebb38}> (0x000000009b6ebb38) 
thrown [s\src\hotspot\share\prims\jni.cpp, line 535]
Event: 85.754 Thread 0x0000028d972bdb30 Exception <a 'sun/nio/fs/WindowsException'{0x000000009b6ec590}> (0x000000009b6ec590) 
thrown [s\src\hotspot\share\prims\jni.cpp, line 535]
Event: 85.758 Thread 0x0000028d972bdb30 Exception <a 'sun/nio/fs/WindowsException'{0x000000009b542848}> (0x000000009b542848) 
thrown [s\src\hotspot\share\prims\jni.cpp, line 535]
Event: 85.758 Thread 0x0000028d972bdb30 Exception <a 'sun/nio/fs/WindowsException'{0x000000009b5432b0}> (0x000000009b5432b0) 
thrown [s\src\hotspot\share\prims\jni.cpp, line 535]
Event: 85.820 Thread 0x0000028d972bdb30 Exception <a 'sun/nio/fs/WindowsException'{0x000000009b42c370}> (0x000000009b42c370) 
thrown [s\src\hotspot\share\prims\jni.cpp, line 535]
Event: 86.502 Thread 0x0000028d972bdb30 Exception <a 'sun/nio/fs/WindowsException'{0x000000009b451540}> (0x000000009b451540) 
thrown [s\src\hotspot\share\prims\jni.cpp, line 535]

ZGC Phase Switch (0 events):
No events

VM Operations (20 events):
Event: 84.126 Executing VM operation: G1CollectForAllocation (G1 Evacuation Pause) done
Event: 84.309 Executing VM operation: ICBufferFull
Event: 84.309 Executing VM operation: ICBufferFull done
Event: 84.715 Executing VM operation: ICBufferFull
Event: 84.715 Executing VM operation: ICBufferFull done
Event: 84.818 Executing VM operation: G1CollectForAllocation (G1 Evacuation Pause)
Event: 84.872 Executing VM operation: G1CollectForAllocation (G1 Evacuation Pause) done
Event: 85.259 Executing VM operation: G1TryInitiateConcMark (G1 Humongous Allocation)
Event: 85.276 Executing VM operation: G1TryInitiateConcMark (G1 Humongous Allocation) done
Event: 85.688 Executing VM operation: HandshakeAllThreads (Deoptimize)
Event: 85.689 Executing VM operation: HandshakeAllThreads (Deoptimize) done
Event: 85.697 Executing VM operation: G1PauseRemark
Event: 85.718 Executing VM operation: G1PauseRemark done
Event: 85.905 Executing VM operation: G1PauseCleanup
Event: 85.905 Executing VM operation: G1PauseCleanup done
Event: 85.980 Executing VM operation: G1CollectForAllocation (G1 Evacuation Pause)
Event: 85.995 Executing VM operation: G1CollectForAllocation (G1 Evacuation Pause) done
Event: 86.365 Executing VM operation: G1CollectForAllocation (G1 Evacuation Pause)
Event: 86.406 Executing VM operation: G1CollectForAllocation (G1 Evacuation Pause) done
Event: 86.664 Executing VM operation: G1CollectForAllocation (G1 Evacuation Pause)

Memory protections (0 events):
No events

Nmethod flushes (20 events):
Event: 85.715 Thread 0x0000028dfe359020 flushing  nmethod 0x0000028d820c3010
Event: 85.715 Thread 0x0000028dfe359020 flushing  nmethod 0x0000028d820c3610
Event: 85.715 Thread 0x0000028dfe359020 flushing  nmethod 0x0000028d820c3b10
Event: 85.715 Thread 0x0000028dfe359020 flushing  nmethod 0x0000028d820c4510
Event: 85.715 Thread 0x0000028dfe359020 flushing  nmethod 0x0000028d820c4c90
Event: 85.715 Thread 0x0000028dfe359020 flushing  nmethod 0x0000028d8214bd10
Event: 85.715 Thread 0x0000028dfe359020 flushing  nmethod 0x0000028d8214ed90
Event: 85.715 Thread 0x0000028dfe359020 flushing  nmethod 0x0000028d82196590
Event: 85.715 Thread 0x0000028dfe359020 flushing  nmethod 0x0000028d82196f10
Event: 85.715 Thread 0x0000028dfe359020 flushing  nmethod 0x0000028d82197690
Event: 85.715 Thread 0x0000028dfe359020 flushing  nmethod 0x0000028d821ae410
Event: 85.715 Thread 0x0000028dfe359020 flushing  nmethod 0x0000028d821af110
Event: 85.715 Thread 0x0000028dfe359020 flushing osr nmethod 0x0000028d821afe10
Event: 85.715 Thread 0x0000028dfe359020 flushing  nmethod 0x0000028d82240590
Event: 85.715 Thread 0x0000028dfe359020 flushing  nmethod 0x0000028d82240e90
Event: 85.715 Thread 0x0000028dfe359020 flushing  nmethod 0x0000028d82242590
Event: 85.715 Thread 0x0000028dfe359020 flushing  nmethod 0x0000028d82243f90
Event: 85.715 Thread 0x0000028dfe359020 flushing  nmethod 0x0000028d82246b90
Event: 85.715 Thread 0x0000028dfe359020 flushing  nmethod 0x0000028d82248790
Event: 85.715 Thread 0x0000028dfe359020 flushing  nmethod 0x0000028d82272290

Events (20 events):
Event: 35.006 Thread 0x0000028d9dfe5470 Thread exited: 0x0000028d9dfe5470
Event: 35.013 Thread 0x0000028d953ab820 Thread exited: 0x0000028d953ab820
Event: 35.075 Thread 0x0000028d972bfc00 Thread added: 0x0000028d973fe6b0
Event: 35.081 Thread 0x0000028d972bfc00 Thread added: 0x0000028d973fed40
Event: 35.082 Loaded shared library C:\Program Files\Android\Android Studio\jbr\bin\rmi.dll
Event: 35.083 Thread 0x0000028d972bfc00 Thread added: 0x0000028d973fbf50
Event: 35.166 Thread 0x0000028d972bfc00 Thread added: 0x0000028d97c001f0
Event: 35.166 Thread 0x0000028d972bfc00 Thread added: 0x0000028d97c02950
Event: 35.318 Thread 0x0000028d97c001f0 Thread added: 0x0000028d93368a70
Event: 62.534 Thread 0x0000028d93935ac0 Thread exited: 0x0000028d93935ac0
Event: 77.046 Thread 0x0000028dfe55cd90 Thread added: 0x0000028dfed111e0
Event: 77.239 Thread 0x0000028dfed111e0 Thread exited: 0x0000028dfed111e0
Event: 78.641 Thread 0x0000028dfe551cc0 Thread added: 0x0000028dfed111e0
Event: 79.450 Thread 0x0000028d973fed40 Thread exited: 0x0000028d973fed40
Event: 79.956 Thread 0x0000028dfed111e0 Thread exited: 0x0000028dfed111e0
Event: 80.590 Thread 0x0000028dfe551cc0 Thread added: 0x0000028dfed12d20
Event: 81.608 Thread 0x0000028dfed12d20 Thread exited: 0x0000028dfed12d20
Event: 81.635 Thread 0x0000028dfe551cc0 Thread added: 0x0000028dfed12650
Event: 85.284 Thread 0x0000028dfed12650 Thread exited: 0x0000028dfed12650
Event: 85.383 Thread 0x0000028dfe551cc0 Thread added: 0x0000028dfed0fd70


Dynamic libraries:
0x00007ff6ef8c0000 - 0x00007ff6ef8ca000 	C:\Program Files\Android\Android Studio\jbr\bin\java.exe
0x00007ffc0d230000 - 0x00007ffc0d447000 	C:\WINDOWS\SYSTEM32\ntdll.dll
0x00007ffc0b470000 - 0x00007ffc0b533000 	C:\WINDOWS\System32\KERNEL32.DLL
0x00007ffc0a5a0000 - 0x00007ffc0a973000 	C:\WINDOWS\System32\KERNELBASE.dll
0x00007ffc0a340000 - 0x00007ffc0a451000 	C:\WINDOWS\System32\ucrtbase.dll
0x00007ffbbd400000 - 0x00007ffbbd41b000 	C:\Program Files\Android\Android Studio\jbr\bin\VCRUNTIME140.dll
0x00007ffbfa050000 - 0x00007ffbfa068000 	C:\Program Files\Android\Android Studio\jbr\bin\jli.dll
0x00007ffc0b0a0000 - 0x00007ffc0b251000 	C:\WINDOWS\System32\USER32.dll
0x00007ffc0acf0000 - 0x00007ffc0ad16000 	C:\WINDOWS\System32\win32u.dll
0x00007ffbeca60000 - 0x00007ffbeccfb000 	C:\WINDOWS\WinSxS\amd64_microsoft.windows.common-controls_6595b64144ccf1df_6.0.22621.5160_none_2712eb977382d575\COMCTL32.dll
0x00007ffc0b8f0000 - 0x00007ffc0b919000 	C:\WINDOWS\System32\GDI32.dll
0x00007ffc0c310000 - 0x00007ffc0c3b7000 	C:\WINDOWS\System32\msvcrt.dll
0x00007ffc0aaf0000 - 0x00007ffc0ac12000 	C:\WINDOWS\System32\gdi32full.dll
0x00007ffc0ac50000 - 0x00007ffc0acea000 	C:\WINDOWS\System32\msvcp_win.dll
0x00007ffc0d1b0000 - 0x00007ffc0d1e1000 	C:\WINDOWS\System32\IMM32.DLL
0x00007ffc01b30000 - 0x00007ffc01b3c000 	C:\Program Files\Android\Android Studio\jbr\bin\vcruntime140_1.dll
0x00007ffbcb880000 - 0x00007ffbcb90d000 	C:\Program Files\Android\Android Studio\jbr\bin\msvcp140.dll
0x00007ffb926c0000 - 0x00007ffb9334a000 	C:\Program Files\Android\Android Studio\jbr\bin\server\jvm.dll
0x00007ffc0bf50000 - 0x00007ffc0c001000 	C:\WINDOWS\System32\ADVAPI32.dll
0x00007ffc0b540000 - 0x00007ffc0b5e8000 	C:\WINDOWS\System32\sechost.dll
0x00007ffc0ac20000 - 0x00007ffc0ac48000 	C:\WINDOWS\System32\bcrypt.dll
0x00007ffc0b9a0000 - 0x00007ffc0bab4000 	C:\WINDOWS\System32\RPCRT4.dll
0x00007ffc0b920000 - 0x00007ffc0b991000 	C:\WINDOWS\System32\WS2_32.dll
0x00007ffc0a200000 - 0x00007ffc0a24d000 	C:\WINDOWS\SYSTEM32\POWRPROF.dll
0x00007ffc03f10000 - 0x00007ffc03f1a000 	C:\WINDOWS\SYSTEM32\VERSION.dll
0x00007ffc056c0000 - 0x00007ffc056f4000 	C:\WINDOWS\SYSTEM32\WINMM.dll
0x00007ffc0a1e0000 - 0x00007ffc0a1f3000 	C:\WINDOWS\SYSTEM32\UMPDC.dll
0x00007ffc09340000 - 0x00007ffc09358000 	C:\WINDOWS\SYSTEM32\kernel.appcore.dll
0x00007ffbfa0a0000 - 0x00007ffbfa0aa000 	C:\Program Files\Android\Android Studio\jbr\bin\jimage.dll
0x00007ffc05140000 - 0x00007ffc05372000 	C:\WINDOWS\SYSTEM32\DBGHELP.DLL
0x00007ffc0ce10000 - 0x00007ffc0d1a3000 	C:\WINDOWS\System32\combase.dll
0x00007ffc0b310000 - 0x00007ffc0b3e7000 	C:\WINDOWS\System32\OLEAUT32.dll
0x00007ffc05520000 - 0x00007ffc05552000 	C:\WINDOWS\SYSTEM32\dbgcore.DLL
0x00007ffc0a520000 - 0x00007ffc0a59b000 	C:\WINDOWS\System32\bcryptPrimitives.dll
0x00007ffc01be0000 - 0x00007ffc01bee000 	C:\Program Files\Android\Android Studio\jbr\bin\instrument.dll
0x00007ffbb96e0000 - 0x00007ffbb9700000 	C:\Program Files\Android\Android Studio\jbr\bin\java.dll
0x00007ffb9dc20000 - 0x00007ffb9dc38000 	C:\Program Files\Android\Android Studio\jbr\bin\zip.dll
0x00007ffc0c570000 - 0x00007ffc0ce0d000 	C:\WINDOWS\System32\SHELL32.dll
0x00007ffc0ada0000 - 0x00007ffc0aedf000 	C:\WINDOWS\System32\wintypes.dll
0x00007ffc08220000 - 0x00007ffc08b3e000 	C:\WINDOWS\SYSTEM32\windows.storage.dll
0x00007ffc0b7c0000 - 0x00007ffc0b8cb000 	C:\WINDOWS\System32\SHCORE.dll
0x00007ffc0b6c0000 - 0x00007ffc0b726000 	C:\WINDOWS\System32\shlwapi.dll
0x00007ffc0a270000 - 0x00007ffc0a29b000 	C:\WINDOWS\SYSTEM32\profapi.dll
0x00007ffbfa020000 - 0x00007ffbfa030000 	C:\Program Files\Android\Android Studio\jbr\bin\net.dll
0x00007ffc04110000 - 0x00007ffc0423c000 	C:\WINDOWS\SYSTEM32\WINHTTP.dll
0x00007ffc097d0000 - 0x00007ffc0983a000 	C:\WINDOWS\system32\mswsock.dll
0x00007ffb9dc00000 - 0x00007ffb9dc16000 	C:\Program Files\Android\Android Studio\jbr\bin\nio.dll
0x00007ffc02ed0000 - 0x00007ffc02ee0000 	C:\Program Files\Android\Android Studio\jbr\bin\verify.dll
0x00007ffbe4250000 - 0x00007ffbe4277000 	C:\Users\yashw\.gradle\native\c067742578af261105cb4f569cf0c3c89f3d7b1fecec35dd04571415982c5e48\windows-amd64\native-platform.dll
0x00007ffbca680000 - 0x00007ffbca7c4000 	C:\Users\yashw\.gradle\native\38dada09dfb8b06ba9b0570ebf7e218e3eb74d4ef43ca46872605cf95ebc2f47\windows-amd64\native-platform-file-events.dll
0x00007ffbe38a0000 - 0x00007ffbe38a9000 	C:\Program Files\Android\Android Studio\jbr\bin\management.dll
0x00007ffbe3250000 - 0x00007ffbe325b000 	C:\Program Files\Android\Android Studio\jbr\bin\management_ext.dll
0x00007ffc0b3f0000 - 0x00007ffc0b3f8000 	C:\WINDOWS\System32\PSAPI.DLL
0x00007ffc09a40000 - 0x00007ffc09a5b000 	C:\WINDOWS\SYSTEM32\CRYPTSP.dll
0x00007ffc09290000 - 0x00007ffc092c7000 	C:\WINDOWS\system32\rsaenh.dll
0x00007ffc098e0000 - 0x00007ffc09908000 	C:\WINDOWS\SYSTEM32\USERENV.dll
0x00007ffc09a60000 - 0x00007ffc09a6c000 	C:\WINDOWS\SYSTEM32\CRYPTBASE.dll
0x00007ffc08da0000 - 0x00007ffc08dcd000 	C:\WINDOWS\SYSTEM32\IPHLPAPI.DLL
0x00007ffc0b7b0000 - 0x00007ffc0b7b9000 	C:\WINDOWS\System32\NSI.dll
0x00007ffbe7660000 - 0x00007ffbe7669000 	C:\Program Files\Android\Android Studio\jbr\bin\extnet.dll
0x00007ffbcccb0000 - 0x00007ffbcccb8000 	C:\WINDOWS\system32\wshunix.dll
0x00007ffc08e10000 - 0x00007ffc08f12000 	C:\WINDOWS\SYSTEM32\DNSAPI.dll
0x00007ffc03f00000 - 0x00007ffc03f0a000 	C:\Windows\System32\rasadhlp.dll
0x00007ffc02410000 - 0x00007ffc02493000 	C:\WINDOWS\System32\fwpuclnt.dll
0x00007ffbf4b60000 - 0x00007ffbf4b77000 	C:\WINDOWS\system32\napinsp.dll
0x00007ffbf40a0000 - 0x00007ffbf40bb000 	C:\WINDOWS\system32\pnrpnsp.dll
0x00007ffbdefa0000 - 0x00007ffbdefb1000 	C:\WINDOWS\System32\winrnr.dll
0x00007ffc023b0000 - 0x00007ffc023c5000 	C:\WINDOWS\system32\wshbth.dll
0x00007ffbbf250000 - 0x00007ffbbf277000 	C:\WINDOWS\system32\nlansp_c.dll
0x00007ffc09450000 - 0x00007ffc09484000 	C:\WINDOWS\SYSTEM32\ntmarta.dll
0x00007ffbe7af0000 - 0x00007ffbe7b0e000 	C:\Users\yashw\AppData\Local\Temp\native-platform3042148567095918922dir\native-platform.dll
0x00007ffc00950000 - 0x00007ffc00957000 	C:\Program Files\Android\Android Studio\jbr\bin\rmi.dll

dbghelp: loaded successfully - version: 4.0.5 - missing functions: none
symbol engine: initialized successfully - sym options: 0x614 - pdb path: .;C:\Program Files\Android\Android Studio\jbr\bin;C:\WINDOWS\SYSTEM32;C:\WINDOWS\WinSxS\amd64_microsoft.windows.common-controls_6595b64144ccf1df_6.0.22621.5160_none_2712eb977382d575;C:\Program Files\Android\Android Studio\jbr\bin\server;C:\Users\yashw\.gradle\native\c067742578af261105cb4f569cf0c3c89f3d7b1fecec35dd04571415982c5e48\windows-amd64;C:\Users\yashw\.gradle\native\38dada09dfb8b06ba9b0570ebf7e218e3eb74d4ef43ca46872605cf95ebc2f47\windows-amd64;C:\Users\yashw\AppData\Local\Temp\native-platform3042148567095918922dir

VM Arguments:
jvm_args: --add-opens=java.base/java.util=ALL-UNNAMED --add-opens=java.base/java.lang=ALL-UNNAMED --add-opens=java.base/java.lang.invoke=ALL-UNNAMED --add-opens=java.prefs/java.util.prefs=ALL-UNNAMED --add-opens=java.base/java.nio.charset=ALL-UNNAMED --add-opens=java.base/java.net=ALL-UNNAMED --add-opens=java.base/java.util.concurrent.atomic=ALL-UNNAMED -Xmx2048m -Dfile.encoding=UTF-8 -Duser.country=US -Duser.language=en -Duser.variant -javaagent:C:\Users\yashw\.gradle\wrapper\dists\gradle-8.4-bin\1w5dpkrfk8irigvoxmyhowfim\gradle-8.4\lib\agents\gradle-instrumentation-agent-8.4.jar 
java_command: org.gradle.launcher.daemon.bootstrap.GradleDaemon 8.4
java_class_path (initial): C:\Users\yashw\.gradle\wrapper\dists\gradle-8.4-bin\1w5dpkrfk8irigvoxmyhowfim\gradle-8.4\lib\gradle-launcher-8.4.jar
Launcher Type: SUN_STANDARD

[Global flags]
     intx CICompilerCount                          = 3                                         {product} {ergonomic}
     uint ConcGCThreads                            = 1                                         {product} {ergonomic}
     uint G1ConcRefinementThreads                  = 4                                         {product} {ergonomic}
   size_t G1HeapRegionSize                         = 1048576                                   {product} {ergonomic}
    uintx GCDrainStackTargetSize                   = 64                                        {product} {ergonomic}
   size_t InitialHeapSize                          = 132120576                                 {product} {ergonomic}
   size_t MarkStackSize                            = 4194304                                   {product} {ergonomic}
   size_t MaxHeapSize                              = 2147483648                                {product} {command line}
   size_t MaxNewSize                               = 1287651328                                {product} {ergonomic}
   size_t MinHeapDeltaBytes                        = 1048576                                   {product} {ergonomic}
   size_t MinHeapSize                              = 8388608                                   {product} {ergonomic}
    uintx NonNMethodCodeHeapSize                   = 5832780                                {pd product} {ergonomic}
    uintx NonProfiledCodeHeapSize                  = 122912730                              {pd product} {ergonomic}
    uintx ProfiledCodeHeapSize                     = 122912730                              {pd product} {ergonomic}
    uintx ReservedCodeCacheSize                    = 251658240                              {pd product} {ergonomic}
     bool SegmentedCodeCache                       = true                                      {product} {ergonomic}
   size_t SoftMaxHeapSize                          = 2147483648                             {manageable} {ergonomic}
     bool UseCompressedOops                        = true                           {product lp64_product} {ergonomic}
     bool UseG1GC                                  = true                                      {product} {ergonomic}
     bool UseLargePagesIndividualAllocation        = false                                  {pd product} {ergonomic}

Logging:
Log output configuration:
 #0: stdout all=warning uptime,level,tags foldmultilines=false
 #1: stderr all=off uptime,level,tags foldmultilines=false

Environment Variables:
JAVA_HOME=C:\Program Files\Java\jdk1.8.0_202
PATH=C:\Program Files (x86)\Common Files\Oracle\Java\javapath;C:\Program Files\Python310\Scripts\;C:\Program Files\Python310\;C:\Program Files\Java\jdk1.8.0_321\bin;C:\Program Files (x86)\dotnet\;C:\Program Files\MySQL\MySQL Server 8.0\bin;C:\WINDOWS\system32;C:\WINDOWS;C:\WINDOWS\System32\Wbem;C:\WINDOWS\System32\WindowsPowerShell\v1.0\;C:\WINDOWS\System32\OpenSSH\;C:\Program Files\nodejs\;C:\ProgramData\chocolatey\bin;C:\Program Files\MySQL\MySQL Server 8.0\bin;C:\Program Files\Git\cmd;C:\Program Files\MySQL\MySQL Shell 8.0\bin\;C:\Users\yashw\AppData\Local\Microsoft\WindowsApps;C:\Program Files\JetBrains\IntelliJ IDEA Community Edition 2021.2.3\bin;C:\Program Files\JetBrains\PyCharm Community Edition 2021.2.3\bin;C:\Users\yashw\AppData\Local\atom\bin;C:\Program Files\Java\jdk1.8.0_202\bin;;C:\Users\yashw\AppData\Local\Programs\Microsoft VS Code\bin;C:\Users\yashw\AppData\Local\Microsoft\WindowsApps;C:\Users\yashw\AppData\Roaming\npm
USERNAME=yashw
OS=Windows_NT
PROCESSOR_IDENTIFIER=Intel64 Family 6 Model 140 Stepping 1, GenuineIntel
TMP=C:\Users\yashw\AppData\Local\Temp
TEMP=C:\Users\yashw\AppData\Local\Temp




Periodic native trim disabled

JNI global refs:
JNI global refs: 29, weak refs: 10

JNI global refs memory usage: 835, weak refs: 833

Process memory usage:
Resident Set Size: 720728K (8% of 8183096K total physical memory with 418572K free physical memory)

OOME stack traces (most recent first):
Classloader memory used:
Loader org.gradle.internal.classloader.VisitableURLClassLoader                         : 42114K
Loader org.gradle.internal.classloader.VisitableURLClassLoader$InstrumentingVisitableURLClassLoader: 40334K
Loader bootstrap                                                                       : 36998K
Loader org.gradle.initialization.MixInLegacyTypesClassLoader                           : 12251K
Loader java.net.URLClassLoader                                                         : 10601K
Loader jdk.internal.loader.ClassLoaders$AppClassLoader                                 : 8117K
Loader jdk.internal.loader.ClassLoaders$PlatformClassLoader                            : 1073K
Loader jdk.internal.reflect.DelegatingClassLoader                                      : 554K
Loader org.gradle.groovy.scripts.internal.DefaultScriptCompilationHandler$ScriptClassLoader: 267K
Loader org.codehaus.groovy.runtime.callsite.CallSiteClassLoader                        : 219K
Loader sun.reflect.misc.MethodUtil                                                     : 2952B

Classes loaded by more than one classloader:
Class kotlin.ranges.IntProgression                                                    : loaded 3 times (x 77B)
Class kotlin.collections.AbstractIterator$WhenMappings                                : loaded 3 times (x 67B)
Class com.google.common.collect.Iterators$MergingIterator                             : loaded 3 times (x 77B)
Class kotlin.collections.CollectionsKt                                                : loaded 3 times (x 67B)
Class kotlin.io.NoSuchFileException                                                   : loaded 3 times (x 78B)
Class com.google.common.collect.RegularImmutableMap$KeySet                            : loaded 3 times (x 146B)
Class kotlin.io.TextStreamsKt                                                         : loaded 3 times (x 67B)
Class [Lkotlin.collections.State;                                                     : loaded 3 times (x 65B)
Class com.google.common.collect.ImmutableList$SubList                                 : loaded 3 times (x 204B)
Class com.google.common.collect.ForwardingObject                                      : loaded 3 times (x 68B)
Class kotlin.NotImplementedError                                                      : loaded 3 times (x 78B)
Class kotlin.text.StringsKt__StringsKt                                                : loaded 3 times (x 67B)
Class kotlin.io.FileTreeWalk                                                          : loaded 3 times (x 71B)
Class com.google.common.collect.ImmutableMultimap$EntryCollection                     : loaded 3 times (x 123B)
Class [Lkotlin.io.FileWalkDirection;                                                  : loaded 3 times (x 65B)
Class org.apache.commons.io.output.ThresholdingOutputStream                           : loaded 3 times (x 90B)
Class com.google.common.collect.ImmutableList                                         : loaded 3 times (x 202B)
Class com.google.common.collect.ImmutableMultimap$Builder                             : loaded 3 times (x 79B)
Class com.google.common.collect.Maps$KeySet                                           : loaded 3 times (x 133B)
Class kotlin.jvm.internal.markers.KMappedMarker                                       : loaded 3 times (x 66B)
Class org.apache.commons.io.output.AppendableWriter                                   : loaded 3 times (x 96B)
Class kotlin.collections.CollectionsKt__ReversedViewsKt                               : loaded 3 times (x 67B)
Class kotlin.sequences.FilteringSequence$iterator$1                                   : loaded 3 times (x 75B)
Class kotlin.io.FilesKt__FileTreeWalkKt                                               : loaded 3 times (x 67B)
Class kotlin.sequences.ConstrainedOnceSequence                                        : loaded 3 times (x 71B)
Class kotlin.sequences.SequencesKt__SequenceBuilderKt                                 : loaded 3 times (x 67B)
Class com.google.common.collect.Maps$BiMapConverter                                   : loaded 3 times (x 86B)
Class kotlin.NoWhenBranchMatchedException                                             : loaded 3 times (x 78B)
Class kotlin.Lazy                                                                     : loaded 3 times (x 66B)
Class com.google.common.collect.ImmutableMapEntrySet$RegularEntrySet                  : loaded 3 times (x 147B)
Class kotlin.text.StringsKt__StringBuilderKt                                          : loaded 3 times (x 67B)
Class kotlin.collections.ArraysKt__ArraysJVMKt                                        : loaded 3 times (x 67B)
Class com.google.common.base.Joiner$2                                                 : loaded 3 times (x 75B)
Class kotlin.LazyKt                                                                   : loaded 3 times (x 67B)
Class com.google.common.base.Joiner$1                                                 : loaded 3 times (x 76B)
Class com.google.common.collect.PeekingIterator                                       : loaded 3 times (x 66B)
Class kotlin.collections.SetsKt__SetsKt                                               : loaded 3 times (x 67B)
Class kotlin.text.CharsKt__CharKt                                                     : loaded 3 times (x 67B)
Class com.google.common.collect.ImmutableList$1                                       : loaded 3 times (x 93B)
Class kotlin.collections.ArraysKt                                                     : loaded 3 times (x 67B)
Class com.google.common.collect.ImmutableEnumSet                                      : loaded 3 times (x 142B)
Class com.google.common.base.Preconditions                                            : loaded 3 times (x 67B)
Class com.google.common.collect.Hashing                                               : loaded 3 times (x 67B)
Class com.google.common.base.PatternCompiler                                          : loaded 3 times (x 66B)
Class kotlin.ranges.RangesKt___RangesKt                                               : loaded 3 times (x 67B)
Class com.google.common.collect.ImmutableMultimap$2                                   : loaded 3 times (x 77B)
Class com.google.common.collect.RegularImmutableBiMap                                 : loaded 3 times (x 144B)
Class com.google.common.collect.AbstractIterator$State                                : loaded 3 times (x 75B)
Class kotlin.KotlinNullPointerException                                               : loaded 3 times (x 79B)
Class kotlin.ranges.OpenEndRange                                                      : loaded 3 times (x 66B)
Class kotlin.text.Charsets                                                            : loaded 3 times (x 67B)
Class com.google.common.collect.ImmutableMultimap$1                                   : loaded 3 times (x 78B)
Class com.google.common.collect.RegularImmutableMap                                   : loaded 3 times (x 117B)
Class com.google.common.collect.ImmutableMap$MapViewOfValuesAsSingletonSets           : loaded 3 times (x 121B)
Class kotlin.collections.MapsKt                                                       : loaded 3 times (x 67B)
Class kotlin.ranges.IntProgression$Companion                                          : loaded 3 times (x 67B)
Class kotlin.io.FileTreeWalk$FileTreeWalkIterator$TopDownDirectoryState               : loaded 3 times (x 70B)
Class kotlin.collections.CollectionsKt__IterablesKt                                   : loaded 3 times (x 67B)
Class com.google.common.collect.RegularImmutableMap$BucketOverflowException           : loaded 3 times (x 78B)
Class kotlin.jvm.internal.Intrinsics                                                  : loaded 3 times (x 67B)
Class kotlin.ranges.IntRange$Companion                                                : loaded 3 times (x 67B)
Class kotlin.collections.EmptyMap                                                     : loaded 3 times (x 105B)
Class kotlin.text.StringsKt___StringsKt                                               : loaded 3 times (x 67B)
Class kotlin.enums.EnumEntriesKt                                                      : loaded 3 times (x 67B)
Class kotlin.collections.CollectionsKt__MutableCollectionsJVMKt                       : loaded 3 times (x 67B)
Class org.apache.commons.io.function.IOFunction                                       : loaded 3 times (x 66B)
Class com.google.common.collect.UnmodifiableListIterator                              : loaded 3 times (x 91B)
Class kotlin.collections.MapsKt__MapWithDefaultKt                                     : loaded 3 times (x 67B)
Class com.google.common.collect.SortedMapDifference                                   : loaded 3 times (x 66B)
Class kotlin.collections.ArraysKt___ArraysKt                                          : loaded 3 times (x 67B)
Class kotlin.collections.MapsKt___MapsKt                                              : loaded 3 times (x 67B)
Class kotlin.io.FilesKt                                                               : loaded 3 times (x 67B)
Class kotlin.text.StringsKt___StringsJvmKt                                            : loaded 3 times (x 67B)
Class kotlin.annotation.Retention                                                     : loaded 3 times (x 66B)
Class org.apache.commons.io.StandardLineSeparator                                     : loaded 3 times (x 75B)
Class com.google.common.base.Platform$JdkPatternCompiler                              : loaded 3 times (x 71B)
Class kotlin.io.LinesSequence                                                         : loaded 3 times (x 71B)
Class com.google.common.collect.CollectPreconditions                                  : loaded 3 times (x 67B)
Class kotlin.collections.State                                                        : loaded 3 times (x 75B)
Class kotlin.collections.CollectionsKt___CollectionsKt                                : loaded 3 times (x 67B)
Class kotlin.annotation.Target                                                        : loaded 3 times (x 66B)
Class com.google.common.collect.ImmutableEntry                                        : loaded 3 times (x 78B)
Class [Lcom.google.common.collect.AbstractMapEntry;                                   : loaded 3 times (x 65B)
Class kotlin.collections.EmptySet                                                     : loaded 3 times (x 118B)
Class kotlin.collections.MapsKt___MapsJvmKt                                           : loaded 3 times (x 67B)
Class kotlin.io.FileTreeWalk$WalkState                                                : loaded 3 times (x 69B)
Class com.google.common.collect.ImmutableMap                                          : loaded 3 times (x 116B)
Class com.google.common.base.Predicate                                                : loaded 3 times (x 66B)
Class com.google.common.collect.Sets                                                  : loaded 3 times (x 67B)
Class kotlin.jvm.functions.Function1                                                  : loaded 3 times (x 66B)
Class com.google.common.base.Strings                                                  : loaded 3 times (x 67B)
Class [Lcom.google.common.collect.AbstractIterator$State;                             : loaded 3 times (x 65B)
Class kotlin.jvm.functions.Function0                                                  : loaded 3 times (x 66B)
Class kotlin.collections.ArraysUtilJVM                                                : loaded 3 times (x 67B)
Class kotlin.collections.AbstractList$Companion                                       : loaded 3 times (x 67B)
Class kotlin.sequences.SequencesKt___SequencesKt                                      : loaded 3 times (x 67B)
Class kotlin.ranges.RangesKt                                                          : loaded 3 times (x 67B)
Class kotlin.io.FileTreeWalk$DirectoryState                                           : loaded 3 times (x 69B)
Class kotlin.sequences.SequencesKt___SequencesJvmKt                                   : loaded 3 times (x 67B)
Class kotlin.TuplesKt                                                                 : loaded 3 times (x 67B)
Class com.google.common.collect.ImmutableMultisetGwtSerializationDependencies         : loaded 3 times (x 121B)
Class kotlin.Unit                                                                     : loaded 3 times (x 67B)
Class kotlin.collections.CollectionsKt___CollectionsJvmKt                             : loaded 3 times (x 67B)
Class com.google.common.collect.ImmutableSet                                          : loaded 3 times (x 141B)
Class com.google.common.collect.RegularImmutableMap$Values                            : loaded 3 times (x 203B)
Class kotlin.text.CharsKt__CharJVMKt                                                  : loaded 3 times (x 67B)
Class kotlin.sequences.FilteringSequence                                              : loaded 3 times (x 71B)
Class [Lcom.google.common.collect.ImmutableMapEntry;                                  : loaded 3 times (x 65B)
Class kotlin.io.FileTreeWalk$FileTreeWalkIterator                                     : loaded 3 times (x 79B)
Class kotlin.comparisons.ComparisonsKt___ComparisonsKt                                : loaded 3 times (x 67B)
Class kotlin.comparisons.ComparisonsKt                                                : loaded 3 times (x 67B)
Class kotlin.sequences.SequencesKt__SequencesKt                                       : loaded 3 times (x 67B)
Class kotlin.ranges.RangesKt__RangesKt                                                : loaded 3 times (x 67B)
Class org.apache.commons.io.FileUtils                                                 : loaded 3 times (x 67B)
Class kotlin.comparisons.ComparisonsKt__ComparisonsKt                                 : loaded 3 times (x 67B)
Class kotlin.collections.SetsKt___SetsKt                                              : loaded 3 times (x 67B)
Class kotlin.UNINITIALIZED_VALUE                                                      : loaded 3 times (x 67B)
Class com.google.common.collect.Sets$SetView                                          : loaded 3 times (x 134B)
Class kotlin.text.StringsKt__StringBuilderJVMKt                                       : loaded 3 times (x 67B)
Class kotlin.LazyKt__LazyKt                                                           : loaded 3 times (x 67B)
Class com.google.common.collect.Maps$8                                                : loaded 3 times (x 78B)
Class kotlin.sequences.SequencesKt__SequencesJVMKt                                    : loaded 3 times (x 67B)
Class kotlin.collections.AbstractCollection                                           : loaded 3 times (x 113B)
Class kotlin.collections.AbstractList                                                 : loaded 3 times (x 193B)
Class com.google.common.primitives.Ints$IntConverter                                  : loaded 3 times (x 86B)
Class kotlin.text.StringsKt__RegexExtensionsKt                                        : loaded 3 times (x 67B)
Class com.google.common.collect.AbstractIterator$1                                    : loaded 3 times (x 67B)
Class kotlin.SynchronizedLazyImpl                                                     : loaded 3 times (x 72B)
Class com.google.common.collect.ListMultimap                                          : loaded 3 times (x 66B)
Class [Lorg.apache.commons.io.StandardLineSeparator;                                  : loaded 3 times (x 65B)
Class org.apache.commons.io.output.StringBuilderWriter                                : loaded 3 times (x 96B)
Class kotlin.collections.EmptyIterator                                                : loaded 3 times (x 85B)
Class kotlin.text.StringsKt__AppendableKt                                             : loaded 3 times (x 67B)
Class com.google.common.collect.ImmutableEnumMap                                      : loaded 3 times (x 121B)
Class com.google.common.base.Platform                                                 : loaded 3 times (x 67B)
Class org.apache.commons.io.file.PathFilter                                           : loaded 3 times (x 66B)
Class [Lcom.google.common.collect.ImmutableEntry;                                     : loaded 3 times (x 65B)
Class com.google.common.collect.Maps                                                  : loaded 3 times (x 67B)
Class kotlin.io.FileSystemException                                                   : loaded 3 times (x 78B)
Class com.google.common.collect.ImmutableBiMapFauxverideShim                          : loaded 3 times (x 116B)
Class org.apache.commons.io.output.AbstractByteArrayOutputStream                      : loaded 3 times (x 98B)
Class com.google.common.collect.RegularImmutableList                                  : loaded 3 times (x 208B)
Class com.google.common.base.Function                                                 : loaded 3 times (x 66B)
Class kotlin.enums.EnumEntries                                                        : loaded 3 times (x 66B)
Class com.google.common.collect.ImmutableMultimap                                     : loaded 3 times (x 143B)
Class com.google.common.collect.ImmutableMapEntry$NonTerminalImmutableMapEntry        : loaded 3 times (x 81B)
Class com.google.common.base.Equivalence                                              : loaded 3 times (x 78B)
Class com.google.common.collect.Sets$1                                                : loaded 3 times (x 135B)
Class kotlin.ranges.IntRange                                                          : loaded 3 times (x 89B)
Class com.google.common.collect.ImmutableMapEntry                                     : loaded 3 times (x 81B)
Class com.google.common.collect.Iterators$10                                          : loaded 3 times (x 77B)
Class com.google.common.base.CommonPattern                                            : loaded 3 times (x 70B)
Class kotlin.io.FileWalkDirection                                                     : loaded 3 times (x 75B)
Class com.google.common.collect.Maps$EntryTransformer                                 : loaded 3 times (x 66B)
Class kotlin.text.StringsKt__StringNumberConversionsKt                                : loaded 3 times (x 67B)
Class [Lkotlin.Pair;                                                                  : loaded 3 times (x 65B)
Class kotlin.io.FilesKt__FileReadWriteKt                                              : loaded 3 times (x 67B)
Class kotlin.LazyKt__LazyJVMKt                                                        : loaded 3 times (x 67B)
Class com.google.common.collect.ImmutableMultiset                                     : loaded 3 times (x 159B)
Class kotlin.text.StringsKt                                                           : loaded 3 times (x 67B)
Class com.google.common.collect.Maps$ViewCachingAbstractMap                           : loaded 3 times (x 121B)
Class org.apache.commons.io.FilenameUtils                                             : loaded 3 times (x 67B)
Class com.google.common.collect.ImmutableAsList                                       : loaded 3 times (x 205B)
Class com.google.common.collect.Iterators$9                                           : loaded 3 times (x 77B)
Class kotlin.sequences.Sequence                                                       : loaded 3 times (x 66B)
Class kotlin.text.StringsKt__StringNumberConversionsJVMKt                             : loaded 3 times (x 67B)
Class com.google.common.collect.Sets$2                                                : loaded 3 times (x 135B)
Class com.google.common.base.Converter                                                : loaded 3 times (x 86B)
Class kotlin.sequences.SequencesKt                                                    : loaded 3 times (x 67B)
Class kotlin.collections.CollectionsKt__IteratorsKt                                   : loaded 3 times (x 67B)
Class com.google.common.collect.Lists                                                 : loaded 3 times (x 67B)
Class com.google.common.collect.ImmutableSet$CachingAsList                            : loaded 3 times (x 143B)
Class com.google.common.collect.ImmutableCollection                                   : loaded 3 times (x 121B)
Class kotlin.io.FilesKt__UtilsKt                                                      : loaded 3 times (x 67B)
Class kotlin.collections.CollectionsKt__CollectionsJVMKt                              : loaded 3 times (x 67B)
Class com.google.common.collect.ImmutableMultimap$Values                              : loaded 3 times (x 122B)
Class com.google.common.collect.Iterators$5                                           : loaded 3 times (x 78B)
Class com.google.common.collect.Sets$3                                                : loaded 3 times (x 135B)
Class com.google.common.collect.ImmutableBiMap                                        : loaded 3 times (x 139B)
Class com.google.common.collect.Iterators$4                                           : loaded 3 times (x 78B)
Class com.google.common.collect.ImmutableMap$IteratorBasedImmutableMap                : loaded 3 times (x 121B)
Class kotlin.UninitializedPropertyAccessException                                     : loaded 3 times (x 78B)
Class kotlin.Metadata                                                                 : loaded 3 times (x 66B)
Class com.google.common.collect.Iterators$1                                           : loaded 3 times (x 77B)
Class kotlin.jvm.internal.Lambda                                                      : loaded 3 times (x 71B)
Class kotlin.collections.MapsKt__MapsKt                                               : loaded 3 times (x 67B)
Class com.google.common.collect.ImmutableList$ReverseImmutableList                    : loaded 3 times (x 204B)
Class com.google.common.base.JdkPattern                                               : loaded 3 times (x 71B)
Class com.google.common.collect.Sets$4                                                : loaded 3 times (x 135B)
Class kotlin.text.StringsKt__IndentKt                                                 : loaded 3 times (x 67B)
Class com.google.common.collect.SingletonImmutableList                                : loaded 3 times (x 203B)
Class kotlin.collections.SetsKt                                                       : loaded 3 times (x 67B)
Class kotlin.text.StringsKt__StringsJVMKt                                             : loaded 3 times (x 67B)
Class org.apache.commons.io.IOUtils                                                   : loaded 3 times (x 67B)
Class com.google.common.collect.NullnessCasts                                         : loaded 3 times (x 67B)
Class kotlin.ranges.ClosedRange                                                       : loaded 3 times (x 66B)
Class com.google.common.collect.Multimap                                              : loaded 3 times (x 66B)
Class com.google.common.collect.ImmutableMultimap$Keys                                : loaded 3 times (x 162B)
Class com.google.common.primitives.IntsMethodsForWeb                                  : loaded 3 times (x 67B)
Class org.apache.commons.io.filefilter.IOFileFilter                                   : loaded 3 times (x 66B)
Class com.google.common.collect.ImmutableMap$Builder                                  : loaded 3 times (x 78B)
Class kotlin.internal.ProgressionUtilKt                                               : loaded 3 times (x 67B)
Class kotlin.io.FileAlreadyExistsException                                            : loaded 3 times (x 78B)
Class kotlin.Function                                                                 : loaded 3 times (x 66B)
Class org.apache.commons.io.output.NullOutputStream                                   : loaded 3 times (x 81B)
Class com.google.common.collect.ImmutableMapEntrySet                                  : loaded 3 times (x 147B)
Class kotlin.collections.SetsKt__SetsJVMKt                                            : loaded 3 times (x 67B)
Class kotlin.collections.ArraysKt__ArraysKt                                           : loaded 3 times (x 67B)
Class com.google.common.collect.TransformedIterator                                   : loaded 3 times (x 76B)
Class com.google.common.collect.AbstractIndexedListIterator                           : loaded 3 times (x 92B)
Class kotlin.collections.CollectionsKt__CollectionsKt                                 : loaded 3 times (x 67B)
Class com.google.common.collect.Multiset                                              : loaded 3 times (x 66B)
Class kotlin.collections.ArraysKt___ArraysJvmKt                                       : loaded 3 times (x 67B)
Class kotlin.text.StringsKt__RegexExtensionsJVMKt                                     : loaded 3 times (x 67B)
Class com.google.common.collect.MapDifference                                         : loaded 3 times (x 66B)
Class com.google.common.collect.ObjectArrays                                          : loaded 3 times (x 67B)
Class com.google.common.primitives.Ints                                               : loaded 3 times (x 67B)
Class com.google.common.collect.AbstractIterator                                      : loaded 3 times (x 78B)
Class com.google.common.collect.BiMap                                                 : loaded 3 times (x 66B)
Class com.google.common.collect.ImmutableMap$1                                        : loaded 3 times (x 77B)
Class com.google.common.collect.IndexedImmutableSet                                   : loaded 3 times (x 146B)
Class kotlin.collections.MapsKt__MapsJVMKt                                            : loaded 3 times (x 67B)
Class kotlin.collections.EmptyList                                                    : loaded 3 times (x 170B)
Class kotlin.io.FileTreeWalk$FileTreeWalkIterator$WhenMappings                        : loaded 3 times (x 67B)
Class kotlin._Assertions                                                              : loaded 3 times (x 67B)
Class com.google.common.collect.Lists$StringAsImmutableList                           : loaded 3 times (x 203B)
Class kotlin.text.CharsKt                                                             : loaded 3 times (x 67B)
Class kotlin.collections.AbstractIterator                                             : loaded 3 times (x 79B)
Class kotlin.io.LinesSequence$iterator$1                                              : loaded 3 times (x 75B)
Class com.google.common.collect.Iterators                                             : loaded 3 times (x 67B)
Class kotlin.io.FilesKt__FilePathComponentsKt                                         : loaded 3 times (x 67B)
Class com.google.common.collect.RegularImmutableAsList                                : loaded 3 times (x 212B)
Class kotlin.io.TerminateException                                                    : loaded 3 times (x 78B)
Class kotlin.collections.CollectionsKt__MutableCollectionsKt                          : loaded 3 times (x 67B)
Class kotlin.io.CloseableKt                                                           : loaded 3 times (x 67B)
Class com.google.common.collect.ImmutableList$Builder                                 : loaded 3 times (x 73B)
Class com.google.common.collect.Iterators$ArrayItr                                    : loaded 3 times (x 93B)
Class com.google.common.collect.AbstractMultimap                                      : loaded 3 times (x 119B)
Class com.google.common.collect.ImmutableListMultimap                                 : loaded 3 times (x 172B)
Class com.google.common.collect.ImmutableCollection$Builder                           : loaded 3 times (x 72B)
Class org.apache.commons.io.output.UnsynchronizedByteArrayOutputStream                : loaded 3 times (x 98B)
Class kotlin.enums.EnumEntriesList                                                    : loaded 3 times (x 219B)
Class com.google.common.collect.Sets$ImprovedAbstractSet                              : loaded 3 times (x 131B)
Class kotlin.jvm.internal.FunctionBase                                                : loaded 3 times (x 66B)
Class kotlin.Pair                                                                     : loaded 3 times (x 68B)
Class org.apache.commons.io.FileExistsException                                       : loaded 3 times (x 78B)
Class com.google.common.collect.AbstractMapEntry                                      : loaded 3 times (x 77B)
Class com.google.common.collect.SingletonImmutableBiMap                               : loaded 3 times (x 139B)
Class com.google.common.collect.UnmodifiableIterator                                  : loaded 3 times (x 76B)
Class com.google.common.collect.Platform                                              : loaded 3 times (x 67B)
Class kotlin.collections.CollectionsKt__IteratorsJVMKt                                : loaded 3 times (x 67B)
Class org.apache.commons.io.output.ByteArrayOutputStream                              : loaded 3 times (x 98B)
Class com.google.common.collect.BaseImmutableMultimap                                 : loaded 3 times (x 119B)
Class com.google.common.collect.EmptyImmutableListMultimap                            : loaded 3 times (x 172B)
Class com.google.common.base.Joiner                                                   : loaded 3 times (x 75B)
Class kotlin.comparisons.ComparisonsKt___ComparisonsJvmKt                             : loaded 3 times (x 67B)
Class com.sun.xml.bind.v2.model.annotation.LocatableAnnotation                        : loaded 2 times (x 81B)
Class android.databinding.tool.store.ResourceBundle$NameTypeLocation                  : loaded 2 times (x 68B)
Class com.sun.xml.bind.v2.runtime.property.AttributeProperty                          : loaded 2 times (x 101B)
Class com.sun.xml.bind.v2.runtime.reflect.NullSafeAccessor                            : loaded 2 times (x 81B)
Class com.sun.xml.bind.v2.runtime.reflect.PrimitiveArrayListerShort                   : loaded 2 times (x 72B)
Class com.google.gson.internal.bind.DefaultDateTypeAdapter                            : loaded 2 times (x 70B)
Class com.google.gson.GsonBuilder                                                     : loaded 2 times (x 68B)
Class com.google.common.base.MoreObjects                                              : loaded 2 times (x 67B)
Class com.android.tools.build.jetifier.core.pom.DependencyVersionsMap$Companion       : loaded 2 times (x 67B)
Class com.android.tools.build.jetifier.core.PackageMap$Companion                      : loaded 2 times (x 67B)
Class android.databinding.tool.ext.Collection_extKt                                   : loaded 2 times (x 67B)
Class kotlin.reflect.KProperty0                                                       : loaded 2 times (x 66B)
Class com.sun.xml.bind.marshaller.NamespacePrefixMapper                               : loaded 2 times (x 71B)
Class com.sun.xml.bind.v2.runtime.property.ArrayElementLeafProperty                   : loaded 2 times (x 101B)
Class com.sun.xml.bind.v2.model.impl.ElementPropertyInfoImpl$1                        : loaded 2 times (x 196B)
Class com.sun.xml.bind.v2.model.impl.ERPropertyInfoImpl                               : loaded 2 times (x 104B)
Class com.sun.xml.bind.v2.model.impl.RuntimeBuiltinLeafInfoImpl$1                     : loaded 2 times (x 72B)
Class android.databinding.tool.util.FileUtil                                          : loaded 2 times (x 67B)
Class android.databinding.internal.org.antlr.v4.runtime.TokenStream                   : loaded 2 times (x 66B)
Class com.google.gson.internal.Primitives                                             : loaded 2 times (x 67B)
Class com.google.gson.stream.JsonWriter                                               : loaded 2 times (x 94B)
Class com.android.tools.build.jetifier.core.utils.LogConsumer                         : loaded 2 times (x 66B)
Class [Lorg.objectweb.asm.Type;                                                       : loaded 2 times (x 65B)
Class org.gradle.internal.service.ServiceLocator                                      : loaded 2 times (x 66B)
Class android.databinding.tool.ext.XmlResourceReference                               : loaded 2 times (x 68B)
Class kotlin.reflect.KClass                                                           : loaded 2 times (x 66B)
Class kotlin.reflect.KProperty1                                                       : loaded 2 times (x 66B)
Class com.google.common.collect.Maps$FilteredEntryMap$EntrySet$1$1                    : loaded 2 times (x 83B)
Class com.sun.xml.bind.v2.runtime.CompositeStructureBeanInfo                          : loaded 2 times (x 94B)
Class com.sun.xml.bind.v2.runtime.property.ArrayERProperty                            : loaded 2 times (x 100B)
Class com.sun.xml.bind.v2.model.impl.RuntimeBuiltinLeafInfoImpl$2                     : loaded 2 times (x 132B)
Class com.sun.xml.bind.v2.util.QNameMap$Entry                                         : loaded 2 times (x 68B)
Class com.squareup.javapoet.TypeSpec$Builder                                          : loaded 2 times (x 68B)
Class com.squareup.javapoet.MethodSpec                                                : loaded 2 times (x 68B)
Class com.google.common.cache.CacheLoader$FunctionToCacheLoader                       : loaded 2 times (x 71B)
Class com.google.gson.internal.bind.TypeAdapterRuntimeTypeWrapper                     : loaded 2 times (x 70B)
Class android.databinding.tool.LibTypes$nullable$2                                    : loaded 2 times (x 75B)
Class com.google.common.collect.ImmutableRangeSet$AsSet                               : loaded 2 times (x 295B)
Class kotlin.sequences.TransformingSequence$iterator$1                                : loaded 2 times (x 75B)
Class android.databinding.tool.CompilerArguments$Type                                 : loaded 2 times (x 75B)
Class com.google.common.base.Ascii                                                    : loaded 2 times (x 67B)
Class com.google.common.cache.LocalCache$1                                            : loaded 2 times (x 85B)
Class com.android.tools.build.jetifier.core.TypeRewriter$Companion                    : loaded 2 times (x 67B)
Class kotlin.collections.CollectionsKt___CollectionsKt$withIndex$1                    : loaded 2 times (x 75B)
Class kotlin.reflect.KProperty2                                                       : loaded 2 times (x 66B)
Class com.sun.xml.bind.v2.runtime.Name                                                : loaded 2 times (x 71B)
Class com.sun.xml.bind.v2.model.impl.RuntimeBuiltinLeafInfoImpl$3                     : loaded 2 times (x 132B)
Class com.sun.xml.bind.v2.model.core.BuiltinLeafInfo                                  : loaded 2 times (x 66B)
Class android.databinding.tool.util.L                                                 : loaded 2 times (x 67B)
Class org.apache.commons.io.filefilter.AbstractFileFilter                             : loaded 2 times (x 112B)
Class com.sun.xml.bind.v2.model.core.ArrayInfo                                        : loaded 2 times (x 66B)
Class com.sun.xml.bind.v2.runtime.unmarshaller.ProxyLoader                            : loaded 2 times (x 74B)
Class com.sun.xml.bind.v2.runtime.output.C14nXmlOutput                                : loaded 2 times (x 97B)
Class android.databinding.tool.LibTypes$bindingAdapter$2                              : loaded 2 times (x 75B)
Class com.google.common.collect.MapMakerInternalMap$AbstractStrongKeyEntry            : loaded 2 times (x 76B)
Class org.apache.http.client.methods.AbstractExecutionAwareRequest                    : loaded 2 times (x 124B)
Class com.google.common.cache.LocalCache$2                                            : loaded 2 times (x 138B)
Class com.squareup.javapoet.CodeWriter                                                : loaded 2 times (x 68B)
Class kotlin.reflect.KCallable                                                        : loaded 2 times (x 66B)
Class com.sun.xml.bind.v2.model.runtime.RuntimeAttributePropertyInfo                  : loaded 2 times (x 66B)
Class com.sun.xml.bind.v2.model.impl.RuntimeBuiltinLeafInfoImpl$4                     : loaded 2 times (x 132B)
Class com.sun.xml.bind.v2.runtime.ClassBeanInfoImpl                                   : loaded 2 times (x 88B)
Class com.sun.xml.bind.v2.model.runtime.RuntimeNonElement                             : loaded 2 times (x 66B)
Class com.sun.xml.bind.v2.model.core.ErrorHandler                                     : loaded 2 times (x 66B)
Class javax.xml.bind.Marshaller                                                       : loaded 2 times (x 66B)
Class com.sun.xml.bind.v2.util.XmlFactory                                             : loaded 2 times (x 67B)
Class org.gradle.internal.classpath.TransformedClassPath                              : loaded 2 times (x 92B)
Class com.google.common.cache.CacheBuilder$NullListener                               : loaded 2 times (x 78B)
Class com.google.gson.internal.bind.MapTypeAdapterFactory$Adapter                     : loaded 2 times (x 70B)
Class com.google.gson.internal.sql.SqlTimeTypeAdapter$1                               : loaded 2 times (x 71B)
Class com.google.common.collect.ImmutableRangeSet$1                                   : loaded 2 times (x 205B)
Class com.google.common.util.concurrent.AbstractFuture$UnsafeAtomicHelper$1           : loaded 2 times (x 72B)
Class com.squareup.javapoet.TypeSpec$Kind                                             : loaded 2 times (x 75B)
Class com.sun.xml.bind.v2.runtime.unmarshaller.UnmarshallingContext$State             : loaded 2 times (x 68B)
Class com.sun.xml.bind.v2.runtime.unmarshaller.UnmarshallingContext$ExpectedTypeRootLoader: loaded 2 times (x 76B)
Class com.sun.xml.bind.v2.runtime.ElementBeanInfoImpl$1                               : loaded 2 times (x 102B)
Class com.sun.xml.bind.v2.runtime.property.ArrayERProperty$ItemsLoader                : loaded 2 times (x 74B)
Class com.sun.xml.bind.v2.model.impl.GetterSetterPropertySeed                         : loaded 2 times (x 86B)
Class com.sun.xml.bind.v2.model.impl.RuntimeBuiltinLeafInfoImpl$5                     : loaded 2 times (x 132B)
Class org.objectweb.asm.FieldWriter                                                   : loaded 2 times (x 74B)
Class org.apache.http.HttpMessage                                                     : loaded 2 times (x 66B)
Class com.google.common.collect.MapMaker$Dummy                                        : loaded 2 times (x 75B)
Class android.databinding.tool.util.L$Client                                          : loaded 2 times (x 66B)
Class com.google.common.base.Optional                                                 : loaded 2 times (x 76B)
Class com.google.common.collect.Range                                                 : loaded 2 times (x 83B)
Class org.apache.http.client.methods.HttpEntityEnclosingRequestBase                   : loaded 2 times (x 149B)
Class com.google.common.util.concurrent.AbstractFuture$Trusted                        : loaded 2 times (x 66B)
Class com.google.common.base.CharMatcher$RangesMatcher                                : loaded 2 times (x 108B)
Class com.sun.xml.bind.v2.runtime.property.SingleElementNodeProperty                  : loaded 2 times (x 98B)
Class com.sun.xml.bind.api.impl.NameConverter$1                                       : loaded 2 times (x 89B)
Class com.sun.xml.bind.v2.model.impl.RuntimeBuiltinLeafInfoImpl$6                     : loaded 2 times (x 132B)
Class android.databinding.tool.store.ResourceBundle$LayoutFileBundle                  : loaded 2 times (x 99B)
Class com.google.gson.LongSerializationPolicy                                         : loaded 2 times (x 76B)
Class com.google.gson.internal.bind.DefaultDateTypeAdapter$DateType                   : loaded 2 times (x 69B)
Class kotlin.text.DelimitedRangesSequence$iterator$1                                  : loaded 2 times (x 75B)
Class android.databinding.tool.CompilerArguments                                      : loaded 2 times (x 68B)
Class net.rubygrapefruit.platform.internal.Platform$Linux32Bit                        : loaded 2 times (x 79B)
Class com.google.common.io.ByteSink$AsCharSink                                        : loaded 2 times (x 76B)
Class com.google.common.util.concurrent.UncheckedExecutionException                   : loaded 2 times (x 78B)
Class com.sun.xml.bind.v2.runtime.reflect.PrimitiveArrayListerDouble                  : loaded 2 times (x 72B)
Class com.sun.xml.bind.v2.runtime.unmarshaller.Loader                                 : loaded 2 times (x 73B)
Class com.sun.xml.bind.api.impl.NameConverter$2                                       : loaded 2 times (x 89B)
Class com.sun.xml.bind.v2.model.impl.RuntimeBuiltinLeafInfoImpl$7                     : loaded 2 times (x 132B)
Class com.sun.xml.bind.v2.model.runtime.RuntimeClassInfo                              : loaded 2 times (x 66B)
Class com.sun.xml.bind.v2.model.annotation.RuntimeAnnotationReader                    : loaded 2 times (x 66B)
Class com.google.gson.internal.bind.ReflectiveTypeAdapterFactory$1                    : loaded 2 times (x 75B)
Class android.databinding.tool.LibTypes                                               : loaded 2 times (x 68B)
Class net.rubygrapefruit.platform.Native                                              : loaded 2 times (x 67B)
Class net.rubygrapefruit.platform.NativeIntegration                                   : loaded 2 times (x 66B)
Class com.google.common.collect.ImmutableSortedSetFauxverideShim                      : loaded 2 times (x 143B)
Class com.google.common.base.CharMatcher$JavaLetterOrDigit                            : loaded 2 times (x 107B)
Class org.gradle.internal.InternalTransformer                                         : loaded 2 times (x 66B)
Class com.sun.istack.FinalArrayList                                                   : loaded 2 times (x 205B)
Class com.sun.xml.bind.v2.model.impl.RuntimeBuiltinLeafInfoImpl$8                     : loaded 2 times (x 132B)
Class com.sun.xml.bind.api.ErrorListener                                              : loaded 2 times (x 66B)
Class org.apache.commons.io.filefilter.OrFileFilter                                   : loaded 2 times (x 123B)
Class org.apache.commons.io.function.Uncheck                                          : loaded 2 times (x 67B)
Class com.sun.xml.bind.v2.runtime.IllegalAnnotationsException$Builder                 : loaded 2 times (x 73B)
Class com.sun.xml.bind.v2.runtime.reflect.PrimitiveArrayListerInteger                 : loaded 2 times (x 72B)
Class com.google.common.collect.ImmutableBiMap$Builder                                : loaded 2 times (x 78B)
Class [Lnet.rubygrapefruit.platform.internal.FunctionResult$Failure;                  : loaded 2 times (x 65B)
Class com.google.common.collect.AbstractMapBasedMultimap$KeySet$1                     : loaded 2 times (x 78B)
Class org.apache.http.client.methods.HttpRequestBase                                  : loaded 2 times (x 141B)
Class org.objectweb.asm.ClassWriter                                                   : loaded 2 times (x 102B)
Class com.google.common.cache.CacheLoader$UnsupportedLoadingOperationException        : loaded 2 times (x 78B)
Class com.google.common.base.CharMatcher$And                                          : loaded 2 times (x 108B)
Class org.gradle.internal.classloader.ClasspathUtil$1                                 : loaded 2 times (x 72B)
Class com.squareup.javapoet.JavaFile$Builder                                          : loaded 2 times (x 68B)
Class com.sun.xml.bind.CycleRecoverable$Context                                       : loaded 2 times (x 66B)
Class com.sun.xml.bind.v2.model.annotation.XmlSchemaTypeQuick                         : loaded 2 times (x 89B)
Class com.sun.xml.bind.v2.model.impl.RuntimeBuiltinLeafInfoImpl$10                    : loaded 2 times (x 132B)
Class com.sun.xml.bind.v2.model.impl.RuntimeBuiltinLeafInfoImpl$9                     : loaded 2 times (x 132B)
Class com.sun.xml.bind.v2.runtime.BridgeImpl                                          : loaded 2 times (x 83B)
Class kotlin.text.Regex$Companion                                                     : loaded 2 times (x 67B)
Class com.google.common.base.Splitter$1                                               : loaded 2 times (x 73B)
Class com.google.gson.ToNumberStrategy                                                : loaded 2 times (x 66B)
Class com.google.gson.TypeAdapter                                                     : loaded 2 times (x 69B)
Class com.google.common.cache.LocalCache$Strength$3                                   : loaded 2 times (x 77B)
Class com.google.common.collect.FluentIterable$1                                      : loaded 2 times (x 77B)
Class com.google.common.base.Objects                                                  : loaded 2 times (x 67B)
Class org.objectweb.asm.FieldVisitor                                                  : loaded 2 times (x 73B)
Class org.gradle.api.internal.classpath.DefaultModuleRegistry$DefaultModule           : loaded 2 times (x 82B)
Class [Lcom.sun.xml.bind.v2.runtime.unmarshaller.Scope;                               : loaded 2 times (x 65B)
Class com.sun.xml.bind.v2.model.impl.RuntimeBuiltinLeafInfoImpl$11                    : loaded 2 times (x 132B)
Class com.sun.xml.bind.v2.model.core.ElementInfo                                      : loaded 2 times (x 66B)
Class com.sun.xml.bind.v2.model.runtime.RuntimeEnumLeafInfo                           : loaded 2 times (x 66B)
Class com.google.common.collect.Interner                                              : loaded 2 times (x 66B)
Class android.databinding.tool.store.GenClassInfoLog$GenClassImpl$Companion           : loaded 2 times (x 67B)
Class com.google.common.collect.Interners$InternerImpl                                : loaded 2 times (x 71B)
Class com.google.common.base.Absent                                                   : loaded 2 times (x 76B)
Class com.google.common.collect.FluentIterable$2                                      : loaded 2 times (x 77B)
Class com.squareup.javapoet.MethodSpec$Builder                                        : loaded 2 times (x 68B)
Class com.android.tools.build.jetifier.core.config.Config$JsonData                    : loaded 2 times (x 68B)
Class com.android.tools.build.jetifier.core.type.JavaType$Companion                   : loaded 2 times (x 67B)
Class kotlin.collections.IndexingIterable                                             : loaded 2 times (x 75B)
Class com.sun.xml.bind.v2.runtime.property.ArrayElementProperty                       : loaded 2 times (x 101B)
Class com.sun.xml.bind.api.impl.NameUtil                                              : loaded 2 times (x 76B)
Class com.sun.xml.bind.v2.util.ByteArrayOutputStreamEx                                : loaded 2 times (x 90B)
Class com.sun.xml.bind.v2.model.impl.RuntimeBuiltinLeafInfoImpl$12                    : loaded 2 times (x 132B)
Class com.sun.xml.bind.v2.model.impl.RuntimeBuiltinLeafInfoImpl$PcdataImpl            : loaded 2 times (x 130B)
Class com.sun.xml.bind.v2.model.impl.ElementInfoImpl                                  : loaded 2 times (x 105B)
Class com.sun.xml.bind.v2.model.annotation.AbstractInlineAnnotationReaderImpl         : loaded 2 times (x 100B)
Class org.apache.commons.io.file.CountingPathVisitor                                  : loaded 2 times (x 87B)
Class net.rubygrapefruit.platform.internal.Platform$Posix                             : loaded 2 times (x 77B)
Class android.databinding.tool.processing.scopes.LocationScopeProvider                : loaded 2 times (x 66B)
Class android.databinding.tool.LibTypes$observableFields$2                            : loaded 2 times (x 75B)
Class org.apache.commons.io.IOCase                                                    : loaded 2 times (x 76B)
Class com.google.gson.internal.bind.DateTypeAdapter                                   : loaded 2 times (x 70B)
Class javax.xml.bind.annotation.XmlAnyElement                                         : loaded 2 times (x 66B)
Class com.google.common.collect.FluentIterable$3                                      : loaded 2 times (x 77B)
Class com.google.common.math.MathPreconditions                                        : loaded 2 times (x 67B)
Class com.google.common.collect.ArrayListMultimapGwtSerializationDependencies         : loaded 2 times (x 168B)
Class com.squareup.javapoet.ParameterizedTypeName                                     : loaded 2 times (x 77B)
Class kotlin.reflect.KTypeParameter                                                   : loaded 2 times (x 66B)
Class com.sun.xml.bind.v2.runtime.MarshallerImpl$1                                    : loaded 2 times (x 148B)
Class com.sun.xml.bind.v2.runtime.unmarshaller.LeafPropertyXsiLoader                  : loaded 2 times (x 74B)
Class com.sun.xml.bind.v2.runtime.property.ArrayReferenceNodeProperty                 : loaded 2 times (x 100B)
Class [Lcom.sun.xml.bind.v2.runtime.property.AttributeProperty;                       : loaded 2 times (x 65B)
Class javax.xml.bind.annotation.XmlElements                                           : loaded 2 times (x 66B)
Class com.sun.xml.bind.v2.model.impl.ClassInfoImpl$ConflictException                  : loaded 2 times (x 78B)
Class com.sun.xml.bind.v2.model.annotation.XmlElementQuick                            : loaded 2 times (x 92B)
Class com.sun.xml.bind.v2.model.impl.RuntimeBuiltinLeafInfoImpl$13                    : loaded 2 times (x 133B)
Class com.sun.xml.bind.v2.model.impl.ModelBuilderI                                    : loaded 2 times (x 66B)
Class com.sun.xml.bind.v2.runtime.LeafBeanInfoImpl                                    : loaded 2 times (x 85B)
Class com.google.common.cache.LocalCache$Strength$2                                   : loaded 2 times (x 77B)
Class com.google.common.util.concurrent.SettableFuture                                : loaded 2 times (x 110B)
Class com.google.gson.internal.ObjectConstructor                                      : loaded 2 times (x 66B)
Class androidx.databinding.InverseBindingMethods                                      : loaded 2 times (x 66B)
Class android.databinding.tool.util.LoggedErrorException                              : loaded 2 times (x 78B)
Class net.rubygrapefruit.platform.internal.Platform$MacOs64Bit                        : loaded 2 times (x 78B)
Class org.gradle.api.internal.classpath.Module                                        : loaded 2 times (x 66B)
Class com.squareup.javapoet.AnnotationSpec$Builder                                    : loaded 2 times (x 68B)
Class com.android.tools.build.jetifier.core.rule.RewriteRule$Companion                : loaded 2 times (x 67B)
Class com.android.tools.build.jetifier.core.rule.RewriteRule                          : loaded 2 times (x 68B)
Class kotlin.reflect.KMutableProperty                                                 : loaded 2 times (x 66B)
Class com.sun.xml.bind.v2.runtime.reflect.AdaptedLister                               : loaded 2 times (x 73B)
Class com.sun.xml.bind.v2.model.nav.ReflectionNavigator$10                            : loaded 2 times (x 73B)
Class com.sun.xml.bind.v2.model.impl.RuntimeBuiltinLeafInfoImpl$UUIDImpl              : loaded 2 times (x 132B)
Class com.sun.xml.bind.v2.model.impl.RuntimeBuiltinLeafInfoImpl$14                    : loaded 2 times (x 132B)
Class com.sun.xml.bind.v2.model.core.RegistryInfo                                     : loaded 2 times (x 66B)
Class org.apache.commons.io.output.QueueOutputStream                                  : loaded 2 times (x 83B)
Class org.apache.commons.io.filefilter.FileFileFilter                                 : loaded 2 times (x 112B)
Class android.databinding.tool.store.GenClassInfoLog$Companion                        : loaded 2 times (x 67B)
Class com.google.common.cache.Weigher                                                 : loaded 2 times (x 66B)
Class org.gradle.api.internal.classpath.UnknownModuleException                        : loaded 2 times (x 78B)
Class org.gradle.cache.GlobalCache                                                    : loaded 2 times (x 66B)
Class com.android.tools.build.jetifier.core.type.TypesMap$Companion                   : loaded 2 times (x 67B)
Class kotlin.jvm.internal.PropertyReference                                           : loaded 2 times (x 111B)
Class android.databinding.internal.org.antlr.v4.runtime.RuleContext                   : loaded 2 times (x 110B)
Class com.sun.xml.bind.v2.model.impl.ClassInfoImpl$SecondaryAnnotation                : loaded 2 times (x 76B)
Class com.sun.xml.bind.v2.model.impl.RuntimeBuiltinLeafInfoImpl$15                    : loaded 2 times (x 132B)
Class com.sun.xml.bind.v2.runtime.AnyTypeBeanInfo                                     : loaded 2 times (x 88B)
Class com.sun.xml.bind.v2.model.core.MaybeElement                                     : loaded 2 times (x 66B)
Class org.apache.commons.io.Charsets                                                  : loaded 2 times (x 67B)
Class com.google.gson.internal.LinkedTreeMap                                          : loaded 2 times (x 119B)
Class org.apache.commons.io.file.Counters$PathCounters                                : loaded 2 times (x 66B)
Class com.google.gson.stream.JsonReader$1                                             : loaded 2 times (x 68B)
Class com.google.common.base.Stopwatch                                                : loaded 2 times (x 68B)
Class com.google.common.cache.LocalCache$Strength                                     : loaded 2 times (x 77B)
Class com.google.common.cache.Cache                                                   : loaded 2 times (x 66B)
Class kotlin.collections.IndexingIterator                                             : loaded 2 times (x 75B)
Class android.databinding.internal.org.antlr.v4.runtime.TokenSource                   : loaded 2 times (x 66B)
Class com.sun.xml.bind.v2.model.impl.ReferencePropertyInfoImpl                        : loaded 2 times (x 123B)
Class javax.xml.bind.annotation.XmlTransient                                          : loaded 2 times (x 66B)
Class com.sun.xml.bind.v2.model.impl.AnyTypeImpl                                      : loaded 2 times (x 85B)
Class com.sun.xml.bind.v2.model.impl.RuntimeBuiltinLeafInfoImpl$16                    : loaded 2 times (x 132B)
Class com.sun.xml.bind.v2.runtime.IllegalAnnotationsException                         : loaded 2 times (x 82B)
Class com.google.gson.internal.LinkedTreeMap$1                                        : loaded 2 times (x 87B)
Class org.apache.commons.io.file.Counters$Counter                                     : loaded 2 times (x 66B)
Class com.google.common.collect.Collections2$FilteredCollection                       : loaded 2 times (x 115B)
Class android.databinding.tool.LibTypes$dataBindingComponent$2                        : loaded 2 times (x 75B)
Class com.google.common.io.AppendableWriter                                           : loaded 2 times (x 96B)
Class com.google.common.io.Files$2                                                    : loaded 2 times (x 72B)
Class com.google.common.util.concurrent.AbstractFuture$Cancellation                   : loaded 2 times (x 68B)
Class com.google.common.base.NullnessCasts                                            : loaded 2 times (x 67B)
Class [Lkotlin.reflect.KAnnotatedElement;                                             : loaded 2 times (x 65B)
Class com.sun.xml.bind.v2.runtime.reflect.Lister$ArrayLister                          : loaded 2 times (x 73B)
Class com.sun.xml.bind.v2.runtime.property.PropertyImpl                               : loaded 2 times (x 98B)
Class com.sun.xml.bind.v2.model.impl.RuntimeBuiltinLeafInfoImpl$17                    : loaded 2 times (x 132B)
Class com.sun.xml.bind.v2.runtime.ElementBeanInfoImpl                                 : loaded 2 times (x 85B)
Class com.sun.xml.bind.v2.runtime.BridgeAdapter                                       : loaded 2 times (x 83B)
Class com.sun.xml.bind.v2.runtime.BridgeContextImpl                                   : loaded 2 times (x 73B)
Class [Lcom.google.gson.ToNumberPolicy;                                               : loaded 2 times (x 65B)
Class com.google.gson.ToNumberPolicy                                                  : loaded 2 times (x 79B)
Class net.rubygrapefruit.platform.internal.FunctionResult                             : loaded 2 times (x 73B)
Class com.google.common.base.Present                                                  : loaded 2 times (x 77B)
Class com.google.common.collect.AbstractMapBasedMultimap$WrappedCollection$WrappedIterator: loaded 2 times (x 80B)
Class com.google.common.cache.RemovalListener                                         : loaded 2 times (x 66B)
Class org.gradle.api.internal.DefaultClassPathRegistry                                : loaded 2 times (x 72B)
Class com.squareup.javapoet.CodeBlock$Builder                                         : loaded 2 times (x 68B)
Class kotlin.jvm.internal.Reflection                                                  : loaded 2 times (x 67B)
Class kotlin.reflect.KProperty                                                        : loaded 2 times (x 66B)
Class com.sun.xml.bind.v2.model.core.PropertyInfo                                     : loaded 2 times (x 66B)
Class com.sun.xml.bind.v2.model.impl.RuntimeBuiltinLeafInfoImpl$18                    : loaded 2 times (x 132B)
Class javax.activation.MimeTypeParseException                                         : loaded 2 times (x 78B)
Class com.sun.xml.bind.WhiteSpaceProcessor                                            : loaded 2 times (x 67B)
Class com.sun.xml.bind.v2.runtime.AttributeAccessor                                   : loaded 2 times (x 66B)
Class com.sun.xml.bind.v2.model.annotation.Locatable                                  : loaded 2 times (x 66B)
Class org.apache.commons.io.file.DeleteOption                                         : loaded 2 times (x 66B)
Class com.google.common.collect.Maps$FilteredEntryMap$EntrySet$1                      : loaded 2 times (x 78B)
Class com.google.gson.internal.ConstructorConstructor$11                              : loaded 2 times (x 71B)
Class com.sun.xml.bind.v2.model.impl.RuntimeArrayInfoImpl                             : loaded 2 times (x 103B)
Class javax.xml.bind.annotation.XmlID                                                 : loaded 2 times (x 66B)
Class com.sun.xml.bind.v2.util.CollisionCheckStack                                    : loaded 2 times (x 195B)
Class com.sun.xml.bind.v2.runtime.unmarshaller.DefaultIDResolver                      : loaded 2 times (x 72B)
Class net.rubygrapefruit.platform.NativeIntegrationLinkageException                   : loaded 2 times (x 78B)
Class org.gradle.api.internal.ClassPathRegistry                                       : loaded 2 times (x 66B)
Class org.gradle.internal.classpath.DefaultClassPath$ImmutableUniqueList              : loaded 2 times (x 195B)
Class kotlin.collections.IntIterator                                                  : loaded 2 times (x 78B)
Class android.databinding.internal.org.antlr.v4.runtime.ANTLRErrorListener            : loaded 2 times (x 66B)
Class com.android.tools.build.jetifier.core.proguard.ProGuardTypesMap$JsonData        : loaded 2 times (x 68B)
Class com.sun.xml.bind.v2.runtime.unmarshaller.XmlVisitor$TextPredictor               : loaded 2 times (x 66B)
Class javax.xml.bind.annotation.XmlRegistry                                           : loaded 2 times (x 66B)
Class com.sun.xml.bind.v2.model.impl.RuntimeBuiltinLeafInfoImpl$19                    : loaded 2 times (x 132B)
Class android.databinding.tool.store.GenClassInfoLog$GenClassImpl                     : loaded 2 times (x 68B)
Class com.android.tools.build.jetifier.core.proguard.ProGuardTypesMap$Companion       : loaded 2 times (x 67B)
Class com.google.gson.internal.ConstructorConstructor$9                               : loaded 2 times (x 72B)
Class android.databinding.tool.util.Preconditions                                     : loaded 2 times (x 67B)
Class com.google.common.cache.LocalCache$Strength$1                                   : loaded 2 times (x 77B)
Class com.google.common.collect.MapMakerInternalMap$Segment                           : loaded 2 times (x 138B)
Class com.google.common.base.ExtraObjectsMethodsForWeb                                : loaded 2 times (x 67B)
Class com.google.gson.internal.ConstructorConstructor$13                              : loaded 2 times (x 71B)
Class org.objectweb.asm.ModuleVisitor                                                 : loaded 2 times (x 77B)
Class android.databinding.tool.util.StringUtils                                       : loaded 2 times (x 67B)
Class com.sun.xml.bind.v2.runtime.reflect.Lister$CollectionLister                     : loaded 2 times (x 73B)
Class javax.xml.bind.annotation.XmlAccessOrder                                        : loaded 2 times (x 75B)
Class com.sun.xml.bind.v2.model.impl.RuntimeAnyTypeImpl                               : loaded 2 times (x 90B)
Class com.sun.xml.bind.v2.model.nav.Navigator                                         : loaded 2 times (x 66B)
Class com.google.common.collect.MapMakerInternalMap$StrongValueEntry                  : loaded 2 times (x 66B)
Class com.google.gson.internal.bind.ArrayTypeAdapter$1                                : loaded 2 times (x 71B)
Class com.google.gson.internal.bind.JsonTreeWriter                                    : loaded 2 times (x 94B)
Class android.databinding.tool.LibTypes$listClassNames$2                              : loaded 2 times (x 75B)
Class android.databinding.tool.LibTypes$Companion                                     : loaded 2 times (x 67B)
Class android.databinding.tool.writer.JavaFileWriter                                  : loaded 2 times (x 70B)
Class net.rubygrapefruit.platform.internal.jni.NativeLibraryFunctions                 : loaded 2 times (x 67B)
Class com.google.common.io.ByteSink                                                   : loaded 2 times (x 72B)
Class com.google.common.cache.CacheBuilder                                            : loaded 2 times (x 68B)
Class org.gradle.internal.classpath.ClassPath                                         : loaded 2 times (x 66B)
Class org.gradle.api.UncheckedIOException                                             : loaded 2 times (x 78B)
Class kotlin.reflect.KFunction                                                        : loaded 2 times (x 66B)
Class [Lorg.apache.commons.io.IOCase;                                                 : loaded 2 times (x 65B)
Class javax.xml.bind.annotation.XmlElementWrapper                                     : loaded 2 times (x 66B)
Class javax.xml.bind.annotation.adapters.XmlJavaTypeAdapter                           : loaded 2 times (x 66B)
Class com.sun.xml.bind.v2.model.annotation.AnnotationSource                           : loaded 2 times (x 66B)
Class com.sun.xml.bind.v2.runtime.JAXBContextImpl$JAXBContextBuilder                  : loaded 2 times (x 82B)
Class com.google.common.collect.Interners$InternerBuilder                             : loaded 2 times (x 72B)
Class com.google.common.io.Files$FileByteSource                                       : loaded 2 times (x 81B)
Class com.squareup.javapoet.ParameterSpec$Builder                                     : loaded 2 times (x 68B)
Class com.android.tools.build.jetifier.core.PackageMap$PackageRule$JsonData           : loaded 2 times (x 68B)
Class [Lkotlin.reflect.KDeclarationContainer;                                         : loaded 2 times (x 65B)
Class com.sun.xml.bind.annotation.OverrideAnnotationOf                                : loaded 2 times (x 66B)
Class com.sun.xml.bind.v2.model.impl.RuntimeValuePropertyInfoImpl                     : loaded 2 times (x 131B)
Class com.google.gson.internal.$Gson$Types$GenericArrayTypeImpl                       : loaded 2 times (x 75B)
Class com.google.gson.internal.JsonReaderInternalAccess                               : loaded 2 times (x 68B)
Class android.databinding.tool.LibTypes$nonNull$2                                     : loaded 2 times (x 75B)
Class com.sun.xml.bind.v2.model.annotation.XmlSchemaQuick                             : loaded 2 times (x 91B)
Class com.sun.xml.bind.annotation.XmlLocation                                         : loaded 2 times (x 66B)
Class net.rubygrapefruit.platform.internal.Platform$Windows                           : loaded 2 times (x 75B)
Class com.google.common.io.CharStreams$NullWriter                                     : loaded 2 times (x 95B)
Class org.objectweb.asm.SymbolTable$Entry                                             : loaded 2 times (x 70B)
Class com.google.common.util.concurrent.AbstractFuture$AtomicHelper                   : loaded 2 times (x 74B)
Class com.google.gson.internal.ConstructorConstructor$16                              : loaded 2 times (x 71B)
Class com.sun.xml.bind.v2.runtime.property.SingleElementLeafProperty                  : loaded 2 times (x 98B)
Class com.sun.xml.bind.api.impl.NameConverter$Standard                                : loaded 2 times (x 89B)
Class com.sun.xml.bind.v2.model.annotation.Init                                       : loaded 2 times (x 67B)
Class org.gradle.internal.service.UnknownServiceException                             : loaded 2 times (x 79B)
Class com.google.gson.internal.bind.ReflectiveTypeAdapterFactory                      : loaded 2 times (x 71B)
Class com.google.gson.internal.sql.SqlTimestampTypeAdapter                            : loaded 2 times (x 72B)
Class android.databinding.tool.LibTypes$observableList$2                              : loaded 2 times (x 75B)
Class build_1tgm06eutuwvundnxlcrvt6x9                                                 : loaded 2 times (x 176B)
Class org.objectweb.asm.Edge                                                          : loaded 2 times (x 68B)
Class com.google.common.base.Suppliers$SupplierOfInstance                             : loaded 2 times (x 75B)
Class com.sun.xml.bind.v2.runtime.property.ArrayReferenceNodeProperty$MixedTextLoader : loaded 2 times (x 74B)
Class com.sun.xml.bind.v2.runtime.unmarshaller.XsiNilLoader$Array                     : loaded 2 times (x 76B)
Class com.sun.xml.bind.AccessorFactory                                                : loaded 2 times (x 66B)
Class com.google.common.base.AbstractIterator$State                                   : loaded 2 times (x 75B)
Class com.google.gson.internal.sql.SqlDateTypeAdapter$1                               : loaded 2 times (x 71B)
Class com.google.common.cache.LocalCache$LocalLoadingCache                            : loaded 2 times (x 130B)
Class com.google.common.util.concurrent.AbstractFuture$SafeAtomicHelper               : loaded 2 times (x 75B)
Class com.google.common.cache.LocalCache$ComputingValueReference                      : loaded 2 times (x 92B)
Class com.google.common.collect.SingletonImmutableSet                                 : loaded 2 times (x 142B)
Class kotlin.reflect.KProperty$Getter                                                 : loaded 2 times (x 66B)
Class com.sun.xml.bind.v2.model.nav.ReflectionNavigator$BinderArg                     : loaded 2 times (x 69B)
Class com.sun.xml.bind.v2.model.annotation.SecureLoader                               : loaded 2 times (x 67B)
Class com.sun.xml.bind.v2.model.impl.PropertyInfoImpl                                 : loaded 2 times (x 104B)
Class com.sun.xml.bind.v2.runtime.output.Pcdata                                       : loaded 2 times (x 84B)
Class com.sun.xml.bind.v2.util.QNameMap                                               : loaded 2 times (x 68B)
Class com.sun.xml.bind.v2.runtime.JAXBContextImpl                                     : loaded 2 times (x 86B)
Class com.google.gson.internal.ConstructorConstructor$18                              : loaded 2 times (x 71B)
Class kotlin.sequences.SequencesKt___SequencesKt$filterNotNull$1                      : loaded 2 times (x 74B)
Class com.google.common.cache.LocalCache$Segment                                      : loaded 2 times (x 150B)
Class com.google.gson.internal.LinkedTreeMap$LinkedTreeMapIterator                    : loaded 2 times (x 76B)
Class javax.xml.bind.annotation.XmlAnyAttribute                                       : loaded 2 times (x 66B)
Class com.sun.xml.bind.v2.model.impl.ValuePropertyInfoImpl                            : loaded 2 times (x 116B)
Class [Lorg.objectweb.asm.AnnotationVisitor;                                          : loaded 2 times (x 65B)
Class com.google.common.collect.MapMakerInternalMap$Strength$2                        : loaded 2 times (x 76B)
Class com.google.gson.internal.ConstructorConstructor$19                              : loaded 2 times (x 72B)
Class com.google.gson.internal.bind.ReflectiveTypeAdapterFactory$Adapter              : loaded 2 times (x 73B)
Class com.google.gson.internal.bind.TypeAdapters$10                                   : loaded 2 times (x 71B)
Class net.rubygrapefruit.platform.internal.LibraryDef                                 : loaded 2 times (x 68B)
Class com.google.common.collect.SortedIterable                                        : loaded 2 times (x 66B)
Class org.apache.http.client.HttpClient                                               : loaded 2 times (x 66B)
Class [Lorg.objectweb.asm.SymbolTable$Entry;                                          : loaded 2 times (x 65B)
Class com.google.common.cache.CacheLoader                                             : loaded 2 times (x 70B)
Class com.google.common.collect.AbstractListMultimap                                  : loaded 2 times (x 168B)
Class org.gradle.internal.installation.GradleInstallation$1                           : loaded 2 times (x 71B)
Class org.gradle.api.internal.classpath.ModuleRegistry                                : loaded 2 times (x 66B)
Class com.android.tools.build.jetifier.core.type.TypesMap                             : loaded 2 times (x 68B)
Class com.sun.xml.bind.v2.runtime.output.UTF8XmlOutput                                : loaded 2 times (x 96B)
Class [Lcom.sun.xml.bind.v2.model.impl.ClassInfoImpl$SecondaryAnnotation;             : loaded 2 times (x 65B)
Class com.sun.xml.bind.v2.model.core.TypeInfoSet                                      : loaded 2 times (x 66B)
Class com.sun.xml.bind.api.BridgeContext                                              : loaded 2 times (x 72B)
Class com.google.gson.internal.LinkedTreeMap$Node                                     : loaded 2 times (x 75B)
Class org.apache.commons.io.output.NullWriter                                         : loaded 2 times (x 95B)
Class com.google.gson.internal.bind.TypeAdapters$11                                   : loaded 2 times (x 71B)
Class [Lcom.google.gson.FieldNamingPolicy;                                            : loaded 2 times (x 65B)
Class com.google.common.util.concurrent.internal.InternalFutureFailureAccess          : loaded 2 times (x 68B)
Class com.google.common.collect.ImmutableSet$JdkBackedSetBuilderImpl                  : loaded 2 times (x 72B)
Class com.google.common.base.Splitter$SplittingIterator                               : loaded 2 times (x 80B)
Class com.squareup.javapoet.JavaFile$1                                                : loaded 2 times (x 75B)
Class com.android.tools.build.jetifier.core.TypeRewriter                              : loaded 2 times (x 68B)
Class com.sun.xml.bind.v2.runtime.output.XmlOutput                                    : loaded 2 times (x 66B)
Class com.sun.xml.bind.v2.model.runtime.RuntimeReferencePropertyInfo                  : loaded 2 times (x 66B)
Class javax.xml.bind.annotation.XmlRootElement                                        : loaded 2 times (x 66B)
Class com.sun.xml.bind.v2.model.core.Ref                                              : loaded 2 times (x 68B)
Class com.sun.xml.bind.v2.model.runtime.RuntimeElementInfo                            : loaded 2 times (x 66B)
Class com.sun.xml.bind.v2.model.impl.RuntimeModelBuilder                              : loaded 2 times (x 96B)
Class com.sun.xml.bind.v2.runtime.JAXBContextImpl$6                                   : loaded 2 times (x 87B)
Class com.google.gson.internal.bind.TypeAdapters$12                                   : loaded 2 times (x 71B)
Class [Lcom.google.gson.ToNumberStrategy;                                             : loaded 2 times (x 65B)
Class com.google.common.io.Closer$SuppressingSuppressor                               : loaded 2 times (x 71B)
Class com.google.common.util.concurrent.AbstractFuture$UnsafeAtomicHelper             : loaded 2 times (x 74B)
Class com.google.common.cache.LocalCache$LocalManualCache$1                           : loaded 2 times (x 71B)
Class com.google.common.base.CharMatcher$ForPredicate                                 : loaded 2 times (x 108B)
Class com.android.tools.build.jetifier.core.pom.PomDependency                         : loaded 2 times (x 68B)
Class com.sun.xml.bind.v2.runtime.unmarshaller.UnmarshallingContext                   : loaded 2 times (x 99B)
Class com.sun.xml.bind.v2.runtime.LifecycleMethods                                    : loaded 2 times (x 68B)
Class com.sun.xml.bind.v2.model.annotation.MethodLocatable                            : loaded 2 times (x 74B)
Class com.sun.xml.bind.v2.model.runtime.RuntimeMapPropertyInfo                        : loaded 2 times (x 66B)
Class com.sun.xml.bind.v2.model.nav.TypeVisitor                                       : loaded 2 times (x 72B)
Class com.sun.xml.bind.v2.model.runtime.RuntimeTypeRef                                : loaded 2 times (x 66B)
Class com.sun.xml.bind.v2.runtime.property.SingleMapNodeProperty                      : loaded 2 times (x 98B)
Class com.google.gson.internal.bind.DateTypeAdapter$1                                 : loaded 2 times (x 71B)
Class com.google.gson.internal.bind.TypeAdapters$13                                   : loaded 2 times (x 71B)
Class kotlin.collections.CollectionsKt___CollectionsKt$asSequence$$inlined$Sequence$1 : loaded 2 times (x 71B)
Class net.rubygrapefruit.platform.internal.Platform$Window32Bit                       : loaded 2 times (x 75B)
Class com.google.common.base.CharMatcher$AnyOf                                        : loaded 2 times (x 108B)
Class org.gradle.api.internal.classpath.DefaultModuleRegistry                         : loaded 2 times (x 82B)
Class kotlin.collections.IndexedValue                                                 : loaded 2 times (x 68B)
Class com.squareup.javapoet.TypeName                                                  : loaded 2 times (x 77B)
Class javax.xml.bind.Unmarshaller                                                     : loaded 2 times (x 66B)
Class com.squareup.javapoet.LineWrapper$1                                             : loaded 2 times (x 67B)
Class org.gradle.api.internal.ClassPathProvider                                       : loaded 2 times (x 66B)
Class [Lorg.gradle.api.internal.ClassPathProvider;                                    : loaded 2 times (x 65B)
Class com.google.gson.internal.bind.NumberTypeAdapter$1                               : loaded 2 times (x 72B)
Class com.google.gson.internal.bind.TypeAdapters$1                                    : loaded 2 times (x 71B)
Class com.google.gson.internal.bind.TypeAdapters$14                                   : loaded 2 times (x 71B)
Class org.apache.http.HttpEntityEnclosingRequest                                      : loaded 2 times (x 66B)
Class com.google.common.collect.MapMakerInternalMap$Strength$1                        : loaded 2 times (x 76B)
Class org.apache.http.client.CredentialsProvider                                      : loaded 2 times (x 66B)
Class org.apache.http.message.AbstractHttpMessage                                     : loaded 2 times (x 104B)
Class com.google.common.util.concurrent.ListenableFuture                              : loaded 2 times (x 66B)
Class com.google.common.cache.ReferenceEntry                                          : loaded 2 times (x 66B)
Class com.google.common.base.CharMatcher$Any                                          : loaded 2 times (x 108B)
Class com.squareup.javapoet.ParameterSpec                                             : loaded 2 times (x 68B)
Class com.squareup.javapoet.FieldSpec$Builder                                         : loaded 2 times (x 68B)
Class com.sun.xml.bind.v2.runtime.Coordinator                                         : loaded 2 times (x 79B)
Class javax.xml.bind.ValidationEventHandler                                           : loaded 2 times (x 66B)
Class com.sun.xml.bind.v2.model.annotation.XmlRootElementQuick                        : loaded 2 times (x 88B)
Class com.sun.xml.bind.v2.runtime.NameBuilder                                         : loaded 2 times (x 68B)
Class com.google.gson.FieldNamingStrategy                                             : loaded 2 times (x 66B)
Class com.google.gson.JsonArray                                                       : loaded 2 times (x 96B)
Class com.google.gson.internal.bind.TypeAdapters$2                                    : loaded 2 times (x 71B)
Class com.google.gson.internal.bind.TypeAdapters$15                                   : loaded 2 times (x 71B)
Class com.google.gson.internal.sql.SqlTypesSupport$1                                  : loaded 2 times (x 70B)
Class com.sun.xml.bind.v2.runtime.JAXBContextImpl$5                                   : loaded 2 times (x 70B)
Class com.google.common.util.concurrent.AbstractFuture                                : loaded 2 times (x 102B)
Class com.google.common.base.FunctionalEquivalence                                    : loaded 2 times (x 79B)
Class com.google.common.collect.AbstractMapBasedMultimap                              : loaded 2 times (x 135B)
Class com.sun.xml.bind.v2.runtime.unmarshaller.IntData                                : loaded 2 times (x 85B)
Class android.databinding.tool.store.ResourceBundle$BindingTargetBundle$BindingBundle : loaded 2 times (x 78B)
Class javax.xml.bind.annotation.XmlSeeAlso                                            : loaded 2 times (x 66B)
Class com.sun.xml.bind.v2.model.core.PropertyKind                                     : loaded 2 times (x 75B)
Class [Lcom.sun.xml.bind.v2.model.impl.ClassInfoImpl$PropertyGroup;                   : loaded 2 times (x 65B)
Class com.sun.xml.bind.v2.runtime.unmarshaller.Receiver                               : loaded 2 times (x 66B)
Class [Lcom.sun.xml.bind.v2.model.annotation.Quick;                                   : loaded 2 times (x 65B)
Class com.sun.xml.bind.v2.model.runtime.RuntimeValuePropertyInfo                      : loaded 2 times (x 66B)
Class com.google.gson.internal.bind.TypeAdapters$16                                   : loaded 2 times (x 71B)
Class com.google.gson.internal.bind.TypeAdapters$3                                    : loaded 2 times (x 71B)
Class com.google.gson.internal.sql.SqlTypesSupport$2                                  : loaded 2 times (x 70B)
Class com.sun.xml.bind.v2.model.impl.ClassInfoImpl$PropertyGroup                      : loaded 2 times (x 75B)
Class kotlin.io.FileTreeWalk$FileTreeWalkIterator$SingleFileState                     : loaded 2 times (x 70B)
Class com.google.common.io.CharStreams                                                : loaded 2 times (x 67B)
Class org.apache.http.client.methods.AbortableHttpRequest                             : loaded 2 times (x 66B)
Class org.objectweb.asm.RecordComponentVisitor                                        : loaded 2 times (x 73B)
Class com.google.common.cache.CacheLoader$SupplierToCacheLoader                       : loaded 2 times (x 71B)
Class com.sun.xml.bind.v2.runtime.unmarshaller.SAXConnector$TagNameImpl               : loaded 2 times (x 71B)
Class javax.xml.bind.JAXBElement                                                      : loaded 2 times (x 77B)
Class javax.xml.bind.annotation.XmlAccessorOrder                                      : loaded 2 times (x 66B)
Class android.databinding.tool.processing.scopes.FileScopeProvider                    : loaded 2 times (x 66B)
Class org.apache.commons.io.file.AccumulatorPathVisitor                               : loaded 2 times (x 91B)
Class com.sun.xml.bind.v2.model.core.ID                                               : loaded 2 times (x 75B)
Class com.google.gson.internal.bind.TypeAdapters$17                                   : loaded 2 times (x 71B)
Class com.google.gson.internal.bind.TypeAdapters$4                                    : loaded 2 times (x 71B)
Class android.databinding.internal.org.antlr.v4.runtime.tree.RuleNode                 : loaded 2 times (x 66B)
Class com.sun.xml.bind.v2.runtime.property.ArrayProperty                              : loaded 2 times (x 98B)
Class com.sun.xml.bind.v2.runtime.property.PropertyFactory$1                          : loaded 2 times (x 67B)
Class android.databinding.internal.org.antlr.v4.runtime.CharStream                    : loaded 2 times (x 66B)
Class com.squareup.javapoet.LineWrapper                                               : loaded 2 times (x 68B)
Class com.sun.xml.bind.v2.runtime.reflect.PrimitiveArrayListerCharacter               : loaded 2 times (x 72B)
Class com.sun.xml.bind.v2.runtime.reflect.Lister$IDREFS                               : loaded 2 times (x 73B)
Class com.sun.xml.bind.v2.model.core.TypeRef                                          : loaded 2 times (x 66B)
Class com.sun.xml.bind.v2.model.impl.FieldPropertySeed                                : loaded 2 times (x 86B)
Class com.sun.xml.bind.v2.model.annotation.Quick                                      : loaded 2 times (x 84B)
Class com.sun.xml.bind.v2.runtime.ArrayBeanInfoImpl                                   : loaded 2 times (x 85B)
Class com.google.gson.annotations.JsonAdapter                                         : loaded 2 times (x 66B)
Class com.google.gson.internal.bind.SerializationDelegatingTypeAdapter                : loaded 2 times (x 70B)
Class com.google.gson.internal.bind.TypeAdapters$18                                   : loaded 2 times (x 71B)
Class com.google.gson.internal.bind.TypeAdapters$5                                    : loaded 2 times (x 71B)
Class com.google.common.collect.ImmutableSortedSet                                    : loaded 2 times (x 295B)
Class [Lcom.google.common.cache.LocalCache$EntryFactory;                              : loaded 2 times (x 65B)
Class com.google.common.base.CharMatcher$JavaLetter                                   : loaded 2 times (x 107B)
Class org.gradle.internal.classloader.ClassLoaderFactory                              : loaded 2 times (x 66B)
Class org.gradle.api.internal.DefaultClassPathProvider                                : loaded 2 times (x 72B)
Class com.sun.xml.bind.v2.runtime.reflect.PrimitiveArrayListerByte                    : loaded 2 times (x 72B)
Class com.sun.xml.bind.v2.runtime.property.SingleReferenceNodeProperty$1              : loaded 2 times (x 81B)
Class com.sun.xml.bind.v2.runtime.unmarshaller.XsiNilLoader                           : loaded 2 times (x 76B)
Class javax.xml.bind.MarshalException                                                 : loaded 2 times (x 81B)
Class org.apache.commons.io.function.IOBiFunction                                     : loaded 2 times (x 66B)
Class [Lorg.apache.commons.io.FileSystem;                                             : loaded 2 times (x 65B)
Class org.apache.commons.io.CloseableURLConnection                                    : loaded 2 times (x 113B)
Class com.google.gson.internal.bind.ReflectiveTypeAdapterFactory$FieldReflectionAdapter: loaded 2 times (x 73B)
Class com.google.gson.internal.bind.TypeAdapters$19                                   : loaded 2 times (x 71B)
Class com.google.gson.internal.bind.TypeAdapters$6                                    : loaded 2 times (x 71B)
Class net.rubygrapefruit.platform.internal.Platform$Linux                             : loaded 2 times (x 79B)
Class com.google.common.collect.ImmutableMap$SerializedForm                           : loaded 2 times (x 69B)
Class com.google.common.cache.LocalCache$LocalManualCache                             : loaded 2 times (x 95B)
Class com.google.common.base.CharMatcher$IsNot                                        : loaded 2 times (x 107B)
Class org.gradle.internal.service.CachingServiceLocator                               : loaded 2 times (x 78B)
Class kotlin.jvm.internal.CallableReference                                           : loaded 2 times (x 102B)
Class org.apache.commons.io.filefilter.ConditionalFileFilter                          : loaded 2 times (x 66B)
Class com.google.gson.internal.$Gson$Preconditions                                    : loaded 2 times (x 67B)
Class com.google.gson.annotations.SerializedName                                      : loaded 2 times (x 66B)
Class com.google.gson.internal.bind.TypeAdapters$7                                    : loaded 2 times (x 71B)
Class com.google.common.collect.RegularImmutableSortedSet                             : loaded 2 times (x 295B)
Class com.google.common.collect.AbstractMapBasedMultimap$KeySet                       : loaded 2 times (x 133B)
Class com.google.common.math.IntMath                                                  : loaded 2 times (x 67B)
Class kotlin.properties.ReadOnlyProperty                                              : loaded 2 times (x 66B)
Class android.databinding.tool.ext.Replacement                                        : loaded 2 times (x 68B)
Class com.sun.xml.bind.v2.runtime.reflect.TransducedAccessor$CompositeContextDependentTransducedAccessorImpl: loaded 2 times (x 75B)
Class com.sun.xml.bind.v2.runtime.reflect.Accessor                                    : loaded 2 times (x 81B)
Class com.sun.xml.bind.v2.model.impl.RuntimeAttributePropertyInfoImpl                 : loaded 2 times (x 140B)
Class com.sun.xml.bind.api.AccessorException                                          : loaded 2 times (x 78B)
Class com.google.common.base.Splitter                                                 : loaded 2 times (x 68B)
Class org.apache.commons.io.file.Counters$AbstractPathCounters                        : loaded 2 times (x 78B)
Class org.apache.commons.io.filefilter.FileEqualsFileFilter                           : loaded 2 times (x 112B)
Class org.objectweb.asm.AnnotationVisitor                                             : loaded 2 times (x 74B)
Class com.google.gson.internal.bind.CollectionTypeAdapterFactory$Adapter              : loaded 2 times (x 70B)
Class com.google.gson.internal.bind.TypeAdapters$8                                    : loaded 2 times (x 71B)
Class com.google.common.collect.Iterators$EmptyModifiableIterator                     : loaded 2 times (x 82B)
Class com.google.common.collect.MapMakerInternalMap$InternalEntry                     : loaded 2 times (x 66B)
Class com.google.common.base.CharMatcher$JavaDigit                                    : loaded 2 times (x 107B)
Class com.google.gson.FieldNamingPolicy                                               : loaded 2 times (x 79B)
Class com.sun.xml.bind.v2.runtime.reflect.Lister$1                                    : loaded 2 times (x 72B)
Class android.databinding.tool.store.Location                                         : loaded 2 times (x 74B)
Class com.sun.xml.bind.v2.model.nav.ReflectionNavigator$1                             : loaded 2 times (x 77B)
Class com.sun.xml.bind.v2.util.TypeCast                                               : loaded 2 times (x 67B)
Class com.google.gson.internal.bind.TypeAdapters                                      : loaded 2 times (x 67B)
Class android.databinding.tool.util.FileUtil$listAndSortFiles$$inlined$sortedBy$2     : loaded 2 times (x 85B)
Class com.google.gson.internal.bind.TypeAdapters$9                                    : loaded 2 times (x 71B)
Class android.databinding.tool.LibTypes$viewBinding$2                                 : loaded 2 times (x 75B)
Class com.sun.xml.bind.v2.model.core.Element                                          : loaded 2 times (x 66B)
Class com.sun.xml.bind.v2.model.impl.DummyPropertyInfo                                : loaded 2 times (x 66B)
Class com.sun.xml.bind.v2.runtime.reflect.Lister$2                                    : loaded 2 times (x 73B)
Class com.sun.xml.bind.v2.runtime.reflect.DefaultTransducedAccessor                   : loaded 2 times (x 75B)
Class com.sun.xml.bind.v2.model.annotation.XmlTransientQuick                          : loaded 2 times (x 86B)
Class javax.xml.bind.annotation.XmlAccessorType                                       : loaded 2 times (x 66B)
Class com.sun.xml.bind.v2.model.nav.ReflectionNavigator$2                             : loaded 2 times (x 77B)
Class com.sun.xml.bind.v2.model.impl.EnumLeafInfoImpl                                 : loaded 2 times (x 124B)
Class com.sun.xml.bind.v2.model.impl.MapPropertyInfoImpl                              : loaded 2 times (x 115B)
Class com.sun.xml.bind.v2.model.impl.RuntimeMapPropertyInfoImpl                       : loaded 2 times (x 133B)
Class com.google.gson.JsonParseException                                              : loaded 2 times (x 78B)
Class com.google.common.collect.IndexedImmutableSet$1                                 : loaded 2 times (x 208B)
Class com.google.common.cache.CacheBuilder$OneWeigher                                 : loaded 2 times (x 78B)
Class com.android.tools.build.jetifier.core.type.JavaType                             : loaded 2 times (x 68B)
Class com.sun.xml.bind.v2.model.nav.ReflectionNavigator$3                             : loaded 2 times (x 73B)
Class com.sun.xml.bind.v2.model.annotation.XmlValueQuick                              : loaded 2 times (x 86B)
Class com.sun.istack.Pool                                                             : loaded 2 times (x 66B)
Class com.sun.xml.bind.v2.model.impl.AttributePropertyInfoImpl                        : loaded 2 times (x 120B)
Class android.databinding.tool.LibTypes$appCompatResources$2                          : loaded 2 times (x 75B)
Class net.rubygrapefruit.platform.internal.Platform$Unsupported                       : loaded 2 times (x 75B)
Class net.rubygrapefruit.platform.internal.Platform$FreeBSD32Bit                      : loaded 2 times (x 78B)
Class org.gradle.internal.classloader.ClasspathUtil                                   : loaded 2 times (x 67B)
Class [Lcom.google.common.base.StandardSystemProperty;                                : loaded 2 times (x 65B)
Class com.sun.istack.SAXException2                                                    : loaded 2 times (x 79B)
Class com.sun.xml.bind.v2.runtime.output.IndentingUTF8XmlOutput                       : loaded 2 times (x 97B)
Class com.sun.xml.bind.v2.runtime.property.UnmarshallerChain                          : loaded 2 times (x 68B)
Class com.sun.xml.bind.v2.runtime.unmarshaller.TextLoader                             : loaded 2 times (x 74B)
Class android.databinding.internal.org.antlr.v4.runtime.tree.SyntaxTree               : loaded 2 times (x 66B)
Class com.sun.xml.bind.v2.TODO                                                        : loaded 2 times (x 67B)
Class com.sun.xml.bind.v2.model.runtime.RuntimeElementPropertyInfo                    : loaded 2 times (x 66B)
Class com.sun.xml.bind.v2.model.impl.RuntimeBuiltinLeafInfoImpl$20                    : loaded 2 times (x 132B)
Class [Lkotlin.reflect.KCallable;                                                     : loaded 2 times (x 65B)
Class androidx.databinding.InverseMethod                                              : loaded 2 times (x 66B)
Class net.rubygrapefruit.platform.internal.Platform$Unix                              : loaded 2 times (x 78B)
Class com.google.common.base.Charsets                                                 : loaded 2 times (x 67B)
Class com.google.common.util.concurrent.Uninterruptibles                              : loaded 2 times (x 67B)
Class com.android.tools.build.jetifier.core.config.Config                             : loaded 2 times (x 68B)
Class com.squareup.javapoet.TypeVariableName                                          : loaded 2 times (x 77B)
Class kotlin.jvm.internal.PropertyReference1                                          : loaded 2 times (x 123B)
Class com.sun.xml.bind.v2.model.nav.ReflectionNavigator$5                             : loaded 2 times (x 73B)
Class com.sun.xml.bind.v2.model.impl.RuntimeBuiltinLeafInfoImpl$21                    : loaded 2 times (x 132B)
Class com.sun.xml.bind.v2.model.runtime.RuntimeTypeInfo                               : loaded 2 times (x 66B)
Class kotlin.jvm.internal.DefaultConstructorMarker                                    : loaded 2 times (x 67B)
Class kotlin.reflect.KProperty$Accessor                                               : loaded 2 times (x 66B)
Class com.google.common.base.CharMatcher$JavaUpperCase                                : loaded 2 times (x 107B)
Class settings_86a18iqo7bwxa6m486lwzx3zp$_run_closure1                                : loaded 2 times (x 135B)
Class org.gradle.api.specs.Spec                                                       : loaded 2 times (x 66B)
Class com.android.tools.build.jetifier.core.rule.RewriteRulesMap$Companion            : loaded 2 times (x 67B)
Class com.sun.xml.bind.v2.model.impl.RuntimeBuiltinLeafInfoImpl$22                    : loaded 2 times (x 132B)
Class com.sun.xml.bind.v2.model.nav.ReflectionNavigator$6                             : loaded 2 times (x 77B)
Class settings_86a18iqo7bwxa6m486lwzx3zp$_run_closure1$_closure2                      : loaded 2 times (x 135B)
Class build_8h13iasa0gvnh1izib3gk8bla$_run_closure1                                   : loaded 2 times (x 135B)
Class com.google.gson.internal.sql.SqlDateTypeAdapter                                 : loaded 2 times (x 70B)
Class kotlin.UnsafeLazyImpl                                                           : loaded 2 times (x 72B)
Class kotlin.LazyKt__LazyJVMKt$WhenMappings                                           : loaded 2 times (x 67B)
Class com.google.common.collect.MapMaker                                              : loaded 2 times (x 68B)
Class com.android.tools.build.jetifier.core.pom.PomRewriteRule$JsonData               : loaded 2 times (x 68B)
Class com.sun.xml.bind.v2.model.nav.ParameterizedTypeImpl                             : loaded 2 times (x 81B)
Class com.sun.xml.bind.v2.runtime.reflect.Accessor$GetterSetterReflection             : loaded 2 times (x 81B)
Class com.sun.xml.bind.v2.model.impl.RuntimeBuiltinLeafInfoImpl$23                    : loaded 2 times (x 132B)
Class javax.activation.DataHandler                                                    : loaded 2 times (x 88B)
Class com.sun.xml.bind.v2.model.runtime.RuntimeTypeInfoSet                            : loaded 2 times (x 66B)
Class com.sun.xml.bind.v2.model.impl.TypeInfoSetImpl                                  : loaded 2 times (x 107B)
Class kotlin.LazyThreadSafetyMode                                                     : loaded 2 times (x 75B)
Class javax.xml.bind.JAXBException                                                    : loaded 2 times (x 81B)
Class com.google.common.cache.LocalCache$LoadingValueReference                        : loaded 2 times (x 92B)
Class com.android.tools.build.jetifier.core.config.ConfigParser                       : loaded 2 times (x 67B)
Class com.squareup.javapoet.ArrayTypeName                                             : loaded 2 times (x 77B)
Class com.google.common.collect.ImmutableRangeSet                                     : loaded 2 times (x 111B)
Class com.sun.xml.bind.v2.runtime.reflect.Lister                                      : loaded 2 times (x 72B)
Class com.sun.xml.bind.v2.model.core.NonElementRef                                    : loaded 2 times (x 66B)
Class com.sun.xml.bind.v2.model.annotation.XmlAttributeQuick                          : loaded 2 times (x 89B)
Class com.sun.xml.bind.v2.model.impl.RuntimeBuiltinLeafInfoImpl$24                    : loaded 2 times (x 133B)
Class com.sun.xml.bind.Util                                                           : loaded 2 times (x 67B)
Class org.apache.commons.io.filefilter.AndFileFilter                                  : loaded 2 times (x 123B)
Class android.databinding.tool.store.ResourceBundle                                   : loaded 2 times (x 80B)
Class com.google.gson.internal.bind.TypeAdapters$34                                   : loaded 2 times (x 72B)
Class android.databinding.tool.util.FileUtil$listAndSortFiles$$inlined$sortedBy$1     : loaded 2 times (x 85B)
Class com.google.gson.internal.bind.ReflectiveTypeAdapterFactory$RecordAdapter        : loaded 2 times (x 73B)
Class androidx.databinding.BindingMethods                                             : loaded 2 times (x 66B)
Class com.sun.xml.bind.v2.runtime.JAXBContextImpl$3                                   : loaded 2 times (x 70B)
Class com.google.common.io.LineReader$1                                               : loaded 2 times (x 71B)
Class com.google.common.collect.CollectSpliterators                                   : loaded 2 times (x 67B)
Class com.google.common.collect.AbstractMapBasedMultimap$AsMap                        : loaded 2 times (x 124B)
Class com.google.common.collect.MapMakerInternalMap$StrongKeyDummyValueEntry          : loaded 2 times (x 78B)
Class settings_86a18iqo7bwxa6m486lwzx3zp                                              : loaded 2 times (x 175B)
Class com.sun.xml.bind.v2.runtime.reflect.Accessor$FieldReflection                    : loaded 2 times (x 81B)
Class com.sun.xml.bind.v2.model.runtime.RuntimeNonElementRef                          : loaded 2 times (x 66B)
Class com.sun.xml.bind.v2.runtime.unmarshaller.Base64Data                             : loaded 2 times (x 85B)
Class com.sun.istack.Pool$Impl                                                        : loaded 2 times (x 73B)
Class com.google.gson.internal.reflect.ReflectionHelper$RecordNotSupportedHelper      : loaded 2 times (x 74B)
Class com.google.gson.internal.$Gson$Types                                            : loaded 2 times (x 67B)
Class com.google.gson.JsonIOException                                                 : loaded 2 times (x 78B)
Class androidx.databinding.InverseBindingAdapter                                      : loaded 2 times (x 66B)
Class com.sun.xml.bind.v2.runtime.Transducer                                          : loaded 2 times (x 66B)
Class com.sun.xml.bind.v2.model.impl.RuntimeClassInfoImpl                             : loaded 2 times (x 158B)
Class com.sun.xml.bind.v2.model.impl.RuntimeBuiltinLeafInfoImpl$StringImplImpl        : loaded 2 times (x 132B)
Class android.databinding.internal.org.antlr.v4.runtime.ParserRuleContext             : loaded 2 times (x 127B)
Class kotlin.io.FilePathComponents                                                    : loaded 2 times (x 68B)
Class com.google.common.collect.AbstractMapBasedMultimap$WrappedList                  : loaded 2 times (x 201B)
Class [Lorg.objectweb.asm.AnnotationWriter;                                           : loaded 2 times (x 65B)
Class kotlin.Triple                                                                   : loaded 2 times (x 68B)
Class kotlin.text.Regex                                                               : loaded 2 times (x 68B)
Class [Lcom.sun.xml.bind.v2.runtime.property.StructureLoaderBuilder;                  : loaded 2 times (x 65B)
Class com.sun.xml.bind.v2.model.impl.RuntimeBuiltinLeafInfoImpl$26                    : loaded 2 times (x 132B)
Class com.sun.xml.bind.v2.model.impl.RuntimeBuiltinLeafInfoImpl$10$1                  : loaded 2 times (x 352B)
Class com.sun.xml.bind.v2.model.core.TypeInfo                                         : loaded 2 times (x 66B)
Class com.sun.xml.bind.v2.runtime.BinderImpl                                          : loaded 2 times (x 82B)
Class org.apache.commons.io.filefilter.SuffixFileFilter                               : loaded 2 times (x 112B)
Class com.sun.xml.bind.v2.runtime.reflect.ListTransducedAccessorImpl                  : loaded 2 times (x 76B)
Class javax.xml.bind.PropertyException                                                : loaded 2 times (x 81B)
Class com.sun.xml.bind.v2.runtime.unmarshaller.TagName                                : loaded 2 times (x 71B)
Class [Lcom.google.common.collect.Iterators$EmptyModifiableIterator;                  : loaded 2 times (x 65B)
Class com.google.common.collect.ImmutableRangeSet$Builder                             : loaded 2 times (x 73B)
Class com.google.common.cache.LocalCache$StrongValueReference                         : loaded 2 times (x 86B)
Class com.google.common.util.concurrent.AbstractFuture$SynchronizedHelper             : loaded 2 times (x 74B)
Class com.google.common.base.CharMatcher$Invisible                                    : loaded 2 times (x 108B)
Class [Lcom.squareup.javapoet.LineWrapper$FlushType;                                  : loaded 2 times (x 65B)
Class kotlin.jvm.internal.ReflectionFactory                                           : loaded 2 times (x 87B)
Class com.sun.xml.bind.v2.runtime.unmarshaller.SAXConnector                           : loaded 2 times (x 97B)
Class [Lcom.sun.xml.bind.v2.model.annotation.Locatable;                               : loaded 2 times (x 65B)
Class com.sun.xml.bind.v2.model.impl.RuntimeBuiltinLeafInfoImpl$27                    : loaded 2 times (x 132B)
Class com.sun.xml.bind.v2.model.impl.ModelBuilder                                     : loaded 2 times (x 88B)
Class [Lcom.google.gson.stream.JsonToken;                                             : loaded 2 times (x 65B)
Class com.google.gson.LongSerializationPolicy$1                                       : loaded 2 times (x 76B)
Class com.android.tools.build.jetifier.core.rule.RewriteRule$JsonData                 : loaded 2 times (x 68B)
Class com.google.common.graph.SuccessorsFunction                                      : loaded 2 times (x 66B)
Class org.objectweb.asm.Type                                                          : loaded 2 times (x 68B)
Class org.gradle.internal.classloader.VisitableURLClassLoader$InstrumentingVisitableURLClassLoader: loaded 2 times (x 119B)
Class android.databinding.internal.org.antlr.v4.runtime.tree.ParseTreeListener        : loaded 2 times (x 66B)
Class android.databinding.tool.processing.Scope$ScopeEntry                            : loaded 2 times (x 68B)
Class com.android.tools.build.jetifier.core.PackageMap$PackageRule                    : loaded 2 times (x 68B)
Class android.databinding.tool.util.ParserHelper                                      : loaded 2 times (x 67B)
Class com.sun.xml.bind.v2.runtime.unmarshaller.UnmarshallerImpl                       : loaded 2 times (x 135B)
Class com.sun.xml.bind.v2.runtime.output.NamespaceContextImpl$1                       : loaded 2 times (x 71B)
Class com.sun.xml.bind.marshaller.DataWriter                                          : loaded 2 times (x 167B)
Class com.sun.xml.bind.v2.runtime.property.StructureLoaderBuilder                     : loaded 2 times (x 66B)
Class com.sun.xml.bind.v2.model.impl.RuntimeElementPropertyInfoImpl                   : loaded 2 times (x 135B)
Class com.sun.xml.bind.v2.model.impl.RuntimeBuiltinLeafInfoImpl$28                    : loaded 2 times (x 72B)
Class [Lcom.sun.xml.bind.v2.util.QNameMap$Entry;                                      : loaded 2 times (x 65B)
Class com.sun.xml.bind.unmarshaller.InfosetScanner                                    : loaded 2 times (x 66B)
Class org.gradle.api.internal.classpath.EffectiveClassPath                            : loaded 2 times (x 86B)
Class com.google.common.collect.Maps$FilteredEntryMap$EntrySet                        : loaded 2 times (x 148B)
Class org.apache.commons.io.file.Counters                                             : loaded 2 times (x 67B)
Class net.rubygrapefruit.platform.internal.Platform                                   : loaded 2 times (x 75B)
Class com.google.gson.LongSerializationPolicy$2                                       : loaded 2 times (x 76B)
Class android.databinding.tool.LibTypes$viewStubProxy$2                               : loaded 2 times (x 75B)
Class net.rubygrapefruit.platform.NativeIntegrationUnavailableException               : loaded 2 times (x 78B)
Class android.databinding.tool.LibTypes$dataBinderMapper$2                            : loaded 2 times (x 75B)
Class [Landroid.databinding.tool.CompilerArguments$Type;                              : loaded 2 times (x 65B)
Class com.google.common.collect.MapMakerInternalMap$StrongKeyDummyValueEntry$Helper   : loaded 2 times (x 75B)
Class com.google.common.io.Files$FileByteSink                                         : loaded 2 times (x 73B)
Class org.objectweb.asm.ByteVector                                                    : loaded 2 times (x 75B)
Class [Lcom.google.common.cache.CacheBuilder$NullListener;                            : loaded 2 times (x 65B)
Class com.google.common.math.IntMath$1                                                : loaded 2 times (x 67B)
Class org.gradle.internal.classloader.VisitableURLClassLoader$Spec                    : loaded 2 times (x 70B)
Class org.gradle.internal.classpath.DefaultClassPath                                  : loaded 2 times (x 86B)
Class com.squareup.javapoet.TypeSpec                                                  : loaded 2 times (x 68B)
Class com.sun.xml.bind.api.impl.NameConverter                                         : loaded 2 times (x 66B)
Class com.sun.xml.bind.v2.model.core.NonElement                                       : loaded 2 times (x 66B)
Class com.sun.xml.bind.v2.ContextFactory                                              : loaded 2 times (x 67B)
Class com.google.gson.internal.bind.TypeAdapters$33                                   : loaded 2 times (x 72B)
Class com.google.gson.internal.bind.ObjectTypeAdapter                                 : loaded 2 times (x 70B)
Class com.google.common.collect.Maps$FilteredEntryMap                                 : loaded 2 times (x 124B)
Class android.databinding.tool.LibTypes$dataBindingKtx$2                              : loaded 2 times (x 74B)
Class com.sun.xml.bind.v2.runtime.JAXBContextImpl$2                                   : loaded 2 times (x 74B)
Class org.objectweb.asm.Symbol                                                        : loaded 2 times (x 69B)
Class com.google.common.base.AbstractIterator                                         : loaded 2 times (x 76B)
Class com.squareup.javapoet.JavaFile                                                  : loaded 2 times (x 68B)
Class kotlin.reflect.KType                                                            : loaded 2 times (x 66B)
Class com.sun.xml.bind.v2.runtime.unmarshaller.UnmarshallingContext$DefaultRootLoader : loaded 2 times (x 76B)
Class com.sun.xml.bind.v2.runtime.reflect.PrimitiveArrayListerLong                    : loaded 2 times (x 72B)
Class com.sun.xml.bind.v2.model.core.ClassInfo                                        : loaded 2 times (x 66B)
Class com.google.common.collect.Sets$FilteredSet                                      : loaded 2 times (x 133B)
Class javax.xml.bind.annotation.XmlEnum                                               : loaded 2 times (x 66B)
Class com.google.gson.reflect.TypeToken                                               : loaded 2 times (x 71B)
Class [Lcom.sun.xml.bind.v2.runtime.property.Property;                                : loaded 2 times (x 65B)
Class com.google.common.io.Java8Compatibility                                         : loaded 2 times (x 67B)
Class com.google.common.io.Closer                                                     : loaded 2 times (x 74B)
Class com.google.common.base.CharMatcher$Ascii                                        : loaded 2 times (x 108B)
Class com.google.common.base.CharMatcher$BitSetMatcher                                : loaded 2 times (x 108B)
Class build_8h13iasa0gvnh1izib3gk8bla                                                 : loaded 2 times (x 176B)
Class org.gradle.internal.classloader.ClassLoaderSpec                                 : loaded 2 times (x 67B)
Class com.android.tools.build.jetifier.core.proguard.ProGuardType                     : loaded 2 times (x 68B)
Class com.sun.xml.bind.AccessorFactoryImpl                                            : loaded 2 times (x 77B)
Class com.sun.xml.bind.v2.model.core.MapPropertyInfo                                  : loaded 2 times (x 66B)
Class com.sun.xml.bind.v2.runtime.reflect.Utils                                       : loaded 2 times (x 67B)
Class com.google.gson.internal.sql.SqlTimestampTypeAdapter$1                          : loaded 2 times (x 71B)
Class com.google.gson.JsonPrimitive                                                   : loaded 2 times (x 89B)
Class kotlin.text.DelimitedRangesSequence                                             : loaded 2 times (x 71B)
Class net.rubygrapefruit.platform.internal.Platform$MacOs32Bit                        : loaded 2 times (x 78B)
Class net.rubygrapefruit.platform.internal.Platform$Linux64Bit                        : loaded 2 times (x 79B)
Class org.objectweb.asm.AnnotationWriter                                              : loaded 2 times (x 75B)
Class com.google.common.cache.CacheStats                                              : loaded 2 times (x 67B)
Class com.android.tools.build.jetifier.core.proguard.ProGuardTypesMap$expandedRules$2 : loaded 2 times (x 75B)
Class com.sun.xml.bind.DatatypeConverterImpl                                          : loaded 2 times (x 107B)
Class com.sun.xml.bind.v2.ClassFactory                                                : loaded 2 times (x 67B)
Class javax.xml.bind.DatatypeConverterInterface                                       : loaded 2 times (x 66B)
Class com.google.common.base.StandardSystemProperty                                   : loaded 2 times (x 75B)
Class [Lcom.google.gson.ReflectionAccessFilter$FilterResult;                          : loaded 2 times (x 65B)
Class com.google.gson.JsonElement                                                     : loaded 2 times (x 88B)
Class android.databinding.internal.org.antlr.v4.runtime.IntStream                     : loaded 2 times (x 66B)
Class org.gradle.internal.classloader.ClassLoaderVisitor                              : loaded 2 times (x 72B)
Class com.google.common.collect.Interners                                             : loaded 2 times (x 67B)
Class com.google.common.io.Closer$Suppressor                                          : loaded 2 times (x 66B)
Class com.google.common.io.LineProcessor                                              : loaded 2 times (x 66B)
Class org.objectweb.asm.RecordComponentWriter                                         : loaded 2 times (x 74B)
Class com.google.common.util.concurrent.AbstractFuture$Listener                       : loaded 2 times (x 68B)
Class com.google.common.base.CharMatcher$Or                                           : loaded 2 times (x 108B)
Class com.android.tools.build.jetifier.core.pom.PomRewriteRule$Companion              : loaded 2 times (x 67B)
Class com.sun.xml.bind.v2.runtime.reflect.ListIterator                                : loaded 2 times (x 66B)
Class javax.xml.bind.annotation.XmlElementRefs                                        : loaded 2 times (x 66B)
Class com.sun.xml.bind.v2.model.runtime.RuntimeElement                                : loaded 2 times (x 66B)
Class com.google.common.collect.ForwardingSet                                         : loaded 2 times (x 147B)
Class com.google.common.base.CharMatcher$None                                         : loaded 2 times (x 108B)
Class com.google.gson.internal.bind.CollectionTypeAdapterFactory                      : loaded 2 times (x 71B)
Class org.apache.http.client.methods.HttpUriRequest                                   : loaded 2 times (x 66B)
Class org.objectweb.asm.Attribute                                                     : loaded 2 times (x 73B)
Class com.google.common.base.Supplier                                                 : loaded 2 times (x 66B)
Class org.gradle.internal.classloader.VisitableURLClassLoader                         : loaded 2 times (x 113B)
Class com.sun.xml.bind.v2.runtime.unmarshaller.Scope                                  : loaded 2 times (x 68B)
Class javax.xml.bind.helpers.DefaultValidationEventHandler                            : loaded 2 times (x 71B)
Class android.databinding.tool.store.ResourceBundle$VariableDeclaration               : loaded 2 times (x 68B)
Class javax.xml.bind.annotation.XmlElement$DEFAULT                                    : loaded 2 times (x 67B)
Class com.sun.xml.bind.v2.runtime.InternalBridge                                      : loaded 2 times (x 83B)
Class android.databinding.tool.LibTypes$typeRewriter$2                                : loaded 2 times (x 74B)
Class org.apache.commons.io.file.PathVisitor                                          : loaded 2 times (x 66B)
Class android.databinding.tool.store.ResourceBundle$ValidateAndFilterCallback         : loaded 2 times (x 66B)
Class com.google.gson.internal.bind.TypeAdapters$32                                   : loaded 2 times (x 72B)
Class net.rubygrapefruit.platform.internal.FunctionResult$Failure                     : loaded 2 times (x 75B)
Class net.rubygrapefruit.platform.internal.NativeLibraryLoader                        : loaded 2 times (x 69B)
Class com.google.common.collect.ImmutableList$SerializedForm                          : loaded 2 times (x 69B)
Class com.google.common.util.concurrent.AbstractFuture$Waiter                         : loaded 2 times (x 68B)
Class org.gradle.internal.Cast                                                        : loaded 2 times (x 67B)
Class org.gradle.api.Action                                                           : loaded 2 times (x 66B)
Class com.squareup.javapoet.LineWrapper$FlushType                                     : loaded 2 times (x 75B)
Class com.squareup.javapoet.FieldSpec                                                 : loaded 2 times (x 68B)
Class org.apache.commons.io.file.PathUtils                                            : loaded 2 times (x 67B)
Class com.sun.xml.bind.v2.runtime.unmarshaller.LocatorEx                              : loaded 2 times (x 66B)
Class com.sun.xml.bind.v2.model.core.ElementPropertyInfo                              : loaded 2 times (x 66B)
Class com.sun.xml.bind.v2.model.impl.RuntimeElementInfoImpl                           : loaded 2 times (x 115B)
Class com.google.gson.internal.bind.TreeTypeAdapter                                   : loaded 2 times (x 71B)
Class com.google.gson.internal.sql.SqlTimeTypeAdapter                                 : loaded 2 times (x 70B)
Class com.sun.xml.bind.v2.runtime.JAXBContextImpl$1                                   : loaded 2 times (x 74B)
Class com.sun.xml.bind.v2.model.impl.TypeInfoImpl                                     : loaded 2 times (x 81B)
Class com.google.common.collect.MapMakerInternalMap                                   : loaded 2 times (x 157B)
Class org.objectweb.asm.Handler                                                       : loaded 2 times (x 68B)
Class com.google.common.base.Ticker                                                   : loaded 2 times (x 68B)
Class com.google.common.base.CharMatcher$FastMatcher                                  : loaded 2 times (x 107B)
Class org.gradle.internal.agents.InstrumentingClassLoader                             : loaded 2 times (x 66B)
Class com.google.gson.internal.LinkedTreeMap$EntrySet                                 : loaded 2 times (x 132B)
Class [Landroid.databinding.tool.processing.scopes.ScopeProvider;                     : loaded 2 times (x 65B)
Class com.sun.xml.bind.v2.runtime.unmarshaller.StructureLoader                        : loaded 2 times (x 74B)
Class com.sun.xml.bind.v2.runtime.reflect.Accessor$SetterOnlyReflection               : loaded 2 times (x 81B)
Class com.sun.xml.bind.v2.model.impl.ElementPropertyInfoImpl                          : loaded 2 times (x 119B)
Class com.sun.xml.bind.v2.model.impl.TypeInfoSetImpl$1                                : loaded 2 times (x 76B)
Class com.sun.xml.bind.v2.model.runtime.RuntimeArrayInfo                              : loaded 2 times (x 66B)
Class com.sun.xml.bind.v2.runtime.property.Utils$1                                    : loaded 2 times (x 73B)
Class com.google.gson.internal.bind.TypeAdapters$20                                   : loaded 2 times (x 71B)
Class kotlin.jvm.functions.Function2                                                  : loaded 2 times (x 66B)
Class com.sun.xml.bind.marshaller.XMLWriter                                           : loaded 2 times (x 163B)
Class [Lcom.google.common.cache.LocalCache$Segment;                                   : loaded 2 times (x 65B)
Class [Lcom.google.common.cache.LocalCache$Strength;                                  : loaded 2 times (x 65B)
Class com.google.common.cache.CacheBuilder$1                                          : loaded 2 times (x 81B)
Class org.gradle.internal.classpath.DefaultClassPath$ImmutableUniqueList$Builder      : loaded 2 times (x 71B)
Class com.android.tools.build.jetifier.core.pom.PomRewriteRule                        : loaded 2 times (x 68B)
Class com.sun.xml.bind.v2.runtime.unmarshaller.Intercepter                            : loaded 2 times (x 66B)
Class android.databinding.internal.org.antlr.v4.runtime.tree.Tree                     : loaded 2 times (x 66B)
Class [Ljavax.xml.bind.annotation.XmlAccessOrder;                                     : loaded 2 times (x 65B)
Class javax.xml.bind.annotation.adapters.XmlJavaTypeAdapters                          : loaded 2 times (x 66B)
Class com.google.gson.stream.JsonToken                                                : loaded 2 times (x 75B)
Class com.android.tools.build.jetifier.core.pom.DependencyVersionsMap                 : loaded 2 times (x 68B)
Class com.google.gson.internal.bind.TypeAdapters$21                                   : loaded 2 times (x 71B)
Class com.google.gson.FieldNamingPolicy$1                                             : loaded 2 times (x 79B)
Class org.gradle.internal.classloader.DefaultClassLoaderFactory                       : loaded 2 times (x 78B)
Class com.google.common.collect.MapMakerInternalMap$WeakValueReference                : loaded 2 times (x 66B)
Class com.google.common.collect.AbstractRangeSet                                      : loaded 2 times (x 110B)
Class com.google.common.cache.LocalCache                                              : loaded 2 times (x 183B)
Class com.google.common.cache.CacheBuilder$2                                          : loaded 2 times (x 68B)
Class com.google.common.base.CharMatcher$NegatedFastMatcher                           : loaded 2 times (x 109B)
Class com.google.common.base.Suppliers                                                : loaded 2 times (x 67B)
Class com.android.tools.build.jetifier.core.utils.Log                                 : loaded 2 times (x 67B)
Class [Lcom.sun.xml.bind.v2.runtime.property.PropertyImpl;                            : loaded 2 times (x 65B)
Class com.sun.xml.bind.v2.model.impl.RuntimeEnumLeafInfoImpl                          : loaded 2 times (x 145B)
Class javax.xml.bind.JAXBIntrospector                                                 : loaded 2 times (x 69B)
Class android.databinding.tool.store.GenClassInfoLog$GenClass                         : loaded 2 times (x 68B)
Class [Lcom.google.common.cache.CacheBuilder$OneWeigher;                              : loaded 2 times (x 65B)
Class org.objectweb.asm.MethodTooLargeException                                       : loaded 2 times (x 79B)
Class com.google.common.collect.MapMakerInternalMap$Strength                          : loaded 2 times (x 76B)
Class com.google.common.collect.MapMakerInternalMap$StrongKeyDummyValueEntry$LinkedStrongKeyDummyValueEntry: loaded 2 times (x 78B)
Class com.google.gson.JsonSyntaxException                                             : loaded 2 times (x 78B)
Class com.google.gson.internal.bind.TypeAdapters$22                                   : loaded 2 times (x 71B)
Class com.google.gson.TypeAdapter$1                                                   : loaded 2 times (x 70B)
Class com.google.gson.FieldNamingPolicy$2                                             : loaded 2 times (x 79B)
Class com.google.gson.internal.Excluder$1                                             : loaded 2 times (x 70B)
Class android.databinding.tool.LibTypes$dataBindingUtil$2                             : loaded 2 times (x 75B)
Class android.databinding.tool.LibTypes$mutableStateFlow$2                            : loaded 2 times (x 74B)
Class com.google.common.collect.ArrayListMultimap                                     : loaded 2 times (x 168B)
Class com.google.common.base.AbstractIterator$1                                       : loaded 2 times (x 67B)
Class com.google.common.base.CharMatcher$Digit                                        : loaded 2 times (x 108B)
Class org.gradle.api.GradleException                                                  : loaded 2 times (x 78B)
Class kotlin.reflect.KDeclarationContainer                                            : loaded 2 times (x 66B)
Class javax.xml.bind.helpers.AbstractMarshallerImpl                                   : loaded 2 times (x 121B)
Class com.sun.xml.bind.v2.runtime.reflect.Accessor$ReadOnlyFieldReflection            : loaded 2 times (x 81B)
Class com.sun.xml.bind.v2.model.impl.RuntimeReferencePropertyInfoImpl                 : loaded 2 times (x 137B)
Class com.sun.xml.bind.v2.model.core.AttributePropertyInfo                            : loaded 2 times (x 66B)
Class javax.xml.bind.Binder                                                           : loaded 2 times (x 81B)
Class javax.xml.bind.JAXBContext                                                      : loaded 2 times (x 74B)
Class com.google.gson.internal.bind.TypeAdapters$31                                   : loaded 2 times (x 72B)
Class [Lkotlin.reflect.KClass;                                                        : loaded 2 times (x 65B)
Class settings_86a18iqo7bwxa6m486lwzx3zp$_run_closure1$_closure2$_closure4            : loaded 2 times (x 135B)
Class com.google.gson.internal.bind.TypeAdapters$23                                   : loaded 2 times (x 71B)
Class com.google.gson.FieldNamingPolicy$3                                             : loaded 2 times (x 79B)
Class org.objectweb.asm.ClassVisitor                                                  : loaded 2 times (x 84B)
Class com.google.common.base.Suppliers$MemoizingSupplier                              : loaded 2 times (x 75B)
Class com.google.common.collect.ForwardingMap                                         : loaded 2 times (x 128B)
Class com.google.common.base.CharMatcher$JavaIsoControl                               : loaded 2 times (x 108B)
Class com.sun.xml.bind.v2.runtime.reflect.PrimitiveArrayListerBoolean                 : loaded 2 times (x 72B)
Class com.sun.xml.bind.v2.runtime.property.Property                                   : loaded 2 times (x 66B)
Class com.sun.xml.bind.v2.model.impl.ClassInfoImpl$1                                  : loaded 2 times (x 67B)
Class com.sun.xml.bind.v2.runtime.reflect.Accessor$GetterOnlyReflection               : loaded 2 times (x 81B)
Class javax.xml.bind.annotation.XmlMixed                                              : loaded 2 times (x 66B)
Class com.sun.xml.bind.v2.model.nav.ReflectionNavigator                               : loaded 2 times (x 119B)
Class com.sun.xml.bind.v2.model.annotation.AnnotationReader                           : loaded 2 times (x 66B)
Class com.google.common.collect.Maps$AbstractFilteredMap                              : loaded 2 times (x 123B)
Class org.apache.commons.io.file.Counters$NoopPathCounters                            : loaded 2 times (x 78B)
Class [Lorg.objectweb.asm.Symbol;                                                     : loaded 2 times (x 65B)
Class com.google.gson.internal.bind.TypeAdapters$34$1                                 : loaded 2 times (x 70B)
Class com.google.gson.internal.bind.TypeAdapters$24                                   : loaded 2 times (x 71B)
Class com.google.gson.FieldNamingPolicy$4                                             : loaded 2 times (x 79B)
Class android.databinding.tool.LibTypes$bindable$2                                    : loaded 2 times (x 75B)
Class com.google.common.collect.TransformedListIterator                               : loaded 2 times (x 89B)
Class kotlin.sequences.TransformingSequence                                           : loaded 2 times (x 71B)
Class com.google.gson.TypeAdapterFactory                                              : loaded 2 times (x 66B)
Class [Lcom.google.common.collect.MapMakerInternalMap$Strength;                       : loaded 2 times (x 65B)
Class [Lcom.google.common.io.FileWriteMode;                                           : loaded 2 times (x 65B)
Class org.apache.http.client.methods.HttpExecutionAware                               : loaded 2 times (x 66B)
Class com.google.common.base.CharMatcher$JavaLowerCase                                : loaded 2 times (x 107B)
Class com.google.gson.internal.LinkedTreeMap$EntrySet$1                               : loaded 2 times (x 77B)
Class javax.xml.bind.annotation.XmlInlineBinaryData                                   : loaded 2 times (x 66B)
Class com.sun.xml.bind.v2.runtime.Location                                            : loaded 2 times (x 66B)
Class com.google.gson.internal.bind.TypeAdapters$25                                   : loaded 2 times (x 71B)
Class com.google.gson.FieldNamingPolicy$5                                             : loaded 2 times (x 79B)
Class com.google.gson.internal.bind.JsonTreeReader                                    : loaded 2 times (x 94B)
Class net.rubygrapefruit.platform.internal.NativeLibraryLocator                       : loaded 2 times (x 69B)
Class net.rubygrapefruit.platform.Process                                             : loaded 2 times (x 66B)
Class com.google.common.collect.Iterables$4                                           : loaded 2 times (x 77B)
Class com.google.common.collect.MapMakerInternalMap$StrongKeyDummyValueSegment        : loaded 2 times (x 138B)
Class com.google.common.io.Files                                                      : loaded 2 times (x 67B)
Class com.google.common.cache.LocalCache$EntryFactory                                 : loaded 2 times (x 79B)
Class com.squareup.javapoet.Util                                                      : loaded 2 times (x 67B)
Class com.sun.xml.bind.v2.runtime.JaxBeanInfo$1                                       : loaded 2 times (x 73B)
Class javax.xml.bind.ValidationEvent                                                  : loaded 2 times (x 66B)
Class com.sun.xml.bind.v2.model.impl.Utils                                            : loaded 2 times (x 67B)
Class com.sun.xml.bind.api.Bridge                                                     : loaded 2 times (x 81B)
Class com.google.gson.internal.bind.ArrayTypeAdapter                                  : loaded 2 times (x 70B)
Class com.google.gson.internal.bind.TypeAdapters$26                                   : loaded 2 times (x 71B)
Class com.google.gson.FieldNamingPolicy$6                                             : loaded 2 times (x 79B)
Class com.sun.xml.bind.v2.model.impl.RuntimeTypeInfoSetImpl                           : loaded 2 times (x 119B)
Class com.sun.xml.bind.v2.model.impl.Utils$1                                          : loaded 2 times (x 73B)
Class [Lcom.google.common.collect.MapMaker$Dummy;                                     : loaded 2 times (x 65B)
Class com.google.common.cache.LocalCache$AbstractReferenceEntry                       : loaded 2 times (x 103B)
Class com.google.common.base.Splitter$1$1                                             : loaded 2 times (x 82B)
Class com.google.common.base.CharMatcher$Whitespace                                   : loaded 2 times (x 108B)
Class org.gradle.internal.IoActions                                                   : loaded 2 times (x 67B)
Class [Lkotlin.reflect.KClassifier;                                                   : loaded 2 times (x 65B)
Class com.sun.xml.bind.v2.runtime.MarshallerImpl                                      : loaded 2 times (x 124B)
Class com.sun.xml.bind.v2.runtime.property.ArrayERProperty$ReceiverImpl               : loaded 2 times (x 71B)
Class com.sun.xml.bind.v2.runtime.reflect.Utils$1                                     : loaded 2 times (x 73B)
Class [Ljavax.xml.bind.annotation.XmlElement;                                         : loaded 2 times (x 65B)
Class javax.xml.bind.annotation.XmlType                                               : loaded 2 times (x 66B)
Class com.sun.xml.bind.v2.model.annotation.XmlEnumQuick                               : loaded 2 times (x 87B)
Class javax.xml.bind.annotation.XmlAccessType                                         : loaded 2 times (x 75B)
Class com.sun.xml.bind.v2.model.annotation.RuntimeInlineAnnotationReader              : loaded 2 times (x 102B)
Class org.apache.commons.io.filefilter.TrueFileFilter                                 : loaded 2 times (x 90B)
Class com.google.gson.internal.reflect.ReflectionHelper                               : loaded 2 times (x 67B)
Class com.google.gson.internal.bind.TypeAdapters$27                                   : loaded 2 times (x 71B)
Class com.google.gson.FieldNamingPolicy$7                                             : loaded 2 times (x 79B)
Class androidx.databinding.Untaggable                                                 : loaded 2 times (x 66B)
Class [Lkotlin.LazyThreadSafetyMode;                                                  : loaded 2 times (x 65B)
Class com.google.common.collect.ImmutableMapKeySet                                    : loaded 2 times (x 146B)
Class com.google.common.collect.ImmutableRangeSet$ComplementRanges                    : loaded 2 times (x 203B)
Class org.apache.http.client.methods.HttpPut                                          : loaded 2 times (x 149B)
Class org.apache.http.client.methods.Configurable                                     : loaded 2 times (x 66B)
Class org.objectweb.asm.SymbolTable                                                   : loaded 2 times (x 68B)
Class com.google.common.cache.CacheLoader$InvalidCacheLoadException                   : loaded 2 times (x 78B)
Class com.google.common.collect.ImmutableSet$RegularSetBuilderImpl                    : loaded 2 times (x 73B)
Class com.google.common.base.CharMatcher$SingleWidth                                  : loaded 2 times (x 108B)
Class org.gradle.internal.classloader.SystemClassLoaderSpec                           : loaded 2 times (x 67B)
Class javax.xml.bind.annotation.XmlMimeType                                           : loaded 2 times (x 66B)
Class kotlin.reflect.KAnnotatedElement                                                : loaded 2 times (x 66B)
Class android.databinding.internal.org.antlr.v4.runtime.tree.ParseTreeVisitor         : loaded 2 times (x 66B)
Class com.sun.xml.bind.v2.runtime.reflect.PrimitiveArrayListerFloat                   : loaded 2 times (x 72B)
Class com.sun.xml.bind.v2.util.FlattenIterator                                        : loaded 2 times (x 75B)
Class com.sun.xml.bind.v2.model.runtime.RuntimePropertyInfo                           : loaded 2 times (x 66B)
Class com.sun.xml.bind.v2.model.annotation.XmlElementRefsQuick                        : loaded 2 times (x 87B)
Class javax.xml.bind.annotation.XmlElementRef                                         : loaded 2 times (x 66B)
Class com.google.gson.internal.bind.TypeAdapters$EnumTypeAdapter                      : loaded 2 times (x 70B)
Class com.google.gson.internal.bind.TypeAdapters$28                                   : loaded 2 times (x 71B)
Class [Lcom.google.gson.LongSerializationPolicy;                                      : loaded 2 times (x 65B)
Class javax.xml.bind.UnmarshalException                                               : loaded 2 times (x 81B)
Class com.sun.xml.bind.v2.runtime.unmarshaller.XmlVisitor                             : loaded 2 times (x 66B)
Class com.google.common.collect.FluentIterable                                        : loaded 2 times (x 77B)
Class com.google.common.cache.LocalCache$StrongEntry                                  : loaded 2 times (x 104B)
Class com.google.common.util.concurrent.AbstractFuture$TrustedFuture                  : loaded 2 times (x 110B)
Class com.google.common.cache.LoadingCache                                            : loaded 2 times (x 66B)
Class javax.xml.bind.annotation.W3CDomHandler                                         : loaded 2 times (x 81B)
Class com.sun.xml.bind.v2.runtime.reflect.TransducedAccessor$IDREFTransducedAccessorImpl: loaded 2 times (x 76B)
Class com.sun.xml.bind.v2.runtime.unmarshaller.WildcardLoader                         : loaded 2 times (x 75B)
Class com.sun.xml.bind.v2.runtime.unmarshaller.XsiTypeLoader                          : loaded 2 times (x 74B)
Class com.sun.xml.bind.v2.runtime.reflect.AdaptedAccessor                             : loaded 2 times (x 81B)
Class com.sun.xml.bind.v2.model.impl.LeafInfoImpl                                     : loaded 2 times (x 98B)
Class com.google.gson.internal.Streams$AppendableWriter                               : loaded 2 times (x 95B)
Class settings_86a18iqo7bwxa6m486lwzx3zp$_run_closure1$_closure2$_closure3            : loaded 2 times (x 135B)
Class net.rubygrapefruit.platform.NativeException                                     : loaded 2 times (x 78B)
Class android.databinding.tool.CompilerArguments$Companion                            : loaded 2 times (x 67B)
Class com.google.gson.internal.bind.MapTypeAdapterFactory                             : loaded 2 times (x 71B)
Class com.google.gson.internal.bind.TypeAdapters$29                                   : loaded 2 times (x 71B)
Class com.google.gson.JsonNull                                                        : loaded 2 times (x 88B)
Class com.google.gson.stream.MalformedJsonException                                   : loaded 2 times (x 78B)
Class net.rubygrapefruit.platform.ProcessLauncher                                     : loaded 2 times (x 66B)
Class com.google.common.base.Suppliers$NonSerializableMemoizingSupplier               : loaded 2 times (x 75B)
Class org.objectweb.asm.MethodWriter                                                  : loaded 2 times (x 102B)
Class [Lcom.google.common.cache.Weigher;                                              : loaded 2 times (x 65B)
Class android.databinding.internal.org.antlr.v4.runtime.tree.AbstractParseTreeVisitor : loaded 2 times (x 80B)
Class javax.xml.bind.ValidationEventLocator                                           : loaded 2 times (x 66B)
Class com.sun.xml.bind.v2.runtime.ElementBeanInfoImpl$IntercepterLoader               : loaded 2 times (x 77B)
Class com.sun.xml.bind.v2.model.annotation.XmlElementDeclQuick                        : loaded 2 times (x 92B)
Class org.apache.commons.io.FileSystem                                                : loaded 2 times (x 76B)
Class org.apache.commons.io.file.Counters$NoopCounter                                 : loaded 2 times (x 76B)
Class android.databinding.tool.LibTypes$propertyChangedInverseListener$2              : loaded 2 times (x 75B)
Class android.databinding.tool.LibTypes$inverseBindingListener$2                      : loaded 2 times (x 75B)
Class com.sun.xml.bind.api.CompositeStructure                                         : loaded 2 times (x 68B)
Class javax.xml.bind.annotation.XmlValue                                              : loaded 2 times (x 66B)
Class com.google.common.collect.AbstractMapBasedMultimap$RandomAccessWrappedList      : loaded 2 times (x 201B)
Class com.sun.xml.bind.v2.runtime.property.SingleMapNodeProperty$1                    : loaded 2 times (x 74B)
Class javax.xml.bind.annotation.XmlList                                               : loaded 2 times (x 66B)
Class com.sun.xml.bind.v2.model.core.EnumLeafInfo                                     : loaded 2 times (x 66B)
Class com.sun.xml.bind.v2.runtime.reflect.Accessor$2                                  : loaded 2 times (x 83B)
Class com.sun.xml.bind.v2.runtime.unmarshaller.DefaultValueLoaderDecorator            : loaded 2 times (x 74B)
Class org.gradle.api.internal.classpath.ManifestUtil                                  : loaded 2 times (x 67B)
Class com.google.gson.internal.bind.DefaultDateTypeAdapter$DateType$1                 : loaded 2 times (x 69B)
Class android.databinding.tool.LibTypes$liveData$2                                    : loaded 2 times (x 75B)
Class com.google.common.util.concurrent.ExecutionError                                : loaded 2 times (x 78B)
Class com.google.common.cache.LocalCache$ValueReference                               : loaded 2 times (x 66B)
Class com.google.common.base.CharMatcher$Is                                           : loaded 2 times (x 107B)
Class com.google.common.base.CharMatcher$Negated                                      : loaded 2 times (x 109B)
Class android.databinding.tool.ext.ExtKt                                              : loaded 2 times (x 67B)
Class com.google.common.collect.AbstractMapBasedMultimap$WrappedCollection            : loaded 2 times (x 120B)
Class javax.xml.bind.helpers.AbstractUnmarshallerImpl                                 : loaded 2 times (x 126B)
Class com.sun.xml.bind.v2.runtime.property.SingleMapNodeProperty$2                    : loaded 2 times (x 74B)
Class com.sun.xml.bind.v2.model.core.ValuePropertyInfo                                : loaded 2 times (x 66B)
Class com.sun.xml.bind.v2.runtime.RuntimeUtil                                         : loaded 2 times (x 67B)
Class com.google.gson.internal.Streams                                                : loaded 2 times (x 67B)
Class net.rubygrapefruit.platform.internal.Platform$FreeBSD                           : loaded 2 times (x 78B)
Class com.google.common.collect.ImmutableBiMap$SerializedForm                         : loaded 2 times (x 71B)
Class com.google.gson.internal.LazilyParsedNumber                                     : loaded 2 times (x 74B)
Class com.google.gson.JsonObject                                                      : loaded 2 times (x 89B)
Class com.sun.xml.bind.v2.runtime.reflect.Accessor$1                                  : loaded 2 times (x 81B)
Class com.google.common.util.concurrent.AbstractFuture$Failure                        : loaded 2 times (x 68B)
Class com.google.common.base.Equivalence$Equals                                       : loaded 2 times (x 78B)
Class [Lcom.squareup.javapoet.TypeSpec$Kind;                                          : loaded 2 times (x 65B)
Class com.sun.xml.bind.v2.runtime.property.SingleReferenceNodeProperty                : loaded 2 times (x 98B)
Class com.sun.xml.bind.v2.runtime.unmarshaller.ChildLoader                            : loaded 2 times (x 68B)
Class javax.xml.bind.annotation.XmlSchemaTypes                                        : loaded 2 times (x 66B)
Class javax.xml.bind.annotation.XmlIDREF                                              : loaded 2 times (x 66B)
Class javax.xml.bind.annotation.XmlElement                                            : loaded 2 times (x 66B)
Class com.sun.xml.bind.v2.model.runtime.RuntimeLeafInfo                               : loaded 2 times (x 66B)
Class [Lorg.apache.commons.io.file.DeleteOption;                                      : loaded 2 times (x 65B)
Class com.sun.xml.bind.v2.runtime.unmarshaller.StructureLoader$1                      : loaded 2 times (x 67B)
Class com.sun.xml.bind.v2.runtime.output.XmlOutputAbstractImpl                        : loaded 2 times (x 92B)
Class com.google.gson.stream.JsonReader                                               : loaded 2 times (x 93B)
Class kotlin.jvm.internal.PropertyReference1Impl                                      : loaded 2 times (x 123B)
Class com.google.common.collect.ImmutableSetMultimap                                  : loaded 2 times (x 176B)
Class com.google.common.io.CharSink                                                   : loaded 2 times (x 75B)
Class org.objectweb.asm.Label                                                         : loaded 2 times (x 69B)
Class org.objectweb.asm.CurrentFrame                                                  : loaded 2 times (x 69B)
Class org.objectweb.asm.ClassTooLargeException                                        : loaded 2 times (x 79B)
Class com.google.common.base.CharMatcher                                              : loaded 2 times (x 107B)
Class com.sun.xml.bind.v2.runtime.property.TagAndType                                 : loaded 2 times (x 68B)
Class javax.xml.bind.annotation.XmlSchema                                             : loaded 2 times (x 66B)
Class com.android.tools.build.jetifier.core.PackageMap                                : loaded 2 times (x 68B)
Class com.google.gson.internal.reflect.ReflectionHelper$RecordSupportedHelper         : loaded 2 times (x 74B)
Class androidx.databinding.BindingConversion                                          : loaded 2 times (x 66B)
Class androidx.databinding.Bindable                                                   : loaded 2 times (x 66B)
Class org.gradle.internal.classloader.ClassLoaderHierarchy                            : loaded 2 times (x 66B)
Class com.google.common.collect.MapMakerInternalMap$InternalEntryHelper               : loaded 2 times (x 66B)
Class com.google.common.collect.Maps$IteratorBasedAbstractMap                         : loaded 2 times (x 121B)
Class com.google.common.collect.RangeGwtSerializationDependencies                     : loaded 2 times (x 67B)
Class org.objectweb.asm.Frame                                                         : loaded 2 times (x 69B)
Class org.objectweb.asm.MethodVisitor                                                 : loaded 2 times (x 101B)
Class com.google.common.cache.LocalCache$EntryFactory$1                               : loaded 2 times (x 79B)
Class [Lcom.google.common.cache.RemovalListener;                                      : loaded 2 times (x 65B)
Class com.google.common.base.CharMatcher$1                                            : loaded 2 times (x 109B)
Class com.google.common.base.CharMatcher$NamedFastMatcher                             : loaded 2 times (x 108B)
Class kotlin.jvm.internal.CallableReference$NoReceiver                                : loaded 2 times (x 67B)
Class com.sun.istack.SAXParseException2                                               : loaded 2 times (x 84B)
Class com.sun.xml.bind.v2.runtime.output.NamespaceContextImpl                         : loaded 2 times (x 77B)
Class com.sun.xml.bind.marshaller.CharacterEscapeHandler                              : loaded 2 times (x 66B)
Class com.sun.xml.bind.v2.runtime.unmarshaller.DomLoader                              : loaded 2 times (x 74B)
Class android.databinding.tool.util.RelativizableFile                                 : loaded 2 times (x 68B)
Class com.sun.xml.bind.v2.runtime.ValueListBeanInfoImpl                               : loaded 2 times (x 85B)
Class com.google.gson.internal.bind.JsonAdapterAnnotationTypeAdapterFactory           : loaded 2 times (x 71B)
Class android.databinding.tool.LibTypes$viewDataBinding$2                             : loaded 2 times (x 75B)
Class com.google.common.base.CharMatcher$IsEither                                     : loaded 2 times (x 107B)
Class com.google.common.collect.RangeSet                                              : loaded 2 times (x 66B)
Class com.google.common.cache.LocalCache$EntryFactory$2                               : loaded 2 times (x 79B)
Class [Lcom.android.tools.build.jetifier.core.utils.LogLevel;                         : loaded 2 times (x 65B)
Class com.android.tools.build.jetifier.core.utils.LogLevel                            : loaded 2 times (x 75B)
Class com.sun.xml.bind.v2.runtime.NamespaceContext2                                   : loaded 2 times (x 66B)
Class com.sun.xml.bind.v2.runtime.reflect.TransducedAccessor$CompositeTransducedAccessorImpl: loaded 2 times (x 75B)
Class com.sun.xml.bind.v2.runtime.unmarshaller.XsiNilLoader$Single                    : loaded 2 times (x 76B)
Class android.databinding.tool.store.ResourceBundle$BindingTargetBundle               : loaded 2 times (x 91B)
Class javax.xml.bind.annotation.XmlSchemaType                                         : loaded 2 times (x 66B)
Class com.sun.xml.bind.v2.model.impl.RuntimeBuiltinLeafInfoImpl                       : loaded 2 times (x 129B)
Class com.sun.xml.bind.v2.model.impl.BuiltinLeafInfoImpl                              : loaded 2 times (x 101B)
Class [Lcom.google.common.base.AbstractIterator$State;                                : loaded 2 times (x 65B)
Class com.google.gson.internal.$Gson$Types$ParameterizedTypeImpl                      : loaded 2 times (x 77B)
Class com.google.gson.internal.bind.NumberTypeAdapter                                 : loaded 2 times (x 70B)
Class android.databinding.tool.LibTypes$observable$2                                  : loaded 2 times (x 75B)
Class com.google.common.io.FileWriteMode                                              : loaded 2 times (x 75B)
Class [Lcom.google.common.collect.MapMakerInternalMap$Segment;                        : loaded 2 times (x 65B)
Class net.rubygrapefruit.platform.internal.Platform$FreeBSD64Bit                      : loaded 2 times (x 78B)
Class com.google.common.collect.CollectCollectors                                     : loaded 2 times (x 67B)
Class org.objectweb.asm.ModuleWriter                                                  : loaded 2 times (x 78B)
Class com.google.common.cache.LocalCache$EntryFactory$3                               : loaded 2 times (x 79B)
Class com.google.common.base.Ticker$1                                                 : loaded 2 times (x 68B)
Class com.sun.xml.bind.v2.runtime.NameList                                            : loaded 2 times (x 68B)
Class com.sun.xml.bind.v2.runtime.reflect.TransducedAccessor                          : loaded 2 times (x 74B)
Class com.sun.xml.bind.v2.model.impl.RuntimeClassInfoImpl$RuntimePropertySeed         : loaded 2 times (x 80B)
Class javax.xml.bind.annotation.XmlAttachmentRef                                      : loaded 2 times (x 66B)
Class com.google.gson.ToNumberPolicy$1                                                : loaded 2 times (x 79B)
Class [Lcom.google.gson.FieldNamingStrategy;                                          : loaded 2 times (x 65B)
Class com.google.gson.internal.Excluder                                               : loaded 2 times (x 71B)
Class androidx.databinding.BindingAdapter                                             : loaded 2 times (x 66B)
Class net.rubygrapefruit.platform.internal.Platform$MacOs                             : loaded 2 times (x 78B)
Class net.rubygrapefruit.platform.internal.Platform$Window64Bit                       : loaded 2 times (x 75B)
Class com.google.common.collect.CollectSpliterators$1                                 : loaded 2 times (x 86B)
Class com.google.common.collect.SetMultimap                                           : loaded 2 times (x 66B)
Class org.apache.http.auth.Credentials                                                : loaded 2 times (x 66B)
Class com.google.common.cache.LocalCache$EntryFactory$4                               : loaded 2 times (x 79B)
Class com.google.common.collect.ImmutableSet$Builder                                  : loaded 2 times (x 81B)
Class com.google.common.base.CharMatcher$InRange                                      : loaded 2 times (x 107B)
Class com.squareup.javapoet.AnnotationSpec                                            : loaded 2 times (x 68B)
Class com.squareup.javapoet.CodeBlock                                                 : loaded 2 times (x 68B)
Class com.android.tools.build.jetifier.core.type.TypesMap$JsonData                    : loaded 2 times (x 68B)
Class com.sun.xml.bind.v2.runtime.unmarshaller.LocatorExWrapper                       : loaded 2 times (x 82B)
Class com.sun.xml.bind.InternalAccessorFactory                                        : loaded 2 times (x 66B)
Class com.sun.xml.bind.v2.model.impl.SingleTypePropertyInfoImpl                       : loaded 2 times (x 109B)
Class com.sun.xml.bind.v2.model.core.LeafInfo                                         : loaded 2 times (x 66B)
Class android.databinding.tool.LibTypes$stateFlow$2                                   : loaded 2 times (x 74B)
Class com.google.gson.internal.reflect.ReflectionHelper$RecordHelper                  : loaded 2 times (x 71B)
Class com.google.gson.internal.ReflectionAccessFilterHelper                           : loaded 2 times (x 67B)
Class com.google.gson.ToNumberPolicy$2                                                : loaded 2 times (x 79B)
Class com.google.common.cache.LocalCache$EntryFactory$5                               : loaded 2 times (x 79B)
Class [Lkotlin.reflect.KProperty;                                                     : loaded 2 times (x 65B)
Class com.sun.xml.bind.IDResolver                                                     : loaded 2 times (x 71B)
Class com.sun.xml.bind.v2.runtime.output.NamespaceContextImpl$Element                 : loaded 2 times (x 68B)
Class com.sun.xml.bind.v2.model.impl.Util                                             : loaded 2 times (x 67B)
Class [Lcom.sun.xml.bind.v2.model.core.PropertyKind;                                  : loaded 2 times (x 65B)
Class [Lcom.sun.xml.bind.v2.runtime.Location;                                         : loaded 2 times (x 65B)
Class com.sun.xml.bind.api.JAXBRIContext                                              : loaded 2 times (x 85B)
Class com.sun.xml.bind.v2.model.impl.ArrayInfoImpl                                    : loaded 2 times (x 94B)
Class com.google.gson.ToNumberPolicy$3                                                : loaded 2 times (x 79B)
Class com.sun.xml.bind.v2.model.impl.ModelBuilder$1                                   : loaded 2 times (x 72B)
Class com.google.common.cache.LocalCache$EntryFactory$6                               : loaded 2 times (x 79B)
Class org.gradle.internal.installation.CurrentGradleInstallationLocator               : loaded 2 times (x 67B)
Class com.android.tools.build.jetifier.core.proguard.ProGuardTypesMap                 : loaded 2 times (x 68B)
Class com.sun.xml.bind.v2.util.XmlFactory$1                                           : loaded 2 times (x 72B)
Class android.databinding.internal.org.antlr.v4.runtime.tree.ParseTree                : loaded 2 times (x 66B)
Class com.sun.xml.bind.v2.runtime.property.Utils                                      : loaded 2 times (x 67B)
Class org.apache.commons.io.file.SimplePathVisitor                                    : loaded 2 times (x 81B)
Class android.databinding.tool.store.GenClassInfoLog                                  : loaded 2 times (x 68B)
Class android.databinding.tool.processing.Scope                                       : loaded 2 times (x 67B)
Class kotlin.jvm.internal.CollectionToArray                                           : loaded 2 times (x 67B)
Class org.gradle.internal.classloader.FilteringClassLoader                            : loaded 2 times (x 101B)
Class com.google.common.base.PairwiseEquivalence                                      : loaded 2 times (x 79B)
Class com.google.gson.ToNumberPolicy$4                                                : loaded 2 times (x 79B)
Class com.google.common.cache.LocalCache$EntryFactory$7                               : loaded 2 times (x 79B)
Class com.google.common.collect.ImmutableSet$EmptySetBuilderImpl                      : loaded 2 times (x 72B)
Class org.gradle.internal.service.DefaultServiceLocator                               : loaded 2 times (x 79B)
Class com.android.tools.build.jetifier.core.config.Config$Companion                   : loaded 2 times (x 67B)
Class kotlin.reflect.KMutableProperty0                                                : loaded 2 times (x 66B)
Class kotlin.reflect.KClassifier                                                      : loaded 2 times (x 66B)
Class [Lcom.sun.xml.bind.v2.model.core.ID;                                            : loaded 2 times (x 65B)
Class javax.xml.bind.annotation.XmlAttribute                                          : loaded 2 times (x 66B)
Class com.google.common.base.Equivalence$Identity                                     : loaded 2 times (x 78B)
Class com.google.common.io.LineReader                                                 : loaded 2 times (x 68B)
Class com.google.gson.internal.sql.SqlTypesSupport                                    : loaded 2 times (x 67B)
Class com.google.gson.Gson                                                            : loaded 2 times (x 68B)
Class com.google.common.cache.LocalCache$SoftValueReference                           : loaded 2 times (x 93B)
Class com.google.common.collect.Maps$EntrySet                                         : loaded 2 times (x 132B)
Class com.google.common.cache.LocalCache$EntryFactory$8                               : loaded 2 times (x 79B)
Class com.google.common.collect.ImmutableSet$SetBuilderImpl                           : loaded 2 times (x 72B)
Class org.gradle.internal.installation.CurrentGradleInstallation                      : loaded 2 times (x 69B)
Class com.android.tools.build.jetifier.core.rule.RewriteRulesMap                      : loaded 2 times (x 68B)
Class kotlin.reflect.KMutableProperty1                                                : loaded 2 times (x 66B)
Class com.sun.xml.bind.v2.model.impl.TypeRefImpl                                      : loaded 2 times (x 83B)
Class android.databinding.tool.processing.ScopedException                             : loaded 2 times (x 82B)
Class com.google.gson.internal.bind.ObjectTypeAdapter$1                               : loaded 2 times (x 72B)
Class com.google.gson.internal.UnsafeAllocator                                        : loaded 2 times (x 68B)
Class com.google.gson.Gson$FutureTypeAdapter                                          : loaded 2 times (x 72B)
Class com.google.gson.Gson$1                                                          : loaded 2 times (x 72B)
Class android.databinding.tool.LibTypes$lifecycleOwner$2                              : loaded 2 times (x 75B)
Class org.apache.http.HttpEntity                                                      : loaded 2 times (x 66B)
Class org.apache.http.HttpRequest                                                     : loaded 2 times (x 66B)
Class com.google.common.cache.CacheLoader$1                                           : loaded 2 times (x 71B)
Class org.gradle.util.internal.GUtil                                                  : loaded 2 times (x 67B)
Class kotlin.reflect.KMutableProperty2                                                : loaded 2 times (x 66B)
Class javax.xml.bind.UnmarshallerHandler                                              : loaded 2 times (x 66B)
Class com.sun.xml.bind.v2.runtime.XMLSerializer                                       : loaded 2 times (x 80B)
Class com.sun.xml.bind.v2.model.impl.ClassInfoImpl$DuplicateException                 : loaded 2 times (x 78B)
Class javax.xml.bind.annotation.XmlElementDecl                                        : loaded 2 times (x 66B)
Class [Ljavax.xml.bind.annotation.XmlAccessType;                                      : loaded 2 times (x 65B)
Class com.sun.xml.bind.api.RawAccessor                                                : loaded 2 times (x 69B)
Class com.google.gson.internal.UnsafeAllocator$1                                      : loaded 2 times (x 69B)
Class com.sun.xml.bind.v2.model.impl.ClassInfoImpl                                    : loaded 2 times (x 133B)
Class com.google.gson.Gson$2                                                          : loaded 2 times (x 72B)
Class build_1tgm06eutuwvundnxlcrvt6x9$_run_closure1                                   : loaded 2 times (x 135B)
Class com.google.common.io.ByteSource                                                 : loaded 2 times (x 80B)
Class com.google.common.util.concurrent.AbstractFuture$SetFuture                      : loaded 2 times (x 71B)
Class com.google.common.cache.AbstractCache$StatsCounter                              : loaded 2 times (x 66B)
Class kotlin.ranges.IntProgressionIterator                                            : loaded 2 times (x 78B)
Class javax.xml.bind.annotation.DomHandler                                            : loaded 2 times (x 66B)
Class com.sun.xml.bind.v2.runtime.property.PropertyFactory                            : loaded 2 times (x 67B)
Class android.databinding.internal.org.antlr.v4.runtime.Token                         : loaded 2 times (x 66B)
Class javax.activation.DataSource                                                     : loaded 2 times (x 66B)
Class com.sun.xml.bind.v2.model.runtime.RuntimeBuiltinLeafInfo                        : loaded 2 times (x 66B)
Class com.sun.xml.bind.v2.model.impl.RuntimeBuiltinLeafInfoImpl$StringImpl            : loaded 2 times (x 130B)
Class android.databinding.tool.processing.scopes.ScopeProvider                        : loaded 2 times (x 66B)
Class com.google.gson.internal.UnsafeAllocator$2                                      : loaded 2 times (x 69B)
Class com.sun.xml.bind.v2.model.impl.PropertySeed                                     : loaded 2 times (x 66B)
Class com.google.gson.internal.bind.ReflectiveTypeAdapterFactory$BoundField           : loaded 2 times (x 71B)
Class com.google.gson.Gson$3                                                          : loaded 2 times (x 71B)
Class com.google.common.io.LineBuffer                                                 : loaded 2 times (x 71B)
Class com.google.common.collect.MapMakerInternalMap$1                                 : loaded 2 times (x 79B)
Class com.google.common.collect.RegularImmutableSet                                   : loaded 2 times (x 144B)
Class org.gradle.internal.installation.GradleInstallation                             : loaded 2 times (x 71B)
Class com.android.tools.build.jetifier.core.utils.StdOutLogConsumer                   : loaded 2 times (x 73B)
Class com.squareup.javapoet.ClassName                                                 : loaded 2 times (x 80B)
Class com.google.common.collect.ForwardingMapEntry                                    : loaded 2 times (x 82B)
Class com.sun.xml.bind.v2.ClassFactory$1                                              : loaded 2 times (x 79B)
Class com.sun.xml.bind.v2.runtime.property.ArrayElementNodeProperty                   : loaded 2 times (x 101B)
Class com.sun.xml.bind.v2.model.annotation.XmlElementRefQuick                         : loaded 2 times (x 90B)
Class com.sun.xml.bind.v2.runtime.JaxBeanInfo                                         : loaded 2 times (x 85B)
Class com.google.common.collect.ForwardingCollection                                  : loaded 2 times (x 126B)
Class com.google.gson.internal.UnsafeAllocator$3                                      : loaded 2 times (x 69B)
Class com.google.gson.Gson$4                                                          : loaded 2 times (x 72B)
Class com.google.gson.internal.ConstructorConstructor                                 : loaded 2 times (x 68B)
Class android.databinding.tool.LibTypes$mutableLiveData$2                             : loaded 2 times (x 75B)
Class com.google.common.collect.Iterables                                             : loaded 2 times (x 67B)
Class com.google.common.base.Splitter$Strategy                                        : loaded 2 times (x 66B)
Class kotlin.jvm.KotlinReflectionNotSupportedError                                    : loaded 2 times (x 78B)
Class com.sun.xml.bind.v2.runtime.unmarshaller.LeafPropertyLoader                     : loaded 2 times (x 74B)
Class com.sun.xml.bind.v2.model.impl.RuntimeTypeRefImpl                               : loaded 2 times (x 92B)
Class com.sun.xml.bind.v2.model.core.ReferencePropertyInfo                            : loaded 2 times (x 66B)
Class com.sun.xml.bind.v2.model.annotation.XmlTypeQuick                               : loaded 2 times (x 91B)
Class com.google.gson.internal.UnsafeAllocator$4                                      : loaded 2 times (x 68B)
Class com.google.gson.ReflectionAccessFilter$FilterResult                             : loaded 2 times (x 75B)
Class org.gradle.internal.service.ServiceLookupException                              : loaded 2 times (x 78B)
Class com.google.gson.Gson$5                                                          : loaded 2 times (x 72B)
Class android.databinding.tool.LibTypes$observableMap$2                               : loaded 2 times (x 75B)
Class com.android.tools.build.jetifier.core.proguard.ProGuardType$Companion           : loaded 2 times (x 67B)

---------------  S Y S T E M  ---------------

OS:
 Windows 11 , 64 bit Build 22621 (10.0.22621.5160)
OS uptime: 7 days 13:47 hours
Hyper-V role detected

CPU: total 4 (initial active 4) (2 cores per cpu, 2 threads per core) family 6 model 140 stepping 1 microcode 0x9a, cx8, cmov, fxsr, ht, mmx, 3dnowpref, sse, sse2, sse3, ssse3, sse4.1, sse4.2, popcnt, lzcnt, tsc, tscinvbit, avx, avx2, aes, erms, clmul, bmi1, bmi2, adx, avx512f, avx512dq, avx512cd, avx512bw, avx512vl, sha, fma, vzeroupper, avx512_vpopcntdq, avx512_vpclmulqdq, avx512_vaes, avx512_vnni, clflush, clflushopt, clwb, avx512_vbmi2, avx512_vbmi, hv, rdtscp, rdpid, fsrm, gfni, avx512_bitalg, f16c, cet_ibt, cet_ss, avx512_ifma
Processor Information for all 4 processors :
  Max Mhz: 2995, Current Mhz: 2995, Mhz Limit: 2995

Memory: 4k page, system-wide physical 7991M (419M free)
TotalPageFile size 25421M (AvailPageFile size 5M)
current process WorkingSet (physical memory assigned to process): 705M, peak: 705M
current process commit charge ("private bytes"): 1121M, peak: 1125M

vm_info: OpenJDK 64-Bit Server VM (21.0.5+-13047016-b750.29) for windows-amd64 JRE (21.0.5+-13047016-b750.29), built on 2025-02-11T21:12:39Z by "builder" with MS VC++ 16.10 / 16.11 (VS2019)

END.
