#
# There is insufficient memory for the Java Runtime Environment to continue.
# Native memory allocation (mmap) failed to map 516947968 bytes. Error detail: G1 virtual space
# Possible reasons:
#   The system is out of physical RAM or swap space
#   This process is running with CompressedOops enabled, and the Java Heap may be blocking the growth of the native heap
# Possible solutions:
#   Reduce memory load on the system
#   Increase physical memory or swap space
#   Check if swap backing store is full
#   Decrease Java heap size (-Xmx/-Xms)
#   Decrease number of Java threads
#   Decrease Java thread stack sizes (-Xss)
#   Set larger code cache with -XX:ReservedCodeCacheSize=
#   JVM is running with Unscaled Compressed Oops mode in which the Java heap is
#     placed in the first 4GB address space. The Java Heap base address is the
#     maximum limit for the native heap growth. Please use -XX:HeapBaseMinAddress
#     to set the Java Heap base and to place the Java Heap above 4GB virtual address.
# This output file may be truncated or incomplete.
#
#  Out of Memory Error (os_windows.cpp:3828), pid=8844, tid=22548
#
# JRE version: OpenJDK Runtime Environment (21.0.5) (build 21.0.5+-13047016-b750.29)
# Java VM: OpenJDK 64-Bit Server VM (21.0.5+-13047016-b750.29, mixed mode, tiered, compressed oops, compressed class ptrs, g1 gc, windows-amd64)
# No core dump will be written. Minidumps are not enabled by default on client versions of Windows
#

---------------  S U M M A R Y ------------

Command Line: --add-opens=java.base/java.util=ALL-UNNAMED --add-opens=java.base/java.lang=ALL-UNNAMED --add-opens=java.base/java.lang.invoke=ALL-UNNAMED --add-opens=java.prefs/java.util.prefs=ALL-UNNAMED --add-opens=java.base/java.nio.charset=ALL-UNNAMED --add-opens=java.base/java.net=ALL-UNNAMED --add-opens=java.base/java.util.concurrent.atomic=ALL-UNNAMED -Xmx2048m -Dfile.encoding=UTF-8 -Duser.country=US -Duser.language=en -Duser.variant -javaagent:C:\Users\yashw\.gradle\wrapper\dists\gradle-8.4-bin\1w5dpkrfk8irigvoxmyhowfim\gradle-8.4\lib\agents\gradle-instrumentation-agent-8.4.jar org.gradle.launcher.daemon.bootstrap.GradleDaemon 8.4

Host: 11th Gen Intel(R) Core(TM) i3-1115G4 @ 3.00GHz, 4 cores, 7G,  Windows 11 , 64 bit Build 22621 (10.0.22621.5160)
Time: Thu Apr  3 16:24:36 2025 India Standard Time elapsed time: 1753.548754 seconds (0d 0h 29m 13s)

---------------  T H R E A D  ---------------

Current thread (0x000002dc9b8639d0):  VMThread "VM Thread"          [id=22548, stack(0x000000dfd9900000,0x000000dfd9a00000) (1024K)]

Stack: [0x000000dfd9900000,0x000000dfd9a00000]
Native frames: (J=compiled Java code, j=interpreted, Vv=VM code, C=native code)
V  [jvm.dll+0x6cfb29]
V  [jvm.dll+0x85df93]
V  [jvm.dll+0x8604ee]
V  [jvm.dll+0x860bd3]
V  [jvm.dll+0x27e6b6]
V  [jvm.dll+0x6cc385]
V  [jvm.dll+0x6c078a]
V  [jvm.dll+0x35525b]
V  [jvm.dll+0x35ceb6]
V  [jvm.dll+0x3aedd6]
V  [jvm.dll+0x3af0a8]
V  [jvm.dll+0x32792c]
V  [jvm.dll+0x3279b7]
V  [jvm.dll+0x36d80c]
V  [jvm.dll+0x36bfbe]
V  [jvm.dll+0x327081]
V  [jvm.dll+0x36b6d0]
V  [jvm.dll+0x866958]
V  [jvm.dll+0x867cd4]
V  [jvm.dll+0x868210]
V  [jvm.dll+0x8684a3]
V  [jvm.dll+0x806368]
V  [jvm.dll+0x6ce3fd]
C  [ucrtbase.dll+0x29333]
C  [KERNEL32.DLL+0x1259d]
C  [ntdll.dll+0x5af58]

VM_Operation (0x000000dfdd3f6f00): G1CollectForAllocation, mode: safepoint, requested by thread 0x000002dcab7fae90


---------------  P R O C E S S  ---------------

Threads class SMR info:
_java_thread_list=0x000002dcab050ce0, length=77, elements={
0x000002dc82861460, 0x000002dc9b9a8950, 0x000002dc9b9f1c20, 0x000002dc9b9f5710,
0x000002dc9b9fe7f0, 0x000002dc9b9ff5f0, 0x000002dc9ba017f0, 0x000002dc9b9d87b0,
0x000002dc9b9d99e0, 0x000002dc9bb66cc0, 0x000002dc9bcaf410, 0x000002dca1556e30,
0x000002dca0c33c60, 0x000002dca186f020, 0x000002dca16e3820, 0x000002dca16e1de0,
0x000002dca16e3190, 0x000002dca16e2b00, 0x000002dca16e2470, 0x000002dca31e5d10,
0x000002dca31e70c0, 0x000002dca31e6a30, 0x000002dca31e9820, 0x000002dca31e9eb0,
0x000002dca31e4ff0, 0x000002dca1ef6000, 0x000002dcac156490, 0x000002dcac1571b0,
0x000002dcac150220, 0x000002dcac15c700, 0x000002dca4b3c3d0, 0x000002dca62dc2e0,
0x000002dca62d6070, 0x000002dca62d6700, 0x000002dca62dd000, 0x000002dca62d7420,
0x000002dca62d7ab0, 0x000002dca62ddd20, 0x000002dca62dea40, 0x000002dca62df0d0,
0x000002dca62d94f0, 0x000002dca62db5c0, 0x000002dca62df760, 0x000002dca62d87d0,
0x000002dca62dfdf0, 0x000002dca62e0480, 0x000002dca62e0b10, 0x000002dca62e11a0,
0x000002dca62dbc50, 0x000002dca62e1830, 0x000002dca62da8a0, 0x000002dca62e1ec0,
0x000002dca62e3270, 0x000002dca62e5340, 0x000002dca62e2be0, 0x000002dca62e3900,
0x000002dca62e3f90, 0x000002dca62e4620, 0x000002dca62e4cb0, 0x000002dcab7f3f00,
0x000002dcab7fb520, 0x000002dcab7fa800, 0x000002dcab7fae90, 0x000002dcab801100,
0x000002dcab801790, 0x000002dcab8024b0, 0x000002dcac159280, 0x000002dcac1536a0,
0x000002dcac159910, 0x000002dca5a0d760, 0x000002dca5a0c3b0, 0x000002dca5a0ddf0,
0x000002dca5a0f1a0, 0x000002dca5a0d0d0, 0x000002dca5a0e480, 0x000002dca5a0ca40,
0x000002dca5a0eb10
}

Java Threads: ( => current thread )
  0x000002dc82861460 JavaThread "main"                              [_thread_blocked, id=12700, stack(0x000000dfd9200000,0x000000dfd9300000) (1024K)]
  0x000002dc9b9a8950 JavaThread "Reference Handler"          daemon [_thread_blocked, id=2184, stack(0x000000dfd9a00000,0x000000dfd9b00000) (1024K)]
  0x000002dc9b9f1c20 JavaThread "Finalizer"                  daemon [_thread_blocked, id=17472, stack(0x000000dfd9b00000,0x000000dfd9c00000) (1024K)]
  0x000002dc9b9f5710 JavaThread "Signal Dispatcher"          daemon [_thread_blocked, id=18896, stack(0x000000dfd9c00000,0x000000dfd9d00000) (1024K)]
  0x000002dc9b9fe7f0 JavaThread "Attach Listener"            daemon [_thread_blocked, id=16716, stack(0x000000dfd9d00000,0x000000dfd9e00000) (1024K)]
  0x000002dc9b9ff5f0 JavaThread "Service Thread"             daemon [_thread_blocked, id=6044, stack(0x000000dfd9e00000,0x000000dfd9f00000) (1024K)]
  0x000002dc9ba017f0 JavaThread "Monitor Deflation Thread"   daemon [_thread_blocked, id=15316, stack(0x000000dfd9f00000,0x000000dfda000000) (1024K)]
  0x000002dc9b9d87b0 JavaThread "C2 CompilerThread0"         daemon [_thread_blocked, id=17988, stack(0x000000dfda000000,0x000000dfda100000) (1024K)]
  0x000002dc9b9d99e0 JavaThread "C1 CompilerThread0"         daemon [_thread_blocked, id=24376, stack(0x000000dfda100000,0x000000dfda200000) (1024K)]
  0x000002dc9bb66cc0 JavaThread "Common-Cleaner"             daemon [_thread_blocked, id=12452, stack(0x000000dfda200000,0x000000dfda300000) (1024K)]
  0x000002dc9bcaf410 JavaThread "Notification Thread"        daemon [_thread_blocked, id=13716, stack(0x000000dfda300000,0x000000dfda400000) (1024K)]
  0x000002dca1556e30 JavaThread "Daemon health stats"               [_thread_blocked, id=22980, stack(0x000000dfda800000,0x000000dfda900000) (1024K)]
  0x000002dca0c33c60 JavaThread "Incoming local TCP Connector on port 51769"        [_thread_in_native, id=11444, stack(0x000000dfda900000,0x000000dfdaa00000) (1024K)]
  0x000002dca186f020 JavaThread "Daemon periodic checks"            [_thread_blocked, id=21172, stack(0x000000dfdaa00000,0x000000dfdab00000) (1024K)]
  0x000002dca16e3820 JavaThread "Cache worker for journal cache (C:\Users\yashw\.gradle\caches\journal-1)"        [_thread_blocked, id=11780, stack(0x000000dfdb100000,0x000000dfdb200000) (1024K)]
  0x000002dca16e1de0 JavaThread "File lock request listener"        [_thread_in_native, id=24700, stack(0x000000dfdb200000,0x000000dfdb300000) (1024K)]
  0x000002dca16e3190 JavaThread "Cache worker for file hash cache (C:\Users\yashw\.gradle\caches\8.4\fileHashes)"        [_thread_blocked, id=12220, stack(0x000000dfdb400000,0x000000dfdb500000) (1024K)]
  0x000002dca16e2b00 JavaThread "File watcher server"        daemon [_thread_blocked, id=24528, stack(0x000000dfdb500000,0x000000dfdb600000) (1024K)]
  0x000002dca16e2470 JavaThread "File watcher consumer"      daemon [_thread_blocked, id=17504, stack(0x000000dfdb600000,0x000000dfdb700000) (1024K)]
  0x000002dca31e5d10 JavaThread "Cache worker for file content cache (C:\Users\yashw\.gradle\caches\8.4\fileContent)"        [_thread_blocked, id=14696, stack(0x000000dfdba00000,0x000000dfdbb00000) (1024K)]
  0x000002dca31e70c0 JavaThread "Cache worker for execution history cache (C:\Users\yashw\.gradle\caches\8.4\executionHistory)"        [_thread_blocked, id=25596, stack(0x000000dfdbc00000,0x000000dfdbd00000) (1024K)]
  0x000002dca31e6a30 JavaThread "jar transforms"                    [_thread_blocked, id=25512, stack(0x000000dfdbd00000,0x000000dfdbe00000) (1024K)]
  0x000002dca31e9820 JavaThread "jar transforms Thread 2"           [_thread_blocked, id=9180, stack(0x000000dfdbe00000,0x000000dfdbf00000) (1024K)]
  0x000002dca31e9eb0 JavaThread "jar transforms Thread 3"           [_thread_blocked, id=468, stack(0x000000dfdc000000,0x000000dfdc100000) (1024K)]
  0x000002dca31e4ff0 JavaThread "jar transforms Thread 4"           [_thread_blocked, id=7472, stack(0x000000dfdc400000,0x000000dfdc500000) (1024K)]
  0x000002dca1ef6000 JavaThread "Memory manager"                    [_thread_blocked, id=12492, stack(0x000000dfdc600000,0x000000dfdc700000) (1024K)]
  0x000002dcac156490 JavaThread "RMI Scheduler(0)"           daemon [_thread_blocked, id=14408, stack(0x000000dfddf00000,0x000000dfde000000) (1024K)]
  0x000002dcac1571b0 JavaThread "RMI GC Daemon"              daemon [_thread_blocked, id=26168, stack(0x000000dfde600000,0x000000dfde700000) (1024K)]
  0x000002dcac150220 JavaThread "RMI TCP Accept-0"           daemon [_thread_in_native, id=22632, stack(0x000000dfde700000,0x000000dfde800000) (1024K)]
  0x000002dcac15c700 JavaThread "RMI Reaper"                        [_thread_blocked, id=16164, stack(0x000000dfde800000,0x000000dfde900000) (1024K)]
  0x000002dca4b3c3d0 JavaThread "Cache worker for Java compile cache (C:\Users\yashw\.gradle\caches\8.4\javaCompile)"        [_thread_blocked, id=16960, stack(0x000000dfdec00000,0x000000dfded00000) (1024K)]
  0x000002dca62dc2e0 JavaThread "Daemon Thread 4"                   [_thread_blocked, id=16320, stack(0x000000dfd8f00000,0x000000dfd9000000) (1024K)]
  0x000002dca62d6070 JavaThread "Handler for socket connection from /127.0.0.1:51769 to /127.0.0.1:58211"        [_thread_in_native, id=17976, stack(0x000000dfd9000000,0x000000dfd9100000) (1024K)]
  0x000002dca62d6700 JavaThread "Cancel handler"                    [_thread_blocked, id=12616, stack(0x000000dfd9100000,0x000000dfd9200000) (1024K)]
  0x000002dca62dd000 JavaThread "Daemon worker Thread 4"            [_thread_blocked, id=24472, stack(0x000000dfda700000,0x000000dfda800000) (1024K)]
  0x000002dca62d7420 JavaThread "Asynchronous log dispatcher for DefaultDaemonConnection: socket connection from /127.0.0.1:51769 to /127.0.0.1:58211"        [_thread_blocked, id=13008, stack(0x000000dfdab00000,0x000000dfdac00000) (1024K)]
  0x000002dca62d7ab0 JavaThread "Stdin handler"                     [_thread_blocked, id=10248, stack(0x000000dfdac00000,0x000000dfdad00000) (1024K)]
  0x000002dca62ddd20 JavaThread "Daemon client event forwarder"        [_thread_blocked, id=3500, stack(0x000000dfdad00000,0x000000dfdae00000) (1024K)]
  0x000002dca62dea40 JavaThread "Cache worker for checksums cache (D:\School-MobileApp\.gradle\8.4\checksums)"        [_thread_blocked, id=20280, stack(0x000000dfdae00000,0x000000dfdaf00000) (1024K)]
  0x000002dca62df0d0 JavaThread "Cache worker for file hash cache (D:\School-MobileApp\.gradle\8.4\fileHashes)"        [_thread_blocked, id=26076, stack(0x000000dfdaf00000,0x000000dfdb000000) (1024K)]
  0x000002dca62d94f0 JavaThread "Cache worker for cache directory md-supplier (C:\Users\yashw\.gradle\caches\8.4\md-supplier)"        [_thread_blocked, id=24392, stack(0x000000dfdb000000,0x000000dfdb100000) (1024K)]
  0x000002dca62db5c0 JavaThread "Cache worker for cache directory md-rule (C:\Users\yashw\.gradle\caches\8.4\md-rule)"        [_thread_blocked, id=26568, stack(0x000000dfdb300000,0x000000dfdb400000) (1024K)]
  0x000002dca62df760 JavaThread "Cache worker for dependencies-accessors (D:\School-MobileApp\.gradle\8.4\dependencies-accessors)"        [_thread_blocked, id=12364, stack(0x000000dfdb700000,0x000000dfdb800000) (1024K)]
  0x000002dca62d87d0 JavaThread "Cache worker for Build Output Cleanup Cache (D:\School-MobileApp\.gradle\buildOutputCleanup)"        [_thread_blocked, id=15948, stack(0x000000dfdb800000,0x000000dfdb900000) (1024K)]
  0x000002dca62dfdf0 JavaThread "Unconstrained build operations"        [_thread_blocked, id=19444, stack(0x000000dfdb900000,0x000000dfdba00000) (1024K)]
  0x000002dca62e0480 JavaThread "Unconstrained build operations Thread 2"        [_thread_blocked, id=14024, stack(0x000000dfdbb00000,0x000000dfdbc00000) (1024K)]
  0x000002dca62e0b10 JavaThread "Unconstrained build operations Thread 3"        [_thread_blocked, id=19384, stack(0x000000dfdbf00000,0x000000dfdc000000) (1024K)]
  0x000002dca62e11a0 JavaThread "build event listener"              [_thread_blocked, id=14176, stack(0x000000dfdc100000,0x000000dfdc200000) (1024K)]
  0x000002dca62dbc50 JavaThread "build event listener"              [_thread_blocked, id=1200, stack(0x000000dfdc200000,0x000000dfdc300000) (1024K)]
  0x000002dca62e1830 JavaThread "included builds"                   [_thread_blocked, id=11248, stack(0x000000dfdc300000,0x000000dfdc400000) (1024K)]
  0x000002dca62da8a0 JavaThread "Execution worker"                  [_thread_blocked, id=16648, stack(0x000000dfdc500000,0x000000dfdc600000) (1024K)]
  0x000002dca62e1ec0 JavaThread "Execution worker Thread 2"         [_thread_blocked, id=7684, stack(0x000000dfdc700000,0x000000dfdc800000) (1024K)]
  0x000002dca62e3270 JavaThread "Execution worker Thread 3"         [_thread_blocked, id=18580, stack(0x000000dfdc800000,0x000000dfdc900000) (1024K)]
  0x000002dca62e5340 JavaThread "Cache worker for execution history cache (D:\School-MobileApp\.gradle\8.4\executionHistory)"        [_thread_blocked, id=17640, stack(0x000000dfdc900000,0x000000dfdca00000) (1024K)]
  0x000002dca62e2be0 JavaThread "Unconstrained build operations Thread 4"        [_thread_blocked, id=22960, stack(0x000000dfdca00000,0x000000dfdcb00000) (1024K)]
  0x000002dca62e3900 JavaThread "Unconstrained build operations Thread 5"        [_thread_blocked, id=1336, stack(0x000000dfdcb00000,0x000000dfdcc00000) (1024K)]
  0x000002dca62e3f90 JavaThread "Unconstrained build operations Thread 6"        [_thread_blocked, id=11244, stack(0x000000dfdcc00000,0x000000dfdcd00000) (1024K)]
  0x000002dca62e4620 JavaThread "Unconstrained build operations Thread 7"        [_thread_blocked, id=25680, stack(0x000000dfdcd00000,0x000000dfdce00000) (1024K)]
  0x000002dca62e4cb0 JavaThread "Unconstrained build operations Thread 8"        [_thread_blocked, id=25788, stack(0x000000dfdce00000,0x000000dfdcf00000) (1024K)]
  0x000002dcab7f3f00 JavaThread "Unconstrained build operations Thread 9"        [_thread_blocked, id=12560, stack(0x000000dfdcf00000,0x000000dfdd000000) (1024K)]
  0x000002dcab7fb520 JavaThread "WorkerExecutor Queue"              [_thread_blocked, id=19304, stack(0x000000dfdd000000,0x000000dfdd100000) (1024K)]
  0x000002dcab7fa800 JavaThread "WorkerExecutor Queue Thread 2"        [_thread_blocked, id=11000, stack(0x000000dfdd100000,0x000000dfdd200000) (1024K)]
  0x000002dcab7fae90 JavaThread "WorkerExecutor Queue Thread 3"        [_thread_blocked, id=20320, stack(0x000000dfdd300000,0x000000dfdd400000) (1024K)]
  0x000002dcab801100 JavaThread "Unconstrained build operations Thread 10"        [_thread_blocked, id=1904, stack(0x000000dfdd400000,0x000000dfdd500000) (1024K)]
  0x000002dcab801790 JavaThread "Unconstrained build operations Thread 11"        [_thread_blocked, id=20276, stack(0x000000dfdd500000,0x000000dfdd600000) (1024K)]
  0x000002dcab8024b0 JavaThread "Unconstrained build operations Thread 12"        [_thread_blocked, id=14036, stack(0x000000dfdd600000,0x000000dfdd700000) (1024K)]
  0x000002dcac159280 JavaThread "Unconstrained build operations Thread 13"        [_thread_blocked, id=17708, stack(0x000000dfdd700000,0x000000dfdd800000) (1024K)]
  0x000002dcac1536a0 JavaThread "Unconstrained build operations Thread 14"        [_thread_blocked, id=15812, stack(0x000000dfdd800000,0x000000dfdd900000) (1024K)]
  0x000002dcac159910 JavaThread "Unconstrained build operations Thread 15"        [_thread_blocked, id=18056, stack(0x000000dfdd900000,0x000000dfdda00000) (1024K)]
  0x000002dca5a0d760 JavaThread "Unconstrained build operations Thread 16"        [_thread_blocked, id=24612, stack(0x000000dfdda00000,0x000000dfddb00000) (1024K)]
  0x000002dca5a0c3b0 JavaThread "WorkerExecutor Queue Thread 4"        [_thread_blocked, id=16140, stack(0x000000dfddb00000,0x000000dfddc00000) (1024K)]
  0x000002dca5a0ddf0 JavaThread "pool-17-thread-1"                  [_thread_blocked, id=20516, stack(0x000000dfddc00000,0x000000dfddd00000) (1024K)]
  0x000002dca5a0f1a0 JavaThread "stderr"                            [_thread_in_native, id=24476, stack(0x000000dfddd00000,0x000000dfdde00000) (1024K)]
  0x000002dca5a0d0d0 JavaThread "stdout"                            [_thread_in_native, id=24820, stack(0x000000dfdde00000,0x000000dfddf00000) (1024K)]
  0x000002dca5a0e480 JavaThread "Unconstrained build operations Thread 17"        [_thread_blocked, id=14156, stack(0x000000dfde000000,0x000000dfde100000) (1024K)]
  0x000002dca5a0ca40 JavaThread "Unconstrained build operations Thread 18"        [_thread_blocked, id=2168, stack(0x000000dfde100000,0x000000dfde200000) (1024K)]
  0x000002dca5a0eb10 JavaThread "Unconstrained build operations Thread 19"        [_thread_blocked, id=20436, stack(0x000000dfde200000,0x000000dfde300000) (1024K)]
Total: 77

Other Threads:
=>0x000002dc9b8639d0 VMThread "VM Thread"                           [id=22548, stack(0x000000dfd9900000,0x000000dfd9a00000) (1024K)]
  0x000002dc9b7cd660 WatcherThread "VM Periodic Task Thread"        [id=13588, stack(0x000000dfd9800000,0x000000dfd9900000) (1024K)]
  0x000002dc8292d020 WorkerThread "GC Thread#0"                     [id=17404, stack(0x000000dfd9300000,0x000000dfd9400000) (1024K)]
  0x000002dca02c1d50 WorkerThread "GC Thread#1"                     [id=23812, stack(0x000000dfda400000,0x000000dfda500000) (1024K)]
  0x000002dca01bb410 WorkerThread "GC Thread#2"                     [id=524, stack(0x000000dfda500000,0x000000dfda600000) (1024K)]
  0x000002dca00bd920 WorkerThread "GC Thread#3"                     [id=14224, stack(0x000000dfda600000,0x000000dfda700000) (1024K)]
  0x000002dc8292e140 ConcurrentGCThread "G1 Main Marker"            [id=25692, stack(0x000000dfd9400000,0x000000dfd9500000) (1024K)]
  0x000002dc84a55d10 WorkerThread "G1 Conc#0"                       [id=24296, stack(0x000000dfd9500000,0x000000dfd9600000) (1024K)]
  0x000002dc9b69f530 ConcurrentGCThread "G1 Refine#0"               [id=21568, stack(0x000000dfd9600000,0x000000dfd9700000) (1024K)]
  0x000002dc9b6a1d60 ConcurrentGCThread "G1 Service"                [id=8820, stack(0x000000dfd9700000,0x000000dfd9800000) (1024K)]
Total: 10

Threads with active compile tasks:
Total: 0

VM state: at safepoint (normal execution)

VM Mutex/Monitor currently owned by a thread:  ([mutex/lock_event])
[0x00007ffb9100d360] Threads_lock - owner thread: 0x000002dc9b8639d0
[0x00007ffb9100d460] Heap_lock - owner thread: 0x000002dcab7fae90

Heap address: 0x0000000080000000, size: 2048 MB, Compressed Oops mode: 32-bit

CDS archive(s) not mapped
Compressed class space mapped at: 0x0000000100000000-0x0000000140000000, reserved size: 1073741824
Narrow klass base: 0x0000000000000000, Narrow klass shift: 3, Narrow klass range: 0x140000000

GC Precious Log:
 CardTable entry size: 512
 Card Set container configuration: InlinePtr #cards 5 size 8 Array Of Cards #cards 12 size 40 Howl #buckets 4 coarsen threshold 1843 Howl Bitmap #cards 512 size 80 coarsen threshold 460 Card regions per heap region 1 cards per card region 2048
 CPUs: 4 total, 4 available
 Memory: 7991M
 Large Page Support: Disabled
 NUMA Support: Disabled
 Compressed Oops: Enabled (32-bit)
 Heap Region Size: 1M
 Heap Min Capacity: 8M
 Heap Initial Capacity: 126M
 Heap Max Capacity: 2G
 Pre-touch: Disabled
 Parallel Workers: 4
 Concurrent Workers: 1
 Concurrent Refinement Workers: 4
 Periodic GC: Disabled

Heap:
 garbage-first heap   total 750592K, used 339968K [0x0000000080000000, 0x0000000100000000)
  region size 1024K, 5 young (5120K), 5 survivors (5120K)
 Metaspace       used 180071K, committed 182784K, reserved 1245184K
  class space    used 22689K, committed 24064K, reserved 1048576K

Heap Regions: E=young(eden), S=young(survivor), O=old, HS=humongous(starts), HC=humongous(continues), CS=collection set, F=free, TAMS=top-at-mark-start, PB=parsable bottom
|   0|0x0000000080000000, 0x0000000080100000, 0x0000000080100000|100%| O|  |TAMS 0x0000000080000000| PB 0x0000000080000000| Untracked 
|   1|0x0000000080100000, 0x0000000080200000, 0x0000000080200000|100%| O|  |TAMS 0x0000000080100000| PB 0x0000000080100000| Untracked 
|   2|0x0000000080200000, 0x0000000080300000, 0x0000000080300000|100%|HS|  |TAMS 0x0000000080200000| PB 0x0000000080200000| Complete 
|   3|0x0000000080300000, 0x0000000080400000, 0x0000000080400000|100%|HC|  |TAMS 0x0000000080300000| PB 0x0000000080300000| Complete 
|   4|0x0000000080400000, 0x0000000080500000, 0x0000000080500000|100%|HC|  |TAMS 0x0000000080400000| PB 0x0000000080400000| Complete 
|   5|0x0000000080500000, 0x0000000080600000, 0x0000000080600000|100%|HC|  |TAMS 0x0000000080500000| PB 0x0000000080500000| Complete 
|   6|0x0000000080600000, 0x0000000080700000, 0x0000000080700000|100%| O|  |TAMS 0x0000000080600000| PB 0x0000000080600000| Untracked 
|   7|0x0000000080700000, 0x0000000080800000, 0x0000000080800000|100%| O|  |TAMS 0x0000000080700000| PB 0x0000000080700000| Untracked 
|   8|0x0000000080800000, 0x0000000080900000, 0x0000000080900000|100%| O|  |TAMS 0x0000000080800000| PB 0x0000000080800000| Untracked 
|   9|0x0000000080900000, 0x0000000080a00000, 0x0000000080a00000|100%| O|  |TAMS 0x0000000080900000| PB 0x0000000080900000| Untracked 
|  10|0x0000000080a00000, 0x0000000080b00000, 0x0000000080b00000|100%| O|  |TAMS 0x0000000080a00000| PB 0x0000000080a00000| Untracked 
|  11|0x0000000080b00000, 0x0000000080c00000, 0x0000000080c00000|100%| O|  |TAMS 0x0000000080b00000| PB 0x0000000080b00000| Untracked 
|  12|0x0000000080c00000, 0x0000000080d00000, 0x0000000080d00000|100%| O|  |TAMS 0x0000000080c00000| PB 0x0000000080c00000| Untracked 
|  13|0x0000000080d00000, 0x0000000080e00000, 0x0000000080e00000|100%| O|  |TAMS 0x0000000080d00000| PB 0x0000000080d00000| Untracked 
|  14|0x0000000080e00000, 0x0000000080f00000, 0x0000000080f00000|100%| O|  |TAMS 0x0000000080e00000| PB 0x0000000080e00000| Untracked 
|  15|0x0000000080f00000, 0x0000000081000000, 0x0000000081000000|100%| O|  |TAMS 0x0000000080f00000| PB 0x0000000080f00000| Untracked 
|  16|0x0000000081000000, 0x0000000081100000, 0x0000000081100000|100%| O|  |TAMS 0x0000000081000000| PB 0x0000000081000000| Untracked 
|  17|0x0000000081100000, 0x0000000081200000, 0x0000000081200000|100%| O|  |TAMS 0x0000000081100000| PB 0x0000000081100000| Untracked 
|  18|0x0000000081200000, 0x0000000081300000, 0x0000000081300000|100%| O|  |TAMS 0x0000000081200000| PB 0x0000000081200000| Untracked 
|  19|0x0000000081300000, 0x0000000081400000, 0x0000000081400000|100%| O|  |TAMS 0x0000000081300000| PB 0x0000000081300000| Untracked 
|  20|0x0000000081400000, 0x0000000081500000, 0x0000000081500000|100%| O|  |TAMS 0x0000000081400000| PB 0x0000000081400000| Untracked 
|  21|0x0000000081500000, 0x0000000081600000, 0x0000000081600000|100%| O|  |TAMS 0x0000000081500000| PB 0x0000000081500000| Untracked 
|  22|0x0000000081600000, 0x0000000081700000, 0x0000000081700000|100%| O|  |TAMS 0x0000000081600000| PB 0x0000000081600000| Untracked 
|  23|0x0000000081700000, 0x0000000081800000, 0x0000000081800000|100%| O|  |TAMS 0x0000000081700000| PB 0x0000000081700000| Untracked 
|  24|0x0000000081800000, 0x0000000081900000, 0x0000000081900000|100%| O|  |TAMS 0x0000000081800000| PB 0x0000000081800000| Untracked 
|  25|0x0000000081900000, 0x0000000081a00000, 0x0000000081a00000|100%| O|  |TAMS 0x0000000081900000| PB 0x0000000081900000| Untracked 
|  26|0x0000000081a00000, 0x0000000081b00000, 0x0000000081b00000|100%| O|  |TAMS 0x0000000081a00000| PB 0x0000000081a00000| Untracked 
|  27|0x0000000081b00000, 0x0000000081c00000, 0x0000000081c00000|100%| O|  |TAMS 0x0000000081b00000| PB 0x0000000081b00000| Untracked 
|  28|0x0000000081c00000, 0x0000000081d00000, 0x0000000081d00000|100%| O|  |TAMS 0x0000000081c00000| PB 0x0000000081c00000| Untracked 
|  29|0x0000000081d00000, 0x0000000081e00000, 0x0000000081e00000|100%| O|  |TAMS 0x0000000081d00000| PB 0x0000000081d00000| Untracked 
|  30|0x0000000081e00000, 0x0000000081f00000, 0x0000000081f00000|100%| O|  |TAMS 0x0000000081e00000| PB 0x0000000081e00000| Untracked 
|  31|0x0000000081f00000, 0x0000000082000000, 0x0000000082000000|100%| O|  |TAMS 0x0000000081f00000| PB 0x0000000081f00000| Untracked 
|  32|0x0000000082000000, 0x0000000082100000, 0x0000000082100000|100%| O|  |TAMS 0x0000000082000000| PB 0x0000000082000000| Untracked 
|  33|0x0000000082100000, 0x0000000082200000, 0x0000000082200000|100%|HS|  |TAMS 0x0000000082100000| PB 0x0000000082100000| Complete 
|  34|0x0000000082200000, 0x0000000082300000, 0x0000000082300000|100%| O|  |TAMS 0x0000000082200000| PB 0x0000000082200000| Untracked 
|  35|0x0000000082300000, 0x0000000082400000, 0x0000000082400000|100%| O|  |TAMS 0x0000000082300000| PB 0x0000000082300000| Untracked 
|  36|0x0000000082400000, 0x0000000082500000, 0x0000000082500000|100%| O|  |TAMS 0x0000000082400000| PB 0x0000000082400000| Untracked 
|  37|0x0000000082500000, 0x0000000082600000, 0x0000000082600000|100%|HS|  |TAMS 0x0000000082500000| PB 0x0000000082500000| Complete 
|  38|0x0000000082600000, 0x0000000082700000, 0x0000000082700000|100%| O|  |TAMS 0x0000000082600000| PB 0x0000000082600000| Untracked 
|  39|0x0000000082700000, 0x0000000082800000, 0x0000000082800000|100%|HS|  |TAMS 0x0000000082700000| PB 0x0000000082700000| Complete 
|  40|0x0000000082800000, 0x0000000082900000, 0x0000000082900000|100%| O|  |TAMS 0x0000000082800000| PB 0x0000000082800000| Untracked 
|  41|0x0000000082900000, 0x0000000082a00000, 0x0000000082a00000|100%|HS|  |TAMS 0x0000000082900000| PB 0x0000000082900000| Complete 
|  42|0x0000000082a00000, 0x0000000082b00000, 0x0000000082b00000|100%|HC|  |TAMS 0x0000000082a00000| PB 0x0000000082a00000| Complete 
|  43|0x0000000082b00000, 0x0000000082c00000, 0x0000000082c00000|100%|HS|  |TAMS 0x0000000082b00000| PB 0x0000000082b00000| Complete 
|  44|0x0000000082c00000, 0x0000000082d00000, 0x0000000082d00000|100%|HC|  |TAMS 0x0000000082c00000| PB 0x0000000082c00000| Complete 
|  45|0x0000000082d00000, 0x0000000082e00000, 0x0000000082e00000|100%|HC|  |TAMS 0x0000000082d00000| PB 0x0000000082d00000| Complete 
|  46|0x0000000082e00000, 0x0000000082f00000, 0x0000000082f00000|100%|HC|  |TAMS 0x0000000082e00000| PB 0x0000000082e00000| Complete 
|  47|0x0000000082f00000, 0x0000000083000000, 0x0000000083000000|100%|HS|  |TAMS 0x0000000082f00000| PB 0x0000000082f00000| Complete 
|  48|0x0000000083000000, 0x0000000083100000, 0x0000000083100000|100%|HS|  |TAMS 0x0000000083000000| PB 0x0000000083000000| Complete 
|  49|0x0000000083100000, 0x0000000083200000, 0x0000000083200000|100%|HC|  |TAMS 0x0000000083100000| PB 0x0000000083100000| Complete 
|  50|0x0000000083200000, 0x0000000083300000, 0x0000000083300000|100%|HS|  |TAMS 0x0000000083200000| PB 0x0000000083200000| Complete 
|  51|0x0000000083300000, 0x0000000083400000, 0x0000000083400000|100%| O|  |TAMS 0x0000000083300000| PB 0x0000000083300000| Untracked 
|  52|0x0000000083400000, 0x0000000083500000, 0x0000000083500000|100%| O|  |TAMS 0x0000000083400000| PB 0x0000000083400000| Untracked 
|  53|0x0000000083500000, 0x0000000083600000, 0x0000000083600000|100%| O|  |TAMS 0x0000000083500000| PB 0x0000000083500000| Untracked 
|  54|0x0000000083600000, 0x0000000083700000, 0x0000000083700000|100%| O|  |TAMS 0x0000000083600000| PB 0x0000000083600000| Untracked 
|  55|0x0000000083700000, 0x0000000083800000, 0x0000000083800000|100%| O|  |TAMS 0x0000000083700000| PB 0x0000000083700000| Untracked 
|  56|0x0000000083800000, 0x0000000083900000, 0x0000000083900000|100%| O|  |TAMS 0x0000000083800000| PB 0x0000000083800000| Untracked 
|  57|0x0000000083900000, 0x0000000083a00000, 0x0000000083a00000|100%| O|  |TAMS 0x0000000083900000| PB 0x0000000083900000| Untracked 
|  58|0x0000000083a00000, 0x0000000083b00000, 0x0000000083b00000|100%|HS|  |TAMS 0x0000000083a00000| PB 0x0000000083a00000| Complete 
|  59|0x0000000083b00000, 0x0000000083c00000, 0x0000000083c00000|100%|HC|  |TAMS 0x0000000083b00000| PB 0x0000000083b00000| Complete 
|  60|0x0000000083c00000, 0x0000000083d00000, 0x0000000083d00000|100%|HC|  |TAMS 0x0000000083c00000| PB 0x0000000083c00000| Complete 
|  61|0x0000000083d00000, 0x0000000083e00000, 0x0000000083e00000|100%|HC|  |TAMS 0x0000000083d00000| PB 0x0000000083d00000| Complete 
|  62|0x0000000083e00000, 0x0000000083f00000, 0x0000000083f00000|100%| O|  |TAMS 0x0000000083e00000| PB 0x0000000083e00000| Untracked 
|  63|0x0000000083f00000, 0x0000000084000000, 0x0000000084000000|100%| O|  |TAMS 0x0000000083f00000| PB 0x0000000083f00000| Untracked 
|  64|0x0000000084000000, 0x0000000084100000, 0x0000000084100000|100%| O|  |TAMS 0x0000000084000000| PB 0x0000000084000000| Untracked 
|  65|0x0000000084100000, 0x0000000084200000, 0x0000000084200000|100%| O|  |TAMS 0x0000000084100000| PB 0x0000000084100000| Untracked 
|  66|0x0000000084200000, 0x0000000084300000, 0x0000000084300000|100%| O|  |TAMS 0x0000000084200000| PB 0x0000000084200000| Untracked 
|  67|0x0000000084300000, 0x0000000084400000, 0x0000000084400000|100%| O|  |TAMS 0x0000000084300000| PB 0x0000000084300000| Untracked 
|  68|0x0000000084400000, 0x0000000084500000, 0x0000000084500000|100%| O|  |TAMS 0x0000000084400000| PB 0x0000000084400000| Untracked 
|  69|0x0000000084500000, 0x0000000084600000, 0x0000000084600000|100%| O|  |TAMS 0x0000000084500000| PB 0x0000000084500000| Untracked 
|  70|0x0000000084600000, 0x0000000084700000, 0x0000000084700000|100%| O|  |TAMS 0x0000000084600000| PB 0x0000000084600000| Untracked 
|  71|0x0000000084700000, 0x0000000084800000, 0x0000000084800000|100%| O|  |TAMS 0x0000000084700000| PB 0x0000000084700000| Untracked 
|  72|0x0000000084800000, 0x0000000084900000, 0x0000000084900000|100%| O|  |TAMS 0x0000000084800000| PB 0x0000000084800000| Untracked 
|  73|0x0000000084900000, 0x0000000084a00000, 0x0000000084a00000|100%| O|  |TAMS 0x0000000084900000| PB 0x0000000084900000| Untracked 
|  74|0x0000000084a00000, 0x0000000084b00000, 0x0000000084b00000|100%| O|  |TAMS 0x0000000084a00000| PB 0x0000000084a00000| Untracked 
|  75|0x0000000084b00000, 0x0000000084c00000, 0x0000000084c00000|100%| O|  |TAMS 0x0000000084b00000| PB 0x0000000084b00000| Untracked 
|  76|0x0000000084c00000, 0x0000000084d00000, 0x0000000084d00000|100%| O|  |TAMS 0x0000000084c00000| PB 0x0000000084c00000| Untracked 
|  77|0x0000000084d00000, 0x0000000084e00000, 0x0000000084e00000|100%| O|  |TAMS 0x0000000084d00000| PB 0x0000000084d00000| Untracked 
|  78|0x0000000084e00000, 0x0000000084f00000, 0x0000000084f00000|100%| O|  |TAMS 0x0000000084e00000| PB 0x0000000084e00000| Untracked 
|  79|0x0000000084f00000, 0x0000000085000000, 0x0000000085000000|100%| O|  |TAMS 0x0000000084f00000| PB 0x0000000084f00000| Untracked 
|  80|0x0000000085000000, 0x0000000085100000, 0x0000000085100000|100%| O|  |TAMS 0x0000000085000000| PB 0x0000000085000000| Untracked 
|  81|0x0000000085100000, 0x0000000085200000, 0x0000000085200000|100%| O|  |TAMS 0x0000000085100000| PB 0x0000000085100000| Untracked 
|  82|0x0000000085200000, 0x0000000085300000, 0x0000000085300000|100%| O|  |TAMS 0x0000000085200000| PB 0x0000000085200000| Untracked 
|  83|0x0000000085300000, 0x0000000085400000, 0x0000000085400000|100%| O|  |TAMS 0x0000000085300000| PB 0x0000000085300000| Untracked 
|  84|0x0000000085400000, 0x0000000085500000, 0x0000000085500000|100%| O|  |TAMS 0x0000000085400000| PB 0x0000000085400000| Untracked 
|  85|0x0000000085500000, 0x0000000085600000, 0x0000000085600000|100%| O|  |TAMS 0x0000000085500000| PB 0x0000000085500000| Untracked 
|  86|0x0000000085600000, 0x0000000085700000, 0x0000000085700000|100%| O|  |TAMS 0x0000000085600000| PB 0x0000000085600000| Untracked 
|  87|0x0000000085700000, 0x0000000085800000, 0x0000000085800000|100%| O|  |TAMS 0x0000000085700000| PB 0x0000000085700000| Untracked 
|  88|0x0000000085800000, 0x0000000085900000, 0x0000000085900000|100%| O|  |TAMS 0x0000000085800000| PB 0x0000000085800000| Untracked 
|  89|0x0000000085900000, 0x0000000085a00000, 0x0000000085a00000|100%| O|  |TAMS 0x0000000085900000| PB 0x0000000085900000| Untracked 
|  90|0x0000000085a00000, 0x0000000085b00000, 0x0000000085b00000|100%| O|  |TAMS 0x0000000085a00000| PB 0x0000000085a00000| Untracked 
|  91|0x0000000085b00000, 0x0000000085c00000, 0x0000000085c00000|100%| O|  |TAMS 0x0000000085b00000| PB 0x0000000085b00000| Untracked 
|  92|0x0000000085c00000, 0x0000000085d00000, 0x0000000085d00000|100%| O|  |TAMS 0x0000000085c00000| PB 0x0000000085c00000| Untracked 
|  93|0x0000000085d00000, 0x0000000085e00000, 0x0000000085e00000|100%| O|  |TAMS 0x0000000085d00000| PB 0x0000000085d00000| Untracked 
|  94|0x0000000085e00000, 0x0000000085f00000, 0x0000000085f00000|100%| O|  |TAMS 0x0000000085e00000| PB 0x0000000085e00000| Untracked 
|  95|0x0000000085f00000, 0x0000000086000000, 0x0000000086000000|100%| O|  |TAMS 0x0000000085f00000| PB 0x0000000085f00000| Untracked 
|  96|0x0000000086000000, 0x0000000086100000, 0x0000000086100000|100%| O|  |TAMS 0x0000000086000000| PB 0x0000000086000000| Untracked 
|  97|0x0000000086100000, 0x0000000086200000, 0x0000000086200000|100%| O|  |TAMS 0x0000000086100000| PB 0x0000000086100000| Untracked 
|  98|0x0000000086200000, 0x0000000086300000, 0x0000000086300000|100%| O|  |TAMS 0x0000000086200000| PB 0x0000000086200000| Untracked 
|  99|0x0000000086300000, 0x0000000086400000, 0x0000000086400000|100%| O|  |TAMS 0x0000000086300000| PB 0x0000000086300000| Untracked 
| 100|0x0000000086400000, 0x0000000086500000, 0x0000000086500000|100%| O|  |TAMS 0x0000000086400000| PB 0x0000000086400000| Untracked 
| 101|0x0000000086500000, 0x0000000086600000, 0x0000000086600000|100%| O|  |TAMS 0x0000000086500000| PB 0x0000000086500000| Untracked 
| 102|0x0000000086600000, 0x0000000086700000, 0x0000000086700000|100%| O|  |TAMS 0x0000000086600000| PB 0x0000000086600000| Untracked 
| 103|0x0000000086700000, 0x0000000086800000, 0x0000000086800000|100%| O|  |TAMS 0x0000000086700000| PB 0x0000000086700000| Untracked 
| 104|0x0000000086800000, 0x0000000086900000, 0x0000000086900000|100%| O|  |TAMS 0x0000000086800000| PB 0x0000000086800000| Untracked 
| 105|0x0000000086900000, 0x0000000086a00000, 0x0000000086a00000|100%| O|  |TAMS 0x0000000086900000| PB 0x0000000086900000| Untracked 
| 106|0x0000000086a00000, 0x0000000086b00000, 0x0000000086b00000|100%| O|  |TAMS 0x0000000086a00000| PB 0x0000000086a00000| Untracked 
| 107|0x0000000086b00000, 0x0000000086c00000, 0x0000000086c00000|100%| O|  |TAMS 0x0000000086b00000| PB 0x0000000086b00000| Untracked 
| 108|0x0000000086c00000, 0x0000000086d00000, 0x0000000086d00000|100%| O|  |TAMS 0x0000000086c00000| PB 0x0000000086c00000| Untracked 
| 109|0x0000000086d00000, 0x0000000086e00000, 0x0000000086e00000|100%| O|  |TAMS 0x0000000086d00000| PB 0x0000000086d00000| Untracked 
| 110|0x0000000086e00000, 0x0000000086f00000, 0x0000000086f00000|100%| O|  |TAMS 0x0000000086e00000| PB 0x0000000086e00000| Untracked 
| 111|0x0000000086f00000, 0x0000000087000000, 0x0000000087000000|100%| O|  |TAMS 0x0000000086f00000| PB 0x0000000086f00000| Untracked 
| 112|0x0000000087000000, 0x0000000087100000, 0x0000000087100000|100%| O|  |TAMS 0x0000000087000000| PB 0x0000000087000000| Untracked 
| 113|0x0000000087100000, 0x0000000087200000, 0x0000000087200000|100%| O|  |TAMS 0x0000000087100000| PB 0x0000000087100000| Untracked 
| 114|0x0000000087200000, 0x0000000087300000, 0x0000000087300000|100%| O|  |TAMS 0x0000000087200000| PB 0x0000000087200000| Untracked 
| 115|0x0000000087300000, 0x0000000087400000, 0x0000000087400000|100%| O|  |TAMS 0x0000000087300000| PB 0x0000000087300000| Untracked 
| 116|0x0000000087400000, 0x0000000087500000, 0x0000000087500000|100%| O|  |TAMS 0x0000000087400000| PB 0x0000000087400000| Untracked 
| 117|0x0000000087500000, 0x0000000087600000, 0x0000000087600000|100%| O|  |TAMS 0x0000000087500000| PB 0x0000000087500000| Untracked 
| 118|0x0000000087600000, 0x0000000087700000, 0x0000000087700000|100%| O|  |TAMS 0x0000000087600000| PB 0x0000000087600000| Untracked 
| 119|0x0000000087700000, 0x0000000087800000, 0x0000000087800000|100%| O|  |TAMS 0x0000000087700000| PB 0x0000000087700000| Untracked 
| 120|0x0000000087800000, 0x0000000087900000, 0x0000000087900000|100%| O|  |TAMS 0x0000000087800000| PB 0x0000000087800000| Untracked 
| 121|0x0000000087900000, 0x0000000087a00000, 0x0000000087a00000|100%| O|  |TAMS 0x0000000087900000| PB 0x0000000087900000| Untracked 
| 122|0x0000000087a00000, 0x0000000087b00000, 0x0000000087b00000|100%| O|  |TAMS 0x0000000087a00000| PB 0x0000000087a00000| Untracked 
| 123|0x0000000087b00000, 0x0000000087c00000, 0x0000000087c00000|100%| O|  |TAMS 0x0000000087b00000| PB 0x0000000087b00000| Untracked 
| 124|0x0000000087c00000, 0x0000000087d00000, 0x0000000087d00000|100%| O|  |TAMS 0x0000000087c00000| PB 0x0000000087c00000| Untracked 
| 125|0x0000000087d00000, 0x0000000087e00000, 0x0000000087e00000|100%| O|  |TAMS 0x0000000087d00000| PB 0x0000000087d00000| Untracked 
| 126|0x0000000087e00000, 0x0000000087f00000, 0x0000000087f00000|100%| O|  |TAMS 0x0000000087e00000| PB 0x0000000087e00000| Untracked 
| 127|0x0000000087f00000, 0x0000000088000000, 0x0000000088000000|100%| O|  |TAMS 0x0000000087f00000| PB 0x0000000087f00000| Untracked 
| 128|0x0000000088000000, 0x0000000088100000, 0x0000000088100000|100%|HS|  |TAMS 0x0000000088000000| PB 0x0000000088000000| Complete 
| 129|0x0000000088100000, 0x0000000088200000, 0x0000000088200000|100%| O|  |TAMS 0x0000000088100000| PB 0x0000000088100000| Untracked 
| 130|0x0000000088200000, 0x0000000088300000, 0x0000000088300000|100%| O|  |TAMS 0x0000000088200000| PB 0x0000000088200000| Untracked 
| 131|0x0000000088300000, 0x0000000088400000, 0x0000000088400000|100%| O|  |TAMS 0x0000000088300000| PB 0x0000000088300000| Untracked 
| 132|0x0000000088400000, 0x0000000088500000, 0x0000000088500000|100%| O|  |TAMS 0x0000000088400000| PB 0x0000000088400000| Untracked 
| 133|0x0000000088500000, 0x0000000088600000, 0x0000000088600000|100%| O|  |TAMS 0x0000000088500000| PB 0x0000000088500000| Untracked 
| 134|0x0000000088600000, 0x0000000088700000, 0x0000000088700000|100%| O|  |TAMS 0x0000000088600000| PB 0x0000000088600000| Untracked 
| 135|0x0000000088700000, 0x0000000088800000, 0x0000000088800000|100%| O|  |TAMS 0x0000000088700000| PB 0x0000000088700000| Untracked 
| 136|0x0000000088800000, 0x0000000088900000, 0x0000000088900000|100%| O|  |TAMS 0x0000000088800000| PB 0x0000000088800000| Untracked 
| 137|0x0000000088900000, 0x0000000088a00000, 0x0000000088a00000|100%| O|  |TAMS 0x0000000088900000| PB 0x0000000088900000| Untracked 
| 138|0x0000000088a00000, 0x0000000088b00000, 0x0000000088b00000|100%| O|  |TAMS 0x0000000088a00000| PB 0x0000000088a00000| Untracked 
| 139|0x0000000088b00000, 0x0000000088c00000, 0x0000000088c00000|100%| O|  |TAMS 0x0000000088b00000| PB 0x0000000088b00000| Untracked 
| 140|0x0000000088c00000, 0x0000000088d00000, 0x0000000088d00000|100%| O|  |TAMS 0x0000000088c00000| PB 0x0000000088c00000| Untracked 
| 141|0x0000000088d00000, 0x0000000088e00000, 0x0000000088e00000|100%| O|  |TAMS 0x0000000088d00000| PB 0x0000000088d00000| Untracked 
| 142|0x0000000088e00000, 0x0000000088f00000, 0x0000000088f00000|100%| O|  |TAMS 0x0000000088e00000| PB 0x0000000088e00000| Untracked 
| 143|0x0000000088f00000, 0x0000000089000000, 0x0000000089000000|100%| O|  |TAMS 0x0000000088f00000| PB 0x0000000088f00000| Untracked 
| 144|0x0000000089000000, 0x0000000089100000, 0x0000000089100000|100%| O|  |TAMS 0x0000000089000000| PB 0x0000000089000000| Untracked 
| 145|0x0000000089100000, 0x0000000089200000, 0x0000000089200000|100%| O|  |TAMS 0x0000000089100000| PB 0x0000000089100000| Untracked 
| 146|0x0000000089200000, 0x0000000089300000, 0x0000000089300000|100%| O|  |TAMS 0x0000000089200000| PB 0x0000000089200000| Untracked 
| 147|0x0000000089300000, 0x0000000089400000, 0x0000000089400000|100%| O|  |TAMS 0x0000000089300000| PB 0x0000000089300000| Untracked 
| 148|0x0000000089400000, 0x0000000089500000, 0x0000000089500000|100%| O|  |TAMS 0x0000000089400000| PB 0x0000000089400000| Untracked 
| 149|0x0000000089500000, 0x0000000089600000, 0x0000000089600000|100%| O|Cm|TAMS 0x0000000089500000| PB 0x0000000089500000| Complete 
| 150|0x0000000089600000, 0x0000000089700000, 0x0000000089700000|100%| O|  |TAMS 0x0000000089600000| PB 0x0000000089600000| Untracked 
| 151|0x0000000089700000, 0x0000000089800000, 0x0000000089800000|100%| O|  |TAMS 0x0000000089700000| PB 0x0000000089700000| Untracked 
| 152|0x0000000089800000, 0x0000000089900000, 0x0000000089900000|100%| O|  |TAMS 0x0000000089800000| PB 0x0000000089800000| Untracked 
| 153|0x0000000089900000, 0x0000000089a00000, 0x0000000089a00000|100%| O|Cm|TAMS 0x0000000089900000| PB 0x0000000089900000| Complete 
| 154|0x0000000089a00000, 0x0000000089b00000, 0x0000000089b00000|100%| O|  |TAMS 0x0000000089a00000| PB 0x0000000089a00000| Untracked 
| 155|0x0000000089b00000, 0x0000000089c00000, 0x0000000089c00000|100%| O|  |TAMS 0x0000000089b00000| PB 0x0000000089b00000| Untracked 
| 156|0x0000000089c00000, 0x0000000089d00000, 0x0000000089d00000|100%| O|  |TAMS 0x0000000089c00000| PB 0x0000000089c00000| Untracked 
| 157|0x0000000089d00000, 0x0000000089e00000, 0x0000000089e00000|100%| O|  |TAMS 0x0000000089d00000| PB 0x0000000089d00000| Untracked 
| 158|0x0000000089e00000, 0x0000000089f00000, 0x0000000089f00000|100%|HS|  |TAMS 0x0000000089e00000| PB 0x0000000089e00000| Complete 
| 159|0x0000000089f00000, 0x000000008a000000, 0x000000008a000000|100%|HC|  |TAMS 0x0000000089f00000| PB 0x0000000089f00000| Complete 
| 160|0x000000008a000000, 0x000000008a100000, 0x000000008a100000|100%|HC|  |TAMS 0x000000008a000000| PB 0x000000008a000000| Complete 
| 161|0x000000008a100000, 0x000000008a100000, 0x000000008a200000|  0%| F|  |TAMS 0x000000008a100000| PB 0x000000008a100000| Untracked 
| 162|0x000000008a200000, 0x000000008a300000, 0x000000008a300000|100%| O|  |TAMS 0x000000008a200000| PB 0x000000008a200000| Untracked 
| 163|0x000000008a300000, 0x000000008a400000, 0x000000008a400000|100%| O|  |TAMS 0x000000008a300000| PB 0x000000008a300000| Untracked 
| 164|0x000000008a400000, 0x000000008a500000, 0x000000008a500000|100%| O|  |TAMS 0x000000008a400000| PB 0x000000008a400000| Untracked 
| 165|0x000000008a500000, 0x000000008a600000, 0x000000008a600000|100%| O|  |TAMS 0x000000008a500000| PB 0x000000008a500000| Untracked 
| 166|0x000000008a600000, 0x000000008a700000, 0x000000008a700000|100%| O|  |TAMS 0x000000008a600000| PB 0x000000008a600000| Untracked 
| 167|0x000000008a700000, 0x000000008a800000, 0x000000008a800000|100%| O|  |TAMS 0x000000008a700000| PB 0x000000008a700000| Untracked 
| 168|0x000000008a800000, 0x000000008a900000, 0x000000008a900000|100%| O|  |TAMS 0x000000008a800000| PB 0x000000008a800000| Untracked 
| 169|0x000000008a900000, 0x000000008aa00000, 0x000000008aa00000|100%| O|  |TAMS 0x000000008a900000| PB 0x000000008a900000| Untracked 
| 170|0x000000008aa00000, 0x000000008ab00000, 0x000000008ab00000|100%| O|  |TAMS 0x000000008aa00000| PB 0x000000008aa00000| Untracked 
| 171|0x000000008ab00000, 0x000000008ac00000, 0x000000008ac00000|100%| O|  |TAMS 0x000000008ab00000| PB 0x000000008ab00000| Untracked 
| 172|0x000000008ac00000, 0x000000008ac00000, 0x000000008ad00000|  0%| F|  |TAMS 0x000000008ac00000| PB 0x000000008ac00000| Untracked 
| 173|0x000000008ad00000, 0x000000008ae00000, 0x000000008ae00000|100%| O|  |TAMS 0x000000008ad00000| PB 0x000000008ad00000| Untracked 
| 174|0x000000008ae00000, 0x000000008af00000, 0x000000008af00000|100%| O|  |TAMS 0x000000008ae00000| PB 0x000000008ae00000| Untracked 
| 175|0x000000008af00000, 0x000000008b000000, 0x000000008b000000|100%| O|  |TAMS 0x000000008af00000| PB 0x000000008af00000| Untracked 
| 176|0x000000008b000000, 0x000000008b100000, 0x000000008b100000|100%| O|Cm|TAMS 0x000000008b000000| PB 0x000000008b000000| Complete 
| 177|0x000000008b100000, 0x000000008b200000, 0x000000008b200000|100%| O|  |TAMS 0x000000008b100000| PB 0x000000008b100000| Untracked 
| 178|0x000000008b200000, 0x000000008b200000, 0x000000008b300000|  0%| F|  |TAMS 0x000000008b200000| PB 0x000000008b200000| Untracked 
| 179|0x000000008b300000, 0x000000008b400000, 0x000000008b400000|100%| O|  |TAMS 0x000000008b300000| PB 0x000000008b300000| Untracked 
| 180|0x000000008b400000, 0x000000008b500000, 0x000000008b500000|100%| O|  |TAMS 0x000000008b400000| PB 0x000000008b400000| Untracked 
| 181|0x000000008b500000, 0x000000008b600000, 0x000000008b600000|100%| O|  |TAMS 0x000000008b500000| PB 0x000000008b500000| Untracked 
| 182|0x000000008b600000, 0x000000008b600000, 0x000000008b700000|  0%| F|  |TAMS 0x000000008b600000| PB 0x000000008b600000| Untracked 
| 183|0x000000008b700000, 0x000000008b800000, 0x000000008b800000|100%| O|  |TAMS 0x000000008b700000| PB 0x000000008b700000| Untracked 
| 184|0x000000008b800000, 0x000000008b900000, 0x000000008b900000|100%| O|  |TAMS 0x000000008b800000| PB 0x000000008b800000| Untracked 
| 185|0x000000008b900000, 0x000000008ba00000, 0x000000008ba00000|100%| O|  |TAMS 0x000000008b900000| PB 0x000000008b900000| Untracked 
| 186|0x000000008ba00000, 0x000000008bb00000, 0x000000008bb00000|100%| O|Cm|TAMS 0x000000008ba00000| PB 0x000000008ba00000| Complete 
| 187|0x000000008bb00000, 0x000000008bc00000, 0x000000008bc00000|100%| O|  |TAMS 0x000000008bb00000| PB 0x000000008bb00000| Untracked 
| 188|0x000000008bc00000, 0x000000008bd00000, 0x000000008bd00000|100%| O|  |TAMS 0x000000008bc00000| PB 0x000000008bc00000| Untracked 
| 189|0x000000008bd00000, 0x000000008be00000, 0x000000008be00000|100%| O|  |TAMS 0x000000008bd00000| PB 0x000000008bd00000| Untracked 
| 190|0x000000008be00000, 0x000000008bf00000, 0x000000008bf00000|100%| O|  |TAMS 0x000000008be00000| PB 0x000000008be00000| Untracked 
| 191|0x000000008bf00000, 0x000000008c000000, 0x000000008c000000|100%| O|  |TAMS 0x000000008bf00000| PB 0x000000008bf00000| Untracked 
| 192|0x000000008c000000, 0x000000008c100000, 0x000000008c100000|100%| O|  |TAMS 0x000000008c000000| PB 0x000000008c000000| Untracked 
| 193|0x000000008c100000, 0x000000008c200000, 0x000000008c200000|100%| O|Cm|TAMS 0x000000008c100000| PB 0x000000008c100000| Complete 
| 194|0x000000008c200000, 0x000000008c300000, 0x000000008c300000|100%| O|  |TAMS 0x000000008c200000| PB 0x000000008c200000| Untracked 
| 195|0x000000008c300000, 0x000000008c400000, 0x000000008c400000|100%| O|  |TAMS 0x000000008c300000| PB 0x000000008c300000| Untracked 
| 196|0x000000008c400000, 0x000000008c500000, 0x000000008c500000|100%| O|  |TAMS 0x000000008c400000| PB 0x000000008c400000| Untracked 
| 197|0x000000008c500000, 0x000000008c600000, 0x000000008c600000|100%| O|  |TAMS 0x000000008c500000| PB 0x000000008c500000| Untracked 
| 198|0x000000008c600000, 0x000000008c700000, 0x000000008c700000|100%| O|  |TAMS 0x000000008c600000| PB 0x000000008c600000| Untracked 
| 199|0x000000008c700000, 0x000000008c800000, 0x000000008c800000|100%| O|  |TAMS 0x000000008c700000| PB 0x000000008c700000| Untracked 
| 200|0x000000008c800000, 0x000000008c900000, 0x000000008c900000|100%| O|  |TAMS 0x000000008c800000| PB 0x000000008c800000| Untracked 
| 201|0x000000008c900000, 0x000000008ca00000, 0x000000008ca00000|100%| O|  |TAMS 0x000000008c900000| PB 0x000000008c900000| Untracked 
| 202|0x000000008ca00000, 0x000000008cb00000, 0x000000008cb00000|100%| O|  |TAMS 0x000000008ca00000| PB 0x000000008ca00000| Untracked 
| 203|0x000000008cb00000, 0x000000008cc00000, 0x000000008cc00000|100%| O|  |TAMS 0x000000008cb00000| PB 0x000000008cb00000| Untracked 
| 204|0x000000008cc00000, 0x000000008cd00000, 0x000000008cd00000|100%| O|  |TAMS 0x000000008cc00000| PB 0x000000008cc00000| Untracked 
| 205|0x000000008cd00000, 0x000000008ce00000, 0x000000008ce00000|100%| O|  |TAMS 0x000000008cd00000| PB 0x000000008cd00000| Untracked 
| 206|0x000000008ce00000, 0x000000008cf00000, 0x000000008cf00000|100%| O|  |TAMS 0x000000008ce00000| PB 0x000000008ce00000| Untracked 
| 207|0x000000008cf00000, 0x000000008d000000, 0x000000008d000000|100%| O|  |TAMS 0x000000008cf00000| PB 0x000000008cf00000| Untracked 
| 208|0x000000008d000000, 0x000000008d100000, 0x000000008d100000|100%| O|  |TAMS 0x000000008d000000| PB 0x000000008d000000| Untracked 
| 209|0x000000008d100000, 0x000000008d200000, 0x000000008d200000|100%| O|  |TAMS 0x000000008d100000| PB 0x000000008d100000| Untracked 
| 210|0x000000008d200000, 0x000000008d300000, 0x000000008d300000|100%| O|  |TAMS 0x000000008d200000| PB 0x000000008d200000| Untracked 
| 211|0x000000008d300000, 0x000000008d400000, 0x000000008d400000|100%|HS|  |TAMS 0x000000008d300000| PB 0x000000008d300000| Complete 
| 212|0x000000008d400000, 0x000000008d500000, 0x000000008d500000|100%|HC|  |TAMS 0x000000008d400000| PB 0x000000008d400000| Complete 
| 213|0x000000008d500000, 0x000000008d600000, 0x000000008d600000|100%| O|  |TAMS 0x000000008d500000| PB 0x000000008d500000| Untracked 
| 214|0x000000008d600000, 0x000000008d700000, 0x000000008d700000|100%| O|  |TAMS 0x000000008d600000| PB 0x000000008d600000| Untracked 
| 215|0x000000008d700000, 0x000000008d800000, 0x000000008d800000|100%| O|  |TAMS 0x000000008d700000| PB 0x000000008d700000| Untracked 
| 216|0x000000008d800000, 0x000000008d900000, 0x000000008d900000|100%| O|  |TAMS 0x000000008d800000| PB 0x000000008d800000| Untracked 
| 217|0x000000008d900000, 0x000000008da00000, 0x000000008da00000|100%| O|  |TAMS 0x000000008d900000| PB 0x000000008d900000| Untracked 
| 218|0x000000008da00000, 0x000000008db00000, 0x000000008db00000|100%| O|  |TAMS 0x000000008da00000| PB 0x000000008da00000| Untracked 
| 219|0x000000008db00000, 0x000000008dc00000, 0x000000008dc00000|100%| O|  |TAMS 0x000000008db00000| PB 0x000000008db00000| Untracked 
| 220|0x000000008dc00000, 0x000000008dd00000, 0x000000008dd00000|100%| O|  |TAMS 0x000000008dc00000| PB 0x000000008dc00000| Untracked 
| 221|0x000000008dd00000, 0x000000008de00000, 0x000000008de00000|100%| O|  |TAMS 0x000000008dd00000| PB 0x000000008dd00000| Untracked 
| 222|0x000000008de00000, 0x000000008df00000, 0x000000008df00000|100%| O|  |TAMS 0x000000008de00000| PB 0x000000008de00000| Untracked 
| 223|0x000000008df00000, 0x000000008e000000, 0x000000008e000000|100%| O|  |TAMS 0x000000008df00000| PB 0x000000008df00000| Untracked 
| 224|0x000000008e000000, 0x000000008e100000, 0x000000008e100000|100%| O|  |TAMS 0x000000008e000000| PB 0x000000008e000000| Untracked 
| 225|0x000000008e100000, 0x000000008e200000, 0x000000008e200000|100%| O|  |TAMS 0x000000008e100000| PB 0x000000008e100000| Untracked 
| 226|0x000000008e200000, 0x000000008e300000, 0x000000008e300000|100%| O|  |TAMS 0x000000008e200000| PB 0x000000008e200000| Untracked 
| 227|0x000000008e300000, 0x000000008e400000, 0x000000008e400000|100%| O|  |TAMS 0x000000008e300000| PB 0x000000008e300000| Untracked 
| 228|0x000000008e400000, 0x000000008e500000, 0x000000008e500000|100%| O|  |TAMS 0x000000008e400000| PB 0x000000008e400000| Untracked 
| 229|0x000000008e500000, 0x000000008e600000, 0x000000008e600000|100%| O|  |TAMS 0x000000008e500000| PB 0x000000008e500000| Untracked 
| 230|0x000000008e600000, 0x000000008e700000, 0x000000008e700000|100%| O|  |TAMS 0x000000008e600000| PB 0x000000008e600000| Untracked 
| 231|0x000000008e700000, 0x000000008e800000, 0x000000008e800000|100%|HS|  |TAMS 0x000000008e700000| PB 0x000000008e700000| Complete 
| 232|0x000000008e800000, 0x000000008e900000, 0x000000008e900000|100%|HC|  |TAMS 0x000000008e800000| PB 0x000000008e800000| Complete 
| 233|0x000000008e900000, 0x000000008ea00000, 0x000000008ea00000|100%| O|  |TAMS 0x000000008e900000| PB 0x000000008e900000| Untracked 
| 234|0x000000008ea00000, 0x000000008eb00000, 0x000000008eb00000|100%| O|  |TAMS 0x000000008ea00000| PB 0x000000008ea00000| Untracked 
| 235|0x000000008eb00000, 0x000000008ec00000, 0x000000008ec00000|100%| O|  |TAMS 0x000000008eb00000| PB 0x000000008eb00000| Untracked 
| 236|0x000000008ec00000, 0x000000008ed00000, 0x000000008ed00000|100%| O|  |TAMS 0x000000008ec00000| PB 0x000000008ec00000| Untracked 
| 237|0x000000008ed00000, 0x000000008ee00000, 0x000000008ee00000|100%| O|  |TAMS 0x000000008ed00000| PB 0x000000008ed00000| Untracked 
| 238|0x000000008ee00000, 0x000000008ef00000, 0x000000008ef00000|100%| O|  |TAMS 0x000000008ee00000| PB 0x000000008ee00000| Untracked 
| 239|0x000000008ef00000, 0x000000008f000000, 0x000000008f000000|100%| O|  |TAMS 0x000000008ef00000| PB 0x000000008ef00000| Untracked 
| 240|0x000000008f000000, 0x000000008f100000, 0x000000008f100000|100%| O|  |TAMS 0x000000008f000000| PB 0x000000008f000000| Untracked 
| 241|0x000000008f100000, 0x000000008f200000, 0x000000008f200000|100%| O|  |TAMS 0x000000008f100000| PB 0x000000008f100000| Untracked 
| 242|0x000000008f200000, 0x000000008f300000, 0x000000008f300000|100%| O|  |TAMS 0x000000008f200000| PB 0x000000008f200000| Untracked 
| 243|0x000000008f300000, 0x000000008f400000, 0x000000008f400000|100%| O|  |TAMS 0x000000008f300000| PB 0x000000008f300000| Untracked 
| 244|0x000000008f400000, 0x000000008f500000, 0x000000008f500000|100%| O|  |TAMS 0x000000008f400000| PB 0x000000008f400000| Untracked 
| 245|0x000000008f500000, 0x000000008f600000, 0x000000008f600000|100%| O|  |TAMS 0x000000008f500000| PB 0x000000008f500000| Untracked 
| 246|0x000000008f600000, 0x000000008f700000, 0x000000008f700000|100%| O|  |TAMS 0x000000008f600000| PB 0x000000008f600000| Untracked 
| 247|0x000000008f700000, 0x000000008f800000, 0x000000008f800000|100%| O|  |TAMS 0x000000008f700000| PB 0x000000008f700000| Untracked 
| 248|0x000000008f800000, 0x000000008f900000, 0x000000008f900000|100%| O|  |TAMS 0x000000008f800000| PB 0x000000008f800000| Untracked 
| 249|0x000000008f900000, 0x000000008fa00000, 0x000000008fa00000|100%| O|  |TAMS 0x000000008f900000| PB 0x000000008f900000| Untracked 
| 250|0x000000008fa00000, 0x000000008fb00000, 0x000000008fb00000|100%| O|  |TAMS 0x000000008fa00000| PB 0x000000008fa00000| Untracked 
| 251|0x000000008fb00000, 0x000000008fc00000, 0x000000008fc00000|100%| O|  |TAMS 0x000000008fb00000| PB 0x000000008fb00000| Untracked 
| 252|0x000000008fc00000, 0x000000008fd00000, 0x000000008fd00000|100%| O|  |TAMS 0x000000008fc00000| PB 0x000000008fc00000| Untracked 
| 253|0x000000008fd00000, 0x000000008fe00000, 0x000000008fe00000|100%| O|  |TAMS 0x000000008fd00000| PB 0x000000008fd00000| Untracked 
| 254|0x000000008fe00000, 0x000000008ff00000, 0x000000008ff00000|100%| O|  |TAMS 0x000000008fe00000| PB 0x000000008fe00000| Untracked 
| 255|0x000000008ff00000, 0x0000000090000000, 0x0000000090000000|100%| O|  |TAMS 0x000000008ff00000| PB 0x000000008ff00000| Untracked 
| 256|0x0000000090000000, 0x0000000090100000, 0x0000000090100000|100%| O|  |TAMS 0x0000000090000000| PB 0x0000000090000000| Untracked 
| 257|0x0000000090100000, 0x0000000090200000, 0x0000000090200000|100%| O|  |TAMS 0x0000000090100000| PB 0x0000000090100000| Untracked 
| 258|0x0000000090200000, 0x0000000090300000, 0x0000000090300000|100%| O|  |TAMS 0x0000000090200000| PB 0x0000000090200000| Untracked 
| 259|0x0000000090300000, 0x0000000090400000, 0x0000000090400000|100%| O|  |TAMS 0x0000000090300000| PB 0x0000000090300000| Untracked 
| 260|0x0000000090400000, 0x0000000090500000, 0x0000000090500000|100%| O|  |TAMS 0x0000000090400000| PB 0x0000000090400000| Untracked 
| 261|0x0000000090500000, 0x0000000090600000, 0x0000000090600000|100%| O|  |TAMS 0x0000000090500000| PB 0x0000000090500000| Untracked 
| 262|0x0000000090600000, 0x0000000090700000, 0x0000000090700000|100%| O|  |TAMS 0x0000000090600000| PB 0x0000000090600000| Untracked 
| 263|0x0000000090700000, 0x0000000090700000, 0x0000000090800000|  0%| F|  |TAMS 0x0000000090700000| PB 0x0000000090700000| Untracked 
| 264|0x0000000090800000, 0x0000000090900000, 0x0000000090900000|100%| O|  |TAMS 0x0000000090800000| PB 0x0000000090800000| Untracked 
| 265|0x0000000090900000, 0x0000000090a00000, 0x0000000090a00000|100%| O|  |TAMS 0x0000000090900000| PB 0x0000000090900000| Untracked 
| 266|0x0000000090a00000, 0x0000000090b00000, 0x0000000090b00000|100%| O|  |TAMS 0x0000000090a00000| PB 0x0000000090a00000| Untracked 
| 267|0x0000000090b00000, 0x0000000090c00000, 0x0000000090c00000|100%| O|  |TAMS 0x0000000090b00000| PB 0x0000000090b00000| Untracked 
| 268|0x0000000090c00000, 0x0000000090d00000, 0x0000000090d00000|100%| O|  |TAMS 0x0000000090c00000| PB 0x0000000090c00000| Untracked 
| 269|0x0000000090d00000, 0x0000000090e00000, 0x0000000090e00000|100%| O|  |TAMS 0x0000000090d00000| PB 0x0000000090d00000| Untracked 
| 270|0x0000000090e00000, 0x0000000090f00000, 0x0000000090f00000|100%| O|  |TAMS 0x0000000090e00000| PB 0x0000000090e00000| Untracked 
| 271|0x0000000090f00000, 0x0000000091000000, 0x0000000091000000|100%| O|  |TAMS 0x0000000090f00000| PB 0x0000000090f00000| Untracked 
| 272|0x0000000091000000, 0x0000000091100000, 0x0000000091100000|100%| O|  |TAMS 0x0000000091000000| PB 0x0000000091000000| Untracked 
| 273|0x0000000091100000, 0x0000000091200000, 0x0000000091200000|100%| O|  |TAMS 0x0000000091100000| PB 0x0000000091100000| Untracked 
| 274|0x0000000091200000, 0x0000000091300000, 0x0000000091300000|100%| O|  |TAMS 0x0000000091200000| PB 0x0000000091200000| Untracked 
| 275|0x0000000091300000, 0x0000000091400000, 0x0000000091400000|100%| O|  |TAMS 0x0000000091300000| PB 0x0000000091300000| Untracked 
| 276|0x0000000091400000, 0x0000000091500000, 0x0000000091500000|100%| O|  |TAMS 0x0000000091400000| PB 0x0000000091400000| Untracked 
| 277|0x0000000091500000, 0x0000000091600000, 0x0000000091600000|100%| O|  |TAMS 0x0000000091500000| PB 0x0000000091500000| Untracked 
| 278|0x0000000091600000, 0x0000000091700000, 0x0000000091700000|100%| O|  |TAMS 0x0000000091600000| PB 0x0000000091600000| Untracked 
| 279|0x0000000091700000, 0x0000000091800000, 0x0000000091800000|100%| O|  |TAMS 0x0000000091700000| PB 0x0000000091700000| Untracked 
| 280|0x0000000091800000, 0x0000000091900000, 0x0000000091900000|100%| O|  |TAMS 0x0000000091800000| PB 0x0000000091800000| Untracked 
| 281|0x0000000091900000, 0x0000000091a00000, 0x0000000091a00000|100%| O|  |TAMS 0x0000000091900000| PB 0x0000000091900000| Untracked 
| 282|0x0000000091a00000, 0x0000000091b00000, 0x0000000091b00000|100%| O|  |TAMS 0x0000000091a00000| PB 0x0000000091a00000| Untracked 
| 283|0x0000000091b00000, 0x0000000091c00000, 0x0000000091c00000|100%| O|  |TAMS 0x0000000091b00000| PB 0x0000000091b00000| Untracked 
| 284|0x0000000091c00000, 0x0000000091d00000, 0x0000000091d00000|100%| O|  |TAMS 0x0000000091c00000| PB 0x0000000091c00000| Untracked 
| 285|0x0000000091d00000, 0x0000000091e00000, 0x0000000091e00000|100%| O|  |TAMS 0x0000000091d00000| PB 0x0000000091d00000| Untracked 
| 286|0x0000000091e00000, 0x0000000091f00000, 0x0000000091f00000|100%| O|  |TAMS 0x0000000091e00000| PB 0x0000000091e00000| Untracked 
| 287|0x0000000091f00000, 0x0000000092000000, 0x0000000092000000|100%| O|  |TAMS 0x0000000091f00000| PB 0x0000000091f00000| Untracked 
| 288|0x0000000092000000, 0x0000000092100000, 0x0000000092100000|100%| O|  |TAMS 0x0000000092000000| PB 0x0000000092000000| Untracked 
| 289|0x0000000092100000, 0x0000000092200000, 0x0000000092200000|100%| O|  |TAMS 0x0000000092100000| PB 0x0000000092100000| Untracked 
| 290|0x0000000092200000, 0x0000000092300000, 0x0000000092300000|100%| O|  |TAMS 0x0000000092200000| PB 0x0000000092200000| Untracked 
| 291|0x0000000092300000, 0x0000000092400000, 0x0000000092400000|100%| O|  |TAMS 0x0000000092300000| PB 0x0000000092300000| Untracked 
| 292|0x0000000092400000, 0x0000000092500000, 0x0000000092500000|100%| O|  |TAMS 0x0000000092400000| PB 0x0000000092400000| Untracked 
| 293|0x0000000092500000, 0x0000000092600000, 0x0000000092600000|100%| O|  |TAMS 0x0000000092500000| PB 0x0000000092500000| Untracked 
| 294|0x0000000092600000, 0x0000000092700000, 0x0000000092700000|100%| O|  |TAMS 0x0000000092600000| PB 0x0000000092600000| Untracked 
| 295|0x0000000092700000, 0x0000000092800000, 0x0000000092800000|100%| O|  |TAMS 0x0000000092700000| PB 0x0000000092700000| Untracked 
| 296|0x0000000092800000, 0x0000000092900000, 0x0000000092900000|100%| O|  |TAMS 0x0000000092800000| PB 0x0000000092800000| Untracked 
| 297|0x0000000092900000, 0x0000000092a00000, 0x0000000092a00000|100%| O|  |TAMS 0x0000000092900000| PB 0x0000000092900000| Untracked 
| 298|0x0000000092a00000, 0x0000000092b00000, 0x0000000092b00000|100%| O|  |TAMS 0x0000000092a00000| PB 0x0000000092a00000| Untracked 
| 299|0x0000000092b00000, 0x0000000092c00000, 0x0000000092c00000|100%| O|  |TAMS 0x0000000092b00000| PB 0x0000000092b00000| Untracked 
| 300|0x0000000092c00000, 0x0000000092d00000, 0x0000000092d00000|100%| O|  |TAMS 0x0000000092c00000| PB 0x0000000092c00000| Untracked 
| 301|0x0000000092d00000, 0x0000000092e00000, 0x0000000092e00000|100%| O|  |TAMS 0x0000000092d00000| PB 0x0000000092d00000| Untracked 
| 302|0x0000000092e00000, 0x0000000092f00000, 0x0000000092f00000|100%| O|  |TAMS 0x0000000092e00000| PB 0x0000000092e00000| Untracked 
| 303|0x0000000092f00000, 0x0000000093000000, 0x0000000093000000|100%| O|  |TAMS 0x0000000092f00000| PB 0x0000000092f00000| Untracked 
| 304|0x0000000093000000, 0x0000000093100000, 0x0000000093100000|100%| O|  |TAMS 0x0000000093000000| PB 0x0000000093000000| Untracked 
| 305|0x0000000093100000, 0x0000000093200000, 0x0000000093200000|100%| O|  |TAMS 0x0000000093100000| PB 0x0000000093100000| Untracked 
| 306|0x0000000093200000, 0x0000000093300000, 0x0000000093300000|100%| O|  |TAMS 0x0000000093200000| PB 0x0000000093200000| Untracked 
| 307|0x0000000093300000, 0x0000000093400000, 0x0000000093400000|100%| O|  |TAMS 0x0000000093300000| PB 0x0000000093300000| Untracked 
| 308|0x0000000093400000, 0x0000000093500000, 0x0000000093500000|100%| O|  |TAMS 0x0000000093400000| PB 0x0000000093400000| Untracked 
| 309|0x0000000093500000, 0x0000000093600000, 0x0000000093600000|100%| O|  |TAMS 0x0000000093500000| PB 0x0000000093500000| Untracked 
| 310|0x0000000093600000, 0x0000000093700000, 0x0000000093700000|100%| O|  |TAMS 0x0000000093600000| PB 0x0000000093600000| Untracked 
| 311|0x0000000093700000, 0x0000000093800000, 0x0000000093800000|100%| O|  |TAMS 0x0000000093700000| PB 0x0000000093700000| Untracked 
| 312|0x0000000093800000, 0x0000000093900000, 0x0000000093900000|100%| O|  |TAMS 0x0000000093800000| PB 0x0000000093800000| Untracked 
| 313|0x0000000093900000, 0x0000000093a00000, 0x0000000093a00000|100%| O|  |TAMS 0x0000000093900000| PB 0x0000000093900000| Untracked 
| 314|0x0000000093a00000, 0x0000000093b00000, 0x0000000093b00000|100%| O|  |TAMS 0x0000000093a00000| PB 0x0000000093a00000| Untracked 
| 315|0x0000000093b00000, 0x0000000093c00000, 0x0000000093c00000|100%| O|  |TAMS 0x0000000093b00000| PB 0x0000000093b00000| Untracked 
| 316|0x0000000093c00000, 0x0000000093d00000, 0x0000000093d00000|100%| O|  |TAMS 0x0000000093c00000| PB 0x0000000093c00000| Untracked 
| 317|0x0000000093d00000, 0x0000000093e00000, 0x0000000093e00000|100%| O|  |TAMS 0x0000000093d00000| PB 0x0000000093d00000| Untracked 
| 318|0x0000000093e00000, 0x0000000093f00000, 0x0000000093f00000|100%| O|  |TAMS 0x0000000093e00000| PB 0x0000000093e00000| Untracked 
| 319|0x0000000093f00000, 0x0000000094000000, 0x0000000094000000|100%| O|  |TAMS 0x0000000093f00000| PB 0x0000000093f00000| Untracked 
| 320|0x0000000094000000, 0x0000000094100000, 0x0000000094100000|100%| O|  |TAMS 0x0000000094000000| PB 0x0000000094000000| Untracked 
| 321|0x0000000094100000, 0x0000000094200000, 0x0000000094200000|100%| O|  |TAMS 0x0000000094100000| PB 0x0000000094100000| Untracked 
| 322|0x0000000094200000, 0x0000000094300000, 0x0000000094300000|100%| O|  |TAMS 0x0000000094200000| PB 0x0000000094200000| Untracked 
| 323|0x0000000094300000, 0x0000000094400000, 0x0000000094400000|100%| O|  |TAMS 0x0000000094300000| PB 0x0000000094300000| Untracked 
| 324|0x0000000094400000, 0x0000000094500000, 0x0000000094500000|100%| O|  |TAMS 0x0000000094400000| PB 0x0000000094400000| Untracked 
| 325|0x0000000094500000, 0x0000000094600000, 0x0000000094600000|100%| O|  |TAMS 0x0000000094500000| PB 0x0000000094500000| Untracked 
| 326|0x0000000094600000, 0x0000000094680000, 0x0000000094700000| 50%| O|  |TAMS 0x0000000094600000| PB 0x0000000094600000| Untracked 
| 327|0x0000000094700000, 0x0000000094700000, 0x0000000094800000|  0%| F|  |TAMS 0x0000000094700000| PB 0x0000000094700000| Untracked 
| 328|0x0000000094800000, 0x0000000094800000, 0x0000000094900000|  0%| F|  |TAMS 0x0000000094800000| PB 0x0000000094800000| Untracked 
| 329|0x0000000094900000, 0x0000000094900000, 0x0000000094a00000|  0%| F|  |TAMS 0x0000000094900000| PB 0x0000000094900000| Untracked 
| 330|0x0000000094a00000, 0x0000000094a00000, 0x0000000094b00000|  0%| F|  |TAMS 0x0000000094a00000| PB 0x0000000094a00000| Untracked 
| 331|0x0000000094b00000, 0x0000000094b00000, 0x0000000094c00000|  0%| F|  |TAMS 0x0000000094b00000| PB 0x0000000094b00000| Untracked 
| 332|0x0000000094c00000, 0x0000000094c00000, 0x0000000094d00000|  0%| F|  |TAMS 0x0000000094c00000| PB 0x0000000094c00000| Untracked 
| 333|0x0000000094d00000, 0x0000000094d00000, 0x0000000094e00000|  0%| F|  |TAMS 0x0000000094d00000| PB 0x0000000094d00000| Untracked 
| 334|0x0000000094e00000, 0x0000000094e00000, 0x0000000094f00000|  0%| F|  |TAMS 0x0000000094e00000| PB 0x0000000094e00000| Untracked 
| 335|0x0000000094f00000, 0x0000000094f00000, 0x0000000095000000|  0%| F|  |TAMS 0x0000000094f00000| PB 0x0000000094f00000| Untracked 
| 336|0x0000000095000000, 0x0000000095000000, 0x0000000095100000|  0%| F|  |TAMS 0x0000000095000000| PB 0x0000000095000000| Untracked 
| 337|0x0000000095100000, 0x0000000095100000, 0x0000000095200000|  0%| F|  |TAMS 0x0000000095100000| PB 0x0000000095100000| Untracked 
| 338|0x0000000095200000, 0x0000000095200000, 0x0000000095300000|  0%| F|  |TAMS 0x0000000095200000| PB 0x0000000095200000| Untracked 
| 339|0x0000000095300000, 0x0000000095300000, 0x0000000095400000|  0%| F|  |TAMS 0x0000000095300000| PB 0x0000000095300000| Untracked 
| 340|0x0000000095400000, 0x0000000095400000, 0x0000000095500000|  0%| F|  |TAMS 0x0000000095400000| PB 0x0000000095400000| Untracked 
| 341|0x0000000095500000, 0x0000000095500000, 0x0000000095600000|  0%| F|  |TAMS 0x0000000095500000| PB 0x0000000095500000| Untracked 
| 342|0x0000000095600000, 0x0000000095600000, 0x0000000095700000|  0%| F|  |TAMS 0x0000000095600000| PB 0x0000000095600000| Untracked 
| 343|0x0000000095700000, 0x0000000095700000, 0x0000000095800000|  0%| F|  |TAMS 0x0000000095700000| PB 0x0000000095700000| Untracked 
| 344|0x0000000095800000, 0x0000000095800000, 0x0000000095900000|  0%| F|  |TAMS 0x0000000095800000| PB 0x0000000095800000| Untracked 
| 345|0x0000000095900000, 0x0000000095900000, 0x0000000095a00000|  0%| F|  |TAMS 0x0000000095900000| PB 0x0000000095900000| Untracked 
| 346|0x0000000095a00000, 0x0000000095a00000, 0x0000000095b00000|  0%| F|  |TAMS 0x0000000095a00000| PB 0x0000000095a00000| Untracked 
| 347|0x0000000095b00000, 0x0000000095b00000, 0x0000000095c00000|  0%| F|  |TAMS 0x0000000095b00000| PB 0x0000000095b00000| Untracked 
| 348|0x0000000095c00000, 0x0000000095c00000, 0x0000000095d00000|  0%| F|  |TAMS 0x0000000095c00000| PB 0x0000000095c00000| Untracked 
| 349|0x0000000095d00000, 0x0000000095d00000, 0x0000000095e00000|  0%| F|  |TAMS 0x0000000095d00000| PB 0x0000000095d00000| Untracked 
| 350|0x0000000095e00000, 0x0000000095e00000, 0x0000000095f00000|  0%| F|  |TAMS 0x0000000095e00000| PB 0x0000000095e00000| Untracked 
| 351|0x0000000095f00000, 0x0000000095f00000, 0x0000000096000000|  0%| F|  |TAMS 0x0000000095f00000| PB 0x0000000095f00000| Untracked 
| 352|0x0000000096000000, 0x0000000096000000, 0x0000000096100000|  0%| F|  |TAMS 0x0000000096000000| PB 0x0000000096000000| Untracked 
| 353|0x0000000096100000, 0x0000000096100000, 0x0000000096200000|  0%| F|  |TAMS 0x0000000096100000| PB 0x0000000096100000| Untracked 
| 354|0x0000000096200000, 0x0000000096200000, 0x0000000096300000|  0%| F|  |TAMS 0x0000000096200000| PB 0x0000000096200000| Untracked 
| 355|0x0000000096300000, 0x0000000096300000, 0x0000000096400000|  0%| F|  |TAMS 0x0000000096300000| PB 0x0000000096300000| Untracked 
| 356|0x0000000096400000, 0x0000000096400000, 0x0000000096500000|  0%| F|  |TAMS 0x0000000096400000| PB 0x0000000096400000| Untracked 
| 357|0x0000000096500000, 0x0000000096500000, 0x0000000096600000|  0%| F|  |TAMS 0x0000000096500000| PB 0x0000000096500000| Untracked 
| 358|0x0000000096600000, 0x0000000096600000, 0x0000000096700000|  0%| F|  |TAMS 0x0000000096600000| PB 0x0000000096600000| Untracked 
| 359|0x0000000096700000, 0x0000000096700000, 0x0000000096800000|  0%| F|  |TAMS 0x0000000096700000| PB 0x0000000096700000| Untracked 
| 360|0x0000000096800000, 0x0000000096800000, 0x0000000096900000|  0%| F|  |TAMS 0x0000000096800000| PB 0x0000000096800000| Untracked 
| 361|0x0000000096900000, 0x0000000096900000, 0x0000000096a00000|  0%| F|  |TAMS 0x0000000096900000| PB 0x0000000096900000| Untracked 
| 362|0x0000000096a00000, 0x0000000096a00000, 0x0000000096b00000|  0%| F|  |TAMS 0x0000000096a00000| PB 0x0000000096a00000| Untracked 
| 363|0x0000000096b00000, 0x0000000096b00000, 0x0000000096c00000|  0%| F|  |TAMS 0x0000000096b00000| PB 0x0000000096b00000| Untracked 
| 364|0x0000000096c00000, 0x0000000096c00000, 0x0000000096d00000|  0%| F|  |TAMS 0x0000000096c00000| PB 0x0000000096c00000| Untracked 
| 365|0x0000000096d00000, 0x0000000096d00000, 0x0000000096e00000|  0%| F|  |TAMS 0x0000000096d00000| PB 0x0000000096d00000| Untracked 
| 366|0x0000000096e00000, 0x0000000096e00000, 0x0000000096f00000|  0%| F|  |TAMS 0x0000000096e00000| PB 0x0000000096e00000| Untracked 
| 367|0x0000000096f00000, 0x0000000097000000, 0x0000000097000000|100%| O|  |TAMS 0x0000000096f00000| PB 0x0000000096f00000| Untracked 
| 368|0x0000000097000000, 0x0000000097000000, 0x0000000097100000|  0%| F|  |TAMS 0x0000000097000000| PB 0x0000000097000000| Untracked 
| 369|0x0000000097100000, 0x0000000097100000, 0x0000000097200000|  0%| F|  |TAMS 0x0000000097100000| PB 0x0000000097100000| Untracked 
| 370|0x0000000097200000, 0x0000000097200000, 0x0000000097300000|  0%| F|  |TAMS 0x0000000097200000| PB 0x0000000097200000| Untracked 
| 371|0x0000000097300000, 0x0000000097300000, 0x0000000097400000|  0%| F|  |TAMS 0x0000000097300000| PB 0x0000000097300000| Untracked 
| 372|0x0000000097400000, 0x0000000097400000, 0x0000000097500000|  0%| F|  |TAMS 0x0000000097400000| PB 0x0000000097400000| Untracked 
| 373|0x0000000097500000, 0x0000000097500000, 0x0000000097600000|  0%| F|  |TAMS 0x0000000097500000| PB 0x0000000097500000| Untracked 
| 374|0x0000000097600000, 0x0000000097600000, 0x0000000097700000|  0%| F|  |TAMS 0x0000000097600000| PB 0x0000000097600000| Untracked 
| 375|0x0000000097700000, 0x0000000097700000, 0x0000000097800000|  0%| F|  |TAMS 0x0000000097700000| PB 0x0000000097700000| Untracked 
| 376|0x0000000097800000, 0x0000000097800000, 0x0000000097900000|  0%| F|  |TAMS 0x0000000097800000| PB 0x0000000097800000| Untracked 
| 377|0x0000000097900000, 0x0000000097900000, 0x0000000097a00000|  0%| F|  |TAMS 0x0000000097900000| PB 0x0000000097900000| Untracked 
| 378|0x0000000097a00000, 0x0000000097a00000, 0x0000000097b00000|  0%| F|  |TAMS 0x0000000097a00000| PB 0x0000000097a00000| Untracked 
| 379|0x0000000097b00000, 0x0000000097b00000, 0x0000000097c00000|  0%| F|  |TAMS 0x0000000097b00000| PB 0x0000000097b00000| Untracked 
| 380|0x0000000097c00000, 0x0000000097c00000, 0x0000000097d00000|  0%| F|  |TAMS 0x0000000097c00000| PB 0x0000000097c00000| Untracked 
| 381|0x0000000097d00000, 0x0000000097d00000, 0x0000000097e00000|  0%| F|  |TAMS 0x0000000097d00000| PB 0x0000000097d00000| Untracked 
| 382|0x0000000097e00000, 0x0000000097e00000, 0x0000000097f00000|  0%| F|  |TAMS 0x0000000097e00000| PB 0x0000000097e00000| Untracked 
| 383|0x0000000097f00000, 0x0000000097f00000, 0x0000000098000000|  0%| F|  |TAMS 0x0000000097f00000| PB 0x0000000097f00000| Untracked 
| 384|0x0000000098000000, 0x0000000098000000, 0x0000000098100000|  0%| F|  |TAMS 0x0000000098000000| PB 0x0000000098000000| Untracked 
| 385|0x0000000098100000, 0x0000000098100000, 0x0000000098200000|  0%| F|  |TAMS 0x0000000098100000| PB 0x0000000098100000| Untracked 
| 386|0x0000000098200000, 0x0000000098200000, 0x0000000098300000|  0%| F|  |TAMS 0x0000000098200000| PB 0x0000000098200000| Untracked 
| 387|0x0000000098300000, 0x0000000098300000, 0x0000000098400000|  0%| F|  |TAMS 0x0000000098300000| PB 0x0000000098300000| Untracked 
| 388|0x0000000098400000, 0x0000000098400000, 0x0000000098500000|  0%| F|  |TAMS 0x0000000098400000| PB 0x0000000098400000| Untracked 
| 389|0x0000000098500000, 0x0000000098500000, 0x0000000098600000|  0%| F|  |TAMS 0x0000000098500000| PB 0x0000000098500000| Untracked 
| 390|0x0000000098600000, 0x0000000098600000, 0x0000000098700000|  0%| F|  |TAMS 0x0000000098600000| PB 0x0000000098600000| Untracked 
| 391|0x0000000098700000, 0x0000000098700000, 0x0000000098800000|  0%| F|  |TAMS 0x0000000098700000| PB 0x0000000098700000| Untracked 
| 392|0x0000000098800000, 0x0000000098800000, 0x0000000098900000|  0%| F|  |TAMS 0x0000000098800000| PB 0x0000000098800000| Untracked 
| 393|0x0000000098900000, 0x0000000098900000, 0x0000000098a00000|  0%| F|  |TAMS 0x0000000098900000| PB 0x0000000098900000| Untracked 
| 394|0x0000000098a00000, 0x0000000098a00000, 0x0000000098b00000|  0%| F|  |TAMS 0x0000000098a00000| PB 0x0000000098a00000| Untracked 
| 395|0x0000000098b00000, 0x0000000098b00000, 0x0000000098c00000|  0%| F|  |TAMS 0x0000000098b00000| PB 0x0000000098b00000| Untracked 
| 396|0x0000000098c00000, 0x0000000098c00000, 0x0000000098d00000|  0%| F|  |TAMS 0x0000000098c00000| PB 0x0000000098c00000| Untracked 
| 397|0x0000000098d00000, 0x0000000098d00000, 0x0000000098e00000|  0%| F|  |TAMS 0x0000000098d00000| PB 0x0000000098d00000| Untracked 
| 398|0x0000000098e00000, 0x0000000098e00000, 0x0000000098f00000|  0%| F|  |TAMS 0x0000000098e00000| PB 0x0000000098e00000| Untracked 
| 399|0x0000000098f00000, 0x0000000098f00000, 0x0000000099000000|  0%| F|  |TAMS 0x0000000098f00000| PB 0x0000000098f00000| Untracked 
| 400|0x0000000099000000, 0x0000000099000000, 0x0000000099100000|  0%| F|  |TAMS 0x0000000099000000| PB 0x0000000099000000| Untracked 
| 401|0x0000000099100000, 0x0000000099100000, 0x0000000099200000|  0%| F|  |TAMS 0x0000000099100000| PB 0x0000000099100000| Untracked 
| 402|0x0000000099200000, 0x0000000099200000, 0x0000000099300000|  0%| F|  |TAMS 0x0000000099200000| PB 0x0000000099200000| Untracked 
| 403|0x0000000099300000, 0x0000000099300000, 0x0000000099400000|  0%| F|  |TAMS 0x0000000099300000| PB 0x0000000099300000| Untracked 
| 404|0x0000000099400000, 0x0000000099400000, 0x0000000099500000|  0%| F|  |TAMS 0x0000000099400000| PB 0x0000000099400000| Untracked 
| 405|0x0000000099500000, 0x0000000099500000, 0x0000000099600000|  0%| F|  |TAMS 0x0000000099500000| PB 0x0000000099500000| Untracked 
| 406|0x0000000099600000, 0x0000000099600000, 0x0000000099700000|  0%| F|  |TAMS 0x0000000099600000| PB 0x0000000099600000| Untracked 
| 407|0x0000000099700000, 0x0000000099700000, 0x0000000099800000|  0%| F|  |TAMS 0x0000000099700000| PB 0x0000000099700000| Untracked 
| 408|0x0000000099800000, 0x0000000099800000, 0x0000000099900000|  0%| F|  |TAMS 0x0000000099800000| PB 0x0000000099800000| Untracked 
| 409|0x0000000099900000, 0x0000000099900000, 0x0000000099a00000|  0%| F|  |TAMS 0x0000000099900000| PB 0x0000000099900000| Untracked 
| 410|0x0000000099a00000, 0x0000000099a00000, 0x0000000099b00000|  0%| F|  |TAMS 0x0000000099a00000| PB 0x0000000099a00000| Untracked 
| 411|0x0000000099b00000, 0x0000000099b00000, 0x0000000099c00000|  0%| F|  |TAMS 0x0000000099b00000| PB 0x0000000099b00000| Untracked 
| 412|0x0000000099c00000, 0x0000000099c00000, 0x0000000099d00000|  0%| F|  |TAMS 0x0000000099c00000| PB 0x0000000099c00000| Untracked 
| 413|0x0000000099d00000, 0x0000000099d00000, 0x0000000099e00000|  0%| F|  |TAMS 0x0000000099d00000| PB 0x0000000099d00000| Untracked 
| 414|0x0000000099e00000, 0x0000000099e00000, 0x0000000099f00000|  0%| F|  |TAMS 0x0000000099e00000| PB 0x0000000099e00000| Untracked 
| 415|0x0000000099f00000, 0x0000000099f00000, 0x000000009a000000|  0%| F|  |TAMS 0x0000000099f00000| PB 0x0000000099f00000| Untracked 
| 416|0x000000009a000000, 0x000000009a000000, 0x000000009a100000|  0%| F|  |TAMS 0x000000009a000000| PB 0x000000009a000000| Untracked 
| 417|0x000000009a100000, 0x000000009a100000, 0x000000009a200000|  0%| F|  |TAMS 0x000000009a100000| PB 0x000000009a100000| Untracked 
| 418|0x000000009a200000, 0x000000009a200000, 0x000000009a300000|  0%| F|  |TAMS 0x000000009a200000| PB 0x000000009a200000| Untracked 
| 419|0x000000009a300000, 0x000000009a300000, 0x000000009a400000|  0%| F|  |TAMS 0x000000009a300000| PB 0x000000009a300000| Untracked 
| 420|0x000000009a400000, 0x000000009a400000, 0x000000009a500000|  0%| F|  |TAMS 0x000000009a400000| PB 0x000000009a400000| Untracked 
| 421|0x000000009a500000, 0x000000009a500000, 0x000000009a600000|  0%| F|  |TAMS 0x000000009a500000| PB 0x000000009a500000| Untracked 
| 422|0x000000009a600000, 0x000000009a600000, 0x000000009a700000|  0%| F|  |TAMS 0x000000009a600000| PB 0x000000009a600000| Untracked 
| 423|0x000000009a700000, 0x000000009a700000, 0x000000009a800000|  0%| F|  |TAMS 0x000000009a700000| PB 0x000000009a700000| Untracked 
| 424|0x000000009a800000, 0x000000009a800000, 0x000000009a900000|  0%| F|  |TAMS 0x000000009a800000| PB 0x000000009a800000| Untracked 
| 425|0x000000009a900000, 0x000000009a900000, 0x000000009aa00000|  0%| F|  |TAMS 0x000000009a900000| PB 0x000000009a900000| Untracked 
| 426|0x000000009aa00000, 0x000000009aa00000, 0x000000009ab00000|  0%| F|  |TAMS 0x000000009aa00000| PB 0x000000009aa00000| Untracked 
| 427|0x000000009ab00000, 0x000000009ab00000, 0x000000009ac00000|  0%| F|  |TAMS 0x000000009ab00000| PB 0x000000009ab00000| Untracked 
| 428|0x000000009ac00000, 0x000000009ac00000, 0x000000009ad00000|  0%| F|  |TAMS 0x000000009ac00000| PB 0x000000009ac00000| Untracked 
| 429|0x000000009ad00000, 0x000000009ad00000, 0x000000009ae00000|  0%| F|  |TAMS 0x000000009ad00000| PB 0x000000009ad00000| Untracked 
| 430|0x000000009ae00000, 0x000000009ae00000, 0x000000009af00000|  0%| F|  |TAMS 0x000000009ae00000| PB 0x000000009ae00000| Untracked 
| 431|0x000000009af00000, 0x000000009af00000, 0x000000009b000000|  0%| F|  |TAMS 0x000000009af00000| PB 0x000000009af00000| Untracked 
| 432|0x000000009b000000, 0x000000009b000000, 0x000000009b100000|  0%| F|  |TAMS 0x000000009b000000| PB 0x000000009b000000| Untracked 
| 433|0x000000009b100000, 0x000000009b100000, 0x000000009b200000|  0%| F|  |TAMS 0x000000009b100000| PB 0x000000009b100000| Untracked 
| 434|0x000000009b200000, 0x000000009b200000, 0x000000009b300000|  0%| F|  |TAMS 0x000000009b200000| PB 0x000000009b200000| Untracked 
| 435|0x000000009b300000, 0x000000009b300000, 0x000000009b400000|  0%| F|  |TAMS 0x000000009b300000| PB 0x000000009b300000| Untracked 
| 436|0x000000009b400000, 0x000000009b400000, 0x000000009b500000|  0%| F|  |TAMS 0x000000009b400000| PB 0x000000009b400000| Untracked 
| 437|0x000000009b500000, 0x000000009b500000, 0x000000009b600000|  0%| F|  |TAMS 0x000000009b500000| PB 0x000000009b500000| Untracked 
| 438|0x000000009b600000, 0x000000009b600000, 0x000000009b700000|  0%| F|  |TAMS 0x000000009b600000| PB 0x000000009b600000| Untracked 
| 439|0x000000009b700000, 0x000000009b700000, 0x000000009b800000|  0%| F|  |TAMS 0x000000009b700000| PB 0x000000009b700000| Untracked 
| 440|0x000000009b800000, 0x000000009b800000, 0x000000009b900000|  0%| F|  |TAMS 0x000000009b800000| PB 0x000000009b800000| Untracked 
| 441|0x000000009b900000, 0x000000009b900000, 0x000000009ba00000|  0%| F|  |TAMS 0x000000009b900000| PB 0x000000009b900000| Untracked 
| 442|0x000000009ba00000, 0x000000009ba00000, 0x000000009bb00000|  0%| F|  |TAMS 0x000000009ba00000| PB 0x000000009ba00000| Untracked 
| 443|0x000000009bb00000, 0x000000009bb00000, 0x000000009bc00000|  0%| F|  |TAMS 0x000000009bb00000| PB 0x000000009bb00000| Untracked 
| 444|0x000000009bc00000, 0x000000009bc00000, 0x000000009bd00000|  0%| F|  |TAMS 0x000000009bc00000| PB 0x000000009bc00000| Untracked 
| 445|0x000000009bd00000, 0x000000009bd00000, 0x000000009be00000|  0%| F|  |TAMS 0x000000009bd00000| PB 0x000000009bd00000| Untracked 
| 446|0x000000009be00000, 0x000000009be00000, 0x000000009bf00000|  0%| F|  |TAMS 0x000000009be00000| PB 0x000000009be00000| Untracked 
| 447|0x000000009bf00000, 0x000000009bf00000, 0x000000009c000000|  0%| F|  |TAMS 0x000000009bf00000| PB 0x000000009bf00000| Untracked 
| 448|0x000000009c000000, 0x000000009c000000, 0x000000009c100000|  0%| F|  |TAMS 0x000000009c000000| PB 0x000000009c000000| Untracked 
| 449|0x000000009c100000, 0x000000009c100000, 0x000000009c200000|  0%| F|  |TAMS 0x000000009c100000| PB 0x000000009c100000| Untracked 
| 450|0x000000009c200000, 0x000000009c200000, 0x000000009c300000|  0%| F|  |TAMS 0x000000009c200000| PB 0x000000009c200000| Untracked 
| 451|0x000000009c300000, 0x000000009c300000, 0x000000009c400000|  0%| F|  |TAMS 0x000000009c300000| PB 0x000000009c300000| Untracked 
| 452|0x000000009c400000, 0x000000009c400000, 0x000000009c500000|  0%| F|  |TAMS 0x000000009c400000| PB 0x000000009c400000| Untracked 
| 453|0x000000009c500000, 0x000000009c500000, 0x000000009c600000|  0%| F|  |TAMS 0x000000009c500000| PB 0x000000009c500000| Untracked 
| 454|0x000000009c600000, 0x000000009c600000, 0x000000009c700000|  0%| F|  |TAMS 0x000000009c600000| PB 0x000000009c600000| Untracked 
| 455|0x000000009c700000, 0x000000009c700000, 0x000000009c800000|  0%| F|  |TAMS 0x000000009c700000| PB 0x000000009c700000| Untracked 
| 456|0x000000009c800000, 0x000000009c800000, 0x000000009c900000|  0%| F|  |TAMS 0x000000009c800000| PB 0x000000009c800000| Untracked 
| 457|0x000000009c900000, 0x000000009c900000, 0x000000009ca00000|  0%| F|  |TAMS 0x000000009c900000| PB 0x000000009c900000| Untracked 
| 458|0x000000009ca00000, 0x000000009ca00000, 0x000000009cb00000|  0%| F|  |TAMS 0x000000009ca00000| PB 0x000000009ca00000| Untracked 
| 459|0x000000009cb00000, 0x000000009cb00000, 0x000000009cc00000|  0%| F|  |TAMS 0x000000009cb00000| PB 0x000000009cb00000| Untracked 
| 460|0x000000009cc00000, 0x000000009cc00000, 0x000000009cd00000|  0%| F|  |TAMS 0x000000009cc00000| PB 0x000000009cc00000| Untracked 
| 461|0x000000009cd00000, 0x000000009cd00000, 0x000000009ce00000|  0%| F|  |TAMS 0x000000009cd00000| PB 0x000000009cd00000| Untracked 
| 462|0x000000009ce00000, 0x000000009ce00000, 0x000000009cf00000|  0%| F|  |TAMS 0x000000009ce00000| PB 0x000000009ce00000| Untracked 
| 463|0x000000009cf00000, 0x000000009cf00000, 0x000000009d000000|  0%| F|  |TAMS 0x000000009cf00000| PB 0x000000009cf00000| Untracked 
| 464|0x000000009d000000, 0x000000009d000000, 0x000000009d100000|  0%| F|  |TAMS 0x000000009d000000| PB 0x000000009d000000| Untracked 
| 465|0x000000009d100000, 0x000000009d100000, 0x000000009d200000|  0%| F|  |TAMS 0x000000009d100000| PB 0x000000009d100000| Untracked 
| 466|0x000000009d200000, 0x000000009d200000, 0x000000009d300000|  0%| F|  |TAMS 0x000000009d200000| PB 0x000000009d200000| Untracked 
| 467|0x000000009d300000, 0x000000009d300000, 0x000000009d400000|  0%| F|  |TAMS 0x000000009d300000| PB 0x000000009d300000| Untracked 
| 468|0x000000009d400000, 0x000000009d400000, 0x000000009d500000|  0%| F|  |TAMS 0x000000009d400000| PB 0x000000009d400000| Untracked 
| 469|0x000000009d500000, 0x000000009d500000, 0x000000009d600000|  0%| F|  |TAMS 0x000000009d500000| PB 0x000000009d500000| Untracked 
| 470|0x000000009d600000, 0x000000009d600000, 0x000000009d700000|  0%| F|  |TAMS 0x000000009d600000| PB 0x000000009d600000| Untracked 
| 471|0x000000009d700000, 0x000000009d700000, 0x000000009d800000|  0%| F|  |TAMS 0x000000009d700000| PB 0x000000009d700000| Untracked 
| 472|0x000000009d800000, 0x000000009d800000, 0x000000009d900000|  0%| F|  |TAMS 0x000000009d800000| PB 0x000000009d800000| Untracked 
| 473|0x000000009d900000, 0x000000009d900000, 0x000000009da00000|  0%| F|  |TAMS 0x000000009d900000| PB 0x000000009d900000| Untracked 
| 474|0x000000009da00000, 0x000000009da00000, 0x000000009db00000|  0%| F|  |TAMS 0x000000009da00000| PB 0x000000009da00000| Untracked 
| 475|0x000000009db00000, 0x000000009db00000, 0x000000009dc00000|  0%| F|  |TAMS 0x000000009db00000| PB 0x000000009db00000| Untracked 
| 476|0x000000009dc00000, 0x000000009dc00000, 0x000000009dd00000|  0%| F|  |TAMS 0x000000009dc00000| PB 0x000000009dc00000| Untracked 
| 477|0x000000009dd00000, 0x000000009dd00000, 0x000000009de00000|  0%| F|  |TAMS 0x000000009dd00000| PB 0x000000009dd00000| Untracked 
| 478|0x000000009de00000, 0x000000009de00000, 0x000000009df00000|  0%| F|  |TAMS 0x000000009de00000| PB 0x000000009de00000| Untracked 
| 479|0x000000009df00000, 0x000000009df00000, 0x000000009e000000|  0%| F|  |TAMS 0x000000009df00000| PB 0x000000009df00000| Untracked 
| 480|0x000000009e000000, 0x000000009e000000, 0x000000009e100000|  0%| F|  |TAMS 0x000000009e000000| PB 0x000000009e000000| Untracked 
| 481|0x000000009e100000, 0x000000009e100000, 0x000000009e200000|  0%| F|  |TAMS 0x000000009e100000| PB 0x000000009e100000| Untracked 
| 482|0x000000009e200000, 0x000000009e200000, 0x000000009e300000|  0%| F|  |TAMS 0x000000009e200000| PB 0x000000009e200000| Untracked 
| 483|0x000000009e300000, 0x000000009e300000, 0x000000009e400000|  0%| F|  |TAMS 0x000000009e300000| PB 0x000000009e300000| Untracked 
| 484|0x000000009e400000, 0x000000009e400000, 0x000000009e500000|  0%| F|  |TAMS 0x000000009e400000| PB 0x000000009e400000| Untracked 
| 485|0x000000009e500000, 0x000000009e500000, 0x000000009e600000|  0%| F|  |TAMS 0x000000009e500000| PB 0x000000009e500000| Untracked 
| 486|0x000000009e600000, 0x000000009e600000, 0x000000009e700000|  0%| F|  |TAMS 0x000000009e600000| PB 0x000000009e600000| Untracked 
| 487|0x000000009e700000, 0x000000009e700000, 0x000000009e800000|  0%| F|  |TAMS 0x000000009e700000| PB 0x000000009e700000| Untracked 
| 488|0x000000009e800000, 0x000000009e800000, 0x000000009e900000|  0%| F|  |TAMS 0x000000009e800000| PB 0x000000009e800000| Untracked 
| 489|0x000000009e900000, 0x000000009e900000, 0x000000009ea00000|  0%| F|  |TAMS 0x000000009e900000| PB 0x000000009e900000| Untracked 
| 490|0x000000009ea00000, 0x000000009ea00000, 0x000000009eb00000|  0%| F|  |TAMS 0x000000009ea00000| PB 0x000000009ea00000| Untracked 
| 491|0x000000009eb00000, 0x000000009eb00000, 0x000000009ec00000|  0%| F|  |TAMS 0x000000009eb00000| PB 0x000000009eb00000| Untracked 
| 492|0x000000009ec00000, 0x000000009ec00000, 0x000000009ed00000|  0%| F|  |TAMS 0x000000009ec00000| PB 0x000000009ec00000| Untracked 
| 493|0x000000009ed00000, 0x000000009ed00000, 0x000000009ee00000|  0%| F|  |TAMS 0x000000009ed00000| PB 0x000000009ed00000| Untracked 
| 494|0x000000009ee00000, 0x000000009ee00000, 0x000000009ef00000|  0%| F|  |TAMS 0x000000009ee00000| PB 0x000000009ee00000| Untracked 
| 495|0x000000009ef00000, 0x000000009ef00000, 0x000000009f000000|  0%| F|  |TAMS 0x000000009ef00000| PB 0x000000009ef00000| Untracked 
| 496|0x000000009f000000, 0x000000009f000000, 0x000000009f100000|  0%| F|  |TAMS 0x000000009f000000| PB 0x000000009f000000| Untracked 
| 497|0x000000009f100000, 0x000000009f100000, 0x000000009f200000|  0%| F|  |TAMS 0x000000009f100000| PB 0x000000009f100000| Untracked 
| 498|0x000000009f200000, 0x000000009f200000, 0x000000009f300000|  0%| F|  |TAMS 0x000000009f200000| PB 0x000000009f200000| Untracked 
| 499|0x000000009f300000, 0x000000009f300000, 0x000000009f400000|  0%| F|  |TAMS 0x000000009f300000| PB 0x000000009f300000| Untracked 
| 500|0x000000009f400000, 0x000000009f400000, 0x000000009f500000|  0%| F|  |TAMS 0x000000009f400000| PB 0x000000009f400000| Untracked 
| 501|0x000000009f500000, 0x000000009f500000, 0x000000009f600000|  0%| F|  |TAMS 0x000000009f500000| PB 0x000000009f500000| Untracked 
| 502|0x000000009f600000, 0x000000009f600000, 0x000000009f700000|  0%| F|  |TAMS 0x000000009f600000| PB 0x000000009f600000| Untracked 
| 503|0x000000009f700000, 0x000000009f700000, 0x000000009f800000|  0%| F|  |TAMS 0x000000009f700000| PB 0x000000009f700000| Untracked 
| 504|0x000000009f800000, 0x000000009f800000, 0x000000009f900000|  0%| F|  |TAMS 0x000000009f800000| PB 0x000000009f800000| Untracked 
| 505|0x000000009f900000, 0x000000009f900000, 0x000000009fa00000|  0%| F|  |TAMS 0x000000009f900000| PB 0x000000009f900000| Untracked 
| 506|0x000000009fa00000, 0x000000009fa00000, 0x000000009fb00000|  0%| F|  |TAMS 0x000000009fa00000| PB 0x000000009fa00000| Untracked 
| 507|0x000000009fb00000, 0x000000009fb00000, 0x000000009fc00000|  0%| F|  |TAMS 0x000000009fb00000| PB 0x000000009fb00000| Untracked 
| 508|0x000000009fc00000, 0x000000009fc00000, 0x000000009fd00000|  0%| F|  |TAMS 0x000000009fc00000| PB 0x000000009fc00000| Untracked 
| 509|0x000000009fd00000, 0x000000009fd00000, 0x000000009fe00000|  0%| F|  |TAMS 0x000000009fd00000| PB 0x000000009fd00000| Untracked 
| 510|0x000000009fe00000, 0x000000009fe00000, 0x000000009ff00000|  0%| F|  |TAMS 0x000000009fe00000| PB 0x000000009fe00000| Untracked 
| 511|0x000000009ff00000, 0x000000009ff00000, 0x00000000a0000000|  0%| F|  |TAMS 0x000000009ff00000| PB 0x000000009ff00000| Untracked 
| 512|0x00000000a0000000, 0x00000000a0000000, 0x00000000a0100000|  0%| F|  |TAMS 0x00000000a0000000| PB 0x00000000a0000000| Untracked 
| 513|0x00000000a0100000, 0x00000000a0100000, 0x00000000a0200000|  0%| F|  |TAMS 0x00000000a0100000| PB 0x00000000a0100000| Untracked 
| 514|0x00000000a0200000, 0x00000000a0200000, 0x00000000a0300000|  0%| F|  |TAMS 0x00000000a0200000| PB 0x00000000a0200000| Untracked 
| 515|0x00000000a0300000, 0x00000000a0300000, 0x00000000a0400000|  0%| F|  |TAMS 0x00000000a0300000| PB 0x00000000a0300000| Untracked 
| 516|0x00000000a0400000, 0x00000000a0400000, 0x00000000a0500000|  0%| F|  |TAMS 0x00000000a0400000| PB 0x00000000a0400000| Untracked 
| 517|0x00000000a0500000, 0x00000000a0500000, 0x00000000a0600000|  0%| F|  |TAMS 0x00000000a0500000| PB 0x00000000a0500000| Untracked 
| 518|0x00000000a0600000, 0x00000000a0600000, 0x00000000a0700000|  0%| F|  |TAMS 0x00000000a0600000| PB 0x00000000a0600000| Untracked 
| 519|0x00000000a0700000, 0x00000000a0700000, 0x00000000a0800000|  0%| F|  |TAMS 0x00000000a0700000| PB 0x00000000a0700000| Untracked 
| 520|0x00000000a0800000, 0x00000000a0800000, 0x00000000a0900000|  0%| F|  |TAMS 0x00000000a0800000| PB 0x00000000a0800000| Untracked 
| 521|0x00000000a0900000, 0x00000000a0900000, 0x00000000a0a00000|  0%| F|  |TAMS 0x00000000a0900000| PB 0x00000000a0900000| Untracked 
| 522|0x00000000a0a00000, 0x00000000a0a00000, 0x00000000a0b00000|  0%| F|  |TAMS 0x00000000a0a00000| PB 0x00000000a0a00000| Untracked 
| 523|0x00000000a0b00000, 0x00000000a0b00000, 0x00000000a0c00000|  0%| F|  |TAMS 0x00000000a0b00000| PB 0x00000000a0b00000| Untracked 
| 524|0x00000000a0c00000, 0x00000000a0c00000, 0x00000000a0d00000|  0%| F|  |TAMS 0x00000000a0c00000| PB 0x00000000a0c00000| Untracked 
| 525|0x00000000a0d00000, 0x00000000a0d00000, 0x00000000a0e00000|  0%| F|  |TAMS 0x00000000a0d00000| PB 0x00000000a0d00000| Untracked 
| 526|0x00000000a0e00000, 0x00000000a0e00000, 0x00000000a0f00000|  0%| F|  |TAMS 0x00000000a0e00000| PB 0x00000000a0e00000| Untracked 
| 527|0x00000000a0f00000, 0x00000000a0f00000, 0x00000000a1000000|  0%| F|  |TAMS 0x00000000a0f00000| PB 0x00000000a0f00000| Untracked 
| 528|0x00000000a1000000, 0x00000000a1000000, 0x00000000a1100000|  0%| F|  |TAMS 0x00000000a1000000| PB 0x00000000a1000000| Untracked 
| 529|0x00000000a1100000, 0x00000000a1100000, 0x00000000a1200000|  0%| F|  |TAMS 0x00000000a1100000| PB 0x00000000a1100000| Untracked 
| 530|0x00000000a1200000, 0x00000000a1200000, 0x00000000a1300000|  0%| F|  |TAMS 0x00000000a1200000| PB 0x00000000a1200000| Untracked 
| 531|0x00000000a1300000, 0x00000000a1300000, 0x00000000a1400000|  0%| F|  |TAMS 0x00000000a1300000| PB 0x00000000a1300000| Untracked 
| 532|0x00000000a1400000, 0x00000000a1400000, 0x00000000a1500000|  0%| F|  |TAMS 0x00000000a1400000| PB 0x00000000a1400000| Untracked 
| 533|0x00000000a1500000, 0x00000000a1500000, 0x00000000a1600000|  0%| F|  |TAMS 0x00000000a1500000| PB 0x00000000a1500000| Untracked 
| 534|0x00000000a1600000, 0x00000000a1600000, 0x00000000a1700000|  0%| F|  |TAMS 0x00000000a1600000| PB 0x00000000a1600000| Untracked 
| 535|0x00000000a1700000, 0x00000000a1700000, 0x00000000a1800000|  0%| F|  |TAMS 0x00000000a1700000| PB 0x00000000a1700000| Untracked 
| 536|0x00000000a1800000, 0x00000000a1800000, 0x00000000a1900000|  0%| F|  |TAMS 0x00000000a1800000| PB 0x00000000a1800000| Untracked 
| 537|0x00000000a1900000, 0x00000000a1900000, 0x00000000a1a00000|  0%| F|  |TAMS 0x00000000a1900000| PB 0x00000000a1900000| Untracked 
| 538|0x00000000a1a00000, 0x00000000a1a00000, 0x00000000a1b00000|  0%| F|  |TAMS 0x00000000a1a00000| PB 0x00000000a1a00000| Untracked 
| 539|0x00000000a1b00000, 0x00000000a1b00000, 0x00000000a1c00000|  0%| F|  |TAMS 0x00000000a1b00000| PB 0x00000000a1b00000| Untracked 
| 540|0x00000000a1c00000, 0x00000000a1c00000, 0x00000000a1d00000|  0%| F|  |TAMS 0x00000000a1c00000| PB 0x00000000a1c00000| Untracked 
| 541|0x00000000a1d00000, 0x00000000a1d00000, 0x00000000a1e00000|  0%| F|  |TAMS 0x00000000a1d00000| PB 0x00000000a1d00000| Untracked 
| 542|0x00000000a1e00000, 0x00000000a1e00000, 0x00000000a1f00000|  0%| F|  |TAMS 0x00000000a1e00000| PB 0x00000000a1e00000| Untracked 
| 543|0x00000000a1f00000, 0x00000000a1f00000, 0x00000000a2000000|  0%| F|  |TAMS 0x00000000a1f00000| PB 0x00000000a1f00000| Untracked 
| 544|0x00000000a2000000, 0x00000000a2000000, 0x00000000a2100000|  0%| F|  |TAMS 0x00000000a2000000| PB 0x00000000a2000000| Untracked 
| 545|0x00000000a2100000, 0x00000000a2100000, 0x00000000a2200000|  0%| F|  |TAMS 0x00000000a2100000| PB 0x00000000a2100000| Untracked 
| 546|0x00000000a2200000, 0x00000000a2200000, 0x00000000a2300000|  0%| F|  |TAMS 0x00000000a2200000| PB 0x00000000a2200000| Untracked 
| 547|0x00000000a2300000, 0x00000000a2300000, 0x00000000a2400000|  0%| F|  |TAMS 0x00000000a2300000| PB 0x00000000a2300000| Untracked 
| 548|0x00000000a2400000, 0x00000000a2400000, 0x00000000a2500000|  0%| F|  |TAMS 0x00000000a2400000| PB 0x00000000a2400000| Untracked 
| 549|0x00000000a2500000, 0x00000000a2500000, 0x00000000a2600000|  0%| F|  |TAMS 0x00000000a2500000| PB 0x00000000a2500000| Untracked 
| 550|0x00000000a2600000, 0x00000000a2600000, 0x00000000a2700000|  0%| F|  |TAMS 0x00000000a2600000| PB 0x00000000a2600000| Untracked 
| 551|0x00000000a2700000, 0x00000000a2700000, 0x00000000a2800000|  0%| F|  |TAMS 0x00000000a2700000| PB 0x00000000a2700000| Untracked 
| 552|0x00000000a2800000, 0x00000000a2800000, 0x00000000a2900000|  0%| F|  |TAMS 0x00000000a2800000| PB 0x00000000a2800000| Untracked 
| 553|0x00000000a2900000, 0x00000000a2900000, 0x00000000a2a00000|  0%| F|  |TAMS 0x00000000a2900000| PB 0x00000000a2900000| Untracked 
| 554|0x00000000a2a00000, 0x00000000a2a00000, 0x00000000a2b00000|  0%| F|  |TAMS 0x00000000a2a00000| PB 0x00000000a2a00000| Untracked 
| 555|0x00000000a2b00000, 0x00000000a2b00000, 0x00000000a2c00000|  0%| F|  |TAMS 0x00000000a2b00000| PB 0x00000000a2b00000| Untracked 
| 556|0x00000000a2c00000, 0x00000000a2c00000, 0x00000000a2d00000|  0%| F|  |TAMS 0x00000000a2c00000| PB 0x00000000a2c00000| Untracked 
| 557|0x00000000a2d00000, 0x00000000a2d00000, 0x00000000a2e00000|  0%| F|  |TAMS 0x00000000a2d00000| PB 0x00000000a2d00000| Untracked 
| 558|0x00000000a2e00000, 0x00000000a2e00000, 0x00000000a2f00000|  0%| F|  |TAMS 0x00000000a2e00000| PB 0x00000000a2e00000| Untracked 
| 559|0x00000000a2f00000, 0x00000000a2f00000, 0x00000000a3000000|  0%| F|  |TAMS 0x00000000a2f00000| PB 0x00000000a2f00000| Untracked 
| 560|0x00000000a3000000, 0x00000000a3000000, 0x00000000a3100000|  0%| F|  |TAMS 0x00000000a3000000| PB 0x00000000a3000000| Untracked 
| 561|0x00000000a3100000, 0x00000000a3100000, 0x00000000a3200000|  0%| F|  |TAMS 0x00000000a3100000| PB 0x00000000a3100000| Untracked 
| 562|0x00000000a3200000, 0x00000000a3200000, 0x00000000a3300000|  0%| F|  |TAMS 0x00000000a3200000| PB 0x00000000a3200000| Untracked 
| 563|0x00000000a3300000, 0x00000000a3300000, 0x00000000a3400000|  0%| F|  |TAMS 0x00000000a3300000| PB 0x00000000a3300000| Untracked 
| 564|0x00000000a3400000, 0x00000000a3400000, 0x00000000a3500000|  0%| F|  |TAMS 0x00000000a3400000| PB 0x00000000a3400000| Untracked 
| 565|0x00000000a3500000, 0x00000000a3500000, 0x00000000a3600000|  0%| F|  |TAMS 0x00000000a3500000| PB 0x00000000a3500000| Untracked 
| 566|0x00000000a3600000, 0x00000000a3600000, 0x00000000a3700000|  0%| F|  |TAMS 0x00000000a3600000| PB 0x00000000a3600000| Untracked 
| 567|0x00000000a3700000, 0x00000000a3700000, 0x00000000a3800000|  0%| F|  |TAMS 0x00000000a3700000| PB 0x00000000a3700000| Untracked 
| 568|0x00000000a3800000, 0x00000000a3800000, 0x00000000a3900000|  0%| F|  |TAMS 0x00000000a3800000| PB 0x00000000a3800000| Untracked 
| 569|0x00000000a3900000, 0x00000000a3900000, 0x00000000a3a00000|  0%| F|  |TAMS 0x00000000a3900000| PB 0x00000000a3900000| Untracked 
| 570|0x00000000a3a00000, 0x00000000a3a00000, 0x00000000a3b00000|  0%| F|  |TAMS 0x00000000a3a00000| PB 0x00000000a3a00000| Untracked 
| 571|0x00000000a3b00000, 0x00000000a3b00000, 0x00000000a3c00000|  0%| F|  |TAMS 0x00000000a3b00000| PB 0x00000000a3b00000| Untracked 
| 572|0x00000000a3c00000, 0x00000000a3c00000, 0x00000000a3d00000|  0%| F|  |TAMS 0x00000000a3c00000| PB 0x00000000a3c00000| Untracked 
| 573|0x00000000a3d00000, 0x00000000a3d00000, 0x00000000a3e00000|  0%| F|  |TAMS 0x00000000a3d00000| PB 0x00000000a3d00000| Untracked 
| 574|0x00000000a3e00000, 0x00000000a3e00000, 0x00000000a3f00000|  0%| F|  |TAMS 0x00000000a3e00000| PB 0x00000000a3e00000| Untracked 
| 575|0x00000000a3f00000, 0x00000000a3f00000, 0x00000000a4000000|  0%| F|  |TAMS 0x00000000a3f00000| PB 0x00000000a3f00000| Untracked 
| 576|0x00000000a4000000, 0x00000000a4000000, 0x00000000a4100000|  0%| F|  |TAMS 0x00000000a4000000| PB 0x00000000a4000000| Untracked 
| 577|0x00000000a4100000, 0x00000000a4100000, 0x00000000a4200000|  0%| F|  |TAMS 0x00000000a4100000| PB 0x00000000a4100000| Untracked 
| 578|0x00000000a4200000, 0x00000000a4200000, 0x00000000a4300000|  0%| F|  |TAMS 0x00000000a4200000| PB 0x00000000a4200000| Untracked 
| 579|0x00000000a4300000, 0x00000000a4300000, 0x00000000a4400000|  0%| F|  |TAMS 0x00000000a4300000| PB 0x00000000a4300000| Untracked 
| 580|0x00000000a4400000, 0x00000000a4400000, 0x00000000a4500000|  0%| F|  |TAMS 0x00000000a4400000| PB 0x00000000a4400000| Untracked 
|1896|0x00000000f6800000, 0x00000000f6800000, 0x00000000f6900000|  0%| F|  |TAMS 0x00000000f6800000| PB 0x00000000f6800000| Untracked 
|1897|0x00000000f6900000, 0x00000000f6900000, 0x00000000f6a00000|  0%| F|  |TAMS 0x00000000f6900000| PB 0x00000000f6900000| Untracked 
|1898|0x00000000f6a00000, 0x00000000f6a00000, 0x00000000f6b00000|  0%| F|  |TAMS 0x00000000f6a00000| PB 0x00000000f6a00000| Untracked 
|1899|0x00000000f6b00000, 0x00000000f6b00000, 0x00000000f6c00000|  0%| F|  |TAMS 0x00000000f6b00000| PB 0x00000000f6b00000| Untracked 
|1900|0x00000000f6c00000, 0x00000000f6c00000, 0x00000000f6d00000|  0%| F|  |TAMS 0x00000000f6c00000| PB 0x00000000f6c00000| Untracked 
|1901|0x00000000f6d00000, 0x00000000f6d00000, 0x00000000f6e00000|  0%| F|  |TAMS 0x00000000f6d00000| PB 0x00000000f6d00000| Untracked 
|1902|0x00000000f6e00000, 0x00000000f6e00000, 0x00000000f6f00000|  0%| F|  |TAMS 0x00000000f6e00000| PB 0x00000000f6e00000| Untracked 
|1903|0x00000000f6f00000, 0x00000000f6f00000, 0x00000000f7000000|  0%| F|  |TAMS 0x00000000f6f00000| PB 0x00000000f6f00000| Untracked 
|1904|0x00000000f7000000, 0x00000000f7000000, 0x00000000f7100000|  0%| F|  |TAMS 0x00000000f7000000| PB 0x00000000f7000000| Untracked 
|1905|0x00000000f7100000, 0x00000000f7100000, 0x00000000f7200000|  0%| F|  |TAMS 0x00000000f7100000| PB 0x00000000f7100000| Untracked 
|1906|0x00000000f7200000, 0x00000000f7200000, 0x00000000f7300000|  0%| F|  |TAMS 0x00000000f7200000| PB 0x00000000f7200000| Untracked 
|1907|0x00000000f7300000, 0x00000000f7300000, 0x00000000f7400000|  0%| F|  |TAMS 0x00000000f7300000| PB 0x00000000f7300000| Untracked 
|1908|0x00000000f7400000, 0x00000000f7400000, 0x00000000f7500000|  0%| F|  |TAMS 0x00000000f7400000| PB 0x00000000f7400000| Untracked 
|1909|0x00000000f7500000, 0x00000000f7500000, 0x00000000f7600000|  0%| F|  |TAMS 0x00000000f7500000| PB 0x00000000f7500000| Untracked 
|1910|0x00000000f7600000, 0x00000000f7600000, 0x00000000f7700000|  0%| F|  |TAMS 0x00000000f7600000| PB 0x00000000f7600000| Untracked 
|1911|0x00000000f7700000, 0x00000000f7700000, 0x00000000f7800000|  0%| F|  |TAMS 0x00000000f7700000| PB 0x00000000f7700000| Untracked 
|1912|0x00000000f7800000, 0x00000000f7800000, 0x00000000f7900000|  0%| F|  |TAMS 0x00000000f7800000| PB 0x00000000f7800000| Untracked 
|1913|0x00000000f7900000, 0x00000000f7900000, 0x00000000f7a00000|  0%| F|  |TAMS 0x00000000f7900000| PB 0x00000000f7900000| Untracked 
|1914|0x00000000f7a00000, 0x00000000f7a00000, 0x00000000f7b00000|  0%| F|  |TAMS 0x00000000f7a00000| PB 0x00000000f7a00000| Untracked 
|1915|0x00000000f7b00000, 0x00000000f7b00000, 0x00000000f7c00000|  0%| F|  |TAMS 0x00000000f7b00000| PB 0x00000000f7b00000| Untracked 
|1916|0x00000000f7c00000, 0x00000000f7c00000, 0x00000000f7d00000|  0%| F|  |TAMS 0x00000000f7c00000| PB 0x00000000f7c00000| Untracked 
|1917|0x00000000f7d00000, 0x00000000f7d00000, 0x00000000f7e00000|  0%| F|  |TAMS 0x00000000f7d00000| PB 0x00000000f7d00000| Untracked 
|1918|0x00000000f7e00000, 0x00000000f7e00000, 0x00000000f7f00000|  0%| F|  |TAMS 0x00000000f7e00000| PB 0x00000000f7e00000| Untracked 
|1919|0x00000000f7f00000, 0x00000000f7f00000, 0x00000000f8000000|  0%| F|  |TAMS 0x00000000f7f00000| PB 0x00000000f7f00000| Untracked 
|1920|0x00000000f8000000, 0x00000000f8000000, 0x00000000f8100000|  0%| F|  |TAMS 0x00000000f8000000| PB 0x00000000f8000000| Untracked 
|1921|0x00000000f8100000, 0x00000000f8100000, 0x00000000f8200000|  0%| F|  |TAMS 0x00000000f8100000| PB 0x00000000f8100000| Untracked 
|1922|0x00000000f8200000, 0x00000000f8200000, 0x00000000f8300000|  0%| F|  |TAMS 0x00000000f8200000| PB 0x00000000f8200000| Untracked 
|1923|0x00000000f8300000, 0x00000000f8300000, 0x00000000f8400000|  0%| F|  |TAMS 0x00000000f8300000| PB 0x00000000f8300000| Untracked 
|1924|0x00000000f8400000, 0x00000000f8400000, 0x00000000f8500000|  0%| F|  |TAMS 0x00000000f8400000| PB 0x00000000f8400000| Untracked 
|1925|0x00000000f8500000, 0x00000000f8500000, 0x00000000f8600000|  0%| F|  |TAMS 0x00000000f8500000| PB 0x00000000f8500000| Untracked 
|1926|0x00000000f8600000, 0x00000000f8600000, 0x00000000f8700000|  0%| F|  |TAMS 0x00000000f8600000| PB 0x00000000f8600000| Untracked 
|1927|0x00000000f8700000, 0x00000000f8700000, 0x00000000f8800000|  0%| F|  |TAMS 0x00000000f8700000| PB 0x00000000f8700000| Untracked 
|1928|0x00000000f8800000, 0x00000000f8800000, 0x00000000f8900000|  0%| F|  |TAMS 0x00000000f8800000| PB 0x00000000f8800000| Untracked 
|1929|0x00000000f8900000, 0x00000000f8900000, 0x00000000f8a00000|  0%| F|  |TAMS 0x00000000f8900000| PB 0x00000000f8900000| Untracked 
|1930|0x00000000f8a00000, 0x00000000f8a00000, 0x00000000f8b00000|  0%| F|  |TAMS 0x00000000f8a00000| PB 0x00000000f8a00000| Untracked 
|1931|0x00000000f8b00000, 0x00000000f8b00000, 0x00000000f8c00000|  0%| F|  |TAMS 0x00000000f8b00000| PB 0x00000000f8b00000| Untracked 
|1932|0x00000000f8c00000, 0x00000000f8c00000, 0x00000000f8d00000|  0%| F|  |TAMS 0x00000000f8c00000| PB 0x00000000f8c00000| Untracked 
|1933|0x00000000f8d00000, 0x00000000f8d00000, 0x00000000f8e00000|  0%| F|  |TAMS 0x00000000f8d00000| PB 0x00000000f8d00000| Untracked 
|1934|0x00000000f8e00000, 0x00000000f8e00000, 0x00000000f8f00000|  0%| F|  |TAMS 0x00000000f8e00000| PB 0x00000000f8e00000| Untracked 
|1935|0x00000000f8f00000, 0x00000000f8f00000, 0x00000000f9000000|  0%| F|  |TAMS 0x00000000f8f00000| PB 0x00000000f8f00000| Untracked 
|1936|0x00000000f9000000, 0x00000000f9000000, 0x00000000f9100000|  0%| F|  |TAMS 0x00000000f9000000| PB 0x00000000f9000000| Untracked 
|1937|0x00000000f9100000, 0x00000000f9100000, 0x00000000f9200000|  0%| F|  |TAMS 0x00000000f9100000| PB 0x00000000f9100000| Untracked 
|1938|0x00000000f9200000, 0x00000000f9200000, 0x00000000f9300000|  0%| F|  |TAMS 0x00000000f9200000| PB 0x00000000f9200000| Untracked 
|1939|0x00000000f9300000, 0x00000000f9300000, 0x00000000f9400000|  0%| F|  |TAMS 0x00000000f9300000| PB 0x00000000f9300000| Untracked 
|1940|0x00000000f9400000, 0x00000000f9400000, 0x00000000f9500000|  0%| F|  |TAMS 0x00000000f9400000| PB 0x00000000f9400000| Untracked 
|1941|0x00000000f9500000, 0x00000000f9500000, 0x00000000f9600000|  0%| F|  |TAMS 0x00000000f9500000| PB 0x00000000f9500000| Untracked 
|1942|0x00000000f9600000, 0x00000000f9600000, 0x00000000f9700000|  0%| F|  |TAMS 0x00000000f9600000| PB 0x00000000f9600000| Untracked 
|1943|0x00000000f9700000, 0x00000000f9700000, 0x00000000f9800000|  0%| F|  |TAMS 0x00000000f9700000| PB 0x00000000f9700000| Untracked 
|1944|0x00000000f9800000, 0x00000000f9800000, 0x00000000f9900000|  0%| F|  |TAMS 0x00000000f9800000| PB 0x00000000f9800000| Untracked 
|1945|0x00000000f9900000, 0x00000000f9900000, 0x00000000f9a00000|  0%| F|  |TAMS 0x00000000f9900000| PB 0x00000000f9900000| Untracked 
|1946|0x00000000f9a00000, 0x00000000f9a00000, 0x00000000f9b00000|  0%| F|  |TAMS 0x00000000f9a00000| PB 0x00000000f9a00000| Untracked 
|1947|0x00000000f9b00000, 0x00000000f9b00000, 0x00000000f9c00000|  0%| F|  |TAMS 0x00000000f9b00000| PB 0x00000000f9b00000| Untracked 
|1948|0x00000000f9c00000, 0x00000000f9c00000, 0x00000000f9d00000|  0%| F|  |TAMS 0x00000000f9c00000| PB 0x00000000f9c00000| Untracked 
|1949|0x00000000f9d00000, 0x00000000f9d00000, 0x00000000f9e00000|  0%| F|  |TAMS 0x00000000f9d00000| PB 0x00000000f9d00000| Untracked 
|1950|0x00000000f9e00000, 0x00000000f9e00000, 0x00000000f9f00000|  0%| F|  |TAMS 0x00000000f9e00000| PB 0x00000000f9e00000| Untracked 
|1951|0x00000000f9f00000, 0x00000000f9f00000, 0x00000000fa000000|  0%| F|  |TAMS 0x00000000f9f00000| PB 0x00000000f9f00000| Untracked 
|1952|0x00000000fa000000, 0x00000000fa000000, 0x00000000fa100000|  0%| F|  |TAMS 0x00000000fa000000| PB 0x00000000fa000000| Untracked 
|1953|0x00000000fa100000, 0x00000000fa100000, 0x00000000fa200000|  0%| F|  |TAMS 0x00000000fa100000| PB 0x00000000fa100000| Untracked 
|1954|0x00000000fa200000, 0x00000000fa200000, 0x00000000fa300000|  0%| F|  |TAMS 0x00000000fa200000| PB 0x00000000fa200000| Untracked 
|1955|0x00000000fa300000, 0x00000000fa300000, 0x00000000fa400000|  0%| F|  |TAMS 0x00000000fa300000| PB 0x00000000fa300000| Untracked 
|1956|0x00000000fa400000, 0x00000000fa400000, 0x00000000fa500000|  0%| F|  |TAMS 0x00000000fa400000| PB 0x00000000fa400000| Untracked 
|1957|0x00000000fa500000, 0x00000000fa500000, 0x00000000fa600000|  0%| F|  |TAMS 0x00000000fa500000| PB 0x00000000fa500000| Untracked 
|1958|0x00000000fa600000, 0x00000000fa600000, 0x00000000fa700000|  0%| F|  |TAMS 0x00000000fa600000| PB 0x00000000fa600000| Untracked 
|1959|0x00000000fa700000, 0x00000000fa700000, 0x00000000fa800000|  0%| F|  |TAMS 0x00000000fa700000| PB 0x00000000fa700000| Untracked 
|1960|0x00000000fa800000, 0x00000000fa800000, 0x00000000fa900000|  0%| F|  |TAMS 0x00000000fa800000| PB 0x00000000fa800000| Untracked 
|1961|0x00000000fa900000, 0x00000000fa900000, 0x00000000faa00000|  0%| F|  |TAMS 0x00000000fa900000| PB 0x00000000fa900000| Untracked 
|1962|0x00000000faa00000, 0x00000000faa00000, 0x00000000fab00000|  0%| F|  |TAMS 0x00000000faa00000| PB 0x00000000faa00000| Untracked 
|1963|0x00000000fab00000, 0x00000000fab00000, 0x00000000fac00000|  0%| F|  |TAMS 0x00000000fab00000| PB 0x00000000fab00000| Untracked 
|1964|0x00000000fac00000, 0x00000000fac00000, 0x00000000fad00000|  0%| F|  |TAMS 0x00000000fac00000| PB 0x00000000fac00000| Untracked 
|1965|0x00000000fad00000, 0x00000000fad00000, 0x00000000fae00000|  0%| F|  |TAMS 0x00000000fad00000| PB 0x00000000fad00000| Untracked 
|1966|0x00000000fae00000, 0x00000000fae00000, 0x00000000faf00000|  0%| F|  |TAMS 0x00000000fae00000| PB 0x00000000fae00000| Untracked 
|1967|0x00000000faf00000, 0x00000000faf00000, 0x00000000fb000000|  0%| F|  |TAMS 0x00000000faf00000| PB 0x00000000faf00000| Untracked 
|1968|0x00000000fb000000, 0x00000000fb000000, 0x00000000fb100000|  0%| F|  |TAMS 0x00000000fb000000| PB 0x00000000fb000000| Untracked 
|1969|0x00000000fb100000, 0x00000000fb100000, 0x00000000fb200000|  0%| F|  |TAMS 0x00000000fb100000| PB 0x00000000fb100000| Untracked 
|1970|0x00000000fb200000, 0x00000000fb200000, 0x00000000fb300000|  0%| F|  |TAMS 0x00000000fb200000| PB 0x00000000fb200000| Untracked 
|1971|0x00000000fb300000, 0x00000000fb300000, 0x00000000fb400000|  0%| F|  |TAMS 0x00000000fb300000| PB 0x00000000fb300000| Untracked 
|1972|0x00000000fb400000, 0x00000000fb400000, 0x00000000fb500000|  0%| F|  |TAMS 0x00000000fb400000| PB 0x00000000fb400000| Untracked 
|1973|0x00000000fb500000, 0x00000000fb500000, 0x00000000fb600000|  0%| F|  |TAMS 0x00000000fb500000| PB 0x00000000fb500000| Untracked 
|1974|0x00000000fb600000, 0x00000000fb600000, 0x00000000fb700000|  0%| F|  |TAMS 0x00000000fb600000| PB 0x00000000fb600000| Untracked 
|1975|0x00000000fb700000, 0x00000000fb700000, 0x00000000fb800000|  0%| F|  |TAMS 0x00000000fb700000| PB 0x00000000fb700000| Untracked 
|1976|0x00000000fb800000, 0x00000000fb800000, 0x00000000fb900000|  0%| F|  |TAMS 0x00000000fb800000| PB 0x00000000fb800000| Untracked 
|1977|0x00000000fb900000, 0x00000000fb900000, 0x00000000fba00000|  0%| F|  |TAMS 0x00000000fb900000| PB 0x00000000fb900000| Untracked 
|1978|0x00000000fba00000, 0x00000000fba00000, 0x00000000fbb00000|  0%| F|  |TAMS 0x00000000fba00000| PB 0x00000000fba00000| Untracked 
|1979|0x00000000fbb00000, 0x00000000fbb00000, 0x00000000fbc00000|  0%| F|  |TAMS 0x00000000fbb00000| PB 0x00000000fbb00000| Untracked 
|1980|0x00000000fbc00000, 0x00000000fbc00000, 0x00000000fbd00000|  0%| F|  |TAMS 0x00000000fbc00000| PB 0x00000000fbc00000| Untracked 
|1981|0x00000000fbd00000, 0x00000000fbd00000, 0x00000000fbe00000|  0%| F|  |TAMS 0x00000000fbd00000| PB 0x00000000fbd00000| Untracked 
|1982|0x00000000fbe00000, 0x00000000fbe00000, 0x00000000fbf00000|  0%| F|  |TAMS 0x00000000fbe00000| PB 0x00000000fbe00000| Untracked 
|1983|0x00000000fbf00000, 0x00000000fbf00000, 0x00000000fc000000|  0%| F|  |TAMS 0x00000000fbf00000| PB 0x00000000fbf00000| Untracked 
|1984|0x00000000fc000000, 0x00000000fc000000, 0x00000000fc100000|  0%| F|  |TAMS 0x00000000fc000000| PB 0x00000000fc000000| Untracked 
|1985|0x00000000fc100000, 0x00000000fc100000, 0x00000000fc200000|  0%| F|  |TAMS 0x00000000fc100000| PB 0x00000000fc100000| Untracked 
|1986|0x00000000fc200000, 0x00000000fc200000, 0x00000000fc300000|  0%| F|  |TAMS 0x00000000fc200000| PB 0x00000000fc200000| Untracked 
|1987|0x00000000fc300000, 0x00000000fc300000, 0x00000000fc400000|  0%| F|  |TAMS 0x00000000fc300000| PB 0x00000000fc300000| Untracked 
|1988|0x00000000fc400000, 0x00000000fc400000, 0x00000000fc500000|  0%| F|  |TAMS 0x00000000fc400000| PB 0x00000000fc400000| Untracked 
|1989|0x00000000fc500000, 0x00000000fc500000, 0x00000000fc600000|  0%| F|  |TAMS 0x00000000fc500000| PB 0x00000000fc500000| Untracked 
|1990|0x00000000fc600000, 0x00000000fc600000, 0x00000000fc700000|  0%| F|  |TAMS 0x00000000fc600000| PB 0x00000000fc600000| Untracked 
|1991|0x00000000fc700000, 0x00000000fc700000, 0x00000000fc800000|  0%| F|  |TAMS 0x00000000fc700000| PB 0x00000000fc700000| Untracked 
|1992|0x00000000fc800000, 0x00000000fc800000, 0x00000000fc900000|  0%| F|  |TAMS 0x00000000fc800000| PB 0x00000000fc800000| Untracked 
|1993|0x00000000fc900000, 0x00000000fc900000, 0x00000000fca00000|  0%| F|  |TAMS 0x00000000fc900000| PB 0x00000000fc900000| Untracked 
|1994|0x00000000fca00000, 0x00000000fca00000, 0x00000000fcb00000|  0%| F|  |TAMS 0x00000000fca00000| PB 0x00000000fca00000| Untracked 
|1995|0x00000000fcb00000, 0x00000000fcb00000, 0x00000000fcc00000|  0%| F|  |TAMS 0x00000000fcb00000| PB 0x00000000fcb00000| Untracked 
|1996|0x00000000fcc00000, 0x00000000fcc00000, 0x00000000fcd00000|  0%| F|  |TAMS 0x00000000fcc00000| PB 0x00000000fcc00000| Untracked 
|1997|0x00000000fcd00000, 0x00000000fcd00000, 0x00000000fce00000|  0%| F|  |TAMS 0x00000000fcd00000| PB 0x00000000fcd00000| Untracked 
|1998|0x00000000fce00000, 0x00000000fce00000, 0x00000000fcf00000|  0%| F|  |TAMS 0x00000000fce00000| PB 0x00000000fce00000| Untracked 
|1999|0x00000000fcf00000, 0x00000000fcf00000, 0x00000000fd000000|  0%| F|  |TAMS 0x00000000fcf00000| PB 0x00000000fcf00000| Untracked 
|2000|0x00000000fd000000, 0x00000000fd000000, 0x00000000fd100000|  0%| F|  |TAMS 0x00000000fd000000| PB 0x00000000fd000000| Untracked 
|2001|0x00000000fd100000, 0x00000000fd100000, 0x00000000fd200000|  0%| F|  |TAMS 0x00000000fd100000| PB 0x00000000fd100000| Untracked 
|2002|0x00000000fd200000, 0x00000000fd200000, 0x00000000fd300000|  0%| F|  |TAMS 0x00000000fd200000| PB 0x00000000fd200000| Untracked 
|2003|0x00000000fd300000, 0x00000000fd300000, 0x00000000fd400000|  0%| F|  |TAMS 0x00000000fd300000| PB 0x00000000fd300000| Untracked 
|2004|0x00000000fd400000, 0x00000000fd400000, 0x00000000fd500000|  0%| F|  |TAMS 0x00000000fd400000| PB 0x00000000fd400000| Untracked 
|2005|0x00000000fd500000, 0x00000000fd500000, 0x00000000fd600000|  0%| F|  |TAMS 0x00000000fd500000| PB 0x00000000fd500000| Untracked 
|2006|0x00000000fd600000, 0x00000000fd600000, 0x00000000fd700000|  0%| F|  |TAMS 0x00000000fd600000| PB 0x00000000fd600000| Untracked 
|2007|0x00000000fd700000, 0x00000000fd700000, 0x00000000fd800000|  0%| F|  |TAMS 0x00000000fd700000| PB 0x00000000fd700000| Untracked 
|2008|0x00000000fd800000, 0x00000000fd800000, 0x00000000fd900000|  0%| F|  |TAMS 0x00000000fd800000| PB 0x00000000fd800000| Untracked 
|2009|0x00000000fd900000, 0x00000000fd900000, 0x00000000fda00000|  0%| F|  |TAMS 0x00000000fd900000| PB 0x00000000fd900000| Untracked 
|2010|0x00000000fda00000, 0x00000000fda00000, 0x00000000fdb00000|  0%| F|  |TAMS 0x00000000fda00000| PB 0x00000000fda00000| Untracked 
|2011|0x00000000fdb00000, 0x00000000fdb00000, 0x00000000fdc00000|  0%| F|  |TAMS 0x00000000fdb00000| PB 0x00000000fdb00000| Untracked 
|2012|0x00000000fdc00000, 0x00000000fdc00000, 0x00000000fdd00000|  0%| F|  |TAMS 0x00000000fdc00000| PB 0x00000000fdc00000| Untracked 
|2013|0x00000000fdd00000, 0x00000000fdd00000, 0x00000000fde00000|  0%| F|  |TAMS 0x00000000fdd00000| PB 0x00000000fdd00000| Untracked 
|2014|0x00000000fde00000, 0x00000000fde00000, 0x00000000fdf00000|  0%| F|  |TAMS 0x00000000fde00000| PB 0x00000000fde00000| Untracked 
|2015|0x00000000fdf00000, 0x00000000fdf00000, 0x00000000fe000000|  0%| F|  |TAMS 0x00000000fdf00000| PB 0x00000000fdf00000| Untracked 
|2016|0x00000000fe000000, 0x00000000fe080000, 0x00000000fe100000| 50%| S|CS|TAMS 0x00000000fe000000| PB 0x00000000fe000000| Complete 
|2017|0x00000000fe100000, 0x00000000fe200000, 0x00000000fe200000|100%| S|CS|TAMS 0x00000000fe100000| PB 0x00000000fe100000| Complete 
|2018|0x00000000fe200000, 0x00000000fe300000, 0x00000000fe300000|100%| S|CS|TAMS 0x00000000fe200000| PB 0x00000000fe200000| Complete 
|2019|0x00000000fe300000, 0x00000000fe400000, 0x00000000fe400000|100%| S|CS|TAMS 0x00000000fe300000| PB 0x00000000fe300000| Complete 
|2020|0x00000000fe400000, 0x00000000fe500000, 0x00000000fe500000|100%| S|CS|TAMS 0x00000000fe400000| PB 0x00000000fe400000| Complete 
|2021|0x00000000fe500000, 0x00000000fe500000, 0x00000000fe600000|  0%| F|  |TAMS 0x00000000fe500000| PB 0x00000000fe500000| Untracked 
|2022|0x00000000fe600000, 0x00000000fe600000, 0x00000000fe700000|  0%| F|  |TAMS 0x00000000fe600000| PB 0x00000000fe600000| Untracked 
|2023|0x00000000fe700000, 0x00000000fe700000, 0x00000000fe800000|  0%| F|  |TAMS 0x00000000fe700000| PB 0x00000000fe700000| Untracked 
|2024|0x00000000fe800000, 0x00000000fe800000, 0x00000000fe900000|  0%| F|  |TAMS 0x00000000fe800000| PB 0x00000000fe800000| Untracked 
|2025|0x00000000fe900000, 0x00000000fe900000, 0x00000000fea00000|  0%| F|  |TAMS 0x00000000fe900000| PB 0x00000000fe900000| Untracked 
|2026|0x00000000fea00000, 0x00000000fea00000, 0x00000000feb00000|  0%| F|  |TAMS 0x00000000fea00000| PB 0x00000000fea00000| Untracked 
|2027|0x00000000feb00000, 0x00000000feb00000, 0x00000000fec00000|  0%| F|  |TAMS 0x00000000feb00000| PB 0x00000000feb00000| Untracked 
|2028|0x00000000fec00000, 0x00000000fec00000, 0x00000000fed00000|  0%| F|  |TAMS 0x00000000fec00000| PB 0x00000000fec00000| Untracked 
|2029|0x00000000fed00000, 0x00000000fed00000, 0x00000000fee00000|  0%| F|  |TAMS 0x00000000fed00000| PB 0x00000000fed00000| Untracked 
|2030|0x00000000fee00000, 0x00000000fee00000, 0x00000000fef00000|  0%| F|  |TAMS 0x00000000fee00000| PB 0x00000000fee00000| Untracked 
|2031|0x00000000fef00000, 0x00000000fef00000, 0x00000000ff000000|  0%| F|  |TAMS 0x00000000fef00000| PB 0x00000000fef00000| Untracked 
|2032|0x00000000ff000000, 0x00000000ff000000, 0x00000000ff100000|  0%| F|  |TAMS 0x00000000ff000000| PB 0x00000000ff000000| Untracked 
|2033|0x00000000ff100000, 0x00000000ff100000, 0x00000000ff200000|  0%| F|  |TAMS 0x00000000ff100000| PB 0x00000000ff100000| Untracked 
|2034|0x00000000ff200000, 0x00000000ff200000, 0x00000000ff300000|  0%| F|  |TAMS 0x00000000ff200000| PB 0x00000000ff200000| Untracked 
|2035|0x00000000ff300000, 0x00000000ff300000, 0x00000000ff400000|  0%| F|  |TAMS 0x00000000ff300000| PB 0x00000000ff300000| Untracked 
|2036|0x00000000ff400000, 0x00000000ff400000, 0x00000000ff500000|  0%| F|  |TAMS 0x00000000ff400000| PB 0x00000000ff400000| Untracked 
|2037|0x00000000ff500000, 0x00000000ff500000, 0x00000000ff600000|  0%| F|  |TAMS 0x00000000ff500000| PB 0x00000000ff500000| Untracked 
|2038|0x00000000ff600000, 0x00000000ff600000, 0x00000000ff700000|  0%| F|  |TAMS 0x00000000ff600000| PB 0x00000000ff600000| Untracked 
|2039|0x00000000ff700000, 0x00000000ff700000, 0x00000000ff800000|  0%| F|  |TAMS 0x00000000ff700000| PB 0x00000000ff700000| Untracked 
|2040|0x00000000ff800000, 0x00000000ff900000, 0x00000000ff900000|100%| O|  |TAMS 0x00000000ff800000| PB 0x00000000ff800000| Untracked 
|2041|0x00000000ff900000, 0x00000000ffa00000, 0x00000000ffa00000|100%| O|  |TAMS 0x00000000ff900000| PB 0x00000000ff900000| Untracked 
|2042|0x00000000ffa00000, 0x00000000ffb00000, 0x00000000ffb00000|100%| O|  |TAMS 0x00000000ffa00000| PB 0x00000000ffa00000| Untracked 
|2043|0x00000000ffb00000, 0x00000000ffb00000, 0x00000000ffc00000|  0%| F|  |TAMS 0x00000000ffb00000| PB 0x00000000ffb00000| Untracked 
|2044|0x00000000ffc00000, 0x00000000ffc00000, 0x00000000ffd00000|  0%| F|  |TAMS 0x00000000ffc00000| PB 0x00000000ffc00000| Untracked 
|2045|0x00000000ffd00000, 0x00000000ffe00000, 0x00000000ffe00000|100%| O|  |TAMS 0x00000000ffd00000| PB 0x00000000ffd00000| Untracked 
|2046|0x00000000ffe00000, 0x00000000ffe00000, 0x00000000fff00000|  0%| F|  |TAMS 0x00000000ffe00000| PB 0x00000000ffe00000| Untracked 
|2047|0x00000000fff00000, 0x0000000100000000, 0x0000000100000000|100%| O|  |TAMS 0x00000000fff00000| PB 0x00000000fff00000| Untracked 

Card table byte_map: [0x000002dc96f40000,0x000002dc97340000] _byte_map_base: 0x000002dc96b40000

Marking Bits: (CMBitMap*) 0x000002dc8292d720
 Bits: [0x000002dc97340000, 0x000002dc99340000)

Polling page: 0x000002dc829f0000

Metaspace:

Usage:
  Non-class:    153.69 MB used.
      Class:     22.16 MB used.
       Both:    175.85 MB used.

Virtual space:
  Non-class space:      192.00 MB reserved,     155.00 MB ( 81%) committed,  3 nodes.
      Class space:        1.00 GB reserved,      23.50 MB (  2%) committed,  1 nodes.
             Both:        1.19 GB reserved,     178.50 MB ( 15%) committed. 

Chunk freelists:
   Non-Class:  4.78 MB
       Class:  8.53 MB
        Both:  13.31 MB

MaxMetaspaceSize: unlimited
CompressedClassSpaceSize: 1.00 GB
Initial GC threshold: 21.00 MB
Current GC threshold: 290.62 MB
CDS: off
 - commit_granule_bytes: 65536.
 - commit_granule_words: 8192.
 - virtual_space_node_default_size: 8388608.
 - enlarge_chunks_in_place: 1.
 - use_allocation_guard: 0.


Internal statistics:

num_allocs_failed_limit: 6.
num_arena_births: 5106.
num_arena_deaths: 150.
num_vsnodes_births: 4.
num_vsnodes_deaths: 0.
num_space_committed: 3084.
num_space_uncommitted: 78.
num_chunks_returned_to_freelist: 892.
num_chunks_taken_from_freelist: 13418.
num_chunk_merges: 311.
num_chunk_splits: 8914.
num_chunks_enlarged: 5974.
num_inconsistent_stats: 0.

CodeHeap 'non-profiled nmethods': size=120000Kb used=23783Kb max_used=25663Kb free=96216Kb
 bounds [0x000002dc8f610000, 0x000002dc90f20000, 0x000002dc96b40000]
CodeHeap 'profiled nmethods': size=120000Kb used=39776Kb max_used=47799Kb free=80223Kb
 bounds [0x000002dc87b40000, 0x000002dc8a9f0000, 0x000002dc8f070000]
CodeHeap 'non-nmethods': size=5760Kb used=3332Kb max_used=3415Kb free=2427Kb
 bounds [0x000002dc8f070000, 0x000002dc8f3e0000, 0x000002dc8f610000]
 total_blobs=20575 nmethods=19472 adapters=1004
 compilation: enabled
              stopped_count=0, restarted_count=0
 full_count=0

Compilation events (20 events):
Event: 1753.378 Thread 0x000002dc9b9d99e0 nmethod 42453 0x000002dc88bca210 code [0x000002dc88bca500, 0x000002dc88bcb360]
Event: 1753.378 Thread 0x000002dc9b9d99e0 42452       3       com.google.gson.stream.JsonReader::beginArray (82 bytes)
Event: 1753.379 Thread 0x000002dc9b9d99e0 nmethod 42452 0x000002dc88759b90 code [0x000002dc88759e40, 0x000002dc8875a940]
Event: 1753.379 Thread 0x000002dc9b9d99e0 42454       3       com.google.gson.internal.ConstructorConstructor::checkInstantiable (67 bytes)
Event: 1753.380 Thread 0x000002dc9b9d99e0 nmethod 42454 0x000002dc87ecac90 code [0x000002dc87ecaf80, 0x000002dc87ecbbf0]
Event: 1753.383 Thread 0x000002dc9b9d99e0 42455       3       kotlin.internal.ProgressionUtilKt::mod (16 bytes)
Event: 1753.383 Thread 0x000002dc9b9d99e0 nmethod 42455 0x000002dc89257490 code [0x000002dc89257620, 0x000002dc89257778]
Event: 1753.383 Thread 0x000002dc9b9d99e0 42456       3       kotlin.sequences.TransformingSequence$iterator$1::hasNext (10 bytes)
Event: 1753.383 Thread 0x000002dc9b9d99e0 nmethod 42456 0x000002dc886fba90 code [0x000002dc886fbc40, 0x000002dc886fbe10]
Event: 1753.383 Thread 0x000002dc9b9d99e0 42457       3       kotlin.sequences.TransformingSequence$iterator$1::next (22 bytes)
Event: 1753.384 Thread 0x000002dc9b9d99e0 nmethod 42457 0x000002dc88ed6990 code [0x000002dc88ed6b60, 0x000002dc88ed6e18]
Event: 1753.384 Thread 0x000002dc9b9d99e0 42458       3       android.databinding.tool.CompilerArguments$Companion$stringToFileList$1::invoke (9 bytes)
Event: 1753.384 Thread 0x000002dc9b9d99e0 nmethod 42458 0x000002dc88a24a90 code [0x000002dc88a24ce0, 0x000002dc88a25450]
Event: 1753.392 Thread 0x000002dc9b9d87b0 nmethod 42449% 0x000002dc90296190 code [0x000002dc902963a0, 0x000002dc90296d88]
Event: 1753.412 Thread 0x000002dc9b9d99e0 42459       3       kotlin.io.FilesKt__UtilsKt::getInvariantSeparatorsPath (49 bytes)
Event: 1753.413 Thread 0x000002dc9b9d99e0 nmethod 42459 0x000002dc88ce5990 code [0x000002dc88ce5be0, 0x000002dc88ce62a8]
Event: 1753.463 Thread 0x000002dc9b9d99e0 42460       3       org.apache.commons.io.filefilter.AbstractFileFilter::toFileVisitResult (16 bytes)
Event: 1753.464 Thread 0x000002dc9b9d99e0 nmethod 42460 0x000002dc88ff5610 code [0x000002dc88ff57c0, 0x000002dc88ff5940]
Event: 1753.464 Thread 0x000002dc9b9d99e0 42461       3       org.apache.commons.io.filefilter.AndFileFilter$$Lambda/0x000000010119dac0::test (16 bytes)
Event: 1753.464 Thread 0x000002dc9b9d99e0 nmethod 42461 0x000002dc898a4010 code [0x000002dc898a41e0, 0x000002dc898a4578]

GC Heap History (20 events):
Event: 1730.595 GC heap after
{Heap after GC invocations=100 (full 0):
 garbage-first heap   total 750592K, used 269280K [0x0000000080000000, 0x0000000100000000)
  region size 1024K, 5 young (5120K), 5 survivors (5120K)
 Metaspace       used 175290K, committed 178432K, reserved 1245184K
  class space    used 22283K, committed 24064K, reserved 1048576K
}
Event: 1732.969 GC heap before
{Heap before GC invocations=100 (full 0):
 garbage-first heap   total 750592K, used 300000K [0x0000000080000000, 0x0000000100000000)
  region size 1024K, 36 young (36864K), 5 survivors (5120K)
 Metaspace       used 175415K, committed 178560K, reserved 1245184K
  class space    used 22285K, committed 24064K, reserved 1048576K
}
Event: 1733.069 GC heap after
{Heap after GC invocations=101 (full 0):
 garbage-first heap   total 750592K, used 271591K [0x0000000080000000, 0x0000000100000000)
  region size 1024K, 5 young (5120K), 5 survivors (5120K)
 Metaspace       used 175415K, committed 178560K, reserved 1245184K
  class space    used 22285K, committed 24064K, reserved 1048576K
}
Event: 1734.241 GC heap before
{Heap before GC invocations=101 (full 0):
 garbage-first heap   total 750592K, used 305383K [0x0000000080000000, 0x0000000100000000)
  region size 1024K, 40 young (40960K), 5 survivors (5120K)
 Metaspace       used 175429K, committed 178560K, reserved 1245184K
  class space    used 22285K, committed 24064K, reserved 1048576K
}
Event: 1734.294 GC heap after
{Heap after GC invocations=102 (full 0):
 garbage-first heap   total 750592K, used 276397K [0x0000000080000000, 0x0000000100000000)
  region size 1024K, 10 young (10240K), 10 survivors (10240K)
 Metaspace       used 175429K, committed 178560K, reserved 1245184K
  class space    used 22285K, committed 24064K, reserved 1048576K
}
Event: 1748.457 GC heap before
{Heap before GC invocations=103 (full 0):
 garbage-first heap   total 750592K, used 502701K [0x0000000080000000, 0x0000000100000000)
  region size 1024K, 207 young (211968K), 10 survivors (10240K)
 Metaspace       used 175361K, committed 178752K, reserved 1245184K
  class space    used 22263K, committed 24064K, reserved 1048576K
}
Event: 1748.528 GC heap after
{Heap after GC invocations=104 (full 0):
 garbage-first heap   total 750592K, used 279305K [0x0000000080000000, 0x0000000100000000)
  region size 1024K, 23 young (23552K), 23 survivors (23552K)
 Metaspace       used 175361K, committed 178752K, reserved 1245184K
  class space    used 22263K, committed 24064K, reserved 1048576K
}
Event: 1748.579 GC heap before
{Heap before GC invocations=104 (full 0):
 garbage-first heap   total 750592K, used 291593K [0x0000000080000000, 0x0000000100000000)
  region size 1024K, 36 young (36864K), 23 survivors (23552K)
 Metaspace       used 175363K, committed 178752K, reserved 1245184K
  class space    used 22263K, committed 24064K, reserved 1048576K
}
Event: 1748.657 GC heap after
{Heap after GC invocations=105 (full 0):
 garbage-first heap   total 750592K, used 277504K [0x0000000080000000, 0x0000000100000000)
  region size 1024K, 4 young (4096K), 4 survivors (4096K)
 Metaspace       used 175363K, committed 178752K, reserved 1245184K
  class space    used 22263K, committed 24064K, reserved 1048576K
}
Event: 1749.159 GC heap before
{Heap before GC invocations=105 (full 0):
 garbage-first heap   total 750592K, used 321536K [0x0000000080000000, 0x0000000100000000)
  region size 1024K, 48 young (49152K), 4 survivors (4096K)
 Metaspace       used 175366K, committed 178752K, reserved 1245184K
  class space    used 22263K, committed 24064K, reserved 1048576K
}
Event: 1749.169 GC heap after
{Heap after GC invocations=106 (full 0):
 garbage-first heap   total 750592K, used 272833K [0x0000000080000000, 0x0000000100000000)
  region size 1024K, 4 young (4096K), 4 survivors (4096K)
 Metaspace       used 175366K, committed 178752K, reserved 1245184K
  class space    used 22263K, committed 24064K, reserved 1048576K
}
Event: 1750.943 GC heap before
{Heap before GC invocations=106 (full 0):
 garbage-first heap   total 750592K, used 351681K [0x0000000080000000, 0x0000000100000000)
  region size 1024K, 78 young (79872K), 4 survivors (4096K)
 Metaspace       used 175371K, committed 178752K, reserved 1245184K
  class space    used 22263K, committed 24064K, reserved 1048576K
}
Event: 1750.951 GC heap after
{Heap after GC invocations=107 (full 0):
 garbage-first heap   total 750592K, used 267873K [0x0000000080000000, 0x0000000100000000)
  region size 1024K, 5 young (5120K), 5 survivors (5120K)
 Metaspace       used 175371K, committed 178752K, reserved 1245184K
  class space    used 22263K, committed 24064K, reserved 1048576K
}
Event: 1752.185 GC heap before
{Heap before GC invocations=107 (full 0):
 garbage-first heap   total 750592K, used 384609K [0x0000000080000000, 0x0000000100000000)
  region size 1024K, 116 young (118784K), 5 survivors (5120K)
 Metaspace       used 175398K, committed 178752K, reserved 1245184K
  class space    used 22266K, committed 24064K, reserved 1048576K
}
Event: 1752.276 GC heap after
{Heap after GC invocations=108 (full 0):
 garbage-first heap   total 750592K, used 292864K [0x0000000080000000, 0x0000000100000000)
  region size 1024K, 15 young (15360K), 15 survivors (15360K)
 Metaspace       used 175398K, committed 178752K, reserved 1245184K
  class space    used 22266K, committed 24064K, reserved 1048576K
}
Event: 1752.371 GC heap before
{Heap before GC invocations=108 (full 0):
 garbage-first heap   total 750592K, used 314368K [0x0000000080000000, 0x0000000100000000)
  region size 1024K, 36 young (36864K), 15 survivors (15360K)
 Metaspace       used 175399K, committed 178752K, reserved 1245184K
  class space    used 22266K, committed 24064K, reserved 1048576K
}
Event: 1752.421 GC heap after
{Heap after GC invocations=109 (full 0):
 garbage-first heap   total 750592K, used 290816K [0x0000000080000000, 0x0000000100000000)
  region size 1024K, 5 young (5120K), 5 survivors (5120K)
 Metaspace       used 175399K, committed 178752K, reserved 1245184K
  class space    used 22266K, committed 24064K, reserved 1048576K
}
Event: 1753.030 GC heap before
{Heap before GC invocations=109 (full 0):
 garbage-first heap   total 750592K, used 398336K [0x0000000080000000, 0x0000000100000000)
  region size 1024K, 109 young (111616K), 5 survivors (5120K)
 Metaspace       used 179245K, committed 182016K, reserved 1245184K
  class space    used 22592K, committed 24064K, reserved 1048576K
}
Event: 1753.182 GC heap after
{Heap after GC invocations=110 (full 0):
 garbage-first heap   total 750592K, used 339968K [0x0000000080000000, 0x0000000100000000)
  region size 1024K, 14 young (14336K), 14 survivors (14336K)
 Metaspace       used 179245K, committed 182016K, reserved 1245184K
  class space    used 22592K, committed 24064K, reserved 1048576K
}
Event: 1753.492 GC heap before
{Heap before GC invocations=110 (full 0):
 garbage-first heap   total 750592K, used 362496K [0x0000000080000000, 0x0000000100000000)
  region size 1024K, 36 young (36864K), 14 survivors (14336K)
 Metaspace       used 180071K, committed 182784K, reserved 1245184K
  class space    used 22689K, committed 24064K, reserved 1048576K
}

Dll operation events (3 events):
Event: 0.016 Loaded shared library C:\Program Files\Android\Android Studio\jbr\bin\java.dll
Event: 0.025 Loaded shared library C:\Program Files\Android\Android Studio\jbr\bin\zip.dll
Event: 0.660 Loaded shared library C:\Program Files\Android\Android Studio\jbr\bin\verify.dll

Deoptimization events (20 events):
Event: 1751.241 Thread 0x000002dcab7fae90 DEOPT PACKING pc=0x000002dc87c55ca7 sp=0x000000dfdd3fd5b0
Event: 1751.241 Thread 0x000002dcab7fae90 DEOPT UNPACKING pc=0x000002dc8f0c88e2 sp=0x000000dfdd3fcac0 mode 0
Event: 1751.331 Thread 0x000002dcab7fae90 DEOPT PACKING pc=0x000002dc87c8fb18 sp=0x000000dfdd3fcb50
Event: 1751.331 Thread 0x000002dcab7fae90 DEOPT UNPACKING pc=0x000002dc8f0c88e2 sp=0x000000dfdd3fbfc8 mode 0
Event: 1753.374 Thread 0x000002dcab7fae90 Uncommon trap: trap_request=0xffffff45 fr.pc=0x000002dc8fb76508 relative=0x0000000000000148
Event: 1753.374 Thread 0x000002dcab7fae90 Uncommon trap: reason=unstable_if action=reinterpret pc=0x000002dc8fb76508 method=com.google.gson.stream.JsonReader.nextNonWhitespace(Z)I @ 61 c2
Event: 1753.374 Thread 0x000002dcab7fae90 DEOPT PACKING pc=0x000002dc8fb76508 sp=0x000000dfdd3fd160
Event: 1753.375 Thread 0x000002dcab7fae90 DEOPT UNPACKING pc=0x000002dc8f0c7da2 sp=0x000000dfdd3fd0e0 mode 2
Event: 1753.381 Thread 0x000002dcab7fae90 Uncommon trap: trap_request=0xffffffde fr.pc=0x000002dc90391f9c relative=0x000000000000017c
Event: 1753.381 Thread 0x000002dcab7fae90 Uncommon trap: reason=class_check action=maybe_recompile pc=0x000002dc90391f9c method=kotlin.jvm.internal.Intrinsics.areEqual(Ljava/lang/Object;Ljava/lang/Object;)Z @ 18 c2
Event: 1753.381 Thread 0x000002dcab7fae90 DEOPT PACKING pc=0x000002dc90391f9c sp=0x000000dfdd3fd0f0
Event: 1753.381 Thread 0x000002dcab7fae90 DEOPT UNPACKING pc=0x000002dc8f0c7da2 sp=0x000000dfdd3fd088 mode 2
Event: 1753.381 Thread 0x000002dcab7fae90 Uncommon trap: trap_request=0xffffffde fr.pc=0x000002dc90391f9c relative=0x000000000000017c
Event: 1753.381 Thread 0x000002dcab7fae90 Uncommon trap: reason=class_check action=maybe_recompile pc=0x000002dc90391f9c method=kotlin.jvm.internal.Intrinsics.areEqual(Ljava/lang/Object;Ljava/lang/Object;)Z @ 18 c2
Event: 1753.381 Thread 0x000002dcab7fae90 DEOPT PACKING pc=0x000002dc90391f9c sp=0x000000dfdd3fd0f0
Event: 1753.381 Thread 0x000002dcab7fae90 DEOPT UNPACKING pc=0x000002dc8f0c7da2 sp=0x000000dfdd3fd088 mode 2
Event: 1753.381 Thread 0x000002dcab7fae90 Uncommon trap: trap_request=0xffffffde fr.pc=0x000002dc90391f9c relative=0x000000000000017c
Event: 1753.381 Thread 0x000002dcab7fae90 Uncommon trap: reason=class_check action=maybe_recompile pc=0x000002dc90391f9c method=kotlin.jvm.internal.Intrinsics.areEqual(Ljava/lang/Object;Ljava/lang/Object;)Z @ 18 c2
Event: 1753.381 Thread 0x000002dcab7fae90 DEOPT PACKING pc=0x000002dc90391f9c sp=0x000000dfdd3fd0f0
Event: 1753.381 Thread 0x000002dcab7fae90 DEOPT UNPACKING pc=0x000002dc8f0c7da2 sp=0x000000dfdd3fd088 mode 2

Classes loaded (20 events):
Event: 342.338 Loading class java/nio/HeapShortBuffer
Event: 342.341 Loading class java/nio/HeapShortBuffer done
Event: 343.975 Loading class java/util/concurrent/ForkJoinTask$AdaptedInterruptibleCallable
Event: 343.982 Loading class java/util/concurrent/ForkJoinTask$AdaptedInterruptibleCallable done
Event: 352.043 Loading class java/lang/StackStreamFactory
Event: 352.048 Loading class java/lang/StackStreamFactory done
Event: 352.049 Loading class java/lang/StackWalker$ExtendedOption
Event: 352.050 Loading class java/lang/StackWalker$ExtendedOption done
Event: 352.050 Loading class java/lang/StackStreamFactory$StackFrameTraverser
Event: 352.052 Loading class java/lang/StackStreamFactory$StackFrameTraverser done
Event: 352.052 Loading class java/lang/StackStreamFactory$WalkerState
Event: 352.052 Loading class java/lang/StackStreamFactory$WalkerState done
Event: 352.052 Loading class java/lang/StackStreamFactory$StackFrameTraverser$StackFrameBuffer
Event: 352.053 Loading class java/lang/StackStreamFactory$FrameBuffer
Event: 352.054 Loading class java/lang/StackStreamFactory$FrameBuffer done
Event: 352.054 Loading class java/lang/StackStreamFactory$StackFrameTraverser$StackFrameBuffer done
Event: 352.057 Loading class java/util/logging/LogRecord
Event: 352.059 Loading class java/util/logging/LogRecord done
Event: 880.642 Loading class java/rmi/server/Unreferenced
Event: 880.652 Loading class java/rmi/server/Unreferenced done

Classes unloaded (20 events):
Event: 1736.282 Thread 0x000002dc9b8639d0 Unloading class 0x000000010118c830 'jdk/internal/jimage/ImageReader$Directory'
Event: 1736.282 Thread 0x000002dc9b8639d0 Unloading class 0x000000010118c5b0 'jdk/internal/jimage/ImageReader$Node'
Event: 1736.282 Thread 0x000002dc9b8639d0 Unloading class 0x0000000101170d70 'jdk/internal/jimage/ImageStrings'
Event: 1736.283 Thread 0x000002dc9b8639d0 Unloading class 0x000000010118c2d8 'jdk/internal/jimage/ImageReader$SharedImageReader'
Event: 1736.283 Thread 0x000002dc9b8639d0 Unloading class 0x000000010118c000 'jdk/internal/jimage/BasicImageReader'
Event: 1736.285 Thread 0x000002dc9b8639d0 Unloading class 0x0000000101170b38 'jdk/internal/jimage/ImageReader'
Event: 1736.285 Thread 0x000002dc9b8639d0 Unloading class 0x00000001011708f8 'jdk/internal/jrtfs/SystemImage$2'
Event: 1736.285 Thread 0x000002dc9b8639d0 Unloading class 0x00000001011706c8 'jdk/internal/jrtfs/SystemImage$$Lambda+0x00000001011706c8'
Event: 1736.285 Thread 0x000002dc9b8639d0 Unloading class 0x0000000101170480 'jdk/internal/jrtfs/ExplodedImage'
Event: 1736.285 Thread 0x000002dc9b8639d0 Unloading class 0x0000000101170230 'jdk/internal/jrtfs/SystemImage$1'
Event: 1736.285 Thread 0x000002dc9b8639d0 Unloading class 0x0000000101170000 'jdk/internal/jrtfs/SystemImage'
Event: 1736.285 Thread 0x000002dc9b8639d0 Unloading class 0x00000001011d1390 'jdk/internal/jrtfs/JrtFileStore'
Event: 1736.285 Thread 0x000002dc9b8639d0 Unloading class 0x00000001011d1000 'jdk/internal/jrtfs/JrtPath'
Event: 1736.285 Thread 0x000002dc9b8639d0 Unloading class 0x0000000101171308 'jdk/internal/jrtfs/JrtFileSystem'
Event: 1736.285 Thread 0x000002dc9b8639d0 Unloading class 0x0000000101171000 'jdk/internal/jrtfs/JrtFileSystemProvider'
Event: 1736.285 Thread 0x000002dc9b8639d0 Unloading class 0x000000010153ca30 'android/databinding/tool/writer/AnnotationJavaFileWriter'
Event: 1736.286 Thread 0x000002dc9b8639d0 Unloading class 0x000000010153c800 'android/databinding/tool/writer/JavaFileWriter'
Event: 1736.286 Thread 0x000002dc9b8639d0 Unloading class 0x000000010158c520 'android/databinding/annotationprocessor/ProcessDataBinding$Callback'
Event: 1736.287 Thread 0x000002dc9b8639d0 Unloading class 0x000000010158c298 'javax/xml/bind/JAXBException'
Event: 1736.287 Thread 0x000002dc9b8639d0 Unloading class 0x000000010158c000 'android/databinding/annotationprocessor/ProcessDataBinding'

Classes redefined (0 events):
No events

Internal exceptions (20 events):
Event: 1734.150 Thread 0x000002dca62e1ec0 Exception <a 'sun/nio/fs/WindowsException'{0x00000000fdccf6d8}> (0x00000000fdccf6d8) 
thrown [s\src\hotspot\share\prims\jni.cpp, line 535]
Event: 1735.128 Thread 0x000002dca62e1ec0 Exception <a 'sun/nio/fs/WindowsException'{0x00000000fbf6efb0}> (0x00000000fbf6efb0) 
thrown [s\src\hotspot\share\prims\jni.cpp, line 535]
Event: 1735.131 Thread 0x000002dca62e1ec0 Exception <a 'sun/nio/fs/WindowsException'{0x00000000fbf70328}> (0x00000000fbf70328) 
thrown [s\src\hotspot\share\prims\jni.cpp, line 535]
Event: 1735.140 Thread 0x000002dca62e1ec0 Exception <a 'sun/nio/fs/WindowsException'{0x00000000fbf71338}> (0x00000000fbf71338) 
thrown [s\src\hotspot\share\prims\jni.cpp, line 535]
Event: 1735.225 Thread 0x000002dca62e1ec0 Exception <a 'sun/nio/fs/WindowsException'{0x00000000fbee4e68}> (0x00000000fbee4e68) 
thrown [s\src\hotspot\share\prims\jni.cpp, line 535]
Event: 1735.323 Thread 0x000002dca62e1ec0 Exception <a 'sun/nio/fs/WindowsException'{0x00000000fbdba758}> (0x00000000fbdba758) 
thrown [s\src\hotspot\share\prims\jni.cpp, line 535]
Event: 1738.280 Thread 0x000002dca62e3270 Exception <a 'sun/nio/fs/WindowsException'{0x00000000fa7198b0}> (0x00000000fa7198b0) 
thrown [s\src\hotspot\share\prims\jni.cpp, line 535]
Event: 1738.281 Thread 0x000002dca62e3270 Exception <a 'sun/nio/fs/WindowsException'{0x00000000fa71ac48}> (0x00000000fa71ac48) 
thrown [s\src\hotspot\share\prims\jni.cpp, line 535]
Event: 1738.282 Thread 0x000002dca62e3270 Exception <a 'sun/nio/fs/WindowsException'{0x00000000fa71bc58}> (0x00000000fa71bc58) 
thrown [s\src\hotspot\share\prims\jni.cpp, line 535]
Event: 1738.309 Thread 0x000002dca62e3270 Exception <a 'sun/nio/fs/WindowsException'{0x00000000fa694098}> (0x00000000fa694098) 
thrown [s\src\hotspot\share\prims\jni.cpp, line 535]
Event: 1738.351 Thread 0x000002dca62e3270 Exception <a 'sun/nio/fs/WindowsException'{0x00000000fa5806f8}> (0x00000000fa5806f8) 
thrown [s\src\hotspot\share\prims\jni.cpp, line 535]
Event: 1738.609 Thread 0x000002dca62e1ec0 Exception <a 'sun/nio/fs/WindowsException'{0x00000000f9c92ef8}> (0x00000000f9c92ef8) 
thrown [s\src\hotspot\share\prims\jni.cpp, line 535]
Event: 1738.946 Thread 0x000002dca62da8a0 Exception <a 'sun/nio/fs/WindowsException'{0x00000000f921ada0}> (0x00000000f921ada0) 
thrown [s\src\hotspot\share\prims\jni.cpp, line 535]
Event: 1739.278 Thread 0x000002dca62e1ec0 Exception <a 'sun/nio/fs/WindowsException'{0x00000000f9543fe8}> (0x00000000f9543fe8) 
thrown [s\src\hotspot\share\prims\jni.cpp, line 535]
Event: 1739.484 Thread 0x000002dca62e1ec0 Exception <a 'sun/nio/fs/WindowsException'{0x00000000f797d188}> (0x00000000f797d188) 
thrown [s\src\hotspot\share\prims\jni.cpp, line 535]
Event: 1740.924 Thread 0x000002dcab7fb520 Exception <a 'sun/nio/fs/WindowsException'{0x00000000a1a170f0}> (0x00000000a1a170f0) 
thrown [s\src\hotspot\share\prims\jni.cpp, line 535]
Event: 1740.926 Thread 0x000002dcab7fb520 Exception <a 'sun/nio/fs/WindowsException'{0x00000000a1a17c10}> (0x00000000a1a17c10) 
thrown [s\src\hotspot\share\prims\jni.cpp, line 535]
Event: 1748.547 Thread 0x000002dcab7fb520 Exception <a 'sun/nio/fs/WindowsException'{0x00000000fef0be18}> (0x00000000fef0be18) 
thrown [s\src\hotspot\share\prims\jni.cpp, line 535]
Event: 1750.829 Thread 0x000002dcab7fae90 Exception <a 'sun/nio/fs/WindowsException'{0x00000000fb15d5e8}> (0x00000000fb15d5e8) 
thrown [s\src\hotspot\share\prims\jni.cpp, line 535]
Event: 1751.320 Thread 0x000002dcab7fae90 Exception <a 'sun/nio/fs/WindowsException'{0x00000000fd81d8d8}> (0x00000000fd81d8d8) 
thrown [s\src\hotspot\share\prims\jni.cpp, line 535]

ZGC Phase Switch (0 events):
No events

VM Operations (20 events):
Event: 1743.638 Executing VM operation: RendezvousGCThreads done
Event: 1748.456 Executing VM operation: G1CollectForAllocation (G1 Evacuation Pause)
Event: 1748.529 Executing VM operation: G1CollectForAllocation (G1 Evacuation Pause) done
Event: 1748.579 Executing VM operation: G1CollectForAllocation (G1 Evacuation Pause)
Event: 1748.657 Executing VM operation: G1CollectForAllocation (G1 Evacuation Pause) done
Event: 1749.159 Executing VM operation: G1CollectForAllocation (G1 Evacuation Pause)
Event: 1749.169 Executing VM operation: G1CollectForAllocation (G1 Evacuation Pause) done
Event: 1750.169 Executing VM operation: Cleanup
Event: 1750.169 Executing VM operation: Cleanup done
Event: 1750.943 Executing VM operation: G1CollectForAllocation (G1 Evacuation Pause)
Event: 1750.951 Executing VM operation: G1CollectForAllocation (G1 Evacuation Pause) done
Event: 1751.958 Executing VM operation: Cleanup
Event: 1751.958 Executing VM operation: Cleanup done
Event: 1752.185 Executing VM operation: G1CollectForAllocation (G1 Evacuation Pause)
Event: 1752.276 Executing VM operation: G1CollectForAllocation (G1 Evacuation Pause) done
Event: 1752.371 Executing VM operation: G1CollectForAllocation (G1 Evacuation Pause)
Event: 1752.421 Executing VM operation: G1CollectForAllocation (G1 Evacuation Pause) done
Event: 1753.030 Executing VM operation: G1CollectForAllocation (G1 Evacuation Pause)
Event: 1753.182 Executing VM operation: G1CollectForAllocation (G1 Evacuation Pause) done
Event: 1753.492 Executing VM operation: G1CollectForAllocation (G1 Evacuation Pause)

Memory protections (0 events):
No events

Nmethod flushes (20 events):
Event: 1737.661 Thread 0x000002dc9b8639d0 flushing  nmethod 0x000002dc8a83c810
Event: 1737.661 Thread 0x000002dc9b8639d0 flushing  nmethod 0x000002dc8a83cd90
Event: 1737.661 Thread 0x000002dc9b8639d0 flushing  nmethod 0x000002dc8a84dc10
Event: 1737.661 Thread 0x000002dc9b8639d0 flushing  nmethod 0x000002dc8a84e090
Event: 1737.661 Thread 0x000002dc9b8639d0 flushing  nmethod 0x000002dc8a84f690
Event: 1737.661 Thread 0x000002dc9b8639d0 flushing  nmethod 0x000002dc8a851210
Event: 1737.661 Thread 0x000002dc9b8639d0 flushing  nmethod 0x000002dc8a86b710
Event: 1737.661 Thread 0x000002dc9b8639d0 flushing  nmethod 0x000002dc8a884c10
Event: 1737.661 Thread 0x000002dc9b8639d0 flushing  nmethod 0x000002dc8a886210
Event: 1737.661 Thread 0x000002dc9b8639d0 flushing  nmethod 0x000002dc8a889190
Event: 1737.661 Thread 0x000002dc9b8639d0 flushing  nmethod 0x000002dc8a8ac110
Event: 1737.661 Thread 0x000002dc9b8639d0 flushing  nmethod 0x000002dc8a8ad190
Event: 1737.661 Thread 0x000002dc9b8639d0 flushing  nmethod 0x000002dc8a8aea90
Event: 1737.661 Thread 0x000002dc9b8639d0 flushing  nmethod 0x000002dc8a8af490
Event: 1737.661 Thread 0x000002dc9b8639d0 flushing  nmethod 0x000002dc8a8b0610
Event: 1737.661 Thread 0x000002dc9b8639d0 flushing  nmethod 0x000002dc8a8db910
Event: 1737.661 Thread 0x000002dc9b8639d0 flushing  nmethod 0x000002dc8a8e3210
Event: 1737.661 Thread 0x000002dc9b8639d0 flushing  nmethod 0x000002dc8a8e3590
Event: 1737.661 Thread 0x000002dc9b8639d0 flushing  nmethod 0x000002dc8a8e8490
Event: 1737.661 Thread 0x000002dc9b8639d0 flushing  nmethod 0x000002dc8a8ea910

Events (20 events):
Event: 1738.913 Thread 0x000002dca62da8a0 Thread added: 0x000002dcab801790
Event: 1738.913 Thread 0x000002dca62da8a0 Thread added: 0x000002dcab8024b0
Event: 1739.036 Thread 0x000002dca62e1830 Thread added: 0x000002dcac159280
Event: 1739.036 Thread 0x000002dca62e1830 Thread added: 0x000002dcac1536a0
Event: 1739.036 Thread 0x000002dca62e1830 Thread added: 0x000002dcac159910
Event: 1739.575 Thread 0x000002dcabf241c0 Thread exited: 0x000002dcabf241c0
Event: 1740.099 Thread 0x000002dc9b9d99e0 Thread added: 0x000002dca1ce9ae0
Event: 1740.860 Thread 0x000002dca62e3270 Thread added: 0x000002dca5a0d760
Event: 1740.914 Thread 0x000002dca62e3270 Thread added: 0x000002dca5a0c3b0
Event: 1741.007 Thread 0x000002dcab7fb520 Thread added: 0x000002dca5a0ddf0
Event: 1741.020 Thread 0x000002dcab7fb520 Thread added: 0x000002dca5a0f1a0
Event: 1741.020 Thread 0x000002dcab7fb520 Thread added: 0x000002dca5a0d0d0
Event: 1741.056 Thread 0x000002dca1ce9ae0 Thread exited: 0x000002dca1ce9ae0
Event: 1748.335 Thread 0x000002dc9b9d87b0 Thread added: 0x000002dcab341ce0
Event: 1749.095 Thread 0x000002dca62e1ec0 Thread added: 0x000002dca5a0e480
Event: 1749.095 Thread 0x000002dca62e1ec0 Thread added: 0x000002dca5a0ca40
Event: 1749.113 Thread 0x000002dca62e1ec0 Thread added: 0x000002dca5a0eb10
Event: 1749.811 Thread 0x000002dcab341ce0 Thread exited: 0x000002dcab341ce0
Event: 1751.322 Thread 0x000002dc9b9d99e0 Thread added: 0x000002dcab33c450
Event: 1751.931 Thread 0x000002dcab33c450 Thread exited: 0x000002dcab33c450


Dynamic libraries:
0x00007ff611580000 - 0x00007ff61158a000 	C:\Program Files\Android\Android Studio\jbr\bin\java.exe
0x00007ffc0d230000 - 0x00007ffc0d447000 	C:\WINDOWS\SYSTEM32\ntdll.dll
0x00007ffc0b470000 - 0x00007ffc0b533000 	C:\WINDOWS\System32\KERNEL32.DLL
0x00007ffc0a5a0000 - 0x00007ffc0a973000 	C:\WINDOWS\System32\KERNELBASE.dll
0x00007ffc0a340000 - 0x00007ffc0a451000 	C:\WINDOWS\System32\ucrtbase.dll
0x00007ffbcf170000 - 0x00007ffbcf18b000 	C:\Program Files\Android\Android Studio\jbr\bin\VCRUNTIME140.dll
0x00007ffbfd280000 - 0x00007ffbfd298000 	C:\Program Files\Android\Android Studio\jbr\bin\jli.dll
0x00007ffc0b0a0000 - 0x00007ffc0b251000 	C:\WINDOWS\System32\USER32.dll
0x00007ffc0acf0000 - 0x00007ffc0ad16000 	C:\WINDOWS\System32\win32u.dll
0x00007ffc0b8f0000 - 0x00007ffc0b919000 	C:\WINDOWS\System32\GDI32.dll
0x00007ffc0aaf0000 - 0x00007ffc0ac12000 	C:\WINDOWS\System32\gdi32full.dll
0x00007ffc0ac50000 - 0x00007ffc0acea000 	C:\WINDOWS\System32\msvcp_win.dll
0x00007ffbeca60000 - 0x00007ffbeccfb000 	C:\WINDOWS\WinSxS\amd64_microsoft.windows.common-controls_6595b64144ccf1df_6.0.22621.5160_none_2712eb977382d575\COMCTL32.dll
0x00007ffc0c310000 - 0x00007ffc0c3b7000 	C:\WINDOWS\System32\msvcrt.dll
0x00007ffc0d1b0000 - 0x00007ffc0d1e1000 	C:\WINDOWS\System32\IMM32.DLL
0x00007ffbffd00000 - 0x00007ffbffd0c000 	C:\Program Files\Android\Android Studio\jbr\bin\vcruntime140_1.dll
0x00007ffbb1860000 - 0x00007ffbb18ed000 	C:\Program Files\Android\Android Studio\jbr\bin\msvcp140.dll
0x00007ffb90460000 - 0x00007ffb910ea000 	C:\Program Files\Android\Android Studio\jbr\bin\server\jvm.dll
0x00007ffc0bf50000 - 0x00007ffc0c001000 	C:\WINDOWS\System32\ADVAPI32.dll
0x00007ffc0b540000 - 0x00007ffc0b5e8000 	C:\WINDOWS\System32\sechost.dll
0x00007ffc0ac20000 - 0x00007ffc0ac48000 	C:\WINDOWS\System32\bcrypt.dll
0x00007ffc0b9a0000 - 0x00007ffc0bab4000 	C:\WINDOWS\System32\RPCRT4.dll
0x00007ffc0b920000 - 0x00007ffc0b991000 	C:\WINDOWS\System32\WS2_32.dll
0x00007ffc056c0000 - 0x00007ffc056f4000 	C:\WINDOWS\SYSTEM32\WINMM.dll
0x00007ffc03f10000 - 0x00007ffc03f1a000 	C:\WINDOWS\SYSTEM32\VERSION.dll
0x00007ffc0a200000 - 0x00007ffc0a24d000 	C:\WINDOWS\SYSTEM32\POWRPROF.dll
0x00007ffc0a1e0000 - 0x00007ffc0a1f3000 	C:\WINDOWS\SYSTEM32\UMPDC.dll
0x00007ffc09340000 - 0x00007ffc09358000 	C:\WINDOWS\SYSTEM32\kernel.appcore.dll
0x00007ffbfcf50000 - 0x00007ffbfcf5a000 	C:\Program Files\Android\Android Studio\jbr\bin\jimage.dll
0x00007ffc05140000 - 0x00007ffc05372000 	C:\WINDOWS\SYSTEM32\DBGHELP.DLL
0x00007ffc0ce10000 - 0x00007ffc0d1a3000 	C:\WINDOWS\System32\combase.dll
0x00007ffc0b310000 - 0x00007ffc0b3e7000 	C:\WINDOWS\System32\OLEAUT32.dll
0x00007ffc05520000 - 0x00007ffc05552000 	C:\WINDOWS\SYSTEM32\dbgcore.DLL
0x00007ffc0a520000 - 0x00007ffc0a59b000 	C:\WINDOWS\System32\bcryptPrimitives.dll
0x00007ffc00550000 - 0x00007ffc0055e000 	C:\Program Files\Android\Android Studio\jbr\bin\instrument.dll
0x00007ffbcf060000 - 0x00007ffbcf080000 	C:\Program Files\Android\Android Studio\jbr\bin\java.dll
0x00007ffbcec80000 - 0x00007ffbcec98000 	C:\Program Files\Android\Android Studio\jbr\bin\zip.dll
0x00007ffc0c570000 - 0x00007ffc0ce0d000 	C:\WINDOWS\System32\SHELL32.dll
0x00007ffc0ada0000 - 0x00007ffc0aedf000 	C:\WINDOWS\System32\wintypes.dll
0x00007ffc08220000 - 0x00007ffc08b3e000 	C:\WINDOWS\SYSTEM32\windows.storage.dll
0x00007ffc0b7c0000 - 0x00007ffc0b8cb000 	C:\WINDOWS\System32\SHCORE.dll
0x00007ffc0b6c0000 - 0x00007ffc0b726000 	C:\WINDOWS\System32\shlwapi.dll
0x00007ffc0a270000 - 0x00007ffc0a29b000 	C:\WINDOWS\SYSTEM32\profapi.dll
0x00007ffbf3500000 - 0x00007ffbf3510000 	C:\Program Files\Android\Android Studio\jbr\bin\net.dll
0x00007ffc04110000 - 0x00007ffc0423c000 	C:\WINDOWS\SYSTEM32\WINHTTP.dll
0x00007ffc097d0000 - 0x00007ffc0983a000 	C:\WINDOWS\system32\mswsock.dll
0x00007ffbcec60000 - 0x00007ffbcec76000 	C:\Program Files\Android\Android Studio\jbr\bin\nio.dll
0x00007ffc02e20000 - 0x00007ffc02e30000 	C:\Program Files\Android\Android Studio\jbr\bin\verify.dll
0x00007ffb74ea0000 - 0x00007ffb74ec7000 	C:\Users\yashw\.gradle\native\c067742578af261105cb4f569cf0c3c89f3d7b1fecec35dd04571415982c5e48\windows-amd64\native-platform.dll
0x00007ffb4cd00000 - 0x00007ffb4ce44000 	C:\Users\yashw\.gradle\native\38dada09dfb8b06ba9b0570ebf7e218e3eb74d4ef43ca46872605cf95ebc2f47\windows-amd64\native-platform-file-events.dll
0x00007ffbe3250000 - 0x00007ffbe3259000 	C:\Program Files\Android\Android Studio\jbr\bin\management.dll
0x00007ffbe2b80000 - 0x00007ffbe2b8b000 	C:\Program Files\Android\Android Studio\jbr\bin\management_ext.dll
0x00007ffc0b3f0000 - 0x00007ffc0b3f8000 	C:\WINDOWS\System32\PSAPI.DLL
0x00007ffc09a40000 - 0x00007ffc09a5b000 	C:\WINDOWS\SYSTEM32\CRYPTSP.dll
0x00007ffc09290000 - 0x00007ffc092c7000 	C:\WINDOWS\system32\rsaenh.dll
0x00007ffc098e0000 - 0x00007ffc09908000 	C:\WINDOWS\SYSTEM32\USERENV.dll
0x00007ffc09a60000 - 0x00007ffc09a6c000 	C:\WINDOWS\SYSTEM32\CRYPTBASE.dll
0x00007ffc08da0000 - 0x00007ffc08dcd000 	C:\WINDOWS\SYSTEM32\IPHLPAPI.DLL
0x00007ffc0b7b0000 - 0x00007ffc0b7b9000 	C:\WINDOWS\System32\NSI.dll
0x00007ffbe5a20000 - 0x00007ffbe5a29000 	C:\Program Files\Android\Android Studio\jbr\bin\extnet.dll
0x00007ffbcccb0000 - 0x00007ffbcccb8000 	C:\WINDOWS\system32\wshunix.dll
0x00007ffbf4b60000 - 0x00007ffbf4b77000 	C:\WINDOWS\system32\napinsp.dll
0x00007ffbf40a0000 - 0x00007ffbf40bb000 	C:\WINDOWS\system32\pnrpnsp.dll
0x00007ffc08e10000 - 0x00007ffc08f12000 	C:\WINDOWS\SYSTEM32\DNSAPI.dll
0x00007ffbdefa0000 - 0x00007ffbdefb1000 	C:\WINDOWS\System32\winrnr.dll
0x00007ffc023b0000 - 0x00007ffc023c5000 	C:\WINDOWS\system32\wshbth.dll
0x00007ffbbf250000 - 0x00007ffbbf277000 	C:\WINDOWS\system32\nlansp_c.dll
0x00007ffc03f00000 - 0x00007ffc03f0a000 	C:\Windows\System32\rasadhlp.dll
0x00007ffc02410000 - 0x00007ffc02493000 	C:\WINDOWS\System32\fwpuclnt.dll
0x00007ffc09450000 - 0x00007ffc09484000 	C:\WINDOWS\SYSTEM32\ntmarta.dll
0x00007ffc02e00000 - 0x00007ffc02e07000 	C:\Program Files\Android\Android Studio\jbr\bin\rmi.dll

dbghelp: loaded successfully - version: 4.0.5 - missing functions: none
symbol engine: initialized successfully - sym options: 0x614 - pdb path: .;C:\Program Files\Android\Android Studio\jbr\bin;C:\WINDOWS\SYSTEM32;C:\WINDOWS\WinSxS\amd64_microsoft.windows.common-controls_6595b64144ccf1df_6.0.22621.5160_none_2712eb977382d575;C:\Program Files\Android\Android Studio\jbr\bin\server;C:\Users\yashw\.gradle\native\c067742578af261105cb4f569cf0c3c89f3d7b1fecec35dd04571415982c5e48\windows-amd64;C:\Users\yashw\.gradle\native\38dada09dfb8b06ba9b0570ebf7e218e3eb74d4ef43ca46872605cf95ebc2f47\windows-amd64

VM Arguments:
jvm_args: --add-opens=java.base/java.util=ALL-UNNAMED --add-opens=java.base/java.lang=ALL-UNNAMED --add-opens=java.base/java.lang.invoke=ALL-UNNAMED --add-opens=java.prefs/java.util.prefs=ALL-UNNAMED --add-opens=java.base/java.nio.charset=ALL-UNNAMED --add-opens=java.base/java.net=ALL-UNNAMED --add-opens=java.base/java.util.concurrent.atomic=ALL-UNNAMED -Xmx2048m -Dfile.encoding=UTF-8 -Duser.country=US -Duser.language=en -Duser.variant -javaagent:C:\Users\yashw\.gradle\wrapper\dists\gradle-8.4-bin\1w5dpkrfk8irigvoxmyhowfim\gradle-8.4\lib\agents\gradle-instrumentation-agent-8.4.jar 
java_command: org.gradle.launcher.daemon.bootstrap.GradleDaemon 8.4
java_class_path (initial): C:\Users\yashw\.gradle\wrapper\dists\gradle-8.4-bin\1w5dpkrfk8irigvoxmyhowfim\gradle-8.4\lib\gradle-launcher-8.4.jar
Launcher Type: SUN_STANDARD

[Global flags]
     intx CICompilerCount                          = 3                                         {product} {ergonomic}
     uint ConcGCThreads                            = 1                                         {product} {ergonomic}
     uint G1ConcRefinementThreads                  = 4                                         {product} {ergonomic}
   size_t G1HeapRegionSize                         = 1048576                                   {product} {ergonomic}
    uintx GCDrainStackTargetSize                   = 64                                        {product} {ergonomic}
   size_t InitialHeapSize                          = 132120576                                 {product} {ergonomic}
   size_t MarkStackSize                            = 4194304                                   {product} {ergonomic}
   size_t MaxHeapSize                              = 2147483648                                {product} {command line}
   size_t MaxNewSize                               = 1287651328                                {product} {ergonomic}
   size_t MinHeapDeltaBytes                        = 1048576                                   {product} {ergonomic}
   size_t MinHeapSize                              = 8388608                                   {product} {ergonomic}
    uintx NonNMethodCodeHeapSize                   = 5832780                                {pd product} {ergonomic}
    uintx NonProfiledCodeHeapSize                  = 122912730                              {pd product} {ergonomic}
    uintx ProfiledCodeHeapSize                     = 122912730                              {pd product} {ergonomic}
    uintx ReservedCodeCacheSize                    = 251658240                              {pd product} {ergonomic}
     bool SegmentedCodeCache                       = true                                      {product} {ergonomic}
   size_t SoftMaxHeapSize                          = 2147483648                             {manageable} {ergonomic}
     bool UseCompressedOops                        = true                           {product lp64_product} {ergonomic}
     bool UseG1GC                                  = true                                      {product} {ergonomic}
     bool UseLargePagesIndividualAllocation        = false                                  {pd product} {ergonomic}

Logging:
Log output configuration:
 #0: stdout all=warning uptime,level,tags foldmultilines=false
 #1: stderr all=off uptime,level,tags foldmultilines=false

Environment Variables:
JAVA_HOME=C:\Program Files\Java\jdk1.8.0_202
PATH=C:\Program Files (x86)\Common Files\Oracle\Java\javapath;C:\Program Files\Python310\Scripts\;C:\Program Files\Python310\;C:\Program Files\Java\jdk1.8.0_321\bin;C:\Program Files (x86)\dotnet\;C:\Program Files\MySQL\MySQL Server 8.0\bin;C:\WINDOWS\system32;C:\WINDOWS;C:\WINDOWS\System32\Wbem;C:\WINDOWS\System32\WindowsPowerShell\v1.0\;C:\WINDOWS\System32\OpenSSH\;C:\Program Files\nodejs\;C:\ProgramData\chocolatey\bin;C:\Program Files\MySQL\MySQL Server 8.0\bin;C:\Program Files\Git\cmd;C:\Program Files\MySQL\MySQL Shell 8.0\bin\;C:\Users\yashw\AppData\Local\Microsoft\WindowsApps;C:\Program Files\JetBrains\IntelliJ IDEA Community Edition 2021.2.3\bin;C:\Program Files\JetBrains\PyCharm Community Edition 2021.2.3\bin;C:\Users\yashw\AppData\Local\atom\bin;C:\Program Files\Java\jdk1.8.0_202\bin;;C:\Users\yashw\AppData\Local\Programs\Microsoft VS Code\bin;C:\Users\yashw\AppData\Local\Microsoft\WindowsApps;C:\Users\yashw\AppData\Roaming\npm
USERNAME=yashw
OS=Windows_NT
PROCESSOR_IDENTIFIER=Intel64 Family 6 Model 140 Stepping 1, GenuineIntel
TMP=C:\Users\yashw\AppData\Local\Temp
TEMP=C:\Users\yashw\AppData\Local\Temp




Periodic native trim disabled

JNI global refs:
JNI global refs: 27, weak refs: 0

JNI global refs memory usage: 835, weak refs: 833

Process memory usage:
Resident Set Size: 878644K (10% of 8183096K total physical memory with 338868K free physical memory)

OOME stack traces (most recent first):
Classloader memory used:
Loader org.gradle.internal.classloader.VisitableURLClassLoader$InstrumentingVisitableURLClassLoader: 60813K
Loader org.gradle.internal.classloader.VisitableURLClassLoader                         : 44554K
Loader bootstrap                                                                       : 34936K
Loader java.net.URLClassLoader                                                         : 15318K
Loader org.gradle.initialization.MixInLegacyTypesClassLoader                           : 11873K
Loader jdk.internal.loader.ClassLoaders$AppClassLoader                                 : 10477K
Loader jdk.internal.loader.ClassLoaders$PlatformClassLoader                            : 864K
Loader jdk.internal.reflect.DelegatingClassLoader                                      : 689K
Loader org.gradle.groovy.scripts.internal.DefaultScriptCompilationHandler$ScriptClassLoader: 266K
Loader org.codehaus.groovy.runtime.callsite.CallSiteClassLoader                        : 224K
Loader org.gradle.internal.classloader.VisitableURLClassLoader                         : 51152B
Loader sun.reflect.misc.MethodUtil                                                     : 2968B

Classes loaded by more than one classloader:
Class com.google.common.collect.RegularImmutableMap$KeySet                            : loaded 4 times (x 146B)
Class kotlin.io.TextStreamsKt                                                         : loaded 4 times (x 67B)
Class kotlin.io.FileWalkDirection                                                     : loaded 4 times (x 75B)
Class kotlin.collections.AbstractIterator$WhenMappings                                : loaded 4 times (x 67B)
Class com.google.common.collect.Iterators$MergingIterator                             : loaded 4 times (x 77B)
Class kotlin.NotImplementedError                                                      : loaded 4 times (x 78B)
Class kotlin.text.StringsKt__StringsKt                                                : loaded 4 times (x 67B)
Class kotlin.collections.CollectionsKt                                                : loaded 4 times (x 67B)
Class kotlin.io.NoSuchFileException                                                   : loaded 4 times (x 78B)
Class [Lkotlin.collections.State;                                                     : loaded 4 times (x 65B)
Class com.google.common.collect.ImmutableList$SubList                                 : loaded 4 times (x 204B)
Class com.google.common.collect.ForwardingObject                                      : loaded 4 times (x 68B)
Class kotlin.io.FileTreeWalk                                                          : loaded 4 times (x 71B)
Class [Lkotlin.io.FileWalkDirection;                                                  : loaded 4 times (x 65B)
Class org.apache.commons.io.output.ThresholdingOutputStream                           : loaded 4 times (x 90B)
Class com.google.common.collect.ImmutableList                                         : loaded 4 times (x 202B)
Class kotlin.collections.CollectionsKt__ReversedViewsKt                               : loaded 4 times (x 67B)
Class kotlin.sequences.FilteringSequence$iterator$1                                   : loaded 4 times (x 75B)
Class kotlin.io.FilesKt__FileTreeWalkKt                                               : loaded 4 times (x 67B)
Class com.google.common.collect.Maps$KeySet                                           : loaded 4 times (x 133B)
Class kotlin.sequences.SequencesKt__SequenceBuilderKt                                 : loaded 4 times (x 67B)
Class kotlin.jvm.internal.markers.KMappedMarker                                       : loaded 4 times (x 66B)
Class org.apache.commons.io.output.AppendableWriter                                   : loaded 4 times (x 96B)
Class kotlin.sequences.ConstrainedOnceSequence                                        : loaded 4 times (x 71B)
Class com.google.common.collect.Maps$BiMapConverter                                   : loaded 4 times (x 86B)
Class kotlin.NoWhenBranchMatchedException                                             : loaded 4 times (x 78B)
Class kotlin.Lazy                                                                     : loaded 4 times (x 66B)
Class com.google.common.collect.ImmutableMapEntrySet$RegularEntrySet                  : loaded 4 times (x 147B)
Class kotlin.text.StringsKt__StringBuilderKt                                          : loaded 4 times (x 67B)
Class kotlin.collections.ArraysKt__ArraysJVMKt                                        : loaded 4 times (x 67B)
Class com.google.common.base.Joiner$2                                                 : loaded 4 times (x 75B)
Class kotlin.LazyKt                                                                   : loaded 4 times (x 67B)
Class com.google.common.collect.ImmutableList$1                                       : loaded 4 times (x 93B)
Class com.google.common.base.Joiner$1                                                 : loaded 4 times (x 76B)
Class com.google.common.collect.PeekingIterator                                       : loaded 4 times (x 66B)
Class com.google.common.collect.ImmutableEnumSet                                      : loaded 4 times (x 142B)
Class kotlin.text.CharsKt__CharKt                                                     : loaded 4 times (x 67B)
Class kotlin.collections.ArraysKt                                                     : loaded 4 times (x 67B)
Class com.google.common.base.Preconditions                                            : loaded 4 times (x 67B)
Class com.google.common.collect.Hashing                                               : loaded 4 times (x 67B)
Class kotlin.ranges.RangesKt___RangesKt                                               : loaded 4 times (x 67B)
Class com.google.common.collect.RegularImmutableBiMap                                 : loaded 4 times (x 144B)
Class com.google.common.collect.AbstractIterator$State                                : loaded 4 times (x 75B)
Class kotlin.KotlinNullPointerException                                               : loaded 4 times (x 79B)
Class kotlin.ranges.OpenEndRange                                                      : loaded 4 times (x 66B)
Class kotlin.text.Charsets                                                            : loaded 4 times (x 67B)
Class kotlin.collections.MapsKt                                                       : loaded 4 times (x 67B)
Class kotlin.io.FileTreeWalk$FileTreeWalkIterator$TopDownDirectoryState               : loaded 4 times (x 70B)
Class kotlin.collections.CollectionsKt__IterablesKt                                   : loaded 4 times (x 67B)
Class com.google.common.collect.RegularImmutableMap                                   : loaded 4 times (x 117B)
Class com.google.common.collect.ImmutableMap$MapViewOfValuesAsSingletonSets           : loaded 4 times (x 121B)
Class com.google.common.collect.RegularImmutableMap$BucketOverflowException           : loaded 4 times (x 78B)
Class kotlin.jvm.internal.Intrinsics                                                  : loaded 4 times (x 67B)
Class kotlin.ranges.IntProgression$Companion                                          : loaded 4 times (x 67B)
Class kotlin.ranges.IntRange$Companion                                                : loaded 4 times (x 67B)
Class kotlin.text.StringsKt___StringsKt                                               : loaded 4 times (x 67B)
Class kotlin.enums.EnumEntriesKt                                                      : loaded 4 times (x 67B)
Class kotlin.collections.CollectionsKt__MutableCollectionsJVMKt                       : loaded 4 times (x 67B)
Class kotlin.collections.MapsKt__MapWithDefaultKt                                     : loaded 4 times (x 67B)
Class com.google.common.collect.SortedMapDifference                                   : loaded 4 times (x 66B)
Class kotlin.collections.ArraysKt___ArraysKt                                          : loaded 4 times (x 67B)
Class kotlin.collections.MapsKt___MapsKt                                              : loaded 4 times (x 67B)
Class org.apache.commons.io.function.IOFunction                                       : loaded 4 times (x 66B)
Class com.google.common.collect.UnmodifiableListIterator                              : loaded 4 times (x 91B)
Class kotlin.io.FilesKt                                                               : loaded 4 times (x 67B)
Class com.google.common.collect.Maps$AbstractFilteredMap                              : loaded 4 times (x 123B)
Class kotlin.text.StringsKt___StringsJvmKt                                            : loaded 4 times (x 67B)
Class kotlin.annotation.Retention                                                     : loaded 4 times (x 66B)
Class org.apache.commons.io.StandardLineSeparator                                     : loaded 4 times (x 75B)
Class com.google.common.collect.CollectPreconditions                                  : loaded 4 times (x 67B)
Class kotlin.collections.State                                                        : loaded 4 times (x 75B)
Class kotlin.collections.CollectionsKt___CollectionsKt                                : loaded 4 times (x 67B)
Class kotlin.annotation.Target                                                        : loaded 4 times (x 66B)
Class com.google.common.collect.ImmutableEntry                                        : loaded 4 times (x 78B)
Class [Lcom.google.common.collect.AbstractMapEntry;                                   : loaded 4 times (x 65B)
Class kotlin.collections.MapsKt___MapsJvmKt                                           : loaded 4 times (x 67B)
Class kotlin.io.FileTreeWalk$WalkState                                                : loaded 4 times (x 69B)
Class com.google.common.collect.ImmutableMap                                          : loaded 4 times (x 116B)
Class com.google.common.base.Predicate                                                : loaded 4 times (x 66B)
Class kotlin.io.LinesSequence                                                         : loaded 4 times (x 71B)
Class com.google.common.collect.Sets                                                  : loaded 4 times (x 67B)
Class kotlin.jvm.functions.Function1                                                  : loaded 4 times (x 66B)
Class kotlin.jvm.functions.Function0                                                  : loaded 4 times (x 66B)
Class kotlin.collections.ArraysUtilJVM                                                : loaded 4 times (x 67B)
Class kotlin.ranges.RangesKt                                                          : loaded 4 times (x 67B)
Class kotlin.io.FileTreeWalk$DirectoryState                                           : loaded 4 times (x 69B)
Class kotlin.sequences.SequencesKt___SequencesJvmKt                                   : loaded 4 times (x 67B)
Class kotlin.TuplesKt                                                                 : loaded 4 times (x 67B)
Class kotlin.Unit                                                                     : loaded 4 times (x 67B)
Class kotlin.collections.CollectionsKt___CollectionsJvmKt                             : loaded 4 times (x 67B)
Class com.google.common.collect.ImmutableSet                                          : loaded 4 times (x 141B)
Class [Lcom.google.common.collect.AbstractIterator$State;                             : loaded 4 times (x 65B)
Class com.google.common.collect.RegularImmutableMap$Values                            : loaded 4 times (x 203B)
Class com.google.common.collect.Sets$FilteredSet                                      : loaded 4 times (x 133B)
Class kotlin.text.CharsKt__CharJVMKt                                                  : loaded 4 times (x 67B)
Class kotlin.collections.AbstractList$Companion                                       : loaded 4 times (x 67B)
Class kotlin.sequences.SequencesKt___SequencesKt                                      : loaded 4 times (x 67B)
Class kotlin.sequences.FilteringSequence                                              : loaded 4 times (x 71B)
Class kotlin.comparisons.ComparisonsKt___ComparisonsKt                                : loaded 4 times (x 67B)
Class kotlin.comparisons.ComparisonsKt                                                : loaded 4 times (x 67B)
Class kotlin.sequences.SequencesKt__SequencesKt                                       : loaded 4 times (x 67B)
Class kotlin.ranges.RangesKt__RangesKt                                                : loaded 4 times (x 67B)
Class org.apache.commons.io.FileUtils                                                 : loaded 4 times (x 67B)
Class kotlin.comparisons.ComparisonsKt__ComparisonsKt                                 : loaded 4 times (x 67B)
Class kotlin.UNINITIALIZED_VALUE                                                      : loaded 4 times (x 67B)
Class com.google.common.collect.Sets$SetView                                          : loaded 4 times (x 134B)
Class kotlin.text.StringsKt__StringBuilderJVMKt                                       : loaded 4 times (x 67B)
Class [Lcom.google.common.collect.ImmutableMapEntry;                                  : loaded 4 times (x 65B)
Class kotlin.io.FileTreeWalk$FileTreeWalkIterator                                     : loaded 4 times (x 79B)
Class kotlin.LazyKt__LazyKt                                                           : loaded 4 times (x 67B)
Class com.google.common.collect.Maps$8                                                : loaded 4 times (x 78B)
Class kotlin.sequences.SequencesKt__SequencesJVMKt                                    : loaded 4 times (x 67B)
Class kotlin.collections.AbstractCollection                                           : loaded 4 times (x 113B)
Class kotlin.collections.AbstractList                                                 : loaded 4 times (x 193B)
Class com.google.common.primitives.Ints$IntConverter                                  : loaded 4 times (x 86B)
Class kotlin.text.StringsKt__RegexExtensionsKt                                        : loaded 4 times (x 67B)
Class kotlin.SynchronizedLazyImpl                                                     : loaded 4 times (x 72B)
Class kotlin.collections.EmptyIterator                                                : loaded 4 times (x 85B)
Class org.apache.commons.io.file.PathFilter                                           : loaded 4 times (x 66B)
Class [Lcom.google.common.collect.ImmutableEntry;                                     : loaded 4 times (x 65B)
Class com.google.common.collect.Maps                                                  : loaded 4 times (x 67B)
Class com.google.common.collect.AbstractIterator$1                                    : loaded 4 times (x 67B)
Class kotlin.io.FileSystemException                                                   : loaded 4 times (x 78B)
Class com.google.common.collect.ListMultimap                                          : loaded 4 times (x 66B)
Class [Lorg.apache.commons.io.StandardLineSeparator;                                  : loaded 4 times (x 65B)
Class org.apache.commons.io.output.StringBuilderWriter                                : loaded 4 times (x 96B)
Class com.google.common.collect.ImmutableBiMapFauxverideShim                          : loaded 4 times (x 116B)
Class kotlin.text.StringsKt__AppendableKt                                             : loaded 4 times (x 67B)
Class com.google.common.collect.ImmutableEnumMap                                      : loaded 4 times (x 121B)
Class org.apache.commons.io.output.AbstractByteArrayOutputStream                      : loaded 4 times (x 98B)
Class com.google.common.collect.RegularImmutableList                                  : loaded 4 times (x 208B)
Class com.google.common.base.Function                                                 : loaded 4 times (x 66B)
Class kotlin.enums.EnumEntries                                                        : loaded 4 times (x 66B)
Class com.google.common.collect.ImmutableMultimap                                     : loaded 4 times (x 143B)
Class com.google.common.collect.ImmutableMapEntry$NonTerminalImmutableMapEntry        : loaded 4 times (x 81B)
Class kotlin.ranges.IntRange                                                          : loaded 4 times (x 89B)
Class com.google.common.collect.ImmutableMapEntry                                     : loaded 4 times (x 81B)
Class com.google.common.collect.Iterators$10                                          : loaded 4 times (x 77B)
Class kotlin.ranges.IntProgression                                                    : loaded 4 times (x 77B)
Class com.google.common.collect.Maps$EntryTransformer                                 : loaded 4 times (x 66B)
Class kotlin.text.StringsKt__StringNumberConversionsKt                                : loaded 4 times (x 67B)
Class [Lkotlin.Pair;                                                                  : loaded 4 times (x 65B)
Class kotlin.io.FilesKt__FileReadWriteKt                                              : loaded 4 times (x 67B)
Class kotlin.LazyKt__LazyJVMKt                                                        : loaded 4 times (x 67B)
Class kotlin.text.StringsKt                                                           : loaded 4 times (x 67B)
Class com.google.common.collect.ImmutableAsList                                       : loaded 4 times (x 205B)
Class com.google.common.collect.Iterators$9                                           : loaded 4 times (x 77B)
Class com.google.common.collect.Sets$1                                                : loaded 4 times (x 135B)
Class com.google.common.base.Converter                                                : loaded 4 times (x 86B)
Class kotlin.sequences.SequencesKt                                                    : loaded 4 times (x 67B)
Class kotlin.collections.CollectionsKt__IteratorsKt                                   : loaded 4 times (x 67B)
Class com.google.common.collect.Lists                                                 : loaded 4 times (x 67B)
Class com.google.common.collect.ImmutableSet$CachingAsList                            : loaded 4 times (x 143B)
Class com.google.common.collect.ImmutableCollection                                   : loaded 4 times (x 121B)
Class kotlin.io.FilesKt__UtilsKt                                                      : loaded 4 times (x 67B)
Class kotlin.collections.CollectionsKt__CollectionsJVMKt                              : loaded 4 times (x 67B)
Class com.google.common.collect.Iterators$5                                           : loaded 4 times (x 78B)
Class com.google.common.collect.ImmutableBiMap                                        : loaded 4 times (x 139B)
Class com.google.common.collect.Iterators$4                                           : loaded 4 times (x 78B)
Class com.google.common.collect.Maps$ViewCachingAbstractMap                           : loaded 4 times (x 121B)
Class org.apache.commons.io.FilenameUtils                                             : loaded 4 times (x 67B)
Class com.google.common.collect.ImmutableMap$IteratorBasedImmutableMap                : loaded 4 times (x 121B)
Class kotlin.UninitializedPropertyAccessException                                     : loaded 4 times (x 78B)
Class kotlin.Metadata                                                                 : loaded 4 times (x 66B)
Class com.google.common.collect.Iterators$1                                           : loaded 4 times (x 77B)
Class kotlin.jvm.internal.Lambda                                                      : loaded 4 times (x 71B)
Class kotlin.sequences.Sequence                                                       : loaded 4 times (x 66B)
Class kotlin.text.StringsKt__StringNumberConversionsJVMKt                             : loaded 4 times (x 67B)
Class com.google.common.collect.Sets$2                                                : loaded 4 times (x 135B)
Class kotlin.collections.MapsKt__MapsKt                                               : loaded 4 times (x 67B)
Class com.google.common.collect.ImmutableList$ReverseImmutableList                    : loaded 4 times (x 204B)
Class kotlin.text.StringsKt__IndentKt                                                 : loaded 4 times (x 67B)
Class com.google.common.collect.SingletonImmutableList                                : loaded 4 times (x 203B)
Class kotlin.text.StringsKt__StringsJVMKt                                             : loaded 4 times (x 67B)
Class org.apache.commons.io.IOUtils                                                   : loaded 4 times (x 67B)
Class kotlin.ranges.ClosedRange                                                       : loaded 4 times (x 66B)
Class com.google.common.collect.Multimap                                              : loaded 4 times (x 66B)
Class com.google.common.primitives.IntsMethodsForWeb                                  : loaded 4 times (x 67B)
Class org.apache.commons.io.filefilter.IOFileFilter                                   : loaded 4 times (x 66B)
Class com.google.common.collect.ImmutableMap$Builder                                  : loaded 4 times (x 78B)
Class kotlin.internal.ProgressionUtilKt                                               : loaded 4 times (x 67B)
Class kotlin.io.FileAlreadyExistsException                                            : loaded 4 times (x 78B)
Class kotlin.Function                                                                 : loaded 4 times (x 66B)
Class org.apache.commons.io.output.NullOutputStream                                   : loaded 4 times (x 81B)
Class com.google.common.collect.Sets$3                                                : loaded 4 times (x 135B)
Class com.google.common.collect.ImmutableMapEntrySet                                  : loaded 4 times (x 147B)
Class kotlin.collections.ArraysKt__ArraysKt                                           : loaded 4 times (x 67B)
Class com.google.common.collect.AbstractIndexedListIterator                           : loaded 4 times (x 92B)
Class com.google.common.collect.Multiset                                              : loaded 4 times (x 66B)
Class com.google.common.collect.ObjectArrays                                          : loaded 4 times (x 67B)
Class com.google.common.primitives.Ints                                               : loaded 4 times (x 67B)
Class com.google.common.collect.AbstractIterator                                      : loaded 4 times (x 78B)
Class com.google.common.collect.BiMap                                                 : loaded 4 times (x 66B)
Class com.google.common.collect.ImmutableMap$1                                        : loaded 4 times (x 77B)
Class com.google.common.collect.IndexedImmutableSet                                   : loaded 4 times (x 146B)
Class kotlin.collections.MapsKt__MapsJVMKt                                            : loaded 4 times (x 67B)
Class kotlin.collections.EmptyList                                                    : loaded 4 times (x 170B)
Class kotlin.io.FileTreeWalk$FileTreeWalkIterator$WhenMappings                        : loaded 4 times (x 67B)
Class com.google.common.collect.Lists$StringAsImmutableList                           : loaded 4 times (x 203B)
Class com.google.common.collect.Sets$4                                                : loaded 4 times (x 135B)
Class kotlin.text.CharsKt                                                             : loaded 4 times (x 67B)
Class kotlin.collections.AbstractIterator                                             : loaded 4 times (x 79B)
Class kotlin.io.LinesSequence$iterator$1                                              : loaded 4 times (x 75B)
Class com.google.common.collect.Iterators                                             : loaded 4 times (x 67B)
Class kotlin.io.FilesKt__FilePathComponentsKt                                         : loaded 4 times (x 67B)
Class com.google.common.collect.RegularImmutableAsList                                : loaded 4 times (x 212B)
Class kotlin.io.TerminateException                                                    : loaded 4 times (x 78B)
Class kotlin.collections.CollectionsKt__MutableCollectionsKt                          : loaded 4 times (x 67B)
Class kotlin.io.CloseableKt                                                           : loaded 4 times (x 67B)
Class com.google.common.collect.ImmutableList$Builder                                 : loaded 4 times (x 73B)
Class com.google.common.collect.Collections2$FilteredCollection                       : loaded 4 times (x 115B)
Class com.google.common.collect.AbstractMultimap                                      : loaded 4 times (x 119B)
Class com.google.common.collect.Sets$ImprovedAbstractSet                              : loaded 4 times (x 131B)
Class kotlin.Pair                                                                     : loaded 4 times (x 68B)
Class org.apache.commons.io.FileExistsException                                       : loaded 4 times (x 78B)
Class com.google.common.collect.AbstractMapEntry                                      : loaded 4 times (x 77B)
Class com.google.common.collect.SingletonImmutableBiMap                               : loaded 4 times (x 139B)
Class com.google.common.collect.UnmodifiableIterator                                  : loaded 4 times (x 76B)
Class com.google.common.collect.Platform                                              : loaded 4 times (x 67B)
Class kotlin.collections.CollectionsKt__IteratorsJVMKt                                : loaded 4 times (x 67B)
Class org.apache.commons.io.output.ByteArrayOutputStream                              : loaded 4 times (x 98B)
Class com.google.common.collect.BaseImmutableMultimap                                 : loaded 4 times (x 119B)
Class com.google.common.base.Joiner                                                   : loaded 4 times (x 75B)
Class com.google.common.collect.TransformedIterator                                   : loaded 4 times (x 76B)
Class kotlin.comparisons.ComparisonsKt___ComparisonsJvmKt                             : loaded 4 times (x 67B)
Class kotlin.collections.CollectionsKt__CollectionsKt                                 : loaded 4 times (x 67B)
Class kotlin.jvm.internal.FunctionBase                                                : loaded 4 times (x 66B)
Class kotlin.enums.EnumEntriesList                                                    : loaded 4 times (x 219B)
Class kotlin.collections.ArraysKt___ArraysJvmKt                                       : loaded 4 times (x 67B)
Class kotlin.text.StringsKt__RegexExtensionsJVMKt                                     : loaded 4 times (x 67B)
Class com.google.common.collect.MapDifference                                         : loaded 4 times (x 66B)
Class org.apache.commons.io.output.UnsynchronizedByteArrayOutputStream                : loaded 4 times (x 98B)
Class com.google.common.collect.ImmutableCollection$Builder                           : loaded 4 times (x 72B)
Class com.google.common.collect.Iterators$ArrayItr                                    : loaded 4 times (x 93B)
Class kotlin._Assertions                                                              : loaded 4 times (x 67B)
Class kotlin.UnsafeLazyImpl                                                           : loaded 3 times (x 72B)
Class com.google.gson.Gson$5                                                          : loaded 3 times (x 72B)
Class com.google.gson.Gson$FutureTypeAdapter                                          : loaded 3 times (x 72B)
Class com.google.gson.ReflectionAccessFilter$FilterResult                             : loaded 3 times (x 75B)
Class com.sun.xml.bind.v2.model.annotation.RuntimeAnnotationReader                    : loaded 3 times (x 66B)
Class com.google.gson.internal.UnsafeAllocator$4                                      : loaded 3 times (x 68B)
Class android.databinding.tool.LibTypes$mutableLiveData$2                             : loaded 3 times (x 75B)
Class com.google.gson.LongSerializationPolicy                                         : loaded 3 times (x 76B)
Class android.databinding.tool.util.L$Client                                          : loaded 3 times (x 66B)
Class com.google.gson.internal.ConstructorConstructor                                 : loaded 3 times (x 68B)
Class com.google.gson.Gson$4                                                          : loaded 3 times (x 72B)
Class com.google.gson.internal.UnsafeAllocator$3                                      : loaded 3 times (x 69B)
Class com.google.common.collect.ForwardingCollection                                  : loaded 3 times (x 126B)
Class com.sun.xml.bind.v2.runtime.JaxBeanInfo                                         : loaded 3 times (x 85B)
Class com.google.gson.Gson$3                                                          : loaded 3 times (x 71B)
Class com.google.gson.internal.bind.ReflectiveTypeAdapterFactory$BoundField           : loaded 3 times (x 71B)
Class com.google.gson.internal.bind.ObjectTypeAdapter$1                               : loaded 3 times (x 72B)
Class com.google.gson.internal.UnsafeAllocator$2                                      : loaded 3 times (x 69B)
Class android.databinding.tool.processing.scopes.ScopeProvider                        : loaded 3 times (x 66B)
Class android.databinding.tool.processing.ScopedException                             : loaded 3 times (x 82B)
Class org.apache.commons.io.filefilter.AbstractFileFilter                             : loaded 3 times (x 112B)
Class com.google.common.collect.ImmutableListMultimap                                 : loaded 3 times (x 172B)
Class com.google.gson.Gson$2                                                          : loaded 3 times (x 72B)
Class com.google.gson.internal.UnsafeAllocator$1                                      : loaded 3 times (x 69B)
Class android.databinding.tool.LibTypes$lifecycleOwner$2                              : loaded 3 times (x 75B)
Class android.databinding.tool.LibTypes$observableFields$2                            : loaded 3 times (x 75B)
Class android.databinding.tool.util.L                                                 : loaded 3 times (x 67B)
Class com.google.gson.Gson$1                                                          : loaded 3 times (x 72B)
Class com.google.gson.internal.UnsafeAllocator                                        : loaded 3 times (x 68B)
Class com.google.gson.Gson                                                            : loaded 3 times (x 68B)
Class com.google.gson.internal.sql.SqlTypesSupport                                    : loaded 3 times (x 67B)
Class com.google.common.collect.ImmutableMultimap$EntryCollection                     : loaded 3 times (x 123B)
Class com.google.gson.ToNumberPolicy$4                                                : loaded 3 times (x 79B)
Class android.databinding.tool.store.ResourceBundle$IncludedLayout                    : loaded 3 times (x 68B)
Class com.google.common.collect.ImmutableMultimap$Builder                             : loaded 3 times (x 79B)
Class android.databinding.tool.store.GenClassInfoLog                                  : loaded 3 times (x 68B)
Class org.apache.commons.io.IOCase                                                    : loaded 3 times (x 76B)
Class org.apache.commons.io.file.SimplePathVisitor                                    : loaded 3 times (x 81B)
Class com.google.common.collect.EmptyImmutableListMultimap                            : loaded 3 times (x 172B)
Class android.databinding.tool.LibTypes$stateFlow$2                                   : loaded 3 times (x 74B)
Class com.google.gson.ToNumberPolicy$3                                                : loaded 3 times (x 79B)
Class com.sun.xml.bind.api.JAXBRIContext                                              : loaded 3 times (x 85B)
Class com.google.gson.ToNumberPolicy$2                                                : loaded 3 times (x 79B)
Class com.google.gson.internal.bind.DefaultDateTypeAdapter                            : loaded 3 times (x 70B)
Class com.google.gson.GsonBuilder                                                     : loaded 3 times (x 68B)
Class com.google.gson.internal.ReflectionAccessFilterHelper                           : loaded 3 times (x 67B)
Class com.google.gson.internal.reflect.ReflectionHelper$RecordHelper                  : loaded 3 times (x 71B)
Class com.sun.xml.bind.v2.model.core.LeafInfo                                         : loaded 3 times (x 66B)
Class androidx.databinding.BindingAdapter                                             : loaded 3 times (x 66B)
Class com.google.gson.internal.Excluder                                               : loaded 3 times (x 71B)
Class [Lcom.google.gson.FieldNamingStrategy;                                          : loaded 3 times (x 65B)
Class com.google.gson.ToNumberPolicy$1                                                : loaded 3 times (x 79B)
Class android.databinding.tool.LibTypes$observable$2                                  : loaded 3 times (x 75B)
Class com.google.gson.internal.bind.NumberTypeAdapter                                 : loaded 3 times (x 70B)
Class com.google.gson.internal.$Gson$Types$ParameterizedTypeImpl                      : loaded 3 times (x 77B)
Class android.databinding.tool.LibTypes$viewDataBinding$2                             : loaded 3 times (x 75B)
Class android.databinding.tool.util.FileUtil                                          : loaded 3 times (x 67B)
Class com.google.gson.internal.bind.JsonAdapterAnnotationTypeAdapterFactory           : loaded 3 times (x 71B)
Class com.sun.xml.bind.v2.runtime.ValueListBeanInfoImpl                               : loaded 3 times (x 85B)
Class com.google.gson.internal.Primitives                                             : loaded 3 times (x 67B)
Class androidx.databinding.Bindable                                                   : loaded 3 times (x 66B)
Class com.google.gson.stream.JsonWriter                                               : loaded 3 times (x 94B)
Class androidx.databinding.BindingConversion                                          : loaded 3 times (x 66B)
Class com.google.gson.internal.reflect.ReflectionHelper$RecordSupportedHelper         : loaded 3 times (x 74B)
Class kotlin.collections.SetsKt__SetsKt                                               : loaded 3 times (x 67B)
Class com.google.gson.stream.JsonReader                                               : loaded 3 times (x 93B)
Class com.google.gson.JsonObject                                                      : loaded 3 times (x 89B)
Class [Lorg.apache.commons.io.file.DeleteOption;                                      : loaded 3 times (x 65B)
Class com.sun.xml.bind.v2.model.runtime.RuntimeLeafInfo                               : loaded 3 times (x 66B)
Class com.google.common.base.PatternCompiler                                          : loaded 3 times (x 66B)
Class com.google.gson.internal.LazilyParsedNumber                                     : loaded 3 times (x 74B)
Class com.google.gson.internal.Streams                                                : loaded 3 times (x 67B)
Class android.databinding.tool.LibTypes$liveData$2                                    : loaded 3 times (x 75B)
Class com.google.gson.internal.bind.DefaultDateTypeAdapter$DateType$1                 : loaded 3 times (x 69B)
Class com.google.common.collect.ImmutableMultimap$2                                   : loaded 3 times (x 77B)
Class android.databinding.tool.store.ResourceBundle$IncludedLayout$Builder            : loaded 3 times (x 72B)
Class android.databinding.tool.LibTypes$inverseBindingListener$2                      : loaded 3 times (x 75B)
Class android.databinding.tool.LibTypes$propertyChangedInverseListener$2              : loaded 3 times (x 75B)
Class com.google.gson.internal.bind.TypeAdapterRuntimeTypeWrapper                     : loaded 3 times (x 70B)
Class android.databinding.tool.LibTypes$nullable$2                                    : loaded 3 times (x 75B)
Class org.apache.commons.io.output.QueueOutputStream                                  : loaded 3 times (x 83B)
Class kotlin.sequences.TransformingSequence$iterator$1                                : loaded 3 times (x 75B)
Class android.databinding.tool.CompilerArguments$Type                                 : loaded 3 times (x 75B)
Class com.google.common.collect.ImmutableMultimap$1                                   : loaded 3 times (x 78B)
Class com.google.gson.JsonNull                                                        : loaded 3 times (x 88B)
Class com.google.gson.internal.bind.TypeAdapters$29                                   : loaded 3 times (x 71B)
Class com.google.gson.internal.bind.MapTypeAdapterFactory                             : loaded 3 times (x 71B)
Class org.apache.commons.io.file.Counters$NoopCounter                                 : loaded 3 times (x 76B)
Class org.apache.commons.io.FileSystem                                                : loaded 3 times (x 76B)
Class com.google.gson.internal.Streams$AppendableWriter                               : loaded 3 times (x 95B)
Class kotlin.collections.EmptyMap                                                     : loaded 3 times (x 105B)
Class com.google.gson.stream.MalformedJsonException                                   : loaded 3 times (x 78B)
Class android.databinding.tool.CompilerArguments$Companion                            : loaded 3 times (x 67B)
Class [Lcom.google.gson.LongSerializationPolicy;                                      : loaded 3 times (x 65B)
Class com.google.gson.internal.bind.TypeAdapters$28                                   : loaded 3 times (x 71B)
Class android.databinding.tool.store.GenClassInfoLog$Companion                        : loaded 3 times (x 67B)
Class org.apache.commons.io.file.Counters$Counter                                     : loaded 3 times (x 66B)
Class com.google.gson.internal.bind.TypeAdapters$EnumTypeAdapter                      : loaded 3 times (x 70B)
Class [Lkotlin.LazyThreadSafetyMode;                                                  : loaded 3 times (x 65B)
Class androidx.databinding.Untaggable                                                 : loaded 3 times (x 66B)
Class com.google.gson.FieldNamingPolicy$7                                             : loaded 3 times (x 79B)
Class android.databinding.tool.LibTypes$bindingAdapter$2                              : loaded 3 times (x 75B)
Class com.google.gson.internal.bind.TypeAdapters$27                                   : loaded 3 times (x 71B)
Class com.google.gson.internal.reflect.ReflectionHelper                               : loaded 3 times (x 67B)
Class org.apache.commons.io.filefilter.TrueFileFilter                                 : loaded 3 times (x 90B)
Class com.sun.xml.bind.v2.model.annotation.RuntimeInlineAnnotationReader              : loaded 3 times (x 102B)
Class com.google.gson.FieldNamingPolicy$6                                             : loaded 3 times (x 79B)
Class com.google.gson.internal.bind.TypeAdapters$26                                   : loaded 3 times (x 71B)
Class com.google.gson.internal.bind.ArrayTypeAdapter                                  : loaded 3 times (x 70B)
Class com.google.gson.FieldNamingPolicy$5                                             : loaded 3 times (x 79B)
Class com.google.gson.internal.bind.TypeAdapters$25                                   : loaded 3 times (x 71B)
Class com.sun.xml.bind.api.Bridge                                                     : loaded 3 times (x 81B)
Class android.databinding.tool.LibTypes$bindable$2                                    : loaded 3 times (x 75B)
Class com.sun.xml.bind.v2.runtime.ClassBeanInfoImpl                                   : loaded 3 times (x 88B)
Class com.sun.xml.bind.v2.model.runtime.RuntimeNonElement                             : loaded 3 times (x 66B)
Class com.google.gson.FieldNamingPolicy$4                                             : loaded 3 times (x 79B)
Class com.google.gson.internal.bind.TypeAdapters$24                                   : loaded 3 times (x 71B)
Class com.google.gson.internal.bind.TypeAdapters$34$1                                 : loaded 3 times (x 70B)
Class com.google.gson.internal.bind.JsonTreeReader                                    : loaded 3 times (x 94B)
Class com.google.gson.internal.bind.MapTypeAdapterFactory$Adapter                     : loaded 3 times (x 70B)
Class com.google.gson.internal.sql.SqlTimeTypeAdapter$1                               : loaded 3 times (x 71B)
Class org.apache.commons.io.file.Counters$NoopPathCounters                            : loaded 3 times (x 78B)
Class com.google.gson.TypeAdapterFactory                                              : loaded 3 times (x 66B)
Class com.sun.xml.bind.v2.model.annotation.AnnotationReader                           : loaded 3 times (x 66B)
Class com.google.gson.FieldNamingPolicy$3                                             : loaded 3 times (x 79B)
Class com.google.gson.internal.bind.TypeAdapters$23                                   : loaded 3 times (x 71B)
Class kotlin.sequences.TransformingSequence                                           : loaded 3 times (x 71B)
Class javax.xml.bind.JAXBContext                                                      : loaded 3 times (x 74B)
Class kotlin.collections.EmptySet                                                     : loaded 3 times (x 118B)
Class android.databinding.tool.LibTypes$mutableStateFlow$2                            : loaded 3 times (x 74B)
Class android.databinding.tool.LibTypes$dataBindingUtil$2                             : loaded 3 times (x 75B)
Class com.google.gson.internal.Excluder$1                                             : loaded 3 times (x 70B)
Class com.google.gson.FieldNamingPolicy$2                                             : loaded 3 times (x 79B)
Class com.google.gson.TypeAdapter$1                                                   : loaded 3 times (x 70B)
Class com.google.gson.internal.bind.TypeAdapters$22                                   : loaded 3 times (x 71B)
Class android.databinding.tool.writer.JavaFileWriter                                  : loaded 3 times (x 70B)
Class android.databinding.tool.store.GenClassInfoLog$GenClass                         : loaded 3 times (x 68B)
Class com.google.gson.FieldNamingPolicy$1                                             : loaded 3 times (x 79B)
Class com.google.gson.internal.bind.TypeAdapters$21                                   : loaded 3 times (x 71B)
Class com.google.gson.stream.JsonToken                                                : loaded 3 times (x 75B)
Class kotlin.jvm.functions.Function2                                                  : loaded 3 times (x 66B)
Class com.google.gson.internal.bind.TypeAdapters$20                                   : loaded 3 times (x 71B)
Class com.google.common.base.Strings                                                  : loaded 3 times (x 67B)
Class com.google.gson.internal.bind.TypeAdapters$31                                   : loaded 3 times (x 72B)
Class com.google.gson.JsonSyntaxException                                             : loaded 3 times (x 78B)
Class com.google.gson.internal.sql.SqlTimeTypeAdapter                                 : loaded 3 times (x 70B)
Class com.google.gson.internal.bind.TreeTypeAdapter                                   : loaded 3 times (x 71B)
Class android.databinding.tool.store.ResourceBundle$ValidateAndFilterCallback         : loaded 3 times (x 66B)
Class android.databinding.tool.store.ResourceBundle$LayoutFileBundle                  : loaded 3 times (x 99B)
Class [Lorg.apache.commons.io.IOCase;                                                 : loaded 3 times (x 65B)
Class com.google.gson.internal.bind.DefaultDateTypeAdapter$DateType                   : loaded 3 times (x 69B)
Class kotlin.text.DelimitedRangesSequence$iterator$1                                  : loaded 3 times (x 75B)
Class android.databinding.tool.CompilerArguments                                      : loaded 3 times (x 68B)
Class org.apache.commons.io.file.PathVisitor                                          : loaded 3 times (x 66B)
Class com.google.common.base.Platform$JdkPatternCompiler                              : loaded 3 times (x 71B)
Class com.sun.xml.bind.v2.runtime.InternalBridge                                      : loaded 3 times (x 83B)
Class com.google.gson.internal.bind.CollectionTypeAdapterFactory                      : loaded 3 times (x 71B)
Class com.google.common.collect.ForwardingSet                                         : loaded 3 times (x 147B)
Class com.google.gson.JsonElement                                                     : loaded 3 times (x 88B)
Class com.sun.xml.bind.v2.runtime.JAXBContextImpl$JAXBContextBuilder                  : loaded 3 times (x 82B)
Class [Lcom.google.gson.ReflectionAccessFilter$FilterResult;                          : loaded 3 times (x 65B)
Class com.google.gson.internal.bind.ReflectiveTypeAdapterFactory$1                    : loaded 3 times (x 75B)
Class android.databinding.tool.LibTypes                                               : loaded 3 times (x 68B)
Class com.google.common.collect.ImmutableMultisetGwtSerializationDependencies         : loaded 3 times (x 121B)
Class kotlin.text.DelimitedRangesSequence                                             : loaded 3 times (x 71B)
Class com.google.gson.JsonPrimitive                                                   : loaded 3 times (x 89B)
Class com.google.gson.internal.sql.SqlTimestampTypeAdapter$1                          : loaded 3 times (x 71B)
Class org.apache.commons.io.file.PathUtils                                            : loaded 3 times (x 67B)
Class com.google.gson.reflect.TypeToken                                               : loaded 3 times (x 71B)
Class com.google.gson.internal.bind.TypeAdapters$32                                   : loaded 3 times (x 72B)
Class android.databinding.tool.LibTypes$typeRewriter$2                                : loaded 3 times (x 74B)
Class org.apache.commons.io.filefilter.OrFileFilter                                   : loaded 3 times (x 123B)
Class org.apache.commons.io.function.Uncheck                                          : loaded 3 times (x 67B)
Class android.databinding.tool.LibTypes$dataBindingKtx$2                              : loaded 3 times (x 74B)
Class com.sun.xml.bind.v2.ContextFactory                                              : loaded 3 times (x 67B)
Class com.sun.xml.bind.v2.model.core.NonElement                                       : loaded 3 times (x 66B)
Class kotlin.collections.SetsKt___SetsKt                                              : loaded 3 times (x 67B)
Class [Landroid.databinding.tool.CompilerArguments$Type;                              : loaded 3 times (x 65B)
Class android.databinding.tool.LibTypes$viewStubProxy$2                               : loaded 3 times (x 75B)
Class com.google.gson.LongSerializationPolicy$2                                       : loaded 3 times (x 76B)
Class org.apache.commons.io.file.Counters                                             : loaded 3 times (x 67B)
Class com.google.common.collect.Maps$FilteredEntryMap$EntrySet                        : loaded 3 times (x 148B)
Class com.google.gson.LongSerializationPolicy$1                                       : loaded 3 times (x 76B)
Class [Lcom.google.gson.stream.JsonToken;                                             : loaded 3 times (x 65B)
Class com.google.common.collect.Maps$FilteredEntryMap                                 : loaded 3 times (x 124B)
Class com.sun.xml.bind.v2.runtime.BridgeImpl                                          : loaded 3 times (x 83B)
Class com.google.gson.internal.bind.ObjectTypeAdapter                                 : loaded 3 times (x 70B)
Class org.apache.commons.io.filefilter.SuffixFileFilter                               : loaded 3 times (x 112B)
Class com.google.gson.ToNumberStrategy                                                : loaded 3 times (x 66B)
Class com.google.gson.TypeAdapter                                                     : loaded 3 times (x 69B)
Class com.sun.xml.bind.v2.model.core.TypeInfo                                         : loaded 3 times (x 66B)
Class com.google.gson.internal.bind.TypeAdapters$33                                   : loaded 3 times (x 72B)
Class android.databinding.tool.LibTypes$dataBinderMapper$2                            : loaded 3 times (x 75B)
Class androidx.databinding.InverseBindingAdapter                                      : loaded 3 times (x 66B)
Class com.google.gson.JsonIOException                                                 : loaded 3 times (x 78B)
Class com.google.gson.internal.$Gson$Types                                            : loaded 3 times (x 67B)
Class com.google.gson.internal.reflect.ReflectionHelper$RecordNotSupportedHelper      : loaded 3 times (x 74B)
Class com.google.common.base.Platform                                                 : loaded 3 times (x 67B)
Class androidx.databinding.BindingMethods                                             : loaded 3 times (x 66B)
Class com.google.gson.internal.bind.ReflectiveTypeAdapterFactory$RecordAdapter        : loaded 3 times (x 73B)
Class android.databinding.tool.store.ResourceBundle                                   : loaded 3 times (x 80B)
Class android.databinding.tool.store.GenClassInfoLog$GenClassImpl$Companion           : loaded 3 times (x 67B)
Class org.apache.commons.io.filefilter.AndFileFilter                                  : loaded 3 times (x 123B)
Class com.sun.xml.bind.Util                                                           : loaded 3 times (x 67B)
Class javax.xml.bind.JAXBException                                                    : loaded 3 times (x 81B)
Class kotlin.LazyThreadSafetyMode                                                     : loaded 3 times (x 75B)
Class kotlin.LazyKt__LazyJVMKt$WhenMappings                                           : loaded 3 times (x 67B)
Class com.google.gson.internal.sql.SqlDateTypeAdapter                                 : loaded 3 times (x 70B)
Class kotlin.jvm.internal.DefaultConstructorMarker                                    : loaded 3 times (x 67B)
Class com.sun.xml.bind.v2.model.runtime.RuntimeTypeInfo                               : loaded 3 times (x 66B)
Class androidx.databinding.InverseMethod                                              : loaded 3 times (x 66B)
Class com.sun.xml.bind.v2.model.annotation.AbstractInlineAnnotationReaderImpl         : loaded 3 times (x 100B)
Class org.apache.commons.io.file.CountingPathVisitor                                  : loaded 3 times (x 87B)
Class android.databinding.tool.util.FileUtil$listAndSortFiles$$inlined$sortedBy$1     : loaded 3 times (x 85B)
Class android.databinding.tool.processing.scopes.LocationScopeProvider                : loaded 3 times (x 66B)
Class android.databinding.tool.LibTypes$appCompatResources$2                          : loaded 3 times (x 75B)
Class com.google.gson.internal.bind.TypeAdapters$34                                   : loaded 3 times (x 72B)
Class com.sun.istack.Pool                                                             : loaded 3 times (x 66B)
Class com.google.gson.JsonParseException                                              : loaded 3 times (x 78B)
Class com.google.gson.internal.bind.DateTypeAdapter                                   : loaded 3 times (x 70B)
Class com.google.common.base.Equivalence                                              : loaded 3 times (x 78B)
Class android.databinding.tool.LibTypes$viewBinding$2                                 : loaded 3 times (x 75B)
Class com.google.gson.internal.bind.TypeAdapters$9                                    : loaded 3 times (x 71B)
Class com.sun.xml.bind.v2.util.TypeCast                                               : loaded 3 times (x 67B)
Class com.google.gson.internal.bind.TypeAdapters$8                                    : loaded 3 times (x 71B)
Class com.google.gson.internal.bind.CollectionTypeAdapterFactory$Adapter              : loaded 3 times (x 70B)
Class org.apache.commons.io.filefilter.FileEqualsFileFilter                           : loaded 3 times (x 112B)
Class org.apache.commons.io.file.Counters$AbstractPathCounters                        : loaded 3 times (x 78B)
Class com.google.gson.internal.bind.TypeAdapters$7                                    : loaded 3 times (x 71B)
Class com.google.gson.annotations.SerializedName                                      : loaded 3 times (x 66B)
Class com.google.gson.internal.$Gson$Preconditions                                    : loaded 3 times (x 67B)
Class org.apache.commons.io.filefilter.ConditionalFileFilter                          : loaded 3 times (x 66B)
Class com.google.common.base.CommonPattern                                            : loaded 3 times (x 70B)
Class com.google.gson.internal.bind.TypeAdapters$6                                    : loaded 3 times (x 71B)
Class com.sun.xml.bind.v2.runtime.LeafBeanInfoImpl                                    : loaded 3 times (x 85B)
Class com.google.gson.internal.bind.TypeAdapters$19                                   : loaded 3 times (x 71B)
Class com.google.gson.internal.bind.ReflectiveTypeAdapterFactory$FieldReflectionAdapter: loaded 3 times (x 73B)
Class com.google.gson.internal.ObjectConstructor                                      : loaded 3 times (x 66B)
Class androidx.databinding.InverseBindingMethods                                      : loaded 3 times (x 66B)
Class org.apache.commons.io.CloseableURLConnection                                    : loaded 3 times (x 113B)
Class android.databinding.tool.util.LoggedErrorException                              : loaded 3 times (x 78B)
Class com.google.gson.internal.LinkedTreeMap$Node                                     : loaded 3 times (x 75B)
Class [Lorg.apache.commons.io.FileSystem;                                             : loaded 3 times (x 65B)
Class kotlin.collections.SetsKt__SetsJVMKt                                            : loaded 3 times (x 67B)
Class org.apache.commons.io.function.IOBiFunction                                     : loaded 3 times (x 66B)
Class com.google.gson.internal.bind.TypeAdapters$5                                    : loaded 3 times (x 71B)
Class com.google.gson.internal.bind.TypeAdapters$18                                   : loaded 3 times (x 71B)
Class com.google.gson.internal.bind.SerializationDelegatingTypeAdapter                : loaded 3 times (x 70B)
Class com.google.gson.annotations.JsonAdapter                                         : loaded 3 times (x 66B)
Class com.google.gson.internal.bind.TypeAdapters$4                                    : loaded 3 times (x 71B)
Class com.google.gson.internal.bind.TypeAdapters$17                                   : loaded 3 times (x 71B)
Class org.apache.commons.io.file.AccumulatorPathVisitor                               : loaded 3 times (x 91B)
Class android.databinding.tool.processing.scopes.FileScopeProvider                    : loaded 3 times (x 66B)
Class android.databinding.tool.util.FileUtil$listAndSortFiles$$inlined$sortedBy$2     : loaded 3 times (x 85B)
Class com.google.gson.internal.sql.SqlTypesSupport$2                                  : loaded 3 times (x 70B)
Class org.apache.commons.io.filefilter.FileFileFilter                                 : loaded 3 times (x 112B)
Class com.google.gson.internal.bind.TypeAdapters$3                                    : loaded 3 times (x 71B)
Class com.google.gson.internal.bind.TypeAdapters$16                                   : loaded 3 times (x 71B)
Class com.google.common.collect.ImmutableMultiset                                     : loaded 3 times (x 159B)
Class com.google.gson.internal.sql.SqlTypesSupport$1                                  : loaded 3 times (x 70B)
Class com.google.gson.internal.bind.TypeAdapters$15                                   : loaded 3 times (x 71B)
Class com.google.gson.internal.bind.TypeAdapters$2                                    : loaded 3 times (x 71B)
Class com.google.gson.internal.bind.TypeAdapters                                      : loaded 3 times (x 67B)
Class com.google.gson.FieldNamingPolicy                                               : loaded 3 times (x 79B)
Class com.google.gson.internal.bind.TypeAdapters$14                                   : loaded 3 times (x 71B)
Class com.google.gson.internal.bind.TypeAdapters$1                                    : loaded 3 times (x 71B)
Class com.google.gson.internal.bind.NumberTypeAdapter$1                               : loaded 3 times (x 72B)
Class com.google.gson.internal.bind.TypeAdapters$13                                   : loaded 3 times (x 71B)
Class com.google.gson.internal.bind.DateTypeAdapter$1                                 : loaded 3 times (x 71B)
Class [Lcom.google.gson.ToNumberStrategy;                                             : loaded 3 times (x 65B)
Class com.google.gson.internal.bind.TypeAdapters$12                                   : loaded 3 times (x 71B)
Class com.sun.xml.bind.v2.model.core.MaybeElement                                     : loaded 3 times (x 66B)
Class org.apache.commons.io.Charsets                                                  : loaded 3 times (x 67B)
Class com.google.gson.internal.LinkedTreeMap                                          : loaded 3 times (x 119B)
Class org.apache.commons.io.file.Counters$PathCounters                                : loaded 3 times (x 66B)
Class com.google.gson.stream.JsonReader$1                                             : loaded 3 times (x 68B)
Class com.google.common.collect.ImmutableMultimap$Values                              : loaded 3 times (x 122B)
Class [Lcom.google.gson.FieldNamingPolicy;                                            : loaded 3 times (x 65B)
Class com.google.gson.internal.bind.TypeAdapters$11                                   : loaded 3 times (x 71B)
Class org.apache.commons.io.output.NullWriter                                         : loaded 3 times (x 95B)
Class com.google.gson.internal.bind.TypeAdapters$10                                   : loaded 3 times (x 71B)
Class com.google.gson.internal.bind.ReflectiveTypeAdapterFactory$Adapter              : loaded 3 times (x 73B)
Class com.google.gson.internal.ConstructorConstructor$19                              : loaded 3 times (x 72B)
Class kotlin.sequences.SequencesKt___SequencesKt$filterNotNull$1                      : loaded 3 times (x 74B)
Class com.google.gson.internal.ConstructorConstructor$18                              : loaded 3 times (x 71B)
Class com.sun.xml.bind.v2.runtime.IllegalAnnotationsException                         : loaded 3 times (x 82B)
Class com.google.gson.internal.LinkedTreeMap$1                                        : loaded 3 times (x 87B)
Class com.sun.xml.bind.v2.runtime.JAXBContextImpl                                     : loaded 3 times (x 86B)
Class com.google.gson.internal.sql.SqlDateTypeAdapter$1                               : loaded 3 times (x 71B)
Class android.databinding.tool.LibTypes$dataBindingComponent$2                        : loaded 3 times (x 75B)
Class com.google.gson.JsonArray                                                       : loaded 3 times (x 96B)
Class android.databinding.tool.LibTypes$observableList$2                              : loaded 3 times (x 75B)
Class com.google.gson.internal.sql.SqlTimestampTypeAdapter                            : loaded 3 times (x 72B)
Class com.google.gson.internal.bind.ReflectiveTypeAdapterFactory                      : loaded 3 times (x 71B)
Class com.google.gson.FieldNamingStrategy                                             : loaded 3 times (x 66B)
Class android.databinding.tool.LibTypes$nonNull$2                                     : loaded 3 times (x 75B)
Class com.google.gson.internal.JsonReaderInternalAccess                               : loaded 3 times (x 68B)
Class com.google.common.base.JdkPattern                                               : loaded 3 times (x 71B)
Class kotlin.collections.SetsKt                                                       : loaded 3 times (x 67B)
Class com.sun.xml.bind.v2.runtime.ElementBeanInfoImpl                                 : loaded 3 times (x 85B)
Class com.sun.xml.bind.v2.runtime.BridgeAdapter                                       : loaded 3 times (x 83B)
Class android.databinding.tool.LibTypes$Companion                                     : loaded 3 times (x 67B)
Class [Lcom.google.gson.ToNumberPolicy;                                               : loaded 3 times (x 65B)
Class com.google.gson.ToNumberPolicy                                                  : loaded 3 times (x 79B)
Class android.databinding.tool.LibTypes$listClassNames$2                              : loaded 3 times (x 75B)
Class com.google.gson.internal.bind.JsonTreeWriter                                    : loaded 3 times (x 94B)
Class com.google.gson.internal.bind.ArrayTypeAdapter$1                                : loaded 3 times (x 71B)
Class com.google.common.collect.NullnessCasts                                         : loaded 3 times (x 67B)
Class android.databinding.tool.util.Preconditions                                     : loaded 3 times (x 67B)
Class com.google.gson.internal.ConstructorConstructor$9                               : loaded 3 times (x 72B)
Class android.databinding.tool.store.GenClassInfoLog$GenClassImpl                     : loaded 3 times (x 68B)
Class com.google.common.collect.ImmutableMultimap$Keys                                : loaded 3 times (x 162B)
Class com.google.gson.internal.ConstructorConstructor$11                              : loaded 3 times (x 71B)
Class com.google.common.collect.Maps$FilteredEntryMap$EntrySet$1                      : loaded 3 times (x 78B)
Class com.sun.xml.bind.v2.runtime.AttributeAccessor                                   : loaded 3 times (x 66B)
Class com.sun.xml.bind.v2.model.annotation.Locatable                                  : loaded 3 times (x 66B)
Class org.apache.commons.io.file.DeleteOption                                         : loaded 3 times (x 66B)
Class android.databinding.tool.LibTypes$observableMap$2                               : loaded 3 times (x 75B)
Class com.google.common.cache.RemovalListener                                         : loaded 2 times (x 66B)
Class com.google.common.collect.MapMakerInternalMap$Strength$1                        : loaded 2 times (x 76B)
Class com.google.common.base.Present                                                  : loaded 2 times (x 77B)
Class com.sun.xml.bind.v2.runtime.JAXBContextImpl$5                                   : loaded 2 times (x 70B)
Class [Landroid.databinding.annotationprocessor.ProcessDataBinding$ProcessingStep;    : loaded 2 times (x 65B)
Class com.sun.xml.bind.v2.model.runtime.RuntimeValuePropertyInfo                      : loaded 2 times (x 66B)
Class com.squareup.javapoet.CodeBlock$Builder                                         : loaded 2 times (x 68B)
Class kotlin.jvm.internal.Reflection                                                  : loaded 2 times (x 67B)
Class kotlin.reflect.KProperty                                                        : loaded 2 times (x 66B)
Class com.sun.xml.bind.v2.model.core.PropertyInfo                                     : loaded 2 times (x 66B)
Class com.sun.xml.bind.v2.model.impl.RuntimeBuiltinLeafInfoImpl$18                    : loaded 2 times (x 132B)
Class javax.activation.MimeTypeParseException                                         : loaded 2 times (x 78B)
Class com.sun.xml.bind.WhiteSpaceProcessor                                            : loaded 2 times (x 67B)
Class com.google.common.reflect.Invokable$ConstructorInvokable                        : loaded 2 times (x 103B)
Class com.google.common.collect.Maps$EntryFunction$2                                  : loaded 2 times (x 87B)
Class org.gradle.api.internal.ClassPathRegistry                                       : loaded 2 times (x 66B)
Class org.gradle.internal.classpath.DefaultClassPath$ImmutableUniqueList              : loaded 2 times (x 195B)
Class com.google.common.collect.Maps$EntryFunction$1                                  : loaded 2 times (x 87B)
Class com.sun.xml.bind.v2.model.impl.ClassInfoImpl$PropertyGroup                      : loaded 2 times (x 75B)
Class com.google.common.collect.AbstractMapBasedMultimap$WrappedCollection$WrappedIterator: loaded 2 times (x 80B)
Class com.sun.xml.bind.v2.runtime.BridgeContextImpl                                   : loaded 2 times (x 73B)
Class com.sun.xml.bind.v2.model.core.ID                                               : loaded 2 times (x 75B)
Class kotlin.collections.IntIterator                                                  : loaded 2 times (x 78B)
Class android.databinding.internal.org.antlr.v4.runtime.ANTLRErrorListener            : loaded 2 times (x 66B)
Class com.sun.xml.bind.v2.model.impl.RuntimeBuiltinLeafInfoImpl$17                    : loaded 2 times (x 132B)
Class com.sun.xml.bind.v2.runtime.unmarshaller.XmlVisitor$TextPredictor               : loaded 2 times (x 66B)
Class javax.xml.bind.annotation.XmlRegistry                                           : loaded 2 times (x 66B)
Class com.sun.xml.bind.v2.model.impl.RuntimeBuiltinLeafInfoImpl$19                    : loaded 2 times (x 132B)
Class com.google.common.collect.MapMakerInternalMap$Segment                           : loaded 2 times (x 138B)
Class com.google.common.reflect.TypeToken                                             : loaded 2 times (x 69B)
Class com.google.common.base.ExtraObjectsMethodsForWeb                                : loaded 2 times (x 67B)
Class android.databinding.internal.org.antlr.v4.runtime.tree.RuleNode                 : loaded 2 times (x 66B)
Class com.sun.xml.bind.v2.runtime.property.PropertyImpl                               : loaded 2 times (x 98B)
Class com.sun.xml.bind.v2.runtime.reflect.Lister$ArrayLister                          : loaded 2 times (x 73B)
Class [Lkotlin.reflect.KAnnotatedElement;                                             : loaded 2 times (x 65B)
Class android.databinding.tool.store.SetterStore$AccessorKey                          : loaded 2 times (x 73B)
Class android.databinding.tool.CompilerArguments$Companion$stringToFileList$1         : loaded 2 times (x 74B)
Class kotlin.text.StringsKt__StringsKt$splitToSequence$2                              : loaded 2 times (x 75B)
Class com.sun.xml.bind.v2.runtime.property.ArrayProperty                              : loaded 2 times (x 98B)
Class com.google.gson.internal.ConstructorConstructor$13                              : loaded 2 times (x 71B)
Class com.google.common.base.NullnessCasts                                            : loaded 2 times (x 67B)
Class android.databinding.tool.util.StringUtils                                       : loaded 2 times (x 67B)
Class com.sun.xml.bind.v2.runtime.reflect.Lister$CollectionLister                     : loaded 2 times (x 73B)
Class javax.xml.bind.annotation.XmlAccessOrder                                        : loaded 2 times (x 75B)
Class com.sun.xml.bind.v2.model.impl.RuntimeAnyTypeImpl                               : loaded 2 times (x 90B)
Class com.sun.xml.bind.v2.model.nav.Navigator                                         : loaded 2 times (x 66B)
Class com.google.common.cache.RemovalCause                                            : loaded 2 times (x 76B)
Class com.google.common.io.ByteSink                                                   : loaded 2 times (x 72B)
Class com.google.common.cache.CacheBuilder                                            : loaded 2 times (x 68B)
Class org.gradle.internal.classpath.ClassPath                                         : loaded 2 times (x 66B)
Class org.gradle.api.UncheckedIOException                                             : loaded 2 times (x 78B)
Class android.databinding.tool.CompilerChef                                           : loaded 2 times (x 81B)
Class com.sun.xml.bind.v2.runtime.property.PropertyFactory$1                          : loaded 2 times (x 67B)
Class kotlin.reflect.KFunction                                                        : loaded 2 times (x 66B)
Class com.google.common.util.concurrent.AbstractFuture$Cancellation                   : loaded 2 times (x 68B)
Class javax.xml.bind.annotation.XmlElementWrapper                                     : loaded 2 times (x 66B)
Class javax.xml.bind.annotation.adapters.XmlJavaTypeAdapter                           : loaded 2 times (x 66B)
Class com.sun.xml.bind.v2.model.annotation.AnnotationSource                           : loaded 2 times (x 66B)
Class com.google.common.collect.Interners$InternerBuilder                             : loaded 2 times (x 72B)
Class [Lcom.google.common.reflect.Types$JavaVersion;                                  : loaded 2 times (x 65B)
Class com.google.common.io.Files$FileByteSource                                       : loaded 2 times (x 81B)
Class com.google.gson.internal.$Gson$Types$GenericArrayTypeImpl                       : loaded 2 times (x 75B)
Class com.google.common.io.Files$2                                                    : loaded 2 times (x 72B)
Class com.sun.xml.bind.v2.model.impl.RuntimeBuiltinLeafInfoImpl$16                    : loaded 2 times (x 132B)
Class android.databinding.internal.org.antlr.v4.runtime.CharStream                    : loaded 2 times (x 66B)
Class android.databinding.annotationprocessor.ProcessDataBinding$ProcessingStep       : loaded 2 times (x 71B)
Class com.squareup.javapoet.ParameterSpec$Builder                                     : loaded 2 times (x 68B)
Class com.android.tools.build.jetifier.core.PackageMap$PackageRule$JsonData           : loaded 2 times (x 68B)
Class [Lkotlin.reflect.KDeclarationContainer;                                         : loaded 2 times (x 65B)
Class com.sun.xml.bind.annotation.OverrideAnnotationOf                                : loaded 2 times (x 66B)
Class com.sun.xml.bind.v2.model.impl.RuntimeValuePropertyInfoImpl                     : loaded 2 times (x 131B)
Class org.objectweb.asm.SymbolTable$Entry                                             : loaded 2 times (x 70B)
Class com.google.common.util.concurrent.AbstractFuture$AtomicHelper                   : loaded 2 times (x 74B)
Class com.sun.xml.bind.v2.model.impl.AnyTypeImpl                                      : loaded 2 times (x 85B)
Class android.databinding.tool.store.BindingAdapterStore$merge$$inlined$merge$5$1     : loaded 2 times (x 73B)
Class android.databinding.tool.reflection.TypeUtil                                    : loaded 2 times (x 70B)
Class javax.xml.bind.annotation.XmlTransient                                          : loaded 2 times (x 66B)
Class com.sun.xml.bind.v2.model.impl.ReferencePropertyInfoImpl                        : loaded 2 times (x 123B)
Class android.databinding.internal.org.antlr.v4.runtime.TokenSource                   : loaded 2 times (x 66B)
Class com.google.gson.internal.ConstructorConstructor$16                              : loaded 2 times (x 71B)
Class com.sun.xml.bind.v2.runtime.property.SingleElementLeafProperty                  : loaded 2 times (x 98B)
Class com.sun.xml.bind.api.impl.NameConverter$Standard                                : loaded 2 times (x 89B)
Class com.sun.xml.bind.v2.model.annotation.Init                                       : loaded 2 times (x 67B)
Class build_1tgm06eutuwvundnxlcrvt6x9                                                 : loaded 2 times (x 176B)
Class org.objectweb.asm.Edge                                                          : loaded 2 times (x 68B)
Class com.google.common.base.Suppliers$SupplierOfInstance                             : loaded 2 times (x 75B)
Class kotlin.collections.IndexingIterator                                             : loaded 2 times (x 75B)
Class android.databinding.tool.util.GenerationalClassUtil$load$1                      : loaded 2 times (x 75B)
Class android.databinding.tool.reflection.ModelAnalyzer$Companion                     : loaded 2 times (x 67B)
Class [Lcom.google.common.base.Function;                                              : loaded 2 times (x 65B)
Class android.databinding.tool.reflection.ModelAnalyzer$dataBindingKtxClass$2         : loaded 2 times (x 75B)
Class android.databinding.annotationprocessor.AnnotationUtil                          : loaded 2 times (x 67B)
Class com.sun.xml.bind.v2.runtime.property.ArrayReferenceNodeProperty$MixedTextLoader : loaded 2 times (x 74B)
Class com.sun.xml.bind.v2.runtime.unmarshaller.XsiNilLoader$Array                     : loaded 2 times (x 76B)
Class com.sun.xml.bind.AccessorFactory                                                : loaded 2 times (x 66B)
Class com.google.common.reflect.TypeToken$1                                           : loaded 2 times (x 106B)
Class com.google.common.cache.LocalCache$ComputingValueReference                      : loaded 2 times (x 92B)
Class com.google.common.collect.SingletonImmutableSet                                 : loaded 2 times (x 142B)
Class org.apache.http.HttpEntityEnclosingRequest                                      : loaded 2 times (x 66B)
Class com.google.common.cache.Cache                                                   : loaded 2 times (x 66B)
Class com.google.common.cache.LocalCache$Strength                                     : loaded 2 times (x 77B)
Class android.databinding.tool.util.GenerationalClassUtil$load$2                      : loaded 2 times (x 75B)
Class kotlin.reflect.KProperty$Getter                                                 : loaded 2 times (x 66B)
Class com.sun.xml.bind.v2.model.nav.ReflectionNavigator$BinderArg                     : loaded 2 times (x 69B)
Class com.sun.xml.bind.v2.model.annotation.SecureLoader                               : loaded 2 times (x 67B)
Class com.sun.xml.bind.v2.model.impl.PropertyInfoImpl                                 : loaded 2 times (x 104B)
Class com.sun.xml.bind.v2.runtime.output.Pcdata                                       : loaded 2 times (x 84B)
Class com.sun.xml.bind.v2.util.QNameMap                                               : loaded 2 times (x 68B)
Class com.google.common.reflect.TypeToken$2                                           : loaded 2 times (x 106B)
Class com.google.common.cache.LocalCache$Segment                                      : loaded 2 times (x 150B)
Class org.gradle.api.internal.DefaultClassPathProvider                                : loaded 2 times (x 72B)
Class com.google.common.base.Splitter                                                 : loaded 2 times (x 68B)
Class com.google.common.base.Stopwatch                                                : loaded 2 times (x 68B)
Class com.sun.xml.bind.v2.runtime.AnyTypeBeanInfo                                     : loaded 2 times (x 88B)
Class com.sun.xml.bind.v2.model.impl.RuntimeBuiltinLeafInfoImpl$15                    : loaded 2 times (x 132B)
Class com.google.gson.internal.LinkedTreeMap$LinkedTreeMapIterator                    : loaded 2 times (x 76B)
Class javax.xml.bind.annotation.XmlAnyAttribute                                       : loaded 2 times (x 66B)
Class com.sun.xml.bind.v2.model.impl.ValuePropertyInfoImpl                            : loaded 2 times (x 116B)
Class com.google.common.collect.SortedIterable                                        : loaded 2 times (x 66B)
Class [Lorg.objectweb.asm.SymbolTable$Entry;                                          : loaded 2 times (x 65B)
Class com.google.common.cache.CacheLoader                                             : loaded 2 times (x 70B)
Class com.google.common.collect.AbstractListMultimap                                  : loaded 2 times (x 168B)
Class org.gradle.internal.installation.GradleInstallation$1                           : loaded 2 times (x 71B)
Class org.gradle.api.internal.classpath.ModuleRegistry                                : loaded 2 times (x 66B)
Class org.objectweb.asm.AnnotationVisitor                                             : loaded 2 times (x 74B)
Class com.sun.xml.bind.v2.model.impl.ClassInfoImpl$SecondaryAnnotation                : loaded 2 times (x 76B)
Class android.databinding.internal.org.antlr.v4.runtime.RuleContext                   : loaded 2 times (x 110B)
Class kotlin.jvm.internal.PropertyReference                                           : loaded 2 times (x 111B)
Class com.android.tools.build.jetifier.core.type.TypesMap                             : loaded 2 times (x 68B)
Class com.sun.xml.bind.v2.runtime.output.UTF8XmlOutput                                : loaded 2 times (x 96B)
Class [Lcom.sun.xml.bind.v2.model.impl.ClassInfoImpl$SecondaryAnnotation;             : loaded 2 times (x 65B)
Class com.sun.xml.bind.v2.model.core.TypeInfoSet                                      : loaded 2 times (x 66B)
Class com.sun.xml.bind.api.BridgeContext                                              : loaded 2 times (x 72B)
Class com.google.common.util.concurrent.internal.InternalFutureFailureAccess          : loaded 2 times (x 68B)
Class com.google.common.collect.ImmutableSet$JdkBackedSetBuilderImpl                  : loaded 2 times (x 72B)
Class com.google.common.base.Splitter$SplittingIterator                               : loaded 2 times (x 80B)
Class com.android.tools.build.jetifier.core.type.TypesMap$Companion                   : loaded 2 times (x 67B)
Class org.gradle.cache.GlobalCache                                                    : loaded 2 times (x 66B)
Class org.gradle.api.internal.classpath.UnknownModuleException                        : loaded 2 times (x 78B)
Class com.squareup.javapoet.JavaFile$1                                                : loaded 2 times (x 75B)
Class com.android.tools.build.jetifier.core.TypeRewriter                              : loaded 2 times (x 68B)
Class com.sun.xml.bind.v2.runtime.output.XmlOutput                                    : loaded 2 times (x 66B)
Class com.sun.xml.bind.v2.model.runtime.RuntimeReferencePropertyInfo                  : loaded 2 times (x 66B)
Class javax.xml.bind.annotation.XmlRootElement                                        : loaded 2 times (x 66B)
Class com.sun.xml.bind.v2.model.core.Ref                                              : loaded 2 times (x 68B)
Class com.sun.xml.bind.v2.model.runtime.RuntimeElementInfo                            : loaded 2 times (x 66B)
Class com.sun.xml.bind.v2.model.impl.RuntimeModelBuilder                              : loaded 2 times (x 96B)
Class com.google.common.collect.Iterators$6                                           : loaded 2 times (x 77B)
Class com.google.common.collect.HashBiMap$Inverse                                     : loaded 2 times (x 138B)
Class com.google.common.io.Closer$SuppressingSuppressor                               : loaded 2 times (x 71B)
Class com.google.common.util.concurrent.AbstractFuture$UnsafeAtomicHelper             : loaded 2 times (x 74B)
Class com.google.common.cache.LocalCache$LocalManualCache$1                           : loaded 2 times (x 71B)
Class com.google.common.base.CharMatcher$ForPredicate                                 : loaded 2 times (x 108B)
Class com.google.common.collect.Iterators$EmptyModifiableIterator                     : loaded 2 times (x 82B)
Class com.sun.xml.bind.v2.model.core.Element                                          : loaded 2 times (x 66B)
Class com.google.common.cache.Weigher                                                 : loaded 2 times (x 66B)
Class com.sun.xml.bind.v2.model.core.RegistryInfo                                     : loaded 2 times (x 66B)
Class com.sun.xml.bind.v2.model.impl.DummyPropertyInfo                                : loaded 2 times (x 66B)
Class com.android.tools.build.jetifier.core.pom.PomDependency                         : loaded 2 times (x 68B)
Class com.sun.xml.bind.v2.runtime.unmarshaller.UnmarshallingContext                   : loaded 2 times (x 99B)
Class com.sun.xml.bind.v2.runtime.LifecycleMethods                                    : loaded 2 times (x 68B)
Class com.sun.xml.bind.v2.model.annotation.MethodLocatable                            : loaded 2 times (x 74B)
Class com.sun.xml.bind.v2.model.runtime.RuntimeMapPropertyInfo                        : loaded 2 times (x 66B)
Class com.sun.xml.bind.v2.model.nav.TypeVisitor                                       : loaded 2 times (x 72B)
Class com.google.common.base.CharMatcher$AnyOf                                        : loaded 2 times (x 108B)
Class org.gradle.api.internal.classpath.DefaultModuleRegistry                         : loaded 2 times (x 82B)
Class com.sun.xml.bind.v2.model.impl.MapPropertyInfoImpl                              : loaded 2 times (x 115B)
Class com.sun.xml.bind.v2.model.impl.RuntimeMapPropertyInfoImpl                       : loaded 2 times (x 133B)
Class com.sun.xml.bind.v2.model.impl.AttributePropertyInfoImpl                        : loaded 2 times (x 120B)
Class com.sun.xml.bind.v2.model.impl.RuntimeBuiltinLeafInfoImpl$14                    : loaded 2 times (x 132B)
Class com.sun.xml.bind.v2.model.impl.RuntimeBuiltinLeafInfoImpl$UUIDImpl              : loaded 2 times (x 132B)
Class com.sun.xml.bind.v2.model.nav.ReflectionNavigator$10                            : loaded 2 times (x 73B)
Class [Lkotlin.reflect.KCallable;                                                     : loaded 2 times (x 65B)
Class kotlin.reflect.KProperty$Accessor                                               : loaded 2 times (x 66B)
Class kotlin.collections.IndexedValue                                                 : loaded 2 times (x 68B)
Class com.squareup.javapoet.TypeName                                                  : loaded 2 times (x 77B)
Class javax.xml.bind.Unmarshaller                                                     : loaded 2 times (x 66B)
Class org.apache.http.message.AbstractHttpMessage                                     : loaded 2 times (x 104B)
Class com.google.common.util.concurrent.ListenableFuture                              : loaded 2 times (x 66B)
Class com.google.common.cache.ReferenceEntry                                          : loaded 2 times (x 66B)
Class com.google.common.base.CharMatcher$Any                                          : loaded 2 times (x 108B)
Class com.sun.xml.bind.v2.runtime.reflect.AdaptedLister                               : loaded 2 times (x 73B)
Class kotlin.reflect.KMutableProperty                                                 : loaded 2 times (x 66B)
Class com.android.tools.build.jetifier.core.rule.RewriteRule                          : loaded 2 times (x 68B)
Class com.android.tools.build.jetifier.core.rule.RewriteRule$Companion                : loaded 2 times (x 67B)
Class com.squareup.javapoet.AnnotationSpec$Builder                                    : loaded 2 times (x 68B)
Class android.databinding.tool.reflection.ModelAnalyzer$stringType$2                  : loaded 2 times (x 75B)
Class com.squareup.javapoet.ParameterSpec                                             : loaded 2 times (x 68B)
Class com.squareup.javapoet.FieldSpec$Builder                                         : loaded 2 times (x 68B)
Class com.sun.xml.bind.v2.runtime.Coordinator                                         : loaded 2 times (x 79B)
Class javax.xml.bind.ValidationEventHandler                                           : loaded 2 times (x 66B)
Class com.sun.xml.bind.v2.model.annotation.XmlRootElementQuick                        : loaded 2 times (x 88B)
Class com.sun.xml.bind.v2.runtime.NameBuilder                                         : loaded 2 times (x 68B)
Class com.google.common.util.concurrent.AbstractFuture                                : loaded 2 times (x 102B)
Class com.google.common.base.FunctionalEquivalence                                    : loaded 2 times (x 79B)
Class com.google.common.collect.AbstractMapBasedMultimap                              : loaded 2 times (x 135B)
Class [Lorg.gradle.api.internal.ClassPathProvider;                                    : loaded 2 times (x 65B)
Class android.databinding.tool.reflection.ModelAnalyzer$mutableLiveDataType$2         : loaded 2 times (x 75B)
Class android.databinding.tool.store.BindingAdapterStore$Companion                    : loaded 2 times (x 67B)
Class android.databinding.tool.store.SetterStore$1                                    : loaded 2 times (x 88B)
Class org.gradle.api.internal.ClassPathProvider                                       : loaded 2 times (x 66B)
Class org.gradle.api.internal.classpath.Module                                        : loaded 2 times (x 66B)
Class com.sun.xml.bind.v2.runtime.unmarshaller.IntData                                : loaded 2 times (x 85B)
Class android.databinding.tool.store.ResourceBundle$BindingTargetBundle$BindingBundle : loaded 2 times (x 78B)
Class javax.xml.bind.annotation.XmlSeeAlso                                            : loaded 2 times (x 66B)
Class com.sun.xml.bind.v2.model.core.PropertyKind                                     : loaded 2 times (x 75B)
Class [Lcom.sun.xml.bind.v2.model.impl.ClassInfoImpl$PropertyGroup;                   : loaded 2 times (x 65B)
Class com.sun.xml.bind.v2.runtime.unmarshaller.Receiver                               : loaded 2 times (x 66B)
Class [Lcom.sun.xml.bind.v2.model.annotation.Quick;                                   : loaded 2 times (x 65B)
Class kotlin.io.FileTreeWalk$FileTreeWalkIterator$SingleFileState                     : loaded 2 times (x 70B)
Class com.google.common.reflect.TypeResolver$TypeTable                                : loaded 2 times (x 69B)
Class org.apache.http.client.methods.AbortableHttpRequest                             : loaded 2 times (x 66B)
Class org.objectweb.asm.RecordComponentVisitor                                        : loaded 2 times (x 73B)
Class com.google.common.cache.CacheLoader$SupplierToCacheLoader                       : loaded 2 times (x 71B)
Class com.sun.xml.bind.v2.model.impl.ModelBuilderI                                    : loaded 2 times (x 66B)
Class com.sun.xml.bind.v2.model.impl.RuntimeBuiltinLeafInfoImpl$13                    : loaded 2 times (x 133B)
Class settings_86a18iqo7bwxa6m486lwzx3zp$_run_closure1$_closure2                      : loaded 2 times (x 135B)
Class com.sun.xml.bind.v2.model.annotation.XmlElementQuick                            : loaded 2 times (x 92B)
Class com.sun.xml.bind.v2.model.impl.ClassInfoImpl$ConflictException                  : loaded 2 times (x 78B)
Class build_8h13iasa0gvnh1izib3gk8bla$_run_closure1                                   : loaded 2 times (x 135B)
Class com.google.common.collect.ImmutableRangeSet                                     : loaded 2 times (x 111B)
Class com.sun.xml.bind.v2.runtime.JAXBContextImpl$3                                   : loaded 2 times (x 70B)
Class com.sun.xml.bind.v2.runtime.unmarshaller.SAXConnector$TagNameImpl               : loaded 2 times (x 71B)
Class javax.xml.bind.JAXBElement                                                      : loaded 2 times (x 77B)
Class javax.xml.bind.annotation.XmlAccessorOrder                                      : loaded 2 times (x 66B)
Class com.google.common.reflect.TypeResolver$TypeTable$1                              : loaded 2 times (x 69B)
Class org.gradle.internal.service.ServiceLookupException                              : loaded 2 times (x 78B)
Class javax.xml.bind.annotation.XmlElements                                           : loaded 2 times (x 66B)
Class [Lcom.sun.xml.bind.v2.runtime.property.AttributeProperty;                       : loaded 2 times (x 65B)
Class com.sun.xml.bind.v2.runtime.property.ArrayReferenceNodeProperty                 : loaded 2 times (x 100B)
Class com.sun.xml.bind.v2.runtime.unmarshaller.LeafPropertyXsiLoader                  : loaded 2 times (x 74B)
Class com.squareup.javapoet.LineWrapper                                               : loaded 2 times (x 68B)
Class com.sun.xml.bind.v2.runtime.reflect.PrimitiveArrayListerCharacter               : loaded 2 times (x 72B)
Class com.sun.xml.bind.v2.runtime.reflect.Lister$IDREFS                               : loaded 2 times (x 73B)
Class com.sun.xml.bind.v2.model.core.TypeRef                                          : loaded 2 times (x 66B)
Class com.sun.xml.bind.v2.model.impl.FieldPropertySeed                                : loaded 2 times (x 86B)
Class com.sun.istack.Pool$Impl                                                        : loaded 2 times (x 73B)
Class com.sun.xml.bind.v2.runtime.ArrayBeanInfoImpl                                   : loaded 2 times (x 85B)
Class com.google.common.collect.ImmutableSortedSet                                    : loaded 2 times (x 295B)
Class com.google.common.collect.Lists$ReverseList                                     : loaded 2 times (x 196B)
Class [Lcom.google.common.cache.LocalCache$EntryFactory;                              : loaded 2 times (x 65B)
Class com.google.common.base.CharMatcher$JavaLetter                                   : loaded 2 times (x 107B)
Class org.gradle.internal.classloader.ClassLoaderFactory                              : loaded 2 times (x 66B)
Class com.sun.xml.bind.v2.runtime.MarshallerImpl$1                                    : loaded 2 times (x 148B)
Class com.squareup.javapoet.ParameterizedTypeName                                     : loaded 2 times (x 77B)
Class android.databinding.tool.util.Resources                                         : loaded 2 times (x 68B)
Class android.databinding.tool.reflection.ModelAnalyzer$stateFlowType$2               : loaded 2 times (x 75B)
Class com.squareup.javapoet.LineWrapper$1                                             : loaded 2 times (x 67B)
Class com.google.common.collect.ArrayListMultimapGwtSerializationDependencies         : loaded 2 times (x 168B)
Class com.google.common.math.MathPreconditions                                        : loaded 2 times (x 67B)
Class com.sun.xml.bind.v2.runtime.reflect.PrimitiveArrayListerByte                    : loaded 2 times (x 72B)
Class com.sun.xml.bind.v2.runtime.property.SingleReferenceNodeProperty$1              : loaded 2 times (x 81B)
Class com.sun.xml.bind.v2.runtime.unmarshaller.XsiNilLoader                           : loaded 2 times (x 76B)
Class javax.xml.bind.MarshalException                                                 : loaded 2 times (x 81B)
Class com.google.common.collect.ImmutableMap$SerializedForm                           : loaded 2 times (x 69B)
Class com.google.common.cache.LocalCache$LocalManualCache                             : loaded 2 times (x 95B)
Class com.google.common.base.CharMatcher$IsNot                                        : loaded 2 times (x 107B)
Class org.gradle.internal.service.CachingServiceLocator                               : loaded 2 times (x 78B)
Class android.databinding.tool.reflection.ImportBag                                   : loaded 2 times (x 68B)
Class com.google.common.collect.FluentIterable$3                                      : loaded 2 times (x 77B)
Class android.databinding.tool.expr.VersionProvider                                   : loaded 2 times (x 66B)
Class com.sun.xml.bind.v2.model.impl.ElementInfoImpl                                  : loaded 2 times (x 105B)
Class com.sun.xml.bind.v2.model.impl.RuntimeBuiltinLeafInfoImpl$PcdataImpl            : loaded 2 times (x 130B)
Class com.sun.xml.bind.v2.model.impl.RuntimeBuiltinLeafInfoImpl$12                    : loaded 2 times (x 132B)
Class kotlin.jvm.internal.CallableReference                                           : loaded 2 times (x 102B)
Class com.google.common.collect.RegularImmutableSortedSet                             : loaded 2 times (x 295B)
Class com.google.common.collect.AbstractMapBasedMultimap$KeySet                       : loaded 2 times (x 133B)
Class com.google.common.math.IntMath                                                  : loaded 2 times (x 67B)
Class com.sun.xml.bind.v2.runtime.Transducer                                          : loaded 2 times (x 66B)
Class com.sun.xml.bind.v2.util.ByteArrayOutputStreamEx                                : loaded 2 times (x 90B)
Class com.sun.xml.bind.api.impl.NameUtil                                              : loaded 2 times (x 76B)
Class com.sun.xml.bind.v2.model.impl.RuntimeClassInfoImpl                             : loaded 2 times (x 158B)
Class android.databinding.tool.store.SetterStore$ViewBindingRootViewSetterCall        : loaded 2 times (x 86B)
Class com.sun.xml.bind.v2.runtime.property.ArrayElementProperty                       : loaded 2 times (x 101B)
Class kotlin.collections.IndexingIterable                                             : loaded 2 times (x 75B)
Class com.sun.xml.bind.v2.model.impl.RuntimeBuiltinLeafInfoImpl$StringImplImpl        : loaded 2 times (x 132B)
Class kotlin.properties.ReadOnlyProperty                                              : loaded 2 times (x 66B)
Class android.databinding.tool.ext.Replacement                                        : loaded 2 times (x 68B)
Class com.sun.xml.bind.v2.runtime.reflect.TransducedAccessor$CompositeContextDependentTransducedAccessorImpl: loaded 2 times (x 75B)
Class com.sun.xml.bind.v2.runtime.reflect.Accessor                                    : loaded 2 times (x 81B)
Class com.sun.xml.bind.v2.model.impl.RuntimeAttributePropertyInfoImpl                 : loaded 2 times (x 140B)
Class com.sun.xml.bind.api.AccessorException                                          : loaded 2 times (x 78B)
Class com.google.common.collect.MapMakerInternalMap$InternalEntry                     : loaded 2 times (x 66B)
Class com.google.common.reflect.Types$TypeVariableInvocationHandler                   : loaded 2 times (x 71B)
Class [Lcom.google.common.collect.HashBiMap$BiEntry;                                  : loaded 2 times (x 65B)
Class com.google.common.base.CharMatcher$JavaDigit                                    : loaded 2 times (x 107B)
Class com.android.tools.build.jetifier.core.type.JavaType$Companion                   : loaded 2 times (x 67B)
Class android.databinding.internal.org.antlr.v4.runtime.ParserRuleContext             : loaded 2 times (x 127B)
Class com.sun.xml.bind.v2.runtime.reflect.ListTransducedAccessorImpl                  : loaded 2 times (x 76B)
Class com.android.tools.build.jetifier.core.config.Config$JsonData                    : loaded 2 times (x 68B)
Class com.squareup.javapoet.MethodSpec$Builder                                        : loaded 2 times (x 68B)
Class javax.xml.bind.PropertyException                                                : loaded 2 times (x 81B)
Class com.sun.xml.bind.v2.runtime.unmarshaller.TagName                                : loaded 2 times (x 71B)
Class kotlin.collections.CollectionsKt___CollectionsKt$asSequence$$inlined$Sequence$1 : loaded 2 times (x 71B)
Class com.sun.xml.bind.v2.runtime.reflect.Lister$1                                    : loaded 2 times (x 72B)
Class android.databinding.tool.store.Location                                         : loaded 2 times (x 74B)
Class com.sun.xml.bind.v2.model.nav.ReflectionNavigator$1                             : loaded 2 times (x 77B)
Class com.google.common.base.Predicates                                               : loaded 2 times (x 67B)
Class com.google.common.collect.Maps$1                                                : loaded 2 times (x 78B)
Class com.android.tools.build.jetifier.core.rule.RewriteRule$JsonData                 : loaded 2 times (x 68B)
Class com.android.tools.build.jetifier.core.PackageMap$PackageRule                    : loaded 2 times (x 68B)
Class android.databinding.tool.util.GenerationalClassUtil                             : loaded 2 times (x 68B)
Class android.databinding.tool.reflection.ModelAnalyzer                               : loaded 2 times (x 73B)
Class com.sun.xml.bind.v2.runtime.reflect.Lister$2                                    : loaded 2 times (x 73B)
Class com.sun.xml.bind.v2.runtime.reflect.DefaultTransducedAccessor                   : loaded 2 times (x 75B)
Class com.sun.xml.bind.v2.model.annotation.XmlTransientQuick                          : loaded 2 times (x 86B)
Class javax.xml.bind.annotation.XmlAccessorType                                       : loaded 2 times (x 66B)
Class com.sun.xml.bind.v2.model.nav.ReflectionNavigator$2                             : loaded 2 times (x 77B)
Class com.sun.xml.bind.v2.model.impl.EnumLeafInfoImpl                                 : loaded 2 times (x 124B)
Class com.google.common.collect.IndexedImmutableSet$1                                 : loaded 2 times (x 208B)
Class com.google.common.cache.CacheBuilder$OneWeigher                                 : loaded 2 times (x 78B)
Class android.databinding.tool.store.SetterStore$Intermediate                         : loaded 2 times (x 66B)
Class com.sun.xml.bind.v2.runtime.property.SingleMapNodeProperty                      : loaded 2 times (x 98B)
Class android.databinding.tool.store.BindingAdapterStore$merge$$inlined$merge$2$1     : loaded 2 times (x 73B)
Class com.sun.xml.bind.v2.model.runtime.RuntimeTypeRef                                : loaded 2 times (x 66B)
Class com.android.tools.build.jetifier.core.type.JavaType                             : loaded 2 times (x 68B)
Class com.sun.xml.bind.v2.model.nav.ReflectionNavigator$3                             : loaded 2 times (x 73B)
Class com.sun.xml.bind.v2.model.annotation.XmlValueQuick                              : loaded 2 times (x 86B)
Class com.google.common.reflect.Types$ClassOwnership$1LocalClass                      : loaded 2 times (x 67B)
Class com.google.common.collect.Maps$EntryFunction                                    : loaded 2 times (x 87B)
Class org.gradle.internal.classloader.ClasspathUtil                                   : loaded 2 times (x 67B)
Class com.sun.xml.bind.v2.runtime.JAXBContextImpl$6                                   : loaded 2 times (x 87B)
Class android.databinding.tool.reflection.SdkUtil                                     : loaded 2 times (x 73B)
Class android.databinding.tool.reflection.annotation.AnnotationClass                  : loaded 2 times (x 101B)
Class com.google.common.base.Absent                                                   : loaded 2 times (x 76B)
Class [Lcom.google.common.base.StandardSystemProperty;                                : loaded 2 times (x 65B)
Class com.sun.istack.SAXException2                                                    : loaded 2 times (x 79B)
Class com.sun.xml.bind.v2.runtime.output.IndentingUTF8XmlOutput                       : loaded 2 times (x 97B)
Class com.sun.xml.bind.v2.runtime.property.UnmarshallerChain                          : loaded 2 times (x 68B)
Class com.sun.xml.bind.v2.runtime.unmarshaller.TextLoader                             : loaded 2 times (x 74B)
Class android.databinding.internal.org.antlr.v4.runtime.tree.SyntaxTree               : loaded 2 times (x 66B)
Class com.sun.xml.bind.v2.TODO                                                        : loaded 2 times (x 67B)
Class com.sun.xml.bind.v2.model.runtime.RuntimeElementPropertyInfo                    : loaded 2 times (x 66B)
Class com.sun.xml.bind.v2.model.impl.RuntimeBuiltinLeafInfoImpl$20                    : loaded 2 times (x 132B)
Class com.google.common.base.Charsets                                                 : loaded 2 times (x 67B)
Class com.google.common.util.concurrent.Uninterruptibles                              : loaded 2 times (x 67B)
Class com.google.common.collect.FluentIterable$2                                      : loaded 2 times (x 77B)
Class com.google.common.reflect.Reflection                                            : loaded 2 times (x 67B)
Class android.databinding.tool.store.SetterStore$InverseMethodDescription             : loaded 2 times (x 73B)
Class org.gradle.api.internal.classpath.EffectiveClassPath                            : loaded 2 times (x 86B)
Class com.android.tools.build.jetifier.core.config.Config                             : loaded 2 times (x 68B)
Class com.squareup.javapoet.TypeVariableName                                          : loaded 2 times (x 77B)
Class kotlin.jvm.internal.PropertyReference1                                          : loaded 2 times (x 123B)
Class com.sun.xml.bind.v2.model.nav.ReflectionNavigator$5                             : loaded 2 times (x 73B)
Class com.sun.xml.bind.v2.model.impl.RuntimeBuiltinLeafInfoImpl$21                    : loaded 2 times (x 132B)
Class com.google.common.io.CharSource                                                 : loaded 2 times (x 81B)
Class com.google.common.base.CharMatcher$JavaUpperCase                                : loaded 2 times (x 107B)
Class settings_86a18iqo7bwxa6m486lwzx3zp$_run_closure1                                : loaded 2 times (x 135B)
Class org.gradle.api.specs.Spec                                                       : loaded 2 times (x 66B)
Class com.sun.xml.bind.v2.runtime.JAXBContextImpl$2                                   : loaded 2 times (x 74B)
Class javax.xml.bind.annotation.XmlEnum                                               : loaded 2 times (x 66B)
Class android.databinding.tool.store.SetterStore$IntermediateV1                       : loaded 2 times (x 72B)
Class android.databinding.tool.reflection.ModelAnalyzer$viewStubType$2                : loaded 2 times (x 75B)
Class com.sun.xml.bind.v2.model.runtime.RuntimeEnumLeafInfo                           : loaded 2 times (x 66B)
Class com.google.common.io.ByteStreams                                                : loaded 2 times (x 67B)
Class com.sun.xml.bind.v2.model.core.ElementInfo                                      : loaded 2 times (x 66B)
Class com.android.tools.build.jetifier.core.rule.RewriteRulesMap$Companion            : loaded 2 times (x 67B)
Class com.sun.xml.bind.v2.model.impl.RuntimeBuiltinLeafInfoImpl$22                    : loaded 2 times (x 132B)
Class com.sun.xml.bind.v2.model.nav.ReflectionNavigator$6                             : loaded 2 times (x 77B)
Class com.google.common.collect.MapMaker                                              : loaded 2 times (x 68B)
Class com.google.common.reflect.Types$JavaVersion                                     : loaded 2 times (x 79B)
Class android.databinding.annotationprocessor.ProcessExpressions$Intermediate         : loaded 2 times (x 66B)
Class android.databinding.tool.store.SetterStore$MethodDescription                    : loaded 2 times (x 73B)
Class android.databinding.tool.store.SetterStore$IntermediateV2                       : loaded 2 times (x 72B)
Class com.sun.xml.bind.v2.model.impl.RuntimeBuiltinLeafInfoImpl$11                    : loaded 2 times (x 132B)
Class android.databinding.annotationprocessor.ProcessBindable$Intermediate            : loaded 2 times (x 66B)
Class [Lcom.sun.xml.bind.v2.runtime.unmarshaller.Scope;                               : loaded 2 times (x 65B)
Class com.android.tools.build.jetifier.core.pom.PomRewriteRule$JsonData               : loaded 2 times (x 68B)
Class com.sun.xml.bind.v2.model.nav.ParameterizedTypeImpl                             : loaded 2 times (x 81B)
Class com.sun.xml.bind.v2.runtime.reflect.Accessor$GetterSetterReflection             : loaded 2 times (x 81B)
Class com.sun.xml.bind.v2.model.impl.RuntimeBuiltinLeafInfoImpl$23                    : loaded 2 times (x 132B)
Class javax.activation.DataHandler                                                    : loaded 2 times (x 88B)
Class com.sun.xml.bind.v2.model.runtime.RuntimeTypeInfoSet                            : loaded 2 times (x 66B)
Class com.sun.xml.bind.v2.model.impl.TypeInfoSetImpl                                  : loaded 2 times (x 107B)
Class com.google.common.cache.LocalCache$LoadingValueReference                        : loaded 2 times (x 92B)
Class android.databinding.tool.store.SetterStore$MultiValueAdapterKey                 : loaded 2 times (x 73B)
Class com.google.common.collect.MapMakerInternalMap$Strength$2                        : loaded 2 times (x 76B)
Class com.google.common.reflect.Types$ClassOwnership$1                                : loaded 2 times (x 76B)
Class [Lcom.sun.xml.bind.v2.runtime.property.Property;                                : loaded 2 times (x 65B)
Class android.databinding.tool.store.SetterStore$IntermediateV3                       : loaded 2 times (x 72B)
Class com.sun.xml.bind.v2.runtime.reflect.Utils                                       : loaded 2 times (x 67B)
Class org.gradle.api.internal.classpath.DefaultModuleRegistry$DefaultModule           : loaded 2 times (x 82B)
Class org.objectweb.asm.FieldVisitor                                                  : loaded 2 times (x 73B)
Class javax.xml.bind.DatatypeConverterInterface                                       : loaded 2 times (x 66B)
Class com.android.tools.build.jetifier.core.config.ConfigParser                       : loaded 2 times (x 67B)
Class com.squareup.javapoet.ArrayTypeName                                             : loaded 2 times (x 77B)
Class com.google.common.base.Objects                                                  : loaded 2 times (x 67B)
Class com.sun.xml.bind.v2.runtime.reflect.Lister                                      : loaded 2 times (x 72B)
Class com.sun.xml.bind.v2.model.core.NonElementRef                                    : loaded 2 times (x 66B)
Class com.sun.xml.bind.v2.model.annotation.XmlAttributeQuick                          : loaded 2 times (x 89B)
Class com.sun.xml.bind.v2.model.impl.RuntimeBuiltinLeafInfoImpl$24                    : loaded 2 times (x 133B)
Class com.google.common.collect.CollectSpliterators                                   : loaded 2 times (x 67B)
Class com.google.common.collect.MapMakerInternalMap$StrongKeyDummyValueEntry          : loaded 2 times (x 78B)
Class com.google.common.reflect.Invokable$MethodInvokable                             : loaded 2 times (x 103B)
Class settings_86a18iqo7bwxa6m486lwzx3zp                                              : loaded 2 times (x 175B)
Class com.google.common.base.StandardSystemProperty                                   : loaded 2 times (x 75B)
Class com.google.common.collect.FluentIterable$1                                      : loaded 2 times (x 77B)
Class com.sun.xml.bind.v2.model.impl.RuntimeBuiltinLeafInfoImpl$9                     : loaded 2 times (x 132B)
Class com.sun.xml.bind.v2.model.impl.RuntimeBuiltinLeafInfoImpl$10                    : loaded 2 times (x 132B)
Class com.sun.xml.bind.v2.model.annotation.XmlSchemaTypeQuick                         : loaded 2 times (x 89B)
Class android.databinding.internal.org.antlr.v4.runtime.IntStream                     : loaded 2 times (x 66B)
Class android.databinding.tool.Context                                                : loaded 2 times (x 67B)
Class com.sun.xml.bind.CycleRecoverable$Context                                       : loaded 2 times (x 66B)
Class com.squareup.javapoet.JavaFile$Builder                                          : loaded 2 times (x 68B)
Class com.sun.xml.bind.v2.runtime.reflect.Accessor$FieldReflection                    : loaded 2 times (x 81B)
Class com.sun.xml.bind.v2.model.runtime.RuntimeNonElementRef                          : loaded 2 times (x 66B)
Class com.sun.xml.bind.v2.runtime.unmarshaller.Base64Data                             : loaded 2 times (x 85B)
Class kotlin.io.FilePathComponents                                                    : loaded 2 times (x 68B)
Class com.google.common.collect.AbstractMapBasedMultimap$WrappedList                  : loaded 2 times (x 201B)
Class [Lorg.objectweb.asm.AnnotationWriter;                                           : loaded 2 times (x 65B)
Class [Lorg.objectweb.asm.AnnotationVisitor;                                          : loaded 2 times (x 65B)
Class android.databinding.annotationprocessor.ProcessExpressions$IntermediateV1       : loaded 2 times (x 77B)
Class com.google.common.util.concurrent.AbstractFuture$SafeAtomicHelper               : loaded 2 times (x 75B)
Class android.databinding.tool.store.SetterStore$BindingGetterCall                    : loaded 2 times (x 66B)
Class com.google.common.cache.LocalCache$LocalLoadingCache                            : loaded 2 times (x 130B)
Class org.gradle.internal.classloader.ClasspathUtil$1                                 : loaded 2 times (x 72B)
Class org.gradle.internal.classloader.ClassLoaderVisitor                              : loaded 2 times (x 72B)
Class android.databinding.tool.writer.AnnotationJavaFileWriter                        : loaded 2 times (x 71B)
Class kotlin.Triple                                                                   : loaded 2 times (x 68B)
Class kotlin.text.Regex                                                               : loaded 2 times (x 68B)
Class [Lcom.sun.xml.bind.v2.runtime.property.StructureLoaderBuilder;                  : loaded 2 times (x 65B)
Class com.sun.xml.bind.v2.model.impl.RuntimeBuiltinLeafInfoImpl$26                    : loaded 2 times (x 132B)
Class com.sun.xml.bind.v2.model.impl.RuntimeBuiltinLeafInfoImpl$10$1                  : loaded 2 times (x 352B)
Class com.sun.xml.bind.v2.runtime.BinderImpl                                          : loaded 2 times (x 82B)
Class [Lcom.google.common.collect.Iterators$EmptyModifiableIterator;                  : loaded 2 times (x 65B)
Class com.google.common.collect.ImmutableRangeSet$Builder                             : loaded 2 times (x 73B)
Class com.google.common.base.Predicates$CompositionPredicate                          : loaded 2 times (x 84B)
Class com.google.common.collect.Lists$ReverseList$1                                   : loaded 2 times (x 95B)
Class com.google.common.cache.LocalCache$StrongValueReference                         : loaded 2 times (x 86B)
Class com.google.common.util.concurrent.AbstractFuture$SynchronizedHelper             : loaded 2 times (x 74B)
Class com.google.common.base.CharMatcher$Invisible                                    : loaded 2 times (x 108B)
Class android.databinding.annotationprocessor.ProcessExpressions$IntermediateV2       : loaded 2 times (x 78B)
Class com.google.common.base.CharMatcher$And                                          : loaded 2 times (x 108B)
Class com.google.common.cache.CacheLoader$UnsupportedLoadingOperationException        : loaded 2 times (x 78B)
Class com.google.common.base.CharMatcher$None                                         : loaded 2 times (x 108B)
Class [Lcom.squareup.javapoet.LineWrapper$FlushType;                                  : loaded 2 times (x 65B)
Class kotlin.jvm.internal.ReflectionFactory                                           : loaded 2 times (x 87B)
Class com.sun.xml.bind.v2.runtime.unmarshaller.SAXConnector                           : loaded 2 times (x 97B)
Class [Lcom.sun.xml.bind.v2.model.annotation.Locatable;                               : loaded 2 times (x 65B)
Class com.sun.xml.bind.v2.model.impl.RuntimeBuiltinLeafInfoImpl$27                    : loaded 2 times (x 132B)
Class com.sun.xml.bind.v2.model.impl.ModelBuilder                                     : loaded 2 times (x 88B)
Class com.google.common.graph.SuccessorsFunction                                      : loaded 2 times (x 66B)
Class org.objectweb.asm.Type                                                          : loaded 2 times (x 68B)
Class org.gradle.internal.classloader.VisitableURLClassLoader$InstrumentingVisitableURLClassLoader: loaded 2 times (x 119B)
Class org.apache.http.client.methods.HttpUriRequest                                   : loaded 2 times (x 66B)
Class org.objectweb.asm.ClassWriter                                                   : loaded 2 times (x 102B)
Class org.apache.http.client.methods.HttpRequestBase                                  : loaded 2 times (x 141B)
Class com.google.common.io.ByteSource$ConcatenatedByteSource                          : loaded 2 times (x 81B)
Class com.google.common.collect.AbstractMapBasedMultimap$KeySet$1                     : loaded 2 times (x 78B)
Class com.google.common.collect.ImmutableBiMap$Builder                                : loaded 2 times (x 78B)
Class com.sun.xml.bind.v2.runtime.JAXBContextImpl$1                                   : loaded 2 times (x 74B)
Class com.sun.xml.bind.v2.model.impl.TypeInfoImpl                                     : loaded 2 times (x 81B)
Class com.sun.xml.bind.api.ErrorListener                                              : loaded 2 times (x 66B)
Class android.databinding.internal.org.antlr.v4.runtime.tree.ParseTreeListener        : loaded 2 times (x 66B)
Class android.databinding.tool.processing.Scope$ScopeEntry                            : loaded 2 times (x 68B)
Class com.sun.xml.bind.v2.model.impl.RuntimeBuiltinLeafInfoImpl$8                     : loaded 2 times (x 132B)
Class android.databinding.tool.util.ParserHelper                                      : loaded 2 times (x 67B)
Class com.sun.xml.bind.v2.runtime.unmarshaller.UnmarshallerImpl                       : loaded 2 times (x 135B)
Class com.sun.xml.bind.v2.runtime.output.NamespaceContextImpl$1                       : loaded 2 times (x 71B)
Class com.sun.xml.bind.marshaller.DataWriter                                          : loaded 2 times (x 167B)
Class com.sun.xml.bind.v2.runtime.property.StructureLoaderBuilder                     : loaded 2 times (x 66B)
Class com.sun.xml.bind.v2.model.impl.RuntimeElementPropertyInfoImpl                   : loaded 2 times (x 135B)
Class com.sun.xml.bind.v2.model.impl.RuntimeBuiltinLeafInfoImpl$28                    : loaded 2 times (x 72B)
Class [Lcom.sun.xml.bind.v2.util.QNameMap$Entry;                                      : loaded 2 times (x 65B)
Class com.sun.xml.bind.unmarshaller.InfosetScanner                                    : loaded 2 times (x 66B)
Class com.google.common.collect.MapMakerInternalMap$StrongKeyDummyValueEntry$Helper   : loaded 2 times (x 75B)
Class com.google.common.io.Files$FileByteSink                                         : loaded 2 times (x 73B)
Class org.objectweb.asm.ByteVector                                                    : loaded 2 times (x 75B)
Class [Lcom.google.common.cache.CacheBuilder$NullListener;                            : loaded 2 times (x 65B)
Class com.google.common.math.IntMath$1                                                : loaded 2 times (x 67B)
Class org.gradle.internal.classloader.VisitableURLClassLoader$Spec                    : loaded 2 times (x 70B)
Class org.gradle.internal.classpath.DefaultClassPath                                  : loaded 2 times (x 86B)
Class com.sun.istack.FinalArrayList                                                   : loaded 2 times (x 205B)
Class com.google.common.base.AbstractIterator$State                                   : loaded 2 times (x 75B)
Class com.sun.xml.bind.v2.runtime.property.Utils$1                                    : loaded 2 times (x 73B)
Class com.sun.xml.bind.marshaller.XMLWriter                                           : loaded 2 times (x 163B)
Class com.android.tools.build.jetifier.core.pom.DependencyVersionsMap                 : loaded 2 times (x 68B)
Class android.databinding.tool.util.GenerationalClassUtil$ExtensionFilter             : loaded 2 times (x 76B)
Class android.databinding.tool.reflection.ModelAnalyzer$hasGeneratedAnnotation$2      : loaded 2 times (x 75B)
Class android.databinding.tool.reflection.ModelAnalyzer$viewDataBindingType$2         : loaded 2 times (x 75B)
Class org.gradle.internal.service.UnknownServiceException                             : loaded 2 times (x 79B)
Class org.gradle.internal.InternalTransformer                                         : loaded 2 times (x 66B)
Class com.squareup.javapoet.TypeSpec                                                  : loaded 2 times (x 68B)
Class com.sun.xml.bind.api.impl.NameConverter                                         : loaded 2 times (x 66B)
Class com.google.common.reflect.Types$ClassOwnership                                  : loaded 2 times (x 76B)
Class org.objectweb.asm.Symbol                                                        : loaded 2 times (x 69B)
Class com.google.common.base.AbstractIterator                                         : loaded 2 times (x 76B)
Class com.google.common.base.CharMatcher$JavaLetterOrDigit                            : loaded 2 times (x 107B)
Class [Landroid.databinding.tool.util.GenerationalClassUtil$ExtensionFilter;          : loaded 2 times (x 65B)
Class com.google.common.collect.ImmutableSortedSetFauxverideShim                      : loaded 2 times (x 143B)
Class android.databinding.tool.reflection.ModelAnalyzer$mutableStateFlowDataType$2    : loaded 2 times (x 75B)
Class android.databinding.tool.reflection.annotation.AnnotationTypeUtil               : loaded 2 times (x 73B)
Class android.databinding.annotationprocessor.ProcessMethodAdapters                   : loaded 2 times (x 71B)
Class com.sun.xml.bind.v2.model.runtime.RuntimeClassInfo                              : loaded 2 times (x 66B)
Class com.squareup.javapoet.JavaFile                                                  : loaded 2 times (x 68B)
Class kotlin.reflect.KType                                                            : loaded 2 times (x 66B)
Class com.sun.xml.bind.v2.runtime.unmarshaller.UnmarshallingContext$DefaultRootLoader : loaded 2 times (x 76B)
Class com.sun.xml.bind.v2.runtime.reflect.PrimitiveArrayListerLong                    : loaded 2 times (x 72B)
Class com.sun.xml.bind.v2.model.core.ClassInfo                                        : loaded 2 times (x 66B)
Class com.google.common.io.Closer                                                     : loaded 2 times (x 74B)
Class com.google.common.base.CharMatcher$BitSetMatcher                                : loaded 2 times (x 108B)
Class com.google.common.base.CharMatcher$Ascii                                        : loaded 2 times (x 108B)
Class build_8h13iasa0gvnh1izib3gk8bla                                                 : loaded 2 times (x 176B)
Class org.gradle.internal.classloader.ClassLoaderSpec                                 : loaded 2 times (x 67B)
Class org.gradle.internal.classloader.DefaultClassLoaderFactory                       : loaded 2 times (x 78B)
Class com.sun.xml.bind.v2.model.impl.RuntimeBuiltinLeafInfoImpl$7                     : loaded 2 times (x 132B)
Class com.sun.xml.bind.api.impl.NameConverter$2                                       : loaded 2 times (x 89B)
Class com.sun.xml.bind.v2.runtime.unmarshaller.Loader                                 : loaded 2 times (x 73B)
Class com.android.tools.build.jetifier.core.proguard.ProGuardType                     : loaded 2 times (x 68B)
Class com.sun.xml.bind.AccessorFactoryImpl                                            : loaded 2 times (x 77B)
Class com.sun.xml.bind.v2.model.core.MapPropertyInfo                                  : loaded 2 times (x 66B)
Class com.google.common.io.ByteSource$EmptyByteSource                                 : loaded 2 times (x 81B)
Class org.objectweb.asm.AnnotationWriter                                              : loaded 2 times (x 75B)
Class com.google.common.cache.CacheStats                                              : loaded 2 times (x 67B)
Class com.google.common.base.Suppliers                                                : loaded 2 times (x 67B)
Class android.databinding.tool.expr.MethodCallExpr                                    : loaded 2 times (x 149B)
Class com.sun.xml.bind.v2.runtime.reflect.PrimitiveArrayListerDouble                  : loaded 2 times (x 72B)
Class android.databinding.tool.reflection.ModelAnalyzer$observableFieldTypes$2        : loaded 2 times (x 75B)
Class com.google.common.collect.Maps$FilteredEntryMap$KeySet                          : loaded 2 times (x 133B)
Class [Lcom.google.common.cache.CacheBuilder$OneWeigher;                              : loaded 2 times (x 65B)
Class org.objectweb.asm.MethodTooLargeException                                       : loaded 2 times (x 79B)
Class android.databinding.annotationprocessor.ProcessDataBinding                      : loaded 2 times (x 83B)
Class com.android.tools.build.jetifier.core.proguard.ProGuardTypesMap$expandedRules$2 : loaded 2 times (x 75B)
Class com.sun.xml.bind.DatatypeConverterImpl                                          : loaded 2 times (x 107B)
Class com.sun.xml.bind.v2.ClassFactory                                                : loaded 2 times (x 67B)
Class com.google.common.collect.Interners                                             : loaded 2 times (x 67B)
Class com.google.common.io.LineProcessor                                              : loaded 2 times (x 66B)
Class com.google.common.io.Closer$Suppressor                                          : loaded 2 times (x 66B)
Class org.objectweb.asm.RecordComponentWriter                                         : loaded 2 times (x 74B)
Class com.google.common.util.concurrent.AbstractFuture$Listener                       : loaded 2 times (x 68B)
Class com.google.common.base.CharMatcher$Or                                           : loaded 2 times (x 108B)
Class com.google.common.util.concurrent.UncheckedExecutionException                   : loaded 2 times (x 78B)
Class android.databinding.tool.reflection.SdkUtil$ApiChecker                          : loaded 2 times (x 70B)
Class com.google.common.collect.MapMakerInternalMap$Strength                          : loaded 2 times (x 76B)
Class com.google.common.io.ByteSink$AsCharSink                                        : loaded 2 times (x 76B)
Class com.google.common.collect.MapMakerInternalMap$StrongKeyDummyValueEntry$LinkedStrongKeyDummyValueEntry: loaded 2 times (x 78B)
Class com.android.tools.build.jetifier.core.pom.PomRewriteRule$Companion              : loaded 2 times (x 67B)
Class com.sun.xml.bind.v2.runtime.reflect.ListIterator                                : loaded 2 times (x 66B)
Class javax.xml.bind.annotation.XmlElementRefs                                        : loaded 2 times (x 66B)
Class com.sun.xml.bind.v2.model.runtime.RuntimeElement                                : loaded 2 times (x 66B)
Class org.objectweb.asm.Attribute                                                     : loaded 2 times (x 73B)
Class com.google.common.base.Supplier                                                 : loaded 2 times (x 66B)
Class org.gradle.internal.classloader.VisitableURLClassLoader                         : loaded 2 times (x 113B)
Class com.sun.xml.bind.v2.model.impl.RuntimeBuiltinLeafInfoImpl$6                     : loaded 2 times (x 132B)
Class com.sun.xml.bind.api.impl.NameConverter$1                                       : loaded 2 times (x 89B)
Class com.sun.xml.bind.v2.runtime.property.SingleElementNodeProperty                  : loaded 2 times (x 98B)
Class com.google.common.base.CharMatcher$RangesMatcher                                : loaded 2 times (x 108B)
Class android.databinding.tool.reflection.ClassFinderCache                            : loaded 2 times (x 68B)
Class [Lkotlin.reflect.KClass;                                                        : loaded 2 times (x 65B)
Class com.sun.xml.bind.v2.runtime.unmarshaller.Scope                                  : loaded 2 times (x 68B)
Class javax.xml.bind.helpers.DefaultValidationEventHandler                            : loaded 2 times (x 71B)
Class android.databinding.tool.store.ResourceBundle$VariableDeclaration               : loaded 2 times (x 68B)
Class javax.xml.bind.annotation.XmlElement$DEFAULT                                    : loaded 2 times (x 67B)
Class com.google.common.collect.ImmutableList$SerializedForm                          : loaded 2 times (x 69B)
Class com.google.common.util.concurrent.AbstractFuture$Waiter                         : loaded 2 times (x 68B)
Class org.gradle.internal.Cast                                                        : loaded 2 times (x 67B)
Class org.gradle.api.Action                                                           : loaded 2 times (x 66B)
Class com.google.common.util.concurrent.AbstractFuture$Trusted                        : loaded 2 times (x 66B)
Class org.apache.http.client.methods.HttpEntityEnclosingRequestBase                   : loaded 2 times (x 149B)
Class com.google.common.base.Optional                                                 : loaded 2 times (x 76B)
Class com.google.common.collect.Range                                                 : loaded 2 times (x 83B)
Class com.squareup.javapoet.LineWrapper$FlushType                                     : loaded 2 times (x 75B)
Class com.squareup.javapoet.FieldSpec                                                 : loaded 2 times (x 68B)
Class com.sun.xml.bind.v2.model.impl.RuntimeBuiltinLeafInfoImpl$5                     : loaded 2 times (x 132B)
Class com.sun.xml.bind.v2.runtime.unmarshaller.LocatorEx                              : loaded 2 times (x 66B)
Class com.sun.xml.bind.v2.model.core.ElementPropertyInfo                              : loaded 2 times (x 66B)
Class com.sun.xml.bind.v2.model.impl.RuntimeElementInfoImpl                           : loaded 2 times (x 115B)
Class com.google.common.collect.MapMakerInternalMap                                   : loaded 2 times (x 157B)
Class com.google.common.collect.HashBiMap                                             : loaded 2 times (x 139B)
Class org.objectweb.asm.Handler                                                       : loaded 2 times (x 68B)
Class com.google.common.base.Ticker                                                   : loaded 2 times (x 68B)
Class com.google.common.base.CharMatcher$FastMatcher                                  : loaded 2 times (x 107B)
Class org.gradle.internal.agents.InstrumentingClassLoader                             : loaded 2 times (x 66B)
Class settings_86a18iqo7bwxa6m486lwzx3zp$_run_closure1$_closure2$_closure4            : loaded 2 times (x 135B)
Class android.databinding.tool.reflection.ModelAnalyzer$observableMapType$2           : loaded 2 times (x 75B)
Class com.sun.xml.bind.v2.model.impl.GetterSetterPropertySeed                         : loaded 2 times (x 86B)
Class com.sun.xml.bind.v2.runtime.property.ArrayERProperty$ItemsLoader                : loaded 2 times (x 74B)
Class org.objectweb.asm.ClassVisitor                                                  : loaded 2 times (x 84B)
Class com.google.gson.internal.LinkedTreeMap$EntrySet                                 : loaded 2 times (x 132B)
Class [Landroid.databinding.tool.processing.scopes.ScopeProvider;                     : loaded 2 times (x 65B)
Class com.sun.xml.bind.v2.runtime.unmarshaller.StructureLoader                        : loaded 2 times (x 74B)
Class com.sun.xml.bind.v2.runtime.reflect.Accessor$SetterOnlyReflection               : loaded 2 times (x 81B)
Class com.sun.xml.bind.v2.model.impl.ElementPropertyInfoImpl                          : loaded 2 times (x 119B)
Class com.sun.xml.bind.v2.model.impl.TypeInfoSetImpl$1                                : loaded 2 times (x 76B)
Class com.sun.xml.bind.v2.model.runtime.RuntimeArrayInfo                              : loaded 2 times (x 66B)
Class com.google.common.cache.RemovalCause$1                                          : loaded 2 times (x 76B)
Class [Lcom.google.common.cache.LocalCache$Segment;                                   : loaded 2 times (x 65B)
Class [Lcom.google.common.cache.LocalCache$Strength;                                  : loaded 2 times (x 65B)
Class com.google.common.cache.CacheBuilder$1                                          : loaded 2 times (x 81B)
Class org.gradle.internal.classpath.DefaultClassPath$ImmutableUniqueList$Builder      : loaded 2 times (x 71B)
Class com.sun.xml.bind.v2.runtime.ElementBeanInfoImpl$1                               : loaded 2 times (x 102B)
Class [Lorg.objectweb.asm.Symbol;                                                     : loaded 2 times (x 65B)
Class com.sun.xml.bind.v2.runtime.unmarshaller.UnmarshallingContext$ExpectedTypeRootLoader: loaded 2 times (x 76B)
Class com.sun.xml.bind.v2.runtime.unmarshaller.UnmarshallingContext$State             : loaded 2 times (x 68B)
Class com.google.common.reflect.TypeCapture                                           : loaded 2 times (x 67B)
Class com.android.tools.build.jetifier.core.pom.PomRewriteRule                        : loaded 2 times (x 68B)
Class com.sun.xml.bind.v2.runtime.unmarshaller.Intercepter                            : loaded 2 times (x 66B)
Class android.databinding.internal.org.antlr.v4.runtime.tree.Tree                     : loaded 2 times (x 66B)
Class [Ljavax.xml.bind.annotation.XmlAccessOrder;                                     : loaded 2 times (x 65B)
Class javax.xml.bind.annotation.adapters.XmlJavaTypeAdapters                          : loaded 2 times (x 66B)
Class com.google.common.cache.RemovalCause$2                                          : loaded 2 times (x 76B)
Class com.google.common.collect.MapMakerInternalMap$WeakValueReference                : loaded 2 times (x 66B)
Class com.google.common.collect.AbstractRangeSet                                      : loaded 2 times (x 110B)
Class com.google.common.cache.LocalCache                                              : loaded 2 times (x 183B)
Class com.google.common.cache.CacheBuilder$2                                          : loaded 2 times (x 68B)
Class com.google.common.base.CharMatcher$NegatedFastMatcher                           : loaded 2 times (x 109B)
Class com.squareup.javapoet.TypeSpec$Kind                                             : loaded 2 times (x 75B)
Class com.google.common.collect.TransformedListIterator                               : loaded 2 times (x 89B)
Class com.google.common.cache.LocalCache$Values                                       : loaded 2 times (x 114B)
Class com.sun.xml.bind.v2.model.impl.RuntimeTypeInfoSetImpl                           : loaded 2 times (x 119B)
Class com.sun.xml.bind.v2.model.impl.Utils$1                                          : loaded 2 times (x 73B)
Class javax.xml.bind.annotation.XmlMimeType                                           : loaded 2 times (x 66B)
Class android.databinding.tool.reflection.ModelAnalyzer$observableType$2              : loaded 2 times (x 75B)
Class android.databinding.tool.reflection.RecursiveResolutionStack$items$1            : loaded 2 times (x 70B)
Class android.databinding.annotationprocessor.ProcessDataBinding$Callback             : loaded 2 times (x 66B)
Class android.databinding.tool.store.BindingAdapterStore$merge$$inlined$merge$5       : loaded 2 times (x 73B)
Class com.sun.xml.bind.annotation.XmlLocation                                         : loaded 2 times (x 66B)
Class android.databinding.tool.util.SymbolTable                                       : loaded 2 times (x 68B)
Class com.sun.xml.bind.v2.model.annotation.XmlSchemaQuick                             : loaded 2 times (x 91B)
Class com.google.common.util.concurrent.AbstractFuture$UnsafeAtomicHelper$1           : loaded 2 times (x 72B)
Class com.android.tools.build.jetifier.core.utils.Log                                 : loaded 2 times (x 67B)
Class [Lcom.sun.xml.bind.v2.runtime.property.PropertyImpl;                            : loaded 2 times (x 65B)
Class com.sun.xml.bind.v2.model.impl.RuntimeEnumLeafInfoImpl                          : loaded 2 times (x 145B)
Class javax.xml.bind.JAXBIntrospector                                                 : loaded 2 times (x 69B)
Class com.google.common.cache.RemovalCause$3                                          : loaded 2 times (x 76B)
Class com.google.common.collect.ArrayListMultimap                                     : loaded 2 times (x 168B)
Class com.google.common.base.AbstractIterator$1                                       : loaded 2 times (x 67B)
Class com.google.common.base.CharMatcher$Digit                                        : loaded 2 times (x 108B)
Class org.gradle.api.GradleException                                                  : loaded 2 times (x 78B)
Class com.google.common.collect.ImmutableRangeSet$1                                   : loaded 2 times (x 205B)
Class javax.xml.bind.UnmarshalException                                               : loaded 2 times (x 81B)
Class com.sun.xml.bind.v2.runtime.unmarshaller.XmlVisitor                             : loaded 2 times (x 66B)
Class javax.xml.bind.Marshaller                                                       : loaded 2 times (x 66B)
Class com.sun.xml.bind.v2.model.core.ErrorHandler                                     : loaded 2 times (x 66B)
Class com.sun.xml.bind.v2.model.impl.RuntimeBuiltinLeafInfoImpl$4                     : loaded 2 times (x 132B)
Class android.databinding.tool.util.SymbolTableUtil                                   : loaded 2 times (x 67B)
Class kotlin.reflect.KDeclarationContainer                                            : loaded 2 times (x 66B)
Class javax.xml.bind.helpers.AbstractMarshallerImpl                                   : loaded 2 times (x 121B)
Class com.sun.xml.bind.v2.runtime.reflect.Accessor$ReadOnlyFieldReflection            : loaded 2 times (x 81B)
Class com.sun.xml.bind.v2.model.core.AttributePropertyInfo                            : loaded 2 times (x 66B)
Class com.sun.xml.bind.v2.model.impl.RuntimeReferencePropertyInfoImpl                 : loaded 2 times (x 137B)
Class javax.xml.bind.Binder                                                           : loaded 2 times (x 81B)
Class com.google.common.cache.RemovalCause$4                                          : loaded 2 times (x 76B)
Class com.google.common.base.Suppliers$MemoizingSupplier                              : loaded 2 times (x 75B)
Class com.google.common.collect.ForwardingMap                                         : loaded 2 times (x 128B)
Class com.google.common.base.CharMatcher$JavaIsoControl                               : loaded 2 times (x 108B)
Class com.sun.xml.bind.v2.model.runtime.RuntimeAttributePropertyInfo                  : loaded 2 times (x 66B)
Class kotlin.reflect.KCallable                                                        : loaded 2 times (x 66B)
Class com.squareup.javapoet.CodeWriter                                                : loaded 2 times (x 68B)
Class com.google.common.collect.MapMakerInternalMap$StrongValueEntry                  : loaded 2 times (x 66B)
Class android.databinding.tool.reflection.ModelAnalyzer$observableListType$2          : loaded 2 times (x 75B)
Class android.databinding.tool.reflection.annotation.AnnotationAnalyzer               : loaded 2 times (x 77B)
Class android.databinding.tool.store.BindingAdapterStore$merge$$inlined$merge$4       : loaded 2 times (x 73B)
Class com.google.common.reflect.Types$ClassOwnership$2                                : loaded 2 times (x 76B)
Class com.google.common.reflect.TypeResolver                                          : loaded 2 times (x 68B)
Class com.google.common.cache.LocalCache$2                                            : loaded 2 times (x 138B)
Class org.apache.http.client.methods.AbstractExecutionAwareRequest                    : loaded 2 times (x 124B)
Class settings_86a18iqo7bwxa6m486lwzx3zp$_run_closure1$_closure2$_closure3            : loaded 2 times (x 135B)
Class com.google.common.io.ByteArrayDataOutput                                        : loaded 2 times (x 66B)
Class com.sun.xml.bind.v2.runtime.reflect.PrimitiveArrayListerBoolean                 : loaded 2 times (x 72B)
Class com.sun.xml.bind.v2.runtime.property.Property                                   : loaded 2 times (x 66B)
Class com.sun.xml.bind.v2.model.impl.ClassInfoImpl$1                                  : loaded 2 times (x 67B)
Class com.sun.xml.bind.v2.runtime.reflect.Accessor$GetterOnlyReflection               : loaded 2 times (x 81B)
Class javax.xml.bind.annotation.XmlMixed                                              : loaded 2 times (x 66B)
Class com.sun.xml.bind.v2.model.nav.ReflectionNavigator                               : loaded 2 times (x 119B)
Class com.google.common.cache.RemovalCause$5                                          : loaded 2 times (x 76B)
Class [Lcom.google.common.collect.MapMakerInternalMap$Strength;                       : loaded 2 times (x 65B)
Class [Lcom.google.common.io.FileWriteMode;                                           : loaded 2 times (x 65B)
Class org.apache.http.client.methods.HttpExecutionAware                               : loaded 2 times (x 66B)
Class com.google.common.base.CharMatcher$JavaLowerCase                                : loaded 2 times (x 107B)
Class android.databinding.tool.store.BindingAdapterStore$merge$$inlined$merge$4$1     : loaded 2 times (x 73B)
Class android.databinding.tool.reflection.ModelClass                                  : loaded 2 times (x 100B)
Class com.google.common.io.ByteSource$ByteArrayByteSource                             : loaded 2 times (x 81B)
Class com.google.common.reflect.TypeToken$SimpleTypeToken                             : loaded 2 times (x 69B)
Class com.sun.xml.bind.api.CompositeStructure                                         : loaded 2 times (x 68B)
Class android.databinding.annotationprocessor.ProcessDataBinding$1                    : loaded 2 times (x 74B)
Class com.google.gson.internal.LinkedTreeMap$EntrySet$1                               : loaded 2 times (x 77B)
Class javax.xml.bind.annotation.XmlInlineBinaryData                                   : loaded 2 times (x 66B)
Class com.sun.xml.bind.v2.runtime.Location                                            : loaded 2 times (x 66B)
Class com.google.common.collect.Iterables$4                                           : loaded 2 times (x 77B)
Class com.google.common.collect.MapMakerInternalMap$StrongKeyDummyValueSegment        : loaded 2 times (x 138B)
Class com.google.common.cache.LocalCache$WriteThroughEntry                            : loaded 2 times (x 75B)
Class com.google.common.cache.LocalCache$HashIterator                                 : loaded 2 times (x 82B)
Class com.google.common.io.Files                                                      : loaded 2 times (x 67B)
Class com.google.common.cache.LocalCache$EntryFactory                                 : loaded 2 times (x 79B)
Class javax.xml.bind.annotation.XmlValue                                              : loaded 2 times (x 66B)
Class com.google.common.collect.MapMakerInternalMap$AbstractStrongKeyEntry            : loaded 2 times (x 76B)
Class com.sun.xml.bind.v2.model.core.BuiltinLeafInfo                                  : loaded 2 times (x 66B)
Class com.sun.xml.bind.v2.model.impl.RuntimeBuiltinLeafInfoImpl$3                     : loaded 2 times (x 132B)
Class com.sun.xml.bind.v2.runtime.reflect.Accessor$2                                  : loaded 2 times (x 83B)
Class com.sun.xml.bind.v2.runtime.unmarshaller.DefaultValueLoaderDecorator            : loaded 2 times (x 74B)
Class com.squareup.javapoet.Util                                                      : loaded 2 times (x 67B)
Class com.sun.xml.bind.v2.runtime.JaxBeanInfo$1                                       : loaded 2 times (x 73B)
Class javax.xml.bind.ValidationEvent                                                  : loaded 2 times (x 66B)
Class com.sun.xml.bind.v2.model.impl.Utils                                            : loaded 2 times (x 67B)
Class [Lcom.google.common.collect.MapMaker$Dummy;                                     : loaded 2 times (x 65B)
Class com.google.common.reflect.Types$NativeTypeVariableEquals                        : loaded 2 times (x 67B)
Class com.google.common.reflect.TypeParameter                                         : loaded 2 times (x 68B)
Class com.google.common.collect.Iterables$5                                           : loaded 2 times (x 77B)
Class com.google.common.cache.LocalCache$AbstractReferenceEntry                       : loaded 2 times (x 103B)
Class com.google.common.base.Splitter$1$1                                             : loaded 2 times (x 82B)
Class com.google.common.base.CharMatcher$Whitespace                                   : loaded 2 times (x 108B)
Class org.gradle.internal.IoActions                                                   : loaded 2 times (x 67B)
Class com.sun.xml.bind.v2.runtime.Name                                                : loaded 2 times (x 71B)
Class kotlin.reflect.KProperty2                                                       : loaded 2 times (x 66B)
Class kotlin.collections.CollectionsKt___CollectionsKt$withIndex$1                    : loaded 2 times (x 75B)
Class com.android.tools.build.jetifier.core.TypeRewriter$Companion                    : loaded 2 times (x 67B)
Class com.google.common.io.ByteArrayDataInput                                         : loaded 2 times (x 66B)
Class org.objectweb.asm.ModuleVisitor                                                 : loaded 2 times (x 77B)
Class android.databinding.tool.store.BindingAdapterStore$merge$$inlined$merge$3       : loaded 2 times (x 73B)
Class [Lkotlin.reflect.KClassifier;                                                   : loaded 2 times (x 65B)
Class com.sun.xml.bind.v2.runtime.MarshallerImpl                                      : loaded 2 times (x 124B)
Class com.sun.xml.bind.v2.runtime.property.ArrayERProperty$ReceiverImpl               : loaded 2 times (x 71B)
Class com.sun.xml.bind.v2.runtime.reflect.Utils$1                                     : loaded 2 times (x 73B)
Class [Ljavax.xml.bind.annotation.XmlElement;                                         : loaded 2 times (x 65B)
Class javax.xml.bind.annotation.XmlType                                               : loaded 2 times (x 66B)
Class com.sun.xml.bind.v2.model.annotation.XmlEnumQuick                               : loaded 2 times (x 87B)
Class javax.xml.bind.annotation.XmlAccessType                                         : loaded 2 times (x 75B)
Class com.google.common.collect.ImmutableMapKeySet                                    : loaded 2 times (x 146B)
Class com.google.common.collect.ImmutableRangeSet$ComplementRanges                    : loaded 2 times (x 203B)
Class org.apache.http.client.methods.HttpPut                                          : loaded 2 times (x 149B)
Class org.apache.http.client.methods.Configurable                                     : loaded 2 times (x 66B)
Class org.objectweb.asm.SymbolTable                                                   : loaded 2 times (x 68B)
Class com.google.common.cache.CacheLoader$InvalidCacheLoadException                   : loaded 2 times (x 78B)
Class com.google.common.collect.ImmutableSet$RegularSetBuilderImpl                    : loaded 2 times (x 73B)
Class com.google.common.base.CharMatcher$SingleWidth                                  : loaded 2 times (x 108B)
Class org.gradle.internal.classloader.SystemClassLoaderSpec                           : loaded 2 times (x 67B)
Class com.google.common.cache.LocalCache$Strength$1                                   : loaded 2 times (x 77B)
Class org.apache.commons.io.function.IOSupplier                                       : loaded 2 times (x 66B)
Class com.google.common.cache.LocalCache$1                                            : loaded 2 times (x 85B)
Class com.google.common.base.Ascii                                                    : loaded 2 times (x 67B)
Class com.google.common.collect.HashBiMap$BiEntry                                     : loaded 2 times (x 79B)
Class com.sun.xml.bind.v2.util.QNameMap$Entry                                         : loaded 2 times (x 68B)
Class kotlin.reflect.KAnnotatedElement                                                : loaded 2 times (x 66B)
Class android.databinding.internal.org.antlr.v4.runtime.tree.ParseTreeVisitor         : loaded 2 times (x 66B)
Class com.sun.xml.bind.v2.runtime.reflect.PrimitiveArrayListerFloat                   : loaded 2 times (x 72B)
Class com.sun.xml.bind.v2.util.FlattenIterator                                        : loaded 2 times (x 75B)
Class com.sun.xml.bind.v2.model.runtime.RuntimePropertyInfo                           : loaded 2 times (x 66B)
Class com.sun.xml.bind.v2.model.annotation.XmlElementRefsQuick                        : loaded 2 times (x 87B)
Class javax.xml.bind.annotation.XmlElementRef                                         : loaded 2 times (x 66B)
Class com.google.common.collect.FluentIterable                                        : loaded 2 times (x 77B)
Class com.google.common.cache.LocalCache$StrongEntry                                  : loaded 2 times (x 104B)
Class com.google.common.util.concurrent.AbstractFuture$TrustedFuture                  : loaded 2 times (x 110B)
Class com.google.common.cache.LoadingCache                                            : loaded 2 times (x 66B)
Class com.sun.xml.bind.v2.model.impl.RuntimeBuiltinLeafInfoImpl$2                     : loaded 2 times (x 132B)
Class android.databinding.tool.store.SetterStore$BindingSetterCall                    : loaded 2 times (x 66B)
Class com.sun.xml.bind.v2.runtime.property.ArrayERProperty                            : loaded 2 times (x 100B)
Class com.sun.xml.bind.v2.runtime.CompositeStructureBeanInfo                          : loaded 2 times (x 94B)
Class com.google.common.collect.Maps$FilteredEntryMap$EntrySet$1$1                    : loaded 2 times (x 83B)
Class kotlin.reflect.KProperty1                                                       : loaded 2 times (x 66B)
Class kotlin.reflect.KClass                                                           : loaded 2 times (x 66B)
Class org.gradle.api.internal.classpath.ManifestUtil                                  : loaded 2 times (x 67B)
Class javax.xml.bind.annotation.W3CDomHandler                                         : loaded 2 times (x 81B)
Class com.sun.xml.bind.v2.runtime.reflect.TransducedAccessor$IDREFTransducedAccessorImpl: loaded 2 times (x 76B)
Class com.sun.xml.bind.v2.runtime.unmarshaller.WildcardLoader                         : loaded 2 times (x 75B)
Class com.sun.xml.bind.v2.runtime.unmarshaller.XsiTypeLoader                          : loaded 2 times (x 74B)
Class com.sun.xml.bind.v2.runtime.reflect.AdaptedAccessor                             : loaded 2 times (x 81B)
Class com.sun.xml.bind.v2.model.impl.LeafInfoImpl                                     : loaded 2 times (x 98B)
Class com.google.common.base.Suppliers$NonSerializableMemoizingSupplier               : loaded 2 times (x 75B)
Class com.google.common.io.ByteStreams$LimitedInputStream                             : loaded 2 times (x 88B)
Class org.objectweb.asm.MethodWriter                                                  : loaded 2 times (x 102B)
Class [Lcom.google.common.cache.Weigher;                                              : loaded 2 times (x 65B)
Class android.databinding.tool.ext.XmlResourceReference                               : loaded 2 times (x 68B)
Class android.databinding.tool.store.SetterStore$InverseDescription                   : loaded 2 times (x 73B)
Class com.google.common.util.concurrent.ExecutionError                                : loaded 2 times (x 78B)
Class android.databinding.tool.store.BindingAdapterStore$merge$$inlined$merge$2       : loaded 2 times (x 73B)
Class com.android.tools.build.jetifier.core.proguard.ProGuardTypesMap$Companion       : loaded 2 times (x 67B)
Class com.google.common.collect.ImmutableBiMap$SerializedForm                         : loaded 2 times (x 71B)
Class com.google.common.collect.AbstractMapBasedMultimap$WrappedCollection            : loaded 2 times (x 120B)
Class android.databinding.internal.org.antlr.v4.runtime.tree.AbstractParseTreeVisitor : loaded 2 times (x 80B)
Class javax.xml.bind.ValidationEventLocator                                           : loaded 2 times (x 66B)
Class com.sun.xml.bind.v2.runtime.ElementBeanInfoImpl$IntercepterLoader               : loaded 2 times (x 77B)
Class com.sun.xml.bind.v2.model.annotation.XmlElementDeclQuick                        : loaded 2 times (x 92B)
Class com.google.common.collect.AbstractMapBasedMultimap$RandomAccessWrappedList      : loaded 2 times (x 201B)
Class android.databinding.tool.DataBinder                                             : loaded 2 times (x 76B)
Class [Lcom.google.common.cache.RemovalCause;                                         : loaded 2 times (x 65B)
Class android.databinding.tool.reflection.MutableImportBag                            : loaded 2 times (x 68B)
Class com.android.tools.build.jetifier.core.proguard.ProGuardTypesMap$JsonData        : loaded 2 times (x 68B)
Class com.sun.xml.bind.v2.runtime.reflect.Accessor$1                                  : loaded 2 times (x 81B)
Class com.sun.xml.bind.v2.runtime.unmarshaller.DefaultIDResolver                      : loaded 2 times (x 72B)
Class android.databinding.tool.reflection.ModelAnalyzer$viewBindingType$2             : loaded 2 times (x 75B)
Class android.databinding.tool.reflection.ModelAnalyzer$mapType$2                     : loaded 2 times (x 75B)
Class org.gradle.internal.service.ServiceLocator                                      : loaded 2 times (x 66B)
Class [Lorg.objectweb.asm.Type;                                                       : loaded 2 times (x 65B)
Class com.sun.xml.bind.v2.runtime.property.SingleReferenceNodeProperty                : loaded 2 times (x 98B)
Class com.sun.xml.bind.v2.runtime.property.SingleMapNodeProperty$1                    : loaded 2 times (x 74B)
Class javax.xml.bind.annotation.XmlList                                               : loaded 2 times (x 66B)
Class com.sun.xml.bind.v2.model.core.EnumLeafInfo                                     : loaded 2 times (x 66B)
Class com.google.common.reflect.Types$JavaVersion$1                                   : loaded 2 times (x 79B)
Class com.google.common.cache.LocalCache$ValueReference                               : loaded 2 times (x 66B)
Class com.google.common.base.CharMatcher$Negated                                      : loaded 2 times (x 109B)
Class com.google.common.base.CharMatcher$Is                                           : loaded 2 times (x 107B)
Class com.sun.xml.bind.v2.model.impl.RuntimeBuiltinLeafInfoImpl$1                     : loaded 2 times (x 72B)
Class com.sun.xml.bind.v2.runtime.unmarshaller.StructureLoader$1                      : loaded 2 times (x 67B)
Class com.sun.xml.bind.v2.runtime.output.XmlOutputAbstractImpl                        : loaded 2 times (x 92B)
Class android.databinding.tool.reflection.RecursiveResolutionStack                    : loaded 2 times (x 68B)
Class android.databinding.tool.reflection.ModelAnalyzer$classFinderCache$1            : loaded 2 times (x 75B)
Class com.sun.xml.bind.v2.model.impl.ERPropertyInfoImpl                               : loaded 2 times (x 104B)
Class android.databinding.annotationprocessor.ProcessExpressions                      : loaded 2 times (x 71B)
Class kotlin.jvm.internal.PropertyReference1Impl                                      : loaded 2 times (x 123B)
Class com.android.tools.build.jetifier.core.PackageMap                                : loaded 2 times (x 68B)
Class android.databinding.tool.ext.ExtKt                                              : loaded 2 times (x 67B)
Class com.sun.xml.bind.v2.model.impl.ElementPropertyInfoImpl$1                        : loaded 2 times (x 196B)
Class javax.xml.bind.helpers.AbstractUnmarshallerImpl                                 : loaded 2 times (x 126B)
Class com.sun.xml.bind.v2.runtime.property.SingleMapNodeProperty$2                    : loaded 2 times (x 74B)
Class com.sun.xml.bind.v2.model.core.ValuePropertyInfo                                : loaded 2 times (x 66B)
Class com.sun.xml.bind.v2.runtime.RuntimeUtil                                         : loaded 2 times (x 67B)
Class com.google.common.reflect.Types$JavaVersion$2                                   : loaded 2 times (x 79B)
Class com.google.common.reflect.Types                                                 : loaded 2 times (x 67B)
Class com.google.common.hash.PrimitiveSink                                            : loaded 2 times (x 66B)
Class com.google.common.util.concurrent.AbstractFuture$Failure                        : loaded 2 times (x 68B)
Class com.google.common.base.Equivalence$Equals                                       : loaded 2 times (x 78B)
Class com.sun.xml.bind.v2.runtime.property.ArrayElementLeafProperty                   : loaded 2 times (x 101B)
Class com.sun.xml.bind.marshaller.NamespacePrefixMapper                               : loaded 2 times (x 71B)
Class android.databinding.tool.CompilerChef$BindableHolder                            : loaded 2 times (x 66B)
Class kotlin.reflect.KProperty0                                                       : loaded 2 times (x 66B)
Class android.databinding.tool.ext.Collection_extKt                                   : loaded 2 times (x 67B)
Class org.gradle.internal.classloader.ClassLoaderHierarchy                            : loaded 2 times (x 66B)
Class [Lcom.squareup.javapoet.TypeSpec$Kind;                                          : loaded 2 times (x 65B)
Class com.android.tools.build.jetifier.core.PackageMap$Companion                      : loaded 2 times (x 67B)
Class com.sun.xml.bind.v2.runtime.unmarshaller.ChildLoader                            : loaded 2 times (x 68B)
Class javax.xml.bind.annotation.XmlSchemaTypes                                        : loaded 2 times (x 66B)
Class javax.xml.bind.annotation.XmlIDREF                                              : loaded 2 times (x 66B)
Class javax.xml.bind.annotation.XmlElement                                            : loaded 2 times (x 66B)
Class com.google.common.collect.ImmutableSetMultimap                                  : loaded 2 times (x 176B)
Class com.google.common.reflect.Types$JavaVersion$3                                   : loaded 2 times (x 79B)
Class com.google.common.io.CharSink                                                   : loaded 2 times (x 75B)
Class org.objectweb.asm.Label                                                         : loaded 2 times (x 69B)
Class org.objectweb.asm.CurrentFrame                                                  : loaded 2 times (x 69B)
Class org.objectweb.asm.ClassTooLargeException                                        : loaded 2 times (x 79B)
Class com.google.common.base.CharMatcher                                              : loaded 2 times (x 107B)
Class com.google.common.base.CharMatcher$IsEither                                     : loaded 2 times (x 107B)
Class android.databinding.tool.reflection.ModelMethod                                 : loaded 2 times (x 85B)
Class com.android.tools.build.jetifier.core.pom.DependencyVersionsMap$Companion       : loaded 2 times (x 67B)
Class android.databinding.tool.store.SetterStore$AdapterSetter                        : loaded 2 times (x 86B)
Class android.databinding.tool.reflection.ModelAnalyzer$objectType$2                  : loaded 2 times (x 75B)
Class com.sun.xml.bind.v2.util.CollisionCheckStack                                    : loaded 2 times (x 195B)
Class android.databinding.tool.reflection.ModelAnalyzer$liveDataType$2                : loaded 2 times (x 75B)
Class [Lcom.google.common.base.AbstractIterator$State;                                : loaded 2 times (x 65B)
Class com.sun.xml.bind.v2.runtime.property.TagAndType                                 : loaded 2 times (x 68B)
Class javax.xml.bind.annotation.XmlSchema                                             : loaded 2 times (x 66B)
Class com.google.common.collect.MapMakerInternalMap$InternalEntryHelper               : loaded 2 times (x 66B)
Class com.google.common.collect.RangeGwtSerializationDependencies                     : loaded 2 times (x 67B)
Class com.google.common.reflect.Types$JavaVersion$4                                   : loaded 2 times (x 79B)
Class com.google.common.io.ByteSource$AsCharSource                                    : loaded 2 times (x 82B)
Class com.google.common.collect.Maps$IteratorBasedAbstractMap                         : loaded 2 times (x 121B)
Class org.objectweb.asm.Frame                                                         : loaded 2 times (x 69B)
Class org.objectweb.asm.MethodVisitor                                                 : loaded 2 times (x 101B)
Class com.google.common.cache.LocalCache$EntryFactory$1                               : loaded 2 times (x 79B)
Class [Lcom.google.common.cache.RemovalListener;                                      : loaded 2 times (x 65B)
Class com.google.common.base.CharMatcher$1                                            : loaded 2 times (x 109B)
Class com.google.common.base.CharMatcher$NamedFastMatcher                             : loaded 2 times (x 108B)
Class android.databinding.tool.store.BindingAdapterStore$merge$$inlined$merge$1       : loaded 2 times (x 73B)
Class android.databinding.annotationprocessor.ProcessExpressionsFromV1Compat$Companion: loaded 2 times (x 67B)
Class javax.xml.bind.annotation.XmlID                                                 : loaded 2 times (x 66B)
Class com.google.common.base.MoreObjects                                              : loaded 2 times (x 67B)
Class com.google.common.io.FileWriteMode                                              : loaded 2 times (x 75B)
Class kotlin.jvm.internal.CallableReference$NoReceiver                                : loaded 2 times (x 67B)
Class com.sun.istack.SAXParseException2                                               : loaded 2 times (x 84B)
Class com.sun.xml.bind.v2.runtime.output.NamespaceContextImpl                         : loaded 2 times (x 77B)
Class com.sun.xml.bind.marshaller.CharacterEscapeHandler                              : loaded 2 times (x 66B)
Class com.sun.xml.bind.v2.runtime.unmarshaller.DomLoader                              : loaded 2 times (x 74B)
Class android.databinding.tool.util.RelativizableFile                                 : loaded 2 times (x 68B)
Class com.google.common.collect.RangeSet                                              : loaded 2 times (x 66B)
Class com.google.common.reflect.Types$JavaVersion$5                                   : loaded 2 times (x 67B)
Class [Lcom.google.common.reflect.Types$ClassOwnership;                               : loaded 2 times (x 65B)
Class com.google.common.cache.LocalCache$EntryFactory$2                               : loaded 2 times (x 79B)
Class [Lcom.google.common.collect.MapMakerInternalMap$Segment;                        : loaded 2 times (x 65B)
Class com.google.common.reflect.TypeResolver$TypeVariableKey                          : loaded 2 times (x 68B)
Class android.databinding.tool.store.SetterStore                                      : loaded 2 times (x 85B)
Class com.sun.xml.bind.v2.model.annotation.LocatableAnnotation                        : loaded 2 times (x 81B)
Class android.databinding.tool.store.ResourceBundle$NameTypeLocation                  : loaded 2 times (x 68B)
Class com.google.common.cache.LocalCache$ValueIterator                                : loaded 2 times (x 82B)
Class com.sun.xml.bind.v2.model.impl.ArrayInfoImpl                                    : loaded 2 times (x 94B)
Class com.sun.xml.bind.v2.model.impl.ModelBuilder$1                                   : loaded 2 times (x 72B)
Class [Lcom.android.tools.build.jetifier.core.utils.LogLevel;                         : loaded 2 times (x 65B)
Class com.android.tools.build.jetifier.core.utils.LogLevel                            : loaded 2 times (x 75B)
Class com.sun.xml.bind.v2.runtime.NamespaceContext2                                   : loaded 2 times (x 66B)
Class com.sun.xml.bind.v2.runtime.reflect.TransducedAccessor$CompositeTransducedAccessorImpl: loaded 2 times (x 75B)
Class com.sun.xml.bind.v2.runtime.unmarshaller.XsiNilLoader$Single                    : loaded 2 times (x 76B)
Class android.databinding.tool.store.ResourceBundle$BindingTargetBundle               : loaded 2 times (x 91B)
Class javax.xml.bind.annotation.XmlSchemaType                                         : loaded 2 times (x 66B)
Class com.sun.xml.bind.v2.model.impl.RuntimeBuiltinLeafInfoImpl                       : loaded 2 times (x 129B)
Class com.sun.xml.bind.v2.model.impl.BuiltinLeafInfoImpl                              : loaded 2 times (x 101B)
Class com.google.common.collect.CollectCollectors                                     : loaded 2 times (x 67B)
Class org.objectweb.asm.ModuleWriter                                                  : loaded 2 times (x 78B)
Class com.google.common.cache.LocalCache$EntryFactory$3                               : loaded 2 times (x 79B)
Class com.google.common.base.Ticker$1                                                 : loaded 2 times (x 68B)
Class android.databinding.tool.store.BindingAdapterStore                              : loaded 2 times (x 71B)
Class android.databinding.tool.reflection.ModelAnalyzer$appCompatResourcesType$2      : loaded 2 times (x 75B)
Class com.sun.xml.bind.v2.runtime.property.AttributeProperty                          : loaded 2 times (x 101B)
Class com.sun.xml.bind.v2.runtime.reflect.NullSafeAccessor                            : loaded 2 times (x 81B)
Class com.sun.xml.bind.v2.runtime.reflect.PrimitiveArrayListerShort                   : loaded 2 times (x 72B)
Class android.databinding.internal.org.antlr.v4.runtime.TokenStream                   : loaded 2 times (x 66B)
Class com.sun.xml.bind.v2.runtime.NameList                                            : loaded 2 times (x 68B)
Class com.sun.xml.bind.v2.runtime.reflect.TransducedAccessor                          : loaded 2 times (x 74B)
Class com.sun.xml.bind.v2.model.impl.RuntimeClassInfoImpl$RuntimePropertySeed         : loaded 2 times (x 80B)
Class javax.xml.bind.annotation.XmlAttachmentRef                                      : loaded 2 times (x 66B)
Class com.google.common.collect.SetMultimap                                           : loaded 2 times (x 66B)
Class com.google.common.cache.LocalCache$EntryFactory$4                               : loaded 2 times (x 79B)
Class com.google.common.collect.ImmutableSet$Builder                                  : loaded 2 times (x 81B)
Class com.google.common.base.CharMatcher$InRange                                      : loaded 2 times (x 107B)
Class com.android.tools.build.jetifier.core.utils.LogConsumer                         : loaded 2 times (x 66B)
Class com.sun.xml.bind.v2.runtime.property.Utils                                      : loaded 2 times (x 67B)
Class com.squareup.javapoet.TypeSpec$Builder                                          : loaded 2 times (x 68B)
Class com.squareup.javapoet.MethodSpec                                                : loaded 2 times (x 68B)
Class com.sun.xml.bind.v2.model.impl.RuntimeArrayInfoImpl                             : loaded 2 times (x 103B)
Class android.databinding.tool.reflection.annotation.AnnotationLogger                 : loaded 2 times (x 73B)
Class com.squareup.javapoet.AnnotationSpec                                            : loaded 2 times (x 68B)
Class com.squareup.javapoet.CodeBlock                                                 : loaded 2 times (x 68B)
Class com.android.tools.build.jetifier.core.type.TypesMap$JsonData                    : loaded 2 times (x 68B)
Class com.sun.xml.bind.v2.runtime.unmarshaller.LocatorExWrapper                       : loaded 2 times (x 82B)
Class com.sun.xml.bind.InternalAccessorFactory                                        : loaded 2 times (x 66B)
Class com.sun.xml.bind.v2.model.impl.SingleTypePropertyInfoImpl                       : loaded 2 times (x 109B)
Class com.google.common.io.ByteStreams$1                                              : loaded 2 times (x 81B)
Class com.google.common.cache.LocalCache$EntryFactory$5                               : loaded 2 times (x 79B)
Class android.databinding.tool.store.BindingAdapterStore$merge$$inlined$merge$3$1     : loaded 2 times (x 73B)
Class android.databinding.annotationprocessor.ProcessExpressionsFromV1Compat          : loaded 2 times (x 68B)
Class android.databinding.tool.processing.Scope                                       : loaded 2 times (x 67B)
Class com.google.common.reflect.Types$ClassOwnership$3                                : loaded 2 times (x 67B)
Class kotlin.jvm.internal.CollectionToArray                                           : loaded 2 times (x 67B)
Class [Lkotlin.reflect.KProperty;                                                     : loaded 2 times (x 65B)
Class com.sun.xml.bind.IDResolver                                                     : loaded 2 times (x 71B)
Class com.sun.xml.bind.v2.runtime.output.NamespaceContextImpl$Element                 : loaded 2 times (x 68B)
Class com.sun.xml.bind.v2.model.impl.Util                                             : loaded 2 times (x 67B)
Class [Lcom.sun.xml.bind.v2.model.core.PropertyKind;                                  : loaded 2 times (x 65B)
Class [Lcom.sun.xml.bind.v2.runtime.Location;                                         : loaded 2 times (x 65B)
Class com.google.common.cache.LocalCache$EntryFactory$6                               : loaded 2 times (x 79B)
Class org.gradle.internal.installation.CurrentGradleInstallationLocator               : loaded 2 times (x 67B)
Class com.google.common.util.concurrent.SettableFuture                                : loaded 2 times (x 110B)
Class com.google.common.cache.LocalCache$Strength$2                                   : loaded 2 times (x 77B)
Class com.google.common.cache.CacheLoader$FunctionToCacheLoader                       : loaded 2 times (x 71B)
Class com.google.common.collect.Maps$IteratorBasedAbstractMap$1                       : loaded 2 times (x 134B)
Class com.google.common.reflect.Types$ParameterizedTypeImpl                           : loaded 2 times (x 77B)
Class org.gradle.internal.classloader.FilteringClassLoader                            : loaded 2 times (x 101B)
Class com.google.common.base.Equivalence$Identity                                     : loaded 2 times (x 78B)
Class com.google.common.collect.ImmutableRangeSet$AsSet                               : loaded 2 times (x 295B)
Class com.android.tools.build.jetifier.core.proguard.ProGuardTypesMap                 : loaded 2 times (x 68B)
Class com.sun.xml.bind.v2.util.XmlFactory$1                                           : loaded 2 times (x 72B)
Class android.databinding.internal.org.antlr.v4.runtime.tree.ParseTree                : loaded 2 times (x 66B)
Class com.google.common.io.ByteSource$SlicedByteSource                                : loaded 2 times (x 81B)
Class com.google.common.cache.LocalCache$EntryFactory$7                               : loaded 2 times (x 79B)
Class com.google.common.collect.ImmutableSet$EmptySetBuilderImpl                      : loaded 2 times (x 72B)
Class org.gradle.internal.service.DefaultServiceLocator                               : loaded 2 times (x 79B)
Class android.databinding.tool.expr.Expr                                              : loaded 2 times (x 144B)
Class com.sun.xml.bind.v2.model.core.ArrayInfo                                        : loaded 2 times (x 66B)
Class com.google.common.base.PairwiseEquivalence                                      : loaded 2 times (x 79B)
Class com.sun.xml.bind.v2.runtime.unmarshaller.ProxyLoader                            : loaded 2 times (x 74B)
Class com.sun.xml.bind.v2.runtime.output.C14nXmlOutput                                : loaded 2 times (x 97B)
Class com.android.tools.build.jetifier.core.config.Config$Companion                   : loaded 2 times (x 67B)
Class kotlin.reflect.KMutableProperty0                                                : loaded 2 times (x 66B)
Class kotlin.reflect.KClassifier                                                      : loaded 2 times (x 66B)
Class [Lcom.sun.xml.bind.v2.model.core.ID;                                            : loaded 2 times (x 65B)
Class javax.xml.bind.annotation.XmlAttribute                                          : loaded 2 times (x 66B)
Class com.google.common.collect.Maps$EntrySet                                         : loaded 2 times (x 132B)
Class com.google.common.cache.LocalCache$EntryFactory$8                               : loaded 2 times (x 79B)
Class com.google.common.collect.ImmutableSet$SetBuilderImpl                           : loaded 2 times (x 72B)
Class org.gradle.internal.installation.CurrentGradleInstallation                      : loaded 2 times (x 69B)
Class com.sun.xml.bind.api.RawAccessor                                                : loaded 2 times (x 69B)
Class com.sun.xml.bind.v2.model.impl.ClassInfoImpl                                    : loaded 2 times (x 133B)
Class android.databinding.tool.store.BindingAdapterStore$merge$$inlined$merge$1$1     : loaded 2 times (x 73B)
Class com.sun.xml.bind.v2.util.XmlFactory                                             : loaded 2 times (x 67B)
Class com.sun.xml.bind.v2.model.impl.RuntimeBuiltinLeafInfoImpl$StringImpl            : loaded 2 times (x 130B)
Class android.databinding.tool.store.SetterStore$ModelMethodSetter                    : loaded 2 times (x 86B)
Class android.databinding.tool.store.SetterStore$SetterCall                           : loaded 2 times (x 86B)
Class com.android.tools.build.jetifier.core.rule.RewriteRulesMap                      : loaded 2 times (x 68B)
Class kotlin.reflect.KMutableProperty1                                                : loaded 2 times (x 66B)
Class com.sun.xml.bind.v2.model.impl.TypeRefImpl                                      : loaded 2 times (x 83B)
Class org.apache.http.HttpEntity                                                      : loaded 2 times (x 66B)
Class org.apache.http.HttpRequest                                                     : loaded 2 times (x 66B)
Class com.google.common.cache.CacheLoader$1                                           : loaded 2 times (x 71B)
Class org.gradle.util.internal.GUtil                                                  : loaded 2 times (x 67B)
Class com.sun.xml.bind.v2.model.impl.PropertySeed                                     : loaded 2 times (x 66B)
Class android.databinding.tool.expr.ResourceExpr                                      : loaded 2 times (x 145B)
Class kotlin.reflect.KTypeParameter                                                   : loaded 2 times (x 66B)
Class com.android.tools.build.jetifier.core.proguard.ProGuardType$Companion           : loaded 2 times (x 67B)
Class javax.xml.bind.annotation.XmlAnyElement                                         : loaded 2 times (x 66B)
Class kotlin.reflect.KMutableProperty2                                                : loaded 2 times (x 66B)
Class javax.xml.bind.UnmarshallerHandler                                              : loaded 2 times (x 66B)
Class com.sun.xml.bind.v2.runtime.XMLSerializer                                       : loaded 2 times (x 80B)
Class com.sun.xml.bind.v2.model.impl.ClassInfoImpl$DuplicateException                 : loaded 2 times (x 78B)
Class javax.xml.bind.annotation.XmlElementDecl                                        : loaded 2 times (x 66B)
Class [Ljavax.xml.bind.annotation.XmlAccessType;                                      : loaded 2 times (x 65B)
Class build_1tgm06eutuwvundnxlcrvt6x9$_run_closure1                                   : loaded 2 times (x 135B)
Class com.google.common.io.ByteSource                                                 : loaded 2 times (x 80B)
Class com.google.common.util.concurrent.AbstractFuture$SetFuture                      : loaded 2 times (x 71B)
Class com.google.common.cache.AbstractCache$StatsCounter                              : loaded 2 times (x 66B)
Class com.google.common.collect.Interners$InternerImpl                                : loaded 2 times (x 71B)
Class org.gradle.internal.classpath.TransformedClassPath                              : loaded 2 times (x 92B)
Class com.google.common.cache.CacheBuilder$NullListener                               : loaded 2 times (x 78B)
Class org.objectweb.asm.FieldWriter                                                   : loaded 2 times (x 74B)
Class android.databinding.tool.reflection.ModelAnalyzer$listTypes$2                   : loaded 2 times (x 75B)
Class org.apache.http.HttpMessage                                                     : loaded 2 times (x 66B)
Class com.google.common.reflect.Invokable                                             : loaded 2 times (x 99B)
Class android.databinding.annotationprocessor.ProcessBindable                         : loaded 2 times (x 75B)
Class kotlin.ranges.IntProgressionIterator                                            : loaded 2 times (x 78B)
Class javax.xml.bind.annotation.DomHandler                                            : loaded 2 times (x 66B)
Class com.sun.xml.bind.v2.runtime.property.PropertyFactory                            : loaded 2 times (x 67B)
Class android.databinding.internal.org.antlr.v4.runtime.Token                         : loaded 2 times (x 66B)
Class javax.activation.DataSource                                                     : loaded 2 times (x 66B)
Class com.sun.xml.bind.v2.model.runtime.RuntimeBuiltinLeafInfo                        : loaded 2 times (x 66B)
Class com.google.common.collect.MapMakerInternalMap$1                                 : loaded 2 times (x 79B)
Class com.google.common.reflect.Types$TypeVariableImpl                                : loaded 2 times (x 68B)
Class com.google.common.collect.RegularImmutableSet                                   : loaded 2 times (x 144B)
Class org.gradle.internal.installation.GradleInstallation                             : loaded 2 times (x 71B)
Class com.google.common.collect.MapMaker$Dummy                                        : loaded 2 times (x 75B)
Class com.sun.xml.bind.v2.runtime.IllegalAnnotationsException$Builder                 : loaded 2 times (x 73B)
Class com.sun.xml.bind.v2.runtime.reflect.PrimitiveArrayListerInteger                 : loaded 2 times (x 72B)
Class kotlin.text.Regex$Companion                                                     : loaded 2 times (x 67B)
Class kotlin.text.StringsKt__StringsKt$rangesDelimitedBy$1                            : loaded 2 times (x 75B)
Class android.databinding.tool.reflection.ModelAnalyzer$viewStubProxyType$2           : loaded 2 times (x 75B)
Class com.android.tools.build.jetifier.core.utils.StdOutLogConsumer                   : loaded 2 times (x 73B)
Class com.squareup.javapoet.ClassName                                                 : loaded 2 times (x 80B)
Class com.google.common.collect.ForwardingMapEntry                                    : loaded 2 times (x 82B)
Class com.sun.xml.bind.v2.ClassFactory$1                                              : loaded 2 times (x 79B)
Class com.sun.xml.bind.v2.runtime.property.ArrayElementNodeProperty                   : loaded 2 times (x 101B)
Class com.sun.xml.bind.v2.model.annotation.XmlElementRefQuick                         : loaded 2 times (x 90B)
Class com.google.common.collect.Iterables                                             : loaded 2 times (x 67B)
Class com.google.common.base.Splitter$Strategy                                        : loaded 2 times (x 66B)
Class com.google.common.collect.Interner                                              : loaded 2 times (x 66B)
Class com.google.common.base.Splitter$1                                               : loaded 2 times (x 73B)
Class com.google.common.cache.LocalCache$Strength$3                                   : loaded 2 times (x 77B)
Class [Lcom.google.common.collect.Maps$EntryFunction;                                 : loaded 2 times (x 65B)
Class android.databinding.tool.util.GenerationalClassUtil$Companion                   : loaded 2 times (x 67B)
Class org.gradle.api.internal.DefaultClassPathRegistry                                : loaded 2 times (x 72B)
Class com.sun.xml.bind.v2.model.annotation.Quick                                      : loaded 2 times (x 84B)
Class kotlin.jvm.KotlinReflectionNotSupportedError                                    : loaded 2 times (x 78B)
Class com.sun.xml.bind.v2.runtime.unmarshaller.LeafPropertyLoader                     : loaded 2 times (x 74B)
Class com.sun.xml.bind.v2.model.impl.RuntimeTypeRefImpl                               : loaded 2 times (x 92B)
Class com.sun.xml.bind.v2.model.core.ReferencePropertyInfo                            : loaded 2 times (x 66B)
Class com.sun.xml.bind.v2.model.annotation.XmlTypeQuick                               : loaded 2 times (x 91B)
Class com.google.common.collect.Lists$RandomAccessReverseList                         : loaded 2 times (x 196B)

---------------  S Y S T E M  ---------------

OS:
 Windows 11 , 64 bit Build 22621 (10.0.22621.5160)
OS uptime: 2 days 4:21 hours
Hyper-V role detected

CPU: total 4 (initial active 4) (2 cores per cpu, 2 threads per core) family 6 model 140 stepping 1 microcode 0x9a, cx8, cmov, fxsr, ht, mmx, 3dnowpref, sse, sse2, sse3, ssse3, sse4.1, sse4.2, popcnt, lzcnt, tsc, tscinvbit, avx, avx2, aes, erms, clmul, bmi1, bmi2, adx, avx512f, avx512dq, avx512cd, avx512bw, avx512vl, sha, fma, vzeroupper, avx512_vpopcntdq, avx512_vpclmulqdq, avx512_vaes, avx512_vnni, clflush, clflushopt, clwb, avx512_vbmi2, avx512_vbmi, hv, rdtscp, rdpid, fsrm, gfni, avx512_bitalg, f16c, cet_ibt, cet_ss, avx512_ifma
Processor Information for all 4 processors :
  Max Mhz: 2995, Current Mhz: 2995, Mhz Limit: 2995

Memory: 4k page, system-wide physical 7991M (326M free)
TotalPageFile size 24616M (AvailPageFile size 486M)
current process WorkingSet (physical memory assigned to process): 858M, peak: 1094M
current process commit charge ("private bytes"): 1217M, peak: 1711M

vm_info: OpenJDK 64-Bit Server VM (21.0.5+-13047016-b750.29) for windows-amd64 JRE (21.0.5+-13047016-b750.29), built on 2025-02-11T21:12:39Z by "builder" with MS VC++ 16.10 / 16.11 (VS2019)

END.
